file,session_time,subject,timestamp,event
!2025-09-12_Multi_spcon_J1_J2_precon1,2025-09-12 11:44:11,1,173.72,mag_start
!2025-09-12_Multi_spcon_J1_J2_precon1,2025-09-12 11:44:11,1,174.83,mag_end
!2025-09-12_Multi_spcon_J1_J2_precon1,2025-09-12 11:44:11,1,175.19,mag_start
!2025-09-12_Multi_spcon_J1_J2_precon1,2025-09-12 11:44:11,1,176.33,mag_end
!2025-09-12_Multi_spcon_J1_J2_precon1,2025-09-12 11:44:11,1,177.07,mag_start
!2025-09-12_Multi_spcon_J1_J2_precon1,2025-09-12 11:44:11,1,177.57,mag_end
!2025-09-12_Multi_spcon_J1_J2_precon1,2025-09-12 11:44:11,1,177.68,mag_start
!2025-09-12_Multi_spcon_J1_J2_precon1,2025-09-12 11:44:11,1,179.31,mag_end
!2025-09-12_Multi_spcon_J1_J2_precon1,2025-09-12 11:44:11,1,192.29,mag_start
!2025-09-12_Multi_spcon_J1_J2_precon1,2025-09-12 11:44:11,1,192.57,mag_end
!2025-09-12_Multi_spcon_J1_J2_precon1,2025-09-12 11:44:11,1,305.25,mag_start
!2025-09-12_Multi_spcon_J1_J2_precon1,2025-09-12 11:44:11,1,306.02,mag_end
!2025-09-12_Multi_spcon_J1_J2_precon1,2025-09-12 11:44:11,1,307.69,mag_start
!2025-09-12_Multi_spcon_J1_J2_precon1,2025-09-12 11:44:11,1,307.75,mag_end
!2025-09-12_Multi_spcon_J1_J2_precon1,2025-09-12 11:44:11,1,308.17,mag_start
!2025-09-12_Multi_spcon_J1_J2_precon1,2025-09-12 11:44:11,1,308.68,mag_end
!2025-09-12_Multi_spcon_J1_J2_precon1,2025-09-12 11:44:11,1,317.56,mag_start
!2025-09-12_Multi_spcon_J1_J2_precon1,2025-09-12 11:44:11,1,317.80,mag_end
!2025-09-12_Multi_spcon_J1_J2_precon1,2025-09-12 11:44:11,1,354.28,mag_start
!2025-09-12_Multi_spcon_J1_J2_precon1,2025-09-12 11:44:11,1,354.84,mag_end
!2025-09-12_Multi_spcon_J1_J2_precon1,2025-09-12 11:44:11,1,354.86,mag_start
!2025-09-12_Multi_spcon_J1_J2_precon1,2025-09-12 11:44:11,1,354.99,mag_end
!2025-09-12_Multi_spcon_J1_J2_precon1,2025-09-12 11:44:11,1,355.60,mag_start
!2025-09-12_Multi_spcon_J1_J2_precon1,2025-09-12 11:44:11,1,356.67,mag_end
!2025-09-12_Multi_spcon_J1_J2_precon1,2025-09-12 11:44:11,1,384.08,mag_start
!2025-09-12_Multi_spcon_J1_J2_precon1,2025-09-12 11:44:11,1,384.18,mag_end
!2025-09-12_Multi_spcon_J1_J2_precon1,2025-09-12 11:44:11,1,384.26,mag_start
!2025-09-12_Multi_spcon_J1_J2_precon1,2025-09-12 11:44:11,1,384.30,mag_end
!2025-09-12_Multi_spcon_J1_J2_precon1,2025-09-12 11:44:11,1,384.33,mag_start
!2025-09-12_Multi_spcon_J1_J2_precon1,2025-09-12 11:44:11,1,384.64,mag_end
!2025-09-12_Multi_spcon_J1_J2_precon1,2025-09-12 11:44:11,1,384.72,mag_start
!2025-09-12_Multi_spcon_J1_J2_precon1,2025-09-12 11:44:11,1,385.88,mag_end
!2025-09-12_Multi_spcon_J1_J2_precon1,2025-09-12 11:44:11,1,386.25,mag_start
!2025-09-12_Multi_spcon_J1_J2_precon1,2025-09-12 11:44:11,1,387.71,mag_end
!2025-09-12_Multi_spcon_J1_J2_precon1,2025-09-12 11:44:11,1,454.07,mag_start
!2025-09-12_Multi_spcon_J1_J2_precon1,2025-09-12 11:44:11,1,454.15,mag_end
!2025-09-12_Multi_spcon_J1_J2_precon1,2025-09-12 11:44:11,1,454.19,mag_start
!2025-09-12_Multi_spcon_J1_J2_precon1,2025-09-12 11:44:11,1,456.76,mag_end
!2025-09-12_Multi_spcon_J1_J2_precon1,2025-09-12 11:44:11,1,461.32,mag_start
!2025-09-12_Multi_spcon_J1_J2_precon1,2025-09-12 11:44:11,1,461.36,mag_end
!2025-09-12_Multi_spcon_J1_J2_precon1,2025-09-12 11:44:11,1,465.33,mag_start
!2025-09-12_Multi_spcon_J1_J2_precon1,2025-09-12 11:44:11,1,465.34,mag_end
!2025-09-12_Multi_spcon_J1_J2_precon1,2025-09-12 11:44:11,1,466.12,mag_start
!2025-09-12_Multi_spcon_J1_J2_precon1,2025-09-12 11:44:11,1,466.71,mag_end
!2025-09-12_Multi_spcon_J1_J2_precon1,2025-09-12 11:44:11,1,492.32,mag_start
!2025-09-12_Multi_spcon_J1_J2_precon1,2025-09-12 11:44:11,1,492.33,mag_end
!2025-09-12_Multi_spcon_J1_J2_precon1,2025-09-12 11:44:11,1,492.77,mag_start
!2025-09-12_Multi_spcon_J1_J2_precon1,2025-09-12 11:44:11,1,493.13,mag_end
!2025-09-12_Multi_spcon_J1_J2_precon1,2025-09-12 11:44:11,1,493.39,mag_start
!2025-09-12_Multi_spcon_J1_J2_precon1,2025-09-12 11:44:11,1,495.00,mag_end
!2025-09-12_Multi_spcon_J1_J2_precon1,2025-09-12 11:44:11,1,506.28,mag_start
!2025-09-12_Multi_spcon_J1_J2_precon1,2025-09-12 11:44:11,1,506.36,mag_end
!2025-09-12_Multi_spcon_J1_J2_precon1,2025-09-12 11:44:11,1,506.40,mag_start
!2025-09-12_Multi_spcon_J1_J2_precon1,2025-09-12 11:44:11,1,506.48,mag_end
!2025-09-12_Multi_spcon_J1_J2_precon1,2025-09-12 11:44:11,1,507.28,mag_start
!2025-09-12_Multi_spcon_J1_J2_precon1,2025-09-12 11:44:11,1,511.86,mag_end
!2025-09-12_Multi_spcon_J1_J2_precon1,2025-09-12 11:44:11,1,585.37,mag_start
!2025-09-12_Multi_spcon_J1_J2_precon1,2025-09-12 11:44:11,1,585.40,mag_end
!2025-09-12_Multi_spcon_J1_J2_precon1,2025-09-12 11:44:11,1,585.44,mag_start
!2025-09-12_Multi_spcon_J1_J2_precon1,2025-09-12 11:44:11,1,586.09,mag_end
!2025-09-12_Multi_spcon_J1_J2_precon1,2025-09-12 11:44:11,1,586.25,mag_start
!2025-09-12_Multi_spcon_J1_J2_precon1,2025-09-12 11:44:11,1,586.53,mag_end
!2025-09-12_Multi_spcon_J1_J2_precon1,2025-09-12 11:44:11,1,586.78,mag_start
!2025-09-12_Multi_spcon_J1_J2_precon1,2025-09-12 11:44:11,1,586.79,mag_end
!2025-09-12_Multi_spcon_J1_J2_precon1,2025-09-12 11:44:11,1,587.07,mag_start
!2025-09-12_Multi_spcon_J1_J2_precon1,2025-09-12 11:44:11,1,589.74,mag_end
!2025-09-12_Multi_spcon_J1_J2_precon1,2025-09-12 11:44:11,1,595.96,mag_start
!2025-09-12_Multi_spcon_J1_J2_precon1,2025-09-12 11:44:11,1,596.05,mag_end
!2025-09-12_Multi_spcon_J1_J2_precon1,2025-09-12 11:44:11,1,596.29,mag_start
!2025-09-12_Multi_spcon_J1_J2_precon1,2025-09-12 11:44:11,1,596.35,mag_end
!2025-09-12_Multi_spcon_J1_J2_precon1,2025-09-12 11:44:11,1,596.41,mag_start
!2025-09-12_Multi_spcon_J1_J2_precon1,2025-09-12 11:44:11,1,596.42,mag_end
!2025-09-12_Multi_spcon_J1_J2_precon1,2025-09-12 11:44:11,1,596.95,mag_start
!2025-09-12_Multi_spcon_J1_J2_precon1,2025-09-12 11:44:11,1,596.99,mag_end
!2025-09-12_Multi_spcon_J1_J2_precon1,2025-09-12 11:44:11,1,597.03,mag_start
!2025-09-12_Multi_spcon_J1_J2_precon1,2025-09-12 11:44:11,1,597.09,mag_end
!2025-09-12_Multi_spcon_J1_J2_precon1,2025-09-12 11:44:11,1,597.13,mag_start
!2025-09-12_Multi_spcon_J1_J2_precon1,2025-09-12 11:44:11,1,602.24,mag_end
!2025-09-12_Multi_spcon_J1_J2_precon1,2025-09-12 11:44:11,1,654.28,hiT_start
!2025-09-12_Multi_spcon_J1_J2_precon1,2025-09-12 11:44:11,1,664.28,hiT_end
!2025-09-12_Multi_spcon_J1_J2_precon1,2025-09-12 11:44:11,1,664.28,lowT_start
!2025-09-12_Multi_spcon_J1_J2_precon1,2025-09-12 11:44:11,1,674.28,lowT_end
!2025-09-12_Multi_spcon_J1_J2_precon1,2025-09-12 11:44:11,1,676.37,mag_start
!2025-09-12_Multi_spcon_J1_J2_precon1,2025-09-12 11:44:11,1,676.80,mag_end
!2025-09-12_Multi_spcon_J1_J2_precon1,2025-09-12 11:44:11,1,676.92,mag_start
!2025-09-12_Multi_spcon_J1_J2_precon1,2025-09-12 11:44:11,1,677.41,mag_end
!2025-09-12_Multi_spcon_J1_J2_precon1,2025-09-12 11:44:11,1,677.45,mag_start
!2025-09-12_Multi_spcon_J1_J2_precon1,2025-09-12 11:44:11,1,679.57,mag_end
!2025-09-12_Multi_spcon_J1_J2_precon1,2025-09-12 11:44:11,1,679.76,mag_start
!2025-09-12_Multi_spcon_J1_J2_precon1,2025-09-12 11:44:11,1,679.93,mag_end
!2025-09-12_Multi_spcon_J1_J2_precon1,2025-09-12 11:44:11,1,688.26,mag_start
!2025-09-12_Multi_spcon_J1_J2_precon1,2025-09-12 11:44:11,1,688.27,mag_end
!2025-09-12_Multi_spcon_J1_J2_precon1,2025-09-12 11:44:11,1,690.20,mag_start
!2025-09-12_Multi_spcon_J1_J2_precon1,2025-09-12 11:44:11,1,690.33,mag_end
!2025-09-12_Multi_spcon_J1_J2_precon1,2025-09-12 11:44:11,1,690.77,mag_start
!2025-09-12_Multi_spcon_J1_J2_precon1,2025-09-12 11:44:11,1,690.84,mag_end
!2025-09-12_Multi_spcon_J1_J2_precon1,2025-09-12 11:44:11,1,691.81,mag_start
!2025-09-12_Multi_spcon_J1_J2_precon1,2025-09-12 11:44:11,1,691.99,mag_end
!2025-09-12_Multi_spcon_J1_J2_precon1,2025-09-12 11:44:11,1,692.02,mag_start
!2025-09-12_Multi_spcon_J1_J2_precon1,2025-09-12 11:44:11,1,692.73,mag_end
!2025-09-12_Multi_spcon_J1_J2_precon1,2025-09-12 11:44:11,1,692.77,mag_start
!2025-09-12_Multi_spcon_J1_J2_precon1,2025-09-12 11:44:11,1,693.22,mag_end
!2025-09-12_Multi_spcon_J1_J2_precon1,2025-09-12 11:44:11,1,850.54,mag_start
!2025-09-12_Multi_spcon_J1_J2_precon1,2025-09-12 11:44:11,1,850.91,mag_end
!2025-09-12_Multi_spcon_J1_J2_precon1,2025-09-12 11:44:11,1,851.00,mag_start
!2025-09-12_Multi_spcon_J1_J2_precon1,2025-09-12 11:44:11,1,851.01,mag_end
!2025-09-12_Multi_spcon_J1_J2_precon1,2025-09-12 11:44:11,1,882.11,mag_start
!2025-09-12_Multi_spcon_J1_J2_precon1,2025-09-12 11:44:11,1,885.59,mag_end
!2025-09-12_Multi_spcon_J1_J2_precon1,2025-09-12 11:44:11,1,891.11,mag_start
!2025-09-12_Multi_spcon_J1_J2_precon1,2025-09-12 11:44:11,1,891.12,mag_end
!2025-09-12_Multi_spcon_J1_J2_precon1,2025-09-12 11:44:11,1,987.07,click_start
!2025-09-12_Multi_spcon_J1_J2_precon1,2025-09-12 11:44:11,1,997.07,click_end
!2025-09-12_Multi_spcon_J1_J2_precon1,2025-09-12 11:44:11,1,997.07,noise_start
!2025-09-12_Multi_spcon_J1_J2_precon1,2025-09-12 11:44:11,1,1007.07,noise_end
!2025-09-12_Multi_spcon_J1_J2_precon1,2025-09-12 11:44:11,1,1290.78,click_start
!2025-09-12_Multi_spcon_J1_J2_precon1,2025-09-12 11:44:11,1,1300.78,click_end
!2025-09-12_Multi_spcon_J1_J2_precon1,2025-09-12 11:44:11,1,1300.78,noise_start
!2025-09-12_Multi_spcon_J1_J2_precon1,2025-09-12 11:44:11,1,1310.78,noise_end
!2025-09-12_Multi_spcon_J1_J2_precon1,2025-09-12 11:44:11,1,1583.94,hiT_start
!2025-09-12_Multi_spcon_J1_J2_precon1,2025-09-12 11:44:11,1,1593.94,hiT_end
!2025-09-12_Multi_spcon_J1_J2_precon1,2025-09-12 11:44:11,1,1593.94,lowT_start
!2025-09-12_Multi_spcon_J1_J2_precon1,2025-09-12 11:44:11,1,1603.94,lowT_end
!2025-09-12_Multi_spcon_J1_J2_precon1,2025-09-12 11:44:11,1,1661.88,mag_start
!2025-09-12_Multi_spcon_J1_J2_precon1,2025-09-12 11:44:11,1,1662.12,mag_end
!2025-09-12_Multi_spcon_J1_J2_precon1,2025-09-12 11:44:11,1,1662.44,mag_start
!2025-09-12_Multi_spcon_J1_J2_precon1,2025-09-12 11:44:11,1,1673.96,mag_end
!2025-09-12_Multi_spcon_J1_J2_precon1,2025-09-12 11:44:11,1,1675.72,mag_start
!2025-09-12_Multi_spcon_J1_J2_precon1,2025-09-12 11:44:11,1,1676.42,mag_end
!2025-09-12_Multi_spcon_J1_J2_precon1,2025-09-12 11:44:11,1,1676.58,mag_start
!2025-09-12_Multi_spcon_J1_J2_precon1,2025-09-12 11:44:11,1,1676.61,mag_end
!2025-09-12_Multi_spcon_J1_J2_precon1,2025-09-12 11:44:11,1,1677.27,mag_start
!2025-09-12_Multi_spcon_J1_J2_precon1,2025-09-12 11:44:11,1,1677.71,mag_end
!2025-09-12_Multi_spcon_J1_J2_precon1,2025-09-12 11:44:11,1,1677.72,mag_start
!2025-09-12_Multi_spcon_J1_J2_precon1,2025-09-12 11:44:11,1,1680.29,mag_end
!2025-09-12_Multi_spcon_J1_J2_precon1,2025-09-12 11:44:11,1,1704.68,mag_start
!2025-09-12_Multi_spcon_J1_J2_precon1,2025-09-12 11:44:11,1,1704.72,mag_end
!2025-09-12_Multi_spcon_J1_J2_precon1,2025-09-12 11:44:11,1,1704.84,mag_start
!2025-09-12_Multi_spcon_J1_J2_precon1,2025-09-12 11:44:11,1,1704.93,mag_end
!2025-09-12_Multi_spcon_J1_J2_precon1,2025-09-12 11:44:11,1,1705.25,mag_start
!2025-09-12_Multi_spcon_J1_J2_precon1,2025-09-12 11:44:11,1,1705.31,mag_end
!2025-09-12_Multi_spcon_J1_J2_precon1,2025-09-12 11:44:11,1,1705.66,mag_start
!2025-09-12_Multi_spcon_J1_J2_precon1,2025-09-12 11:44:11,1,1705.83,mag_end
!2025-09-12_Multi_spcon_J1_J2_precon1,2025-09-12 11:44:11,1,1706.16,mag_start
!2025-09-12_Multi_spcon_J1_J2_precon1,2025-09-12 11:44:11,1,1708.32,mag_end
!2025-09-12_Multi_spcon_J1_J2_precon1,2025-09-12 11:44:11,1,1712.57,mag_start
!2025-09-12_Multi_spcon_J1_J2_precon1,2025-09-12 11:44:11,1,1713.82,mag_end
!2025-09-12_Multi_spcon_J1_J2_precon1,2025-09-12 11:44:11,1,1713.83,mag_start
!2025-09-12_Multi_spcon_J1_J2_precon1,2025-09-12 11:44:11,1,1717.67,mag_end
!2025-09-12_Multi_spcon_J1_J2_precon1,2025-09-12 11:44:11,1,1717.93,mag_start
!2025-09-12_Multi_spcon_J1_J2_precon1,2025-09-12 11:44:11,1,1723.39,mag_end
!2025-09-12_Multi_spcon_J1_J2_precon1,2025-09-12 11:44:11,1,1727.41,mag_start
!2025-09-12_Multi_spcon_J1_J2_precon1,2025-09-12 11:44:11,1,1727.54,mag_end
!2025-09-12_Multi_spcon_J1_J2_precon1,2025-09-12 11:44:11,1,1729.87,mag_start
!2025-09-12_Multi_spcon_J1_J2_precon1,2025-09-12 11:44:11,1,1731.42,mag_end
!2025-09-12_Multi_spcon_J1_J2_precon1,2025-09-12 11:44:11,1,1810.21,mag_start
!2025-09-12_Multi_spcon_J1_J2_precon1,2025-09-12 11:44:11,1,1811.27,mag_end
!2025-09-12_Multi_spcon_J1_J2_precon1,2025-09-12 11:44:11,1,1845.89,mag_start
!2025-09-12_Multi_spcon_J1_J2_precon1,2025-09-12 11:44:11,1,1845.93,mag_end
!2025-09-12_Multi_spcon_J1_J2_precon1,2025-09-12 11:44:11,1,1847.39,mag_start
!2025-09-12_Multi_spcon_J1_J2_precon1,2025-09-12 11:44:11,1,1847.40,mag_end
!2025-09-12_Multi_spcon_J1_J2_precon1,2025-09-12 11:44:11,1,1847.76,mag_start
!2025-09-12_Multi_spcon_J1_J2_precon1,2025-09-12 11:44:11,1,1847.77,mag_end
!2025-09-12_Multi_spcon_J1_J2_precon1,2025-09-12 11:44:11,1,1847.84,mag_start
!2025-09-12_Multi_spcon_J1_J2_precon1,2025-09-12 11:44:11,1,1847.86,mag_end
!2025-09-12_Multi_spcon_J1_J2_precon1,2025-09-12 11:44:11,1,1851.91,mag_start
!2025-09-12_Multi_spcon_J1_J2_precon1,2025-09-12 11:44:11,1,1851.98,mag_end
!2025-09-12_Multi_spcon_J1_J2_precon1,2025-09-12 11:44:11,1,1854.96,mag_start
!2025-09-12_Multi_spcon_J1_J2_precon1,2025-09-12 11:44:11,1,1867.91,mag_end
!2025-09-12_Multi_spcon_J1_J2_precon1,2025-09-12 11:44:11,1,1868.54,mag_start
!2025-09-12_Multi_spcon_J1_J2_precon1,2025-09-12 11:44:11,1,1868.55,mag_end
!2025-09-12_Multi_spcon_J1_J2_precon1,2025-09-12 11:44:11,1,1923.55,mag_start
!2025-09-12_Multi_spcon_J1_J2_precon1,2025-09-12 11:44:11,1,1928.10,mag_end
!2025-09-12_Multi_spcon_J1_J2_precon1,2025-09-12 11:44:11,1,1926.00,click_start
!2025-09-12_Multi_spcon_J1_J2_precon1,2025-09-12 11:44:11,1,1936.00,click_end
!2025-09-12_Multi_spcon_J1_J2_precon1,2025-09-12 11:44:11,1,1928.26,mag_start
!2025-09-12_Multi_spcon_J1_J2_precon1,2025-09-12 11:44:11,1,1928.28,mag_end
!2025-09-12_Multi_spcon_J1_J2_precon1,2025-09-12 11:44:11,1,1931.18,mag_start
!2025-09-12_Multi_spcon_J1_J2_precon1,2025-09-12 11:44:11,1,1931.95,mag_end
!2025-09-12_Multi_spcon_J1_J2_precon1,2025-09-12 11:44:11,1,1933.62,mag_start
!2025-09-12_Multi_spcon_J1_J2_precon1,2025-09-12 11:44:11,1,1934.25,mag_end
!2025-09-12_Multi_spcon_J1_J2_precon1,2025-09-12 11:44:11,1,1936.00,noise_start
!2025-09-12_Multi_spcon_J1_J2_precon1,2025-09-12 11:44:11,1,1946.00,noise_end
!2025-09-12_Multi_spcon_J1_J2_precon1,2025-09-12 11:44:11,1,2248.24,hiT_start
!2025-09-12_Multi_spcon_J1_J2_precon1,2025-09-12 11:44:11,1,2258.24,hiT_end
!2025-09-12_Multi_spcon_J1_J2_precon1,2025-09-12 11:44:11,1,2258.24,lowT_start
!2025-09-12_Multi_spcon_J1_J2_precon1,2025-09-12 11:44:11,1,2268.24,lowT_end
!2025-09-12_Multi_spcon_J1_J2_precon1,2025-09-12 11:44:11,1,2589.27,hiT_start
!2025-09-12_Multi_spcon_J1_J2_precon1,2025-09-12 11:44:11,1,2599.27,hiT_end
!2025-09-12_Multi_spcon_J1_J2_precon1,2025-09-12 11:44:11,1,2599.27,lowT_start
!2025-09-12_Multi_spcon_J1_J2_precon1,2025-09-12 11:44:11,1,2609.27,lowT_end
!2025-09-12_Multi_spcon_J1_J2_precon1,2025-09-12 11:44:11,1,2912.03,click_start
!2025-09-12_Multi_spcon_J1_J2_precon1,2025-09-12 11:44:11,1,2922.03,click_end
!2025-09-12_Multi_spcon_J1_J2_precon1,2025-09-12 11:44:11,1,2922.03,noise_start
!2025-09-12_Multi_spcon_J1_J2_precon1,2025-09-12 11:44:11,1,2932.03,noise_end
!2025-09-12_Multi_spcon_J1_J2_precon1,2025-09-12 11:44:11,1,3201.59,hiT_start
!2025-09-12_Multi_spcon_J1_J2_precon1,2025-09-12 11:44:11,1,3211.59,hiT_end
!2025-09-12_Multi_spcon_J1_J2_precon1,2025-09-12 11:44:11,1,3211.59,lowT_start
!2025-09-12_Multi_spcon_J1_J2_precon1,2025-09-12 11:44:11,1,3221.59,lowT_end
!2025-09-12_Multi_spcon_J1_J2_precon1,2025-09-12 11:44:11,1,3523.31,click_start
!2025-09-12_Multi_spcon_J1_J2_precon1,2025-09-12 11:44:11,1,3533.31,click_end
!2025-09-12_Multi_spcon_J1_J2_precon1,2025-09-12 11:44:11,1,3533.31,noise_start
!2025-09-12_Multi_spcon_J1_J2_precon1,2025-09-12 11:44:11,1,3543.31,noise_end
!2025-09-12_Multi_spcon_J1_J2_precon1,2025-09-12 11:44:11,1,3836.80,click_start
!2025-09-12_Multi_spcon_J1_J2_precon1,2025-09-12 11:44:11,1,3846.80,click_end
!2025-09-12_Multi_spcon_J1_J2_precon1,2025-09-12 11:44:11,1,3846.80,noise_start
!2025-09-12_Multi_spcon_J1_J2_precon1,2025-09-12 11:44:11,1,3856.80,noise_end
!2025-09-12_Multi_spcon_J1_J2_precon1,2025-09-12 11:44:11,1,3937.50,mag_start
!2025-09-12_Multi_spcon_J1_J2_precon1,2025-09-12 11:44:11,1,3937.67,mag_end
!2025-09-12_Multi_spcon_J1_J2_precon1,2025-09-12 11:44:11,1,3938.08,mag_start
!2025-09-12_Multi_spcon_J1_J2_precon1,2025-09-12 11:44:11,1,3940.68,mag_end
!2025-09-12_Multi_spcon_J1_J2_precon1,2025-09-12 11:44:11,1,3941.76,mag_start
!2025-09-12_Multi_spcon_J1_J2_precon1,2025-09-12 11:44:11,1,3951.29,mag_end
!2025-09-12_Multi_spcon_J1_J2_precon1,2025-09-12 11:44:11,1,3956.98,mag_start
!2025-09-12_Multi_spcon_J1_J2_precon1,2025-09-12 11:44:11,1,3957.41,mag_end
!2025-09-12_Multi_spcon_J1_J2_precon1,2025-09-12 11:44:11,1,3958.14,mag_start
!2025-09-12_Multi_spcon_J1_J2_precon1,2025-09-12 11:44:11,1,3958.16,mag_end
!2025-09-12_Multi_spcon_J1_J2_precon1,2025-09-12 11:44:11,1,3958.40,mag_start
!2025-09-12_Multi_spcon_J1_J2_precon1,2025-09-12 11:44:11,1,3958.78,mag_end
!2025-09-12_Multi_spcon_J1_J2_precon1,2025-09-12 11:44:11,1,3958.86,mag_start
!2025-09-12_Multi_spcon_J1_J2_precon1,2025-09-12 11:44:11,1,3958.92,mag_end
!2025-09-12_Multi_spcon_J1_J2_precon1,2025-09-12 11:44:11,1,3958.99,mag_start
!2025-09-12_Multi_spcon_J1_J2_precon1,2025-09-12 11:44:11,1,3960.05,mag_end
!2025-09-12_Multi_spcon_J1_J2_precon1,2025-09-12 11:44:11,1,3960.20,mag_start
!2025-09-12_Multi_spcon_J1_J2_precon1,2025-09-12 11:44:11,1,3961.33,mag_end
!2025-09-12_Multi_spcon_J1_J2_precon1,2025-09-12 11:44:11,1,3964.95,mag_start
!2025-09-12_Multi_spcon_J1_J2_precon1,2025-09-12 11:44:11,1,3965.07,mag_end
!2025-09-12_Multi_spcon_J1_J2_precon1,2025-09-12 11:44:11,1,3965.22,mag_start
!2025-09-12_Multi_spcon_J1_J2_precon1,2025-09-12 11:44:11,1,3965.24,mag_end
!2025-09-12_Multi_spcon_J1_J2_precon1,2025-09-12 11:44:11,1,3965.25,mag_start
!2025-09-12_Multi_spcon_J1_J2_precon1,2025-09-12 11:44:11,1,3965.27,mag_end
!2025-09-12_Multi_spcon_J1_J2_precon1,2025-09-12 11:44:11,1,3965.29,mag_start
!2025-09-12_Multi_spcon_J1_J2_precon1,2025-09-12 11:44:11,1,3969.34,mag_end
!2025-09-12_Multi_spcon_J1_J2_precon1,2025-09-12 11:44:11,1,3970.33,mag_start
!2025-09-12_Multi_spcon_J1_J2_precon1,2025-09-12 11:44:11,1,3970.36,mag_end
!2025-09-12_Multi_spcon_J1_J2_precon1,2025-09-12 11:44:11,1,3976.45,mag_start
!2025-09-12_Multi_spcon_J1_J2_precon1,2025-09-12 11:44:11,1,3976.72,mag_end
!2025-09-12_Multi_spcon_J1_J2_precon1,2025-09-12 11:44:11,1,3976.76,mag_start
!2025-09-12_Multi_spcon_J1_J2_precon1,2025-09-12 11:44:11,1,3976.85,mag_end
!2025-09-12_Multi_spcon_J1_J2_precon1,2025-09-12 11:44:11,1,3983.24,mag_start
!2025-09-12_Multi_spcon_J1_J2_precon1,2025-09-12 11:44:11,1,3983.28,mag_end
!2025-09-12_Multi_spcon_J1_J2_precon1,2025-09-12 11:44:11,1,3983.61,mag_start
!2025-09-12_Multi_spcon_J1_J2_precon1,2025-09-12 11:44:11,1,3985.76,mag_end
!2025-09-12_Multi_spcon_J1_J2_precon1,2025-09-12 11:44:11,1,3990.73,mag_start
!2025-09-12_Multi_spcon_J1_J2_precon1,2025-09-12 11:44:11,1,3990.87,mag_end
!2025-09-12_Multi_spcon_J1_J2_precon1,2025-09-12 11:44:11,1,3991.17,mag_start
!2025-09-12_Multi_spcon_J1_J2_precon1,2025-09-12 11:44:11,1,4010.42,mag_end
!2025-09-12_Multi_spcon_J1_J2_precon1,2025-09-12 11:44:11,1,4017.81,mag_start
!2025-09-12_Multi_spcon_J1_J2_precon1,2025-09-12 11:44:11,1,4018.00,mag_end
!2025-09-12_Multi_spcon_J1_J2_precon1,2025-09-12 11:44:11,1,4018.15,mag_start
!2025-09-12_Multi_spcon_J1_J2_precon1,2025-09-12 11:44:11,1,4022.42,mag_end
!2025-09-12_Multi_spcon_J1_J2_precon1,2025-09-12 11:44:11,1,4030.20,mag_start
!2025-09-12_Multi_spcon_J1_J2_precon1,2025-09-12 11:44:11,1,4030.25,mag_end
!2025-09-12_Multi_spcon_J1_J2_precon1,2025-09-12 11:44:11,1,4030.41,mag_start
!2025-09-12_Multi_spcon_J1_J2_precon1,2025-09-12 11:44:11,1,4030.42,mag_end
!2025-09-12_Multi_spcon_J1_J2_precon1,2025-09-12 11:44:11,1,4035.00,mag_start
!2025-09-12_Multi_spcon_J1_J2_precon1,2025-09-12 11:44:11,1,4035.02,mag_end
!2025-09-12_Multi_spcon_J1_J2_precon1,2025-09-12 11:44:11,1,4040.14,mag_start
!2025-09-12_Multi_spcon_J1_J2_precon1,2025-09-12 11:44:11,1,4040.16,mag_end
!2025-09-12_Multi_spcon_J1_J2_precon1,2025-09-12 11:44:11,1,4040.41,mag_start
!2025-09-12_Multi_spcon_J1_J2_precon1,2025-09-12 11:44:11,1,4040.42,mag_end
!2025-09-12_Multi_spcon_J1_J2_precon1,2025-09-12 11:44:11,1,4040.55,mag_start
!2025-09-12_Multi_spcon_J1_J2_precon1,2025-09-12 11:44:11,1,4040.60,mag_end
!2025-09-12_Multi_spcon_J1_J2_precon1,2025-09-12 11:44:11,1,4040.93,mag_start
!2025-09-12_Multi_spcon_J1_J2_precon1,2025-09-12 11:44:11,1,4041.03,mag_end
!2025-09-12_Multi_spcon_J1_J2_precon1,2025-09-12 11:44:11,1,4041.93,mag_start
!2025-09-12_Multi_spcon_J1_J2_precon1,2025-09-12 11:44:11,1,4041.94,mag_end
!2025-09-12_Multi_spcon_J1_J2_precon1,2025-09-12 11:44:11,1,4048.79,mag_start
!2025-09-12_Multi_spcon_J1_J2_precon1,2025-09-12 11:44:11,1,4048.80,mag_end
!2025-09-12_Multi_spcon_J1_J2_precon1,2025-09-12 11:44:11,1,4171.81,mag_start
!2025-09-12_Multi_spcon_J1_J2_precon1,2025-09-12 11:44:11,1,4173.39,mag_end
!2025-09-12_Multi_spcon_J1_J2_precon1,2025-09-12 11:44:11,1,4176.49,mag_start
!2025-09-12_Multi_spcon_J1_J2_precon1,2025-09-12 11:44:11,1,4178.21,mag_end
!2025-09-12_Multi_spcon_J1_J2_precon1,2025-09-12 11:44:11,1,4178.23,mag_start
!2025-09-12_Multi_spcon_J1_J2_precon1,2025-09-12 11:44:11,1,4178.25,mag_end
!2025-09-12_Multi_spcon_J1_J2_precon1,2025-09-12 11:44:11,1,4183.54,mag_start
!2025-09-12_Multi_spcon_J1_J2_precon1,2025-09-12 11:44:11,1,4184.05,mag_end
!2025-09-12_Multi_spcon_J1_J2_precon1,2025-09-12 11:44:11,1,4184.14,mag_start
!2025-09-12_Multi_spcon_J1_J2_precon1,2025-09-12 11:44:11,1,4184.15,mag_end
!2025-09-12_Multi_spcon_J1_J2_precon1,2025-09-12 11:44:11,1,4184.27,mag_start
!2025-09-12_Multi_spcon_J1_J2_precon1,2025-09-12 11:44:11,1,4185.58,mag_end
!2025-09-12_Multi_spcon_J1_J2_precon1,2025-09-12 11:44:11,1,4186.51,mag_start
!2025-09-12_Multi_spcon_J1_J2_precon1,2025-09-12 11:44:11,1,4186.93,mag_end
!2025-09-12_Multi_spcon_J1_J2_precon1,2025-09-12 11:44:11,1,4186.99,mag_start
!2025-09-12_Multi_spcon_J1_J2_precon1,2025-09-12 11:44:11,1,4187.02,mag_end
!2025-09-12_Multi_spcon_J1_J2_precon1,2025-09-12 11:44:11,1,4187.15,mag_start
!2025-09-12_Multi_spcon_J1_J2_precon1,2025-09-12 11:44:11,1,4188.18,mag_end
!2025-09-12_Multi_spcon_J1_J2_precon1,2025-09-12 11:44:11,1,4188.63,mag_start
!2025-09-12_Multi_spcon_J1_J2_precon1,2025-09-12 11:44:11,1,4189.15,mag_end
!2025-09-12_Multi_spcon_J1_J2_precon1,2025-09-12 11:44:11,1,4189.18,mag_start
!2025-09-12_Multi_spcon_J1_J2_precon1,2025-09-12 11:44:11,1,4193.16,mag_end
!2025-09-12_Multi_spcon_J1_J2_precon1,2025-09-12 11:44:11,1,4197.90,hiT_start
!2025-09-12_Multi_spcon_J1_J2_precon1,2025-09-12 11:44:11,1,4207.90,hiT_end
!2025-09-12_Multi_spcon_J1_J2_precon1,2025-09-12 11:44:11,1,4201.09,mag_start
!2025-09-12_Multi_spcon_J1_J2_precon1,2025-09-12 11:44:11,1,4201.10,mag_end
!2025-09-12_Multi_spcon_J1_J2_precon1,2025-09-12 11:44:11,1,4207.90,lowT_start
!2025-09-12_Multi_spcon_J1_J2_precon1,2025-09-12 11:44:11,1,4217.90,lowT_end
!2025-09-12_Multi_spcon_J1_J2_precon1,2025-09-12 11:44:11,1,4272.77,mag_start
!2025-09-12_Multi_spcon_J1_J2_precon1,2025-09-12 11:44:11,1,4275.62,mag_end
!2025-09-12_Multi_spcon_J1_J2_precon1,2025-09-12 11:44:11,1,4288.31,mag_start
!2025-09-12_Multi_spcon_J1_J2_precon1,2025-09-12 11:44:11,1,4290.24,mag_end
!2025-09-12_Multi_spcon_J1_J2_precon1,2025-09-12 11:44:11,1,4290.25,mag_start
!2025-09-12_Multi_spcon_J1_J2_precon1,2025-09-12 11:44:11,1,4290.39,mag_end
!2025-09-12_Multi_spcon_J1_J2_precon1,2025-09-12 11:44:11,1,4295.33,mag_start
!2025-09-12_Multi_spcon_J1_J2_precon1,2025-09-12 11:44:11,1,4296.76,mag_end
!2025-09-12_Multi_spcon_J1_J2_precon1,2025-09-12 11:44:11,1,4297.62,mag_start
!2025-09-12_Multi_spcon_J1_J2_precon1,2025-09-12 11:44:11,1,4298.02,mag_end
!2025-09-12_Multi_spcon_J1_J2_precon1,2025-09-12 11:44:11,1,4298.16,mag_start
!2025-09-12_Multi_spcon_J1_J2_precon1,2025-09-12 11:44:11,1,4298.24,mag_end
!2025-09-12_Multi_spcon_J1_J2_precon1,2025-09-12 11:44:11,1,4298.39,mag_start
!2025-09-12_Multi_spcon_J1_J2_precon1,2025-09-12 11:44:11,1,4299.93,mag_end
!2025-09-12_Multi_spcon_J1_J2_precon1,2025-09-12 11:44:11,1,4509.07,click_start
!2025-09-12_Multi_spcon_J1_J2_precon1,2025-09-12 11:44:11,1,4519.07,click_end
!2025-09-12_Multi_spcon_J1_J2_precon1,2025-09-12 11:44:11,1,4519.07,noise_start
!2025-09-12_Multi_spcon_J1_J2_precon1,2025-09-12 11:44:11,1,4529.07,noise_end
!2025-09-12_Multi_spcon_J1_J2_precon1,2025-09-12 11:44:11,1,4839.80,hiT_start
!2025-09-12_Multi_spcon_J1_J2_precon1,2025-09-12 11:44:11,1,4849.80,hiT_end
!2025-09-12_Multi_spcon_J1_J2_precon1,2025-09-12 11:44:11,1,4849.80,lowT_start
!2025-09-12_Multi_spcon_J1_J2_precon1,2025-09-12 11:44:11,1,4859.80,lowT_end
!2025-09-12_Multi_spcon_J1_J2_precon1,2025-09-12 11:44:11,1,5169.76,hiT_start
!2025-09-12_Multi_spcon_J1_J2_precon1,2025-09-12 11:44:11,1,5179.76,hiT_end
!2025-09-12_Multi_spcon_J1_J2_precon1,2025-09-12 11:44:11,1,5179.76,lowT_start
!2025-09-12_Multi_spcon_J1_J2_precon1,2025-09-12 11:44:11,1,5189.76,lowT_end
!2025-09-12_Multi_spcon_J1_J2_precon1,2025-09-12 11:44:11,1,5475.79,click_start
!2025-09-12_Multi_spcon_J1_J2_precon1,2025-09-12 11:44:11,1,5485.79,click_end
!2025-09-12_Multi_spcon_J1_J2_precon1,2025-09-12 11:44:11,1,5485.79,noise_start
!2025-09-12_Multi_spcon_J1_J2_precon1,2025-09-12 11:44:11,1,5495.79,noise_end
!2025-09-12_Multi_spcon_J1_J2_precon1,2025-09-12 15:52:03,2,135.99,mag_start
!2025-09-12_Multi_spcon_J1_J2_precon1,2025-09-12 15:52:03,2,136.09,mag_end
!2025-09-12_Multi_spcon_J1_J2_precon1,2025-09-12 15:52:03,2,136.20,mag_start
!2025-09-12_Multi_spcon_J1_J2_precon1,2025-09-12 15:52:03,2,136.48,mag_end
!2025-09-12_Multi_spcon_J1_J2_precon1,2025-09-12 15:52:03,2,136.51,mag_start
!2025-09-12_Multi_spcon_J1_J2_precon1,2025-09-12 15:52:03,2,136.58,mag_end
!2025-09-12_Multi_spcon_J1_J2_precon1,2025-09-12 15:52:03,2,137.02,mag_start
!2025-09-12_Multi_spcon_J1_J2_precon1,2025-09-12 15:52:03,2,137.05,mag_end
!2025-09-12_Multi_spcon_J1_J2_precon1,2025-09-12 15:52:03,2,137.16,mag_start
!2025-09-12_Multi_spcon_J1_J2_precon1,2025-09-12 15:52:03,2,137.33,mag_end
!2025-09-12_Multi_spcon_J1_J2_precon1,2025-09-12 15:52:03,2,137.46,mag_start
!2025-09-12_Multi_spcon_J1_J2_precon1,2025-09-12 15:52:03,2,137.81,mag_end
!2025-09-12_Multi_spcon_J1_J2_precon1,2025-09-12 15:52:03,2,162.80,mag_start
!2025-09-12_Multi_spcon_J1_J2_precon1,2025-09-12 15:52:03,2,162.89,mag_end
!2025-09-12_Multi_spcon_J1_J2_precon1,2025-09-12 15:52:03,2,163.02,mag_start
!2025-09-12_Multi_spcon_J1_J2_precon1,2025-09-12 15:52:03,2,163.38,mag_end
!2025-09-12_Multi_spcon_J1_J2_precon1,2025-09-12 15:52:03,2,163.42,mag_start
!2025-09-12_Multi_spcon_J1_J2_precon1,2025-09-12 15:52:03,2,164.04,mag_end
!2025-09-12_Multi_spcon_J1_J2_precon1,2025-09-12 15:52:03,2,164.06,mag_start
!2025-09-12_Multi_spcon_J1_J2_precon1,2025-09-12 15:52:03,2,164.74,mag_end
!2025-09-12_Multi_spcon_J1_J2_precon1,2025-09-12 15:52:03,2,272.15,mag_start
!2025-09-12_Multi_spcon_J1_J2_precon1,2025-09-12 15:52:03,2,273.18,mag_end
!2025-09-12_Multi_spcon_J1_J2_precon1,2025-09-12 15:52:03,2,292.58,mag_start
!2025-09-12_Multi_spcon_J1_J2_precon1,2025-09-12 15:52:03,2,292.63,mag_end
!2025-09-12_Multi_spcon_J1_J2_precon1,2025-09-12 15:52:03,2,415.32,hiT_start
!2025-09-12_Multi_spcon_J1_J2_precon1,2025-09-12 15:52:03,2,425.32,hiT_end
!2025-09-12_Multi_spcon_J1_J2_precon1,2025-09-12 15:52:03,2,425.32,lowT_start
!2025-09-12_Multi_spcon_J1_J2_precon1,2025-09-12 15:52:03,2,435.32,lowT_end
!2025-09-12_Multi_spcon_J1_J2_precon1,2025-09-12 15:52:03,2,557.41,mag_start
!2025-09-12_Multi_spcon_J1_J2_precon1,2025-09-12 15:52:03,2,557.43,mag_end
!2025-09-12_Multi_spcon_J1_J2_precon1,2025-09-12 15:52:03,2,599.83,mag_start
!2025-09-12_Multi_spcon_J1_J2_precon1,2025-09-12 15:52:03,2,599.85,mag_end
!2025-09-12_Multi_spcon_J1_J2_precon1,2025-09-12 15:52:03,2,599.97,mag_start
!2025-09-12_Multi_spcon_J1_J2_precon1,2025-09-12 15:52:03,2,600.02,mag_end
!2025-09-12_Multi_spcon_J1_J2_precon1,2025-09-12 15:52:03,2,600.35,mag_start
!2025-09-12_Multi_spcon_J1_J2_precon1,2025-09-12 15:52:03,2,600.36,mag_end
!2025-09-12_Multi_spcon_J1_J2_precon1,2025-09-12 15:52:03,2,758.41,click_start
!2025-09-12_Multi_spcon_J1_J2_precon1,2025-09-12 15:52:03,2,768.41,click_end
!2025-09-12_Multi_spcon_J1_J2_precon1,2025-09-12 15:52:03,2,768.41,noise_start
!2025-09-12_Multi_spcon_J1_J2_precon1,2025-09-12 15:52:03,2,778.41,noise_end
!2025-09-12_Multi_spcon_J1_J2_precon1,2025-09-12 15:52:03,2,876.59,mag_start
!2025-09-12_Multi_spcon_J1_J2_precon1,2025-09-12 15:52:03,2,876.68,mag_end
!2025-09-12_Multi_spcon_J1_J2_precon1,2025-09-12 15:52:03,2,877.90,mag_start
!2025-09-12_Multi_spcon_J1_J2_precon1,2025-09-12 15:52:03,2,878.27,mag_end
!2025-09-12_Multi_spcon_J1_J2_precon1,2025-09-12 15:52:03,2,878.67,mag_start
!2025-09-12_Multi_spcon_J1_J2_precon1,2025-09-12 15:52:03,2,879.57,mag_end
!2025-09-12_Multi_spcon_J1_J2_precon1,2025-09-12 15:52:03,2,879.66,mag_start
!2025-09-12_Multi_spcon_J1_J2_precon1,2025-09-12 15:52:03,2,881.48,mag_end
!2025-09-12_Multi_spcon_J1_J2_precon1,2025-09-12 15:52:03,2,884.61,mag_start
!2025-09-12_Multi_spcon_J1_J2_precon1,2025-09-12 15:52:03,2,884.67,mag_end
!2025-09-12_Multi_spcon_J1_J2_precon1,2025-09-12 15:52:03,2,884.92,mag_start
!2025-09-12_Multi_spcon_J1_J2_precon1,2025-09-12 15:52:03,2,885.32,mag_end
!2025-09-12_Multi_spcon_J1_J2_precon1,2025-09-12 15:52:03,2,885.45,mag_start
!2025-09-12_Multi_spcon_J1_J2_precon1,2025-09-12 15:52:03,2,885.73,mag_end
!2025-09-12_Multi_spcon_J1_J2_precon1,2025-09-12 15:52:03,2,885.78,mag_start
!2025-09-12_Multi_spcon_J1_J2_precon1,2025-09-12 15:52:03,2,885.93,mag_end
!2025-09-12_Multi_spcon_J1_J2_precon1,2025-09-12 15:52:03,2,886.04,mag_start
!2025-09-12_Multi_spcon_J1_J2_precon1,2025-09-12 15:52:03,2,886.80,mag_end
!2025-09-12_Multi_spcon_J1_J2_precon1,2025-09-12 15:52:03,2,886.91,mag_start
!2025-09-12_Multi_spcon_J1_J2_precon1,2025-09-12 15:52:03,2,887.08,mag_end
!2025-09-12_Multi_spcon_J1_J2_precon1,2025-09-12 15:52:03,2,887.34,mag_start
!2025-09-12_Multi_spcon_J1_J2_precon1,2025-09-12 15:52:03,2,887.39,mag_end
!2025-09-12_Multi_spcon_J1_J2_precon1,2025-09-12 15:52:03,2,888.91,mag_start
!2025-09-12_Multi_spcon_J1_J2_precon1,2025-09-12 15:52:03,2,891.61,mag_end
!2025-09-12_Multi_spcon_J1_J2_precon1,2025-09-12 15:52:03,2,903.89,mag_start
!2025-09-12_Multi_spcon_J1_J2_precon1,2025-09-12 15:52:03,2,904.08,mag_end
!2025-09-12_Multi_spcon_J1_J2_precon1,2025-09-12 15:52:03,2,904.22,mag_start
!2025-09-12_Multi_spcon_J1_J2_precon1,2025-09-12 15:52:03,2,905.00,mag_end
!2025-09-12_Multi_spcon_J1_J2_precon1,2025-09-12 15:52:03,2,1038.19,click_start
!2025-09-12_Multi_spcon_J1_J2_precon1,2025-09-12 15:52:03,2,1048.19,click_end
!2025-09-12_Multi_spcon_J1_J2_precon1,2025-09-12 15:52:03,2,1048.19,noise_start
!2025-09-12_Multi_spcon_J1_J2_precon1,2025-09-12 15:52:03,2,1058.19,noise_end
!2025-09-12_Multi_spcon_J1_J2_precon1,2025-09-12 15:52:03,2,1164.11,mag_start
!2025-09-12_Multi_spcon_J1_J2_precon1,2025-09-12 15:52:03,2,1164.12,mag_end
!2025-09-12_Multi_spcon_J1_J2_precon1,2025-09-12 15:52:03,2,1172.08,mag_start
!2025-09-12_Multi_spcon_J1_J2_precon1,2025-09-12 15:52:03,2,1172.17,mag_end
!2025-09-12_Multi_spcon_J1_J2_precon1,2025-09-12 15:52:03,2,1172.23,mag_start
!2025-09-12_Multi_spcon_J1_J2_precon1,2025-09-12 15:52:03,2,1172.27,mag_end
!2025-09-12_Multi_spcon_J1_J2_precon1,2025-09-12 15:52:03,2,1172.47,mag_start
!2025-09-12_Multi_spcon_J1_J2_precon1,2025-09-12 15:52:03,2,1172.49,mag_end
!2025-09-12_Multi_spcon_J1_J2_precon1,2025-09-12 15:52:03,2,1363.52,hiT_start
!2025-09-12_Multi_spcon_J1_J2_precon1,2025-09-12 15:52:03,2,1373.52,hiT_end
!2025-09-12_Multi_spcon_J1_J2_precon1,2025-09-12 15:52:03,2,1373.52,lowT_start
!2025-09-12_Multi_spcon_J1_J2_precon1,2025-09-12 15:52:03,2,1383.52,lowT_end
!2025-09-12_Multi_spcon_J1_J2_precon1,2025-09-12 15:52:03,2,1689.11,click_start
!2025-09-12_Multi_spcon_J1_J2_precon1,2025-09-12 15:52:03,2,1699.11,click_end
!2025-09-12_Multi_spcon_J1_J2_precon1,2025-09-12 15:52:03,2,1699.11,noise_start
!2025-09-12_Multi_spcon_J1_J2_precon1,2025-09-12 15:52:03,2,1709.11,noise_end
!2025-09-12_Multi_spcon_J1_J2_precon1,2025-09-12 15:52:03,2,2009.29,hiT_start
!2025-09-12_Multi_spcon_J1_J2_precon1,2025-09-12 15:52:03,2,2019.29,hiT_end
!2025-09-12_Multi_spcon_J1_J2_precon1,2025-09-12 15:52:03,2,2019.29,lowT_start
!2025-09-12_Multi_spcon_J1_J2_precon1,2025-09-12 15:52:03,2,2029.29,lowT_end
!2025-09-12_Multi_spcon_J1_J2_precon1,2025-09-12 15:52:03,2,2338.22,hiT_start
!2025-09-12_Multi_spcon_J1_J2_precon1,2025-09-12 15:52:03,2,2348.22,hiT_end
!2025-09-12_Multi_spcon_J1_J2_precon1,2025-09-12 15:52:03,2,2348.22,lowT_start
!2025-09-12_Multi_spcon_J1_J2_precon1,2025-09-12 15:52:03,2,2358.22,lowT_end
!2025-09-12_Multi_spcon_J1_J2_precon1,2025-09-12 15:52:03,2,2713.22,click_start
!2025-09-12_Multi_spcon_J1_J2_precon1,2025-09-12 15:52:03,2,2723.22,click_end
!2025-09-12_Multi_spcon_J1_J2_precon1,2025-09-12 15:52:03,2,2723.22,noise_start
!2025-09-12_Multi_spcon_J1_J2_precon1,2025-09-12 15:52:03,2,2733.22,noise_end
!2025-09-12_Multi_spcon_J1_J2_precon1,2025-09-12 15:52:03,2,2754.16,mag_start
!2025-09-12_Multi_spcon_J1_J2_precon1,2025-09-12 15:52:03,2,2754.99,mag_end
!2025-09-12_Multi_spcon_J1_J2_precon1,2025-09-12 15:52:03,2,2755.59,mag_start
!2025-09-12_Multi_spcon_J1_J2_precon1,2025-09-12 15:52:03,2,2755.67,mag_end
!2025-09-12_Multi_spcon_J1_J2_precon1,2025-09-12 15:52:03,2,2755.69,mag_start
!2025-09-12_Multi_spcon_J1_J2_precon1,2025-09-12 15:52:03,2,2756.73,mag_end
!2025-09-12_Multi_spcon_J1_J2_precon1,2025-09-12 15:52:03,2,2756.74,mag_start
!2025-09-12_Multi_spcon_J1_J2_precon1,2025-09-12 15:52:03,2,2756.77,mag_end
!2025-09-12_Multi_spcon_J1_J2_precon1,2025-09-12 15:52:03,2,2990.17,hiT_start
!2025-09-12_Multi_spcon_J1_J2_precon1,2025-09-12 15:52:03,2,3000.17,hiT_end
!2025-09-12_Multi_spcon_J1_J2_precon1,2025-09-12 15:52:03,2,3000.17,lowT_start
!2025-09-12_Multi_spcon_J1_J2_precon1,2025-09-12 15:52:03,2,3010.17,lowT_end
!2025-09-12_Multi_spcon_J1_J2_precon1,2025-09-12 15:52:03,2,3324.25,click_start
!2025-09-12_Multi_spcon_J1_J2_precon1,2025-09-12 15:52:03,2,3334.25,click_end
!2025-09-12_Multi_spcon_J1_J2_precon1,2025-09-12 15:52:03,2,3334.25,noise_start
!2025-09-12_Multi_spcon_J1_J2_precon1,2025-09-12 15:52:03,2,3344.25,noise_end
!2025-09-12_Multi_spcon_J1_J2_precon1,2025-09-12 15:52:03,2,3409.23,mag_start
!2025-09-12_Multi_spcon_J1_J2_precon1,2025-09-12 15:52:03,2,3410.60,mag_end
!2025-09-12_Multi_spcon_J1_J2_precon1,2025-09-12 15:52:03,2,3411.58,mag_start
!2025-09-12_Multi_spcon_J1_J2_precon1,2025-09-12 15:52:03,2,3411.95,mag_end
!2025-09-12_Multi_spcon_J1_J2_precon1,2025-09-12 15:52:03,2,3412.25,mag_start
!2025-09-12_Multi_spcon_J1_J2_precon1,2025-09-12 15:52:03,2,3412.47,mag_end
!2025-09-12_Multi_spcon_J1_J2_precon1,2025-09-12 15:52:03,2,3412.56,mag_start
!2025-09-12_Multi_spcon_J1_J2_precon1,2025-09-12 15:52:03,2,3413.24,mag_end
!2025-09-12_Multi_spcon_J1_J2_precon1,2025-09-12 15:52:03,2,3672.23,click_start
!2025-09-12_Multi_spcon_J1_J2_precon1,2025-09-12 15:52:03,2,3682.23,click_end
!2025-09-12_Multi_spcon_J1_J2_precon1,2025-09-12 15:52:03,2,3682.23,noise_start
!2025-09-12_Multi_spcon_J1_J2_precon1,2025-09-12 15:52:03,2,3692.23,noise_end
!2025-09-12_Multi_spcon_J1_J2_precon1,2025-09-12 15:52:03,2,3967.20,hiT_start
!2025-09-12_Multi_spcon_J1_J2_precon1,2025-09-12 15:52:03,2,3977.20,hiT_end
!2025-09-12_Multi_spcon_J1_J2_precon1,2025-09-12 15:52:03,2,3977.20,lowT_start
!2025-09-12_Multi_spcon_J1_J2_precon1,2025-09-12 15:52:03,2,3987.20,lowT_end
!2025-09-12_Multi_spcon_J1_J2_precon1,2025-09-12 15:52:03,2,4274.52,click_start
!2025-09-12_Multi_spcon_J1_J2_precon1,2025-09-12 15:52:03,2,4284.52,click_end
!2025-09-12_Multi_spcon_J1_J2_precon1,2025-09-12 15:52:03,2,4284.52,noise_start
!2025-09-12_Multi_spcon_J1_J2_precon1,2025-09-12 15:52:03,2,4294.52,noise_end
!2025-09-12_Multi_spcon_J1_J2_precon1,2025-09-12 15:52:03,2,4427.30,mag_start
!2025-09-12_Multi_spcon_J1_J2_precon1,2025-09-12 15:52:03,2,4427.35,mag_end
!2025-09-12_Multi_spcon_J1_J2_precon1,2025-09-12 15:52:03,2,4427.44,mag_start
!2025-09-12_Multi_spcon_J1_J2_precon1,2025-09-12 15:52:03,2,4427.50,mag_end
!2025-09-12_Multi_spcon_J1_J2_precon1,2025-09-12 15:52:03,2,4443.55,mag_start
!2025-09-12_Multi_spcon_J1_J2_precon1,2025-09-12 15:52:03,2,4444.27,mag_end
!2025-09-12_Multi_spcon_J1_J2_precon1,2025-09-12 15:52:03,2,4606.55,hiT_start
!2025-09-12_Multi_spcon_J1_J2_precon1,2025-09-12 15:52:03,2,4616.55,hiT_end
!2025-09-12_Multi_spcon_J1_J2_precon1,2025-09-12 15:52:03,2,4616.55,lowT_start
!2025-09-12_Multi_spcon_J1_J2_precon1,2025-09-12 15:52:03,2,4626.55,lowT_end
!2025-09-12_Multi_spcon_J1_J2_precon1,2025-09-12 15:52:03,2,4829.96,mag_start
!2025-09-12_Multi_spcon_J1_J2_precon1,2025-09-12 15:52:03,2,4830.49,mag_end
!2025-09-12_Multi_spcon_J1_J2_precon1,2025-09-12 15:52:03,2,4970.23,hiT_start
!2025-09-12_Multi_spcon_J1_J2_precon1,2025-09-12 15:52:03,2,4980.23,hiT_end
!2025-09-12_Multi_spcon_J1_J2_precon1,2025-09-12 15:52:03,2,4980.23,lowT_start
!2025-09-12_Multi_spcon_J1_J2_precon1,2025-09-12 15:52:03,2,4990.23,lowT_end
!2025-09-12_Multi_spcon_J1_J2_precon1,2025-09-12 15:52:03,2,5239.72,click_start
!2025-09-12_Multi_spcon_J1_J2_precon1,2025-09-12 15:52:03,2,5249.72,click_end
!2025-09-12_Multi_spcon_J1_J2_precon1,2025-09-12 15:52:03,2,5249.72,noise_start
!2025-09-12_Multi_spcon_J1_J2_precon1,2025-09-12 15:52:03,2,5259.72,noise_end
!2025-09-12_Multi_spcon_J1_J2_precon1,2025-09-12 11:44:11,2,654.29,hiT_start
!2025-09-12_Multi_spcon_J1_J2_precon1,2025-09-12 11:44:11,2,664.29,hiT_end
!2025-09-12_Multi_spcon_J1_J2_precon1,2025-09-12 11:44:11,2,664.29,lowT_start
!2025-09-12_Multi_spcon_J1_J2_precon1,2025-09-12 11:44:11,2,674.29,lowT_end
!2025-09-12_Multi_spcon_J1_J2_precon1,2025-09-12 11:44:11,2,987.08,click_start
!2025-09-12_Multi_spcon_J1_J2_precon1,2025-09-12 11:44:11,2,997.08,click_end
!2025-09-12_Multi_spcon_J1_J2_precon1,2025-09-12 11:44:11,2,997.08,noise_start
!2025-09-12_Multi_spcon_J1_J2_precon1,2025-09-12 11:44:11,2,1007.08,noise_end
!2025-09-12_Multi_spcon_J1_J2_precon1,2025-09-12 11:44:11,2,1290.79,click_start
!2025-09-12_Multi_spcon_J1_J2_precon1,2025-09-12 11:44:11,2,1300.79,click_end
!2025-09-12_Multi_spcon_J1_J2_precon1,2025-09-12 11:44:11,2,1300.79,noise_start
!2025-09-12_Multi_spcon_J1_J2_precon1,2025-09-12 11:44:11,2,1310.79,noise_end
!2025-09-12_Multi_spcon_J1_J2_precon1,2025-09-12 11:44:11,2,1583.95,hiT_start
!2025-09-12_Multi_spcon_J1_J2_precon1,2025-09-12 11:44:11,2,1593.95,hiT_end
!2025-09-12_Multi_spcon_J1_J2_precon1,2025-09-12 11:44:11,2,1593.95,lowT_start
!2025-09-12_Multi_spcon_J1_J2_precon1,2025-09-12 11:44:11,2,1603.95,lowT_end
!2025-09-12_Multi_spcon_J1_J2_precon1,2025-09-12 11:44:11,2,1926.01,click_start
!2025-09-12_Multi_spcon_J1_J2_precon1,2025-09-12 11:44:11,2,1936.01,click_end
!2025-09-12_Multi_spcon_J1_J2_precon1,2025-09-12 11:44:11,2,1936.01,noise_start
!2025-09-12_Multi_spcon_J1_J2_precon1,2025-09-12 11:44:11,2,1946.01,noise_end
!2025-09-12_Multi_spcon_J1_J2_precon1,2025-09-12 11:44:11,2,2248.25,hiT_start
!2025-09-12_Multi_spcon_J1_J2_precon1,2025-09-12 11:44:11,2,2258.25,hiT_end
!2025-09-12_Multi_spcon_J1_J2_precon1,2025-09-12 11:44:11,2,2258.25,lowT_start
!2025-09-12_Multi_spcon_J1_J2_precon1,2025-09-12 11:44:11,2,2268.25,lowT_end
!2025-09-12_Multi_spcon_J1_J2_precon1,2025-09-12 11:44:11,2,2589.28,hiT_start
!2025-09-12_Multi_spcon_J1_J2_precon1,2025-09-12 11:44:11,2,2599.28,hiT_end
!2025-09-12_Multi_spcon_J1_J2_precon1,2025-09-12 11:44:11,2,2599.28,lowT_start
!2025-09-12_Multi_spcon_J1_J2_precon1,2025-09-12 11:44:11,2,2609.28,lowT_end
!2025-09-12_Multi_spcon_J1_J2_precon1,2025-09-12 11:44:11,2,2912.04,click_start
!2025-09-12_Multi_spcon_J1_J2_precon1,2025-09-12 11:44:11,2,2922.04,click_end
!2025-09-12_Multi_spcon_J1_J2_precon1,2025-09-12 11:44:11,2,2922.04,noise_start
!2025-09-12_Multi_spcon_J1_J2_precon1,2025-09-12 11:44:11,2,2932.04,noise_end
!2025-09-12_Multi_spcon_J1_J2_precon1,2025-09-12 11:44:11,2,3201.60,hiT_start
!2025-09-12_Multi_spcon_J1_J2_precon1,2025-09-12 11:44:11,2,3211.60,hiT_end
!2025-09-12_Multi_spcon_J1_J2_precon1,2025-09-12 11:44:11,2,3211.60,lowT_start
!2025-09-12_Multi_spcon_J1_J2_precon1,2025-09-12 11:44:11,2,3221.60,lowT_end
!2025-09-12_Multi_spcon_J1_J2_precon1,2025-09-12 11:44:11,2,3523.32,click_start
!2025-09-12_Multi_spcon_J1_J2_precon1,2025-09-12 11:44:11,2,3533.32,click_end
!2025-09-12_Multi_spcon_J1_J2_precon1,2025-09-12 11:44:11,2,3533.32,noise_start
!2025-09-12_Multi_spcon_J1_J2_precon1,2025-09-12 11:44:11,2,3543.32,noise_end
!2025-09-12_Multi_spcon_J1_J2_precon1,2025-09-12 11:44:11,2,3836.81,click_start
!2025-09-12_Multi_spcon_J1_J2_precon1,2025-09-12 11:44:11,2,3846.81,click_end
!2025-09-12_Multi_spcon_J1_J2_precon1,2025-09-12 11:44:11,2,3846.81,noise_start
!2025-09-12_Multi_spcon_J1_J2_precon1,2025-09-12 11:44:11,2,3856.81,noise_end
!2025-09-12_Multi_spcon_J1_J2_precon1,2025-09-12 11:44:11,2,4197.91,hiT_start
!2025-09-12_Multi_spcon_J1_J2_precon1,2025-09-12 11:44:11,2,4207.91,hiT_end
!2025-09-12_Multi_spcon_J1_J2_precon1,2025-09-12 11:44:11,2,4207.91,lowT_start
!2025-09-12_Multi_spcon_J1_J2_precon1,2025-09-12 11:44:11,2,4217.91,lowT_end
!2025-09-12_Multi_spcon_J1_J2_precon1,2025-09-12 11:44:11,2,4509.08,click_start
!2025-09-12_Multi_spcon_J1_J2_precon1,2025-09-12 11:44:11,2,4519.08,click_end
!2025-09-12_Multi_spcon_J1_J2_precon1,2025-09-12 11:44:11,2,4519.08,noise_start
!2025-09-12_Multi_spcon_J1_J2_precon1,2025-09-12 11:44:11,2,4529.08,noise_end
!2025-09-12_Multi_spcon_J1_J2_precon1,2025-09-12 11:44:11,2,4839.81,hiT_start
!2025-09-12_Multi_spcon_J1_J2_precon1,2025-09-12 11:44:11,2,4849.81,hiT_end
!2025-09-12_Multi_spcon_J1_J2_precon1,2025-09-12 11:44:11,2,4849.81,lowT_start
!2025-09-12_Multi_spcon_J1_J2_precon1,2025-09-12 11:44:11,2,4859.81,lowT_end
!2025-09-12_Multi_spcon_J1_J2_precon1,2025-09-12 11:44:11,2,5169.77,hiT_start
!2025-09-12_Multi_spcon_J1_J2_precon1,2025-09-12 11:44:11,2,5179.77,hiT_end
!2025-09-12_Multi_spcon_J1_J2_precon1,2025-09-12 11:44:11,2,5179.77,lowT_start
!2025-09-12_Multi_spcon_J1_J2_precon1,2025-09-12 11:44:11,2,5189.77,lowT_end
!2025-09-12_Multi_spcon_J1_J2_precon1,2025-09-12 11:44:11,2,5475.80,click_start
!2025-09-12_Multi_spcon_J1_J2_precon1,2025-09-12 11:44:11,2,5485.80,click_end
!2025-09-12_Multi_spcon_J1_J2_precon1,2025-09-12 11:44:11,2,5485.80,noise_start
!2025-09-12_Multi_spcon_J1_J2_precon1,2025-09-12 11:44:11,2,5495.80,noise_end
!2025-09-13_Multi_spcon_J1_precon2,2025-09-13 10:49:29,1,0.00,mag_start
!2025-09-13_Multi_spcon_J1_precon2,2025-09-13 10:49:29,1,1.71,mag_end
!2025-09-13_Multi_spcon_J1_precon2,2025-09-13 10:49:29,1,7.38,mag_start
!2025-09-13_Multi_spcon_J1_precon2,2025-09-13 10:49:29,1,7.59,mag_end
!2025-09-13_Multi_spcon_J1_precon2,2025-09-13 10:49:29,1,7.81,mag_start
!2025-09-13_Multi_spcon_J1_precon2,2025-09-13 10:49:29,1,8.80,mag_end
!2025-09-13_Multi_spcon_J1_precon2,2025-09-13 10:49:29,1,8.95,mag_start
!2025-09-13_Multi_spcon_J1_precon2,2025-09-13 10:49:29,1,8.98,mag_end
!2025-09-13_Multi_spcon_J1_precon2,2025-09-13 10:49:29,1,9.46,mag_start
!2025-09-13_Multi_spcon_J1_precon2,2025-09-13 10:49:29,1,10.08,mag_end
!2025-09-13_Multi_spcon_J1_precon2,2025-09-13 10:49:29,1,10.10,mag_start
!2025-09-13_Multi_spcon_J1_precon2,2025-09-13 10:49:29,1,11.27,mag_end
!2025-09-13_Multi_spcon_J1_precon2,2025-09-13 10:49:29,1,12.34,mag_start
!2025-09-13_Multi_spcon_J1_precon2,2025-09-13 10:49:29,1,14.18,mag_end
!2025-09-13_Multi_spcon_J1_precon2,2025-09-13 10:49:29,1,14.27,mag_start
!2025-09-13_Multi_spcon_J1_precon2,2025-09-13 10:49:29,1,14.31,mag_end
!2025-09-13_Multi_spcon_J1_precon2,2025-09-13 10:49:29,1,23.17,mag_start
!2025-09-13_Multi_spcon_J1_precon2,2025-09-13 10:49:29,1,23.48,mag_end
!2025-09-13_Multi_spcon_J1_precon2,2025-09-13 10:49:29,1,23.63,mag_start
!2025-09-13_Multi_spcon_J1_precon2,2025-09-13 10:49:29,1,23.70,mag_end
!2025-09-13_Multi_spcon_J1_precon2,2025-09-13 10:49:29,1,23.76,mag_start
!2025-09-13_Multi_spcon_J1_precon2,2025-09-13 10:49:29,1,24.59,mag_end
!2025-09-13_Multi_spcon_J1_precon2,2025-09-13 10:49:29,1,346.99,hiT_start
!2025-09-13_Multi_spcon_J1_precon2,2025-09-13 10:49:29,1,356.99,hiT_end
!2025-09-13_Multi_spcon_J1_precon2,2025-09-13 10:49:29,1,356.99,lowT_start
!2025-09-13_Multi_spcon_J1_precon2,2025-09-13 10:49:29,1,366.99,lowT_end
!2025-09-13_Multi_spcon_J1_precon2,2025-09-13 10:49:29,1,374.85,mag_start
!2025-09-13_Multi_spcon_J1_precon2,2025-09-13 10:49:29,1,374.96,mag_end
!2025-09-13_Multi_spcon_J1_precon2,2025-09-13 10:49:29,1,375.48,mag_start
!2025-09-13_Multi_spcon_J1_precon2,2025-09-13 10:49:29,1,375.56,mag_end
!2025-09-13_Multi_spcon_J1_precon2,2025-09-13 10:49:29,1,375.58,mag_start
!2025-09-13_Multi_spcon_J1_precon2,2025-09-13 10:49:29,1,378.72,mag_end
!2025-09-13_Multi_spcon_J1_precon2,2025-09-13 10:49:29,1,660.49,click_start
!2025-09-13_Multi_spcon_J1_precon2,2025-09-13 10:49:29,1,670.49,click_end
!2025-09-13_Multi_spcon_J1_precon2,2025-09-13 10:49:29,1,670.49,noise_start
!2025-09-13_Multi_spcon_J1_precon2,2025-09-13 10:49:29,1,680.49,noise_end
!2025-09-13_Multi_spcon_J1_precon2,2025-09-13 10:49:29,1,995.60,click_start
!2025-09-13_Multi_spcon_J1_precon2,2025-09-13 10:49:29,1,1005.60,click_end
!2025-09-13_Multi_spcon_J1_precon2,2025-09-13 10:49:29,1,1005.60,noise_start
!2025-09-13_Multi_spcon_J1_precon2,2025-09-13 10:49:29,1,1015.60,noise_end
!2025-09-13_Multi_spcon_J1_precon2,2025-09-13 10:49:29,1,1243.73,mag_start
!2025-09-13_Multi_spcon_J1_precon2,2025-09-13 10:49:29,1,1243.80,mag_end
!2025-09-13_Multi_spcon_J1_precon2,2025-09-13 10:49:29,1,1243.89,mag_start
!2025-09-13_Multi_spcon_J1_precon2,2025-09-13 10:49:29,1,1244.12,mag_end
!2025-09-13_Multi_spcon_J1_precon2,2025-09-13 10:49:29,1,1244.52,mag_start
!2025-09-13_Multi_spcon_J1_precon2,2025-09-13 10:49:29,1,1247.60,mag_end
!2025-09-13_Multi_spcon_J1_precon2,2025-09-13 10:49:29,1,1331.48,hiT_start
!2025-09-13_Multi_spcon_J1_precon2,2025-09-13 10:49:29,1,1341.48,hiT_end
!2025-09-13_Multi_spcon_J1_precon2,2025-09-13 10:49:29,1,1341.48,lowT_start
!2025-09-13_Multi_spcon_J1_precon2,2025-09-13 10:49:29,1,1351.48,lowT_end
!2025-09-13_Multi_spcon_J1_precon2,2025-09-13 10:49:29,1,1357.06,mag_start
!2025-09-13_Multi_spcon_J1_precon2,2025-09-13 10:49:29,1,1363.57,mag_end
!2025-09-13_Multi_spcon_J1_precon2,2025-09-13 10:49:29,1,1367.07,mag_start
!2025-09-13_Multi_spcon_J1_precon2,2025-09-13 10:49:29,1,1367.54,mag_end
!2025-09-13_Multi_spcon_J1_precon2,2025-09-13 10:49:29,1,1367.67,mag_start
!2025-09-13_Multi_spcon_J1_precon2,2025-09-13 10:49:29,1,1367.71,mag_end
!2025-09-13_Multi_spcon_J1_precon2,2025-09-13 10:49:29,1,1367.96,mag_start
!2025-09-13_Multi_spcon_J1_precon2,2025-09-13 10:49:29,1,1368.16,mag_end
!2025-09-13_Multi_spcon_J1_precon2,2025-09-13 10:49:29,1,1368.41,mag_start
!2025-09-13_Multi_spcon_J1_precon2,2025-09-13 10:49:29,1,1373.68,mag_end
!2025-09-13_Multi_spcon_J1_precon2,2025-09-13 10:49:29,1,1373.73,mag_start
!2025-09-13_Multi_spcon_J1_precon2,2025-09-13 10:49:29,1,1373.79,mag_end
!2025-09-13_Multi_spcon_J1_precon2,2025-09-13 10:49:29,1,1373.83,mag_start
!2025-09-13_Multi_spcon_J1_precon2,2025-09-13 10:49:29,1,1373.89,mag_end
!2025-09-13_Multi_spcon_J1_precon2,2025-09-13 10:49:29,1,1381.25,mag_start
!2025-09-13_Multi_spcon_J1_precon2,2025-09-13 10:49:29,1,1381.75,mag_end
!2025-09-13_Multi_spcon_J1_precon2,2025-09-13 10:49:29,1,1381.80,mag_start
!2025-09-13_Multi_spcon_J1_precon2,2025-09-13 10:49:29,1,1381.84,mag_end
!2025-09-13_Multi_spcon_J1_precon2,2025-09-13 10:49:29,1,1382.52,mag_start
!2025-09-13_Multi_spcon_J1_precon2,2025-09-13 10:49:29,1,1382.58,mag_end
!2025-09-13_Multi_spcon_J1_precon2,2025-09-13 10:49:29,1,1385.81,mag_start
!2025-09-13_Multi_spcon_J1_precon2,2025-09-13 10:49:29,1,1385.91,mag_end
!2025-09-13_Multi_spcon_J1_precon2,2025-09-13 10:49:29,1,1386.34,mag_start
!2025-09-13_Multi_spcon_J1_precon2,2025-09-13 10:49:29,1,1386.36,mag_end
!2025-09-13_Multi_spcon_J1_precon2,2025-09-13 10:49:29,1,1386.37,mag_start
!2025-09-13_Multi_spcon_J1_precon2,2025-09-13 10:49:29,1,1387.01,mag_end
!2025-09-13_Multi_spcon_J1_precon2,2025-09-13 10:49:29,1,1387.03,mag_start
!2025-09-13_Multi_spcon_J1_precon2,2025-09-13 10:49:29,1,1387.24,mag_end
!2025-09-13_Multi_spcon_J1_precon2,2025-09-13 10:49:29,1,1387.33,mag_start
!2025-09-13_Multi_spcon_J1_precon2,2025-09-13 10:49:29,1,1388.88,mag_end
!2025-09-13_Multi_spcon_J1_precon2,2025-09-13 10:49:29,1,1388.91,mag_start
!2025-09-13_Multi_spcon_J1_precon2,2025-09-13 10:49:29,1,1390.82,mag_end
!2025-09-13_Multi_spcon_J1_precon2,2025-09-13 10:49:29,1,1391.46,mag_start
!2025-09-13_Multi_spcon_J1_precon2,2025-09-13 10:49:29,1,1391.50,mag_end
!2025-09-13_Multi_spcon_J1_precon2,2025-09-13 10:49:29,1,1391.75,mag_start
!2025-09-13_Multi_spcon_J1_precon2,2025-09-13 10:49:29,1,1391.76,mag_end
!2025-09-13_Multi_spcon_J1_precon2,2025-09-13 10:49:29,1,1391.86,mag_start
!2025-09-13_Multi_spcon_J1_precon2,2025-09-13 10:49:29,1,1394.87,mag_end
!2025-09-13_Multi_spcon_J1_precon2,2025-09-13 10:49:29,1,1395.14,mag_start
!2025-09-13_Multi_spcon_J1_precon2,2025-09-13 10:49:29,1,1395.18,mag_end
!2025-09-13_Multi_spcon_J1_precon2,2025-09-13 10:49:29,1,1395.23,mag_start
!2025-09-13_Multi_spcon_J1_precon2,2025-09-13 10:49:29,1,1395.26,mag_end
!2025-09-13_Multi_spcon_J1_precon2,2025-09-13 10:49:29,1,1395.43,mag_start
!2025-09-13_Multi_spcon_J1_precon2,2025-09-13 10:49:29,1,1395.75,mag_end
!2025-09-13_Multi_spcon_J1_precon2,2025-09-13 10:49:29,1,1442.48,mag_start
!2025-09-13_Multi_spcon_J1_precon2,2025-09-13 10:49:29,1,1442.68,mag_end
!2025-09-13_Multi_spcon_J1_precon2,2025-09-13 10:49:29,1,1442.83,mag_start
!2025-09-13_Multi_spcon_J1_precon2,2025-09-13 10:49:29,1,1442.86,mag_end
!2025-09-13_Multi_spcon_J1_precon2,2025-09-13 10:49:29,1,1443.43,mag_start
!2025-09-13_Multi_spcon_J1_precon2,2025-09-13 10:49:29,1,1445.71,mag_end
!2025-09-13_Multi_spcon_J1_precon2,2025-09-13 10:49:29,1,1445.72,mag_start
!2025-09-13_Multi_spcon_J1_precon2,2025-09-13 10:49:29,1,1445.77,mag_end
!2025-09-13_Multi_spcon_J1_precon2,2025-09-13 10:49:29,1,1445.82,mag_start
!2025-09-13_Multi_spcon_J1_precon2,2025-09-13 10:49:29,1,1445.91,mag_end
!2025-09-13_Multi_spcon_J1_precon2,2025-09-13 10:49:29,1,1445.93,mag_start
!2025-09-13_Multi_spcon_J1_precon2,2025-09-13 10:49:29,1,1445.94,mag_end
!2025-09-13_Multi_spcon_J1_precon2,2025-09-13 10:49:29,1,1446.10,mag_start
!2025-09-13_Multi_spcon_J1_precon2,2025-09-13 10:49:29,1,1450.06,mag_end
!2025-09-13_Multi_spcon_J1_precon2,2025-09-13 10:49:29,1,1450.14,mag_start
!2025-09-13_Multi_spcon_J1_precon2,2025-09-13 10:49:29,1,1450.17,mag_end
!2025-09-13_Multi_spcon_J1_precon2,2025-09-13 10:49:29,1,1450.25,mag_start
!2025-09-13_Multi_spcon_J1_precon2,2025-09-13 10:49:29,1,1450.27,mag_end
!2025-09-13_Multi_spcon_J1_precon2,2025-09-13 10:49:29,1,1450.38,mag_start
!2025-09-13_Multi_spcon_J1_precon2,2025-09-13 10:49:29,1,1450.40,mag_end
!2025-09-13_Multi_spcon_J1_precon2,2025-09-13 10:49:29,1,1450.93,mag_start
!2025-09-13_Multi_spcon_J1_precon2,2025-09-13 10:49:29,1,1453.13,mag_end
!2025-09-13_Multi_spcon_J1_precon2,2025-09-13 10:49:29,1,1453.16,mag_start
!2025-09-13_Multi_spcon_J1_precon2,2025-09-13 10:49:29,1,1453.77,mag_end
!2025-09-13_Multi_spcon_J1_precon2,2025-09-13 10:49:29,1,1546.21,mag_start
!2025-09-13_Multi_spcon_J1_precon2,2025-09-13 10:49:29,1,1546.25,mag_end
!2025-09-13_Multi_spcon_J1_precon2,2025-09-13 10:49:29,1,1546.64,mag_start
!2025-09-13_Multi_spcon_J1_precon2,2025-09-13 10:49:29,1,1548.75,mag_end
!2025-09-13_Multi_spcon_J1_precon2,2025-09-13 10:49:29,1,1548.78,mag_start
!2025-09-13_Multi_spcon_J1_precon2,2025-09-13 10:49:29,1,1548.80,mag_end
!2025-09-13_Multi_spcon_J1_precon2,2025-09-13 10:49:29,1,1553.41,mag_start
!2025-09-13_Multi_spcon_J1_precon2,2025-09-13 10:49:29,1,1562.43,mag_end
!2025-09-13_Multi_spcon_J1_precon2,2025-09-13 10:49:29,1,1562.44,mag_start
!2025-09-13_Multi_spcon_J1_precon2,2025-09-13 10:49:29,1,1562.46,mag_end
!2025-09-13_Multi_spcon_J1_precon2,2025-09-13 10:49:29,1,1564.49,mag_start
!2025-09-13_Multi_spcon_J1_precon2,2025-09-13 10:49:29,1,1564.68,mag_end
!2025-09-13_Multi_spcon_J1_precon2,2025-09-13 10:49:29,1,1564.90,mag_start
!2025-09-13_Multi_spcon_J1_precon2,2025-09-13 10:49:29,1,1564.93,mag_end
!2025-09-13_Multi_spcon_J1_precon2,2025-09-13 10:49:29,1,1565.21,mag_start
!2025-09-13_Multi_spcon_J1_precon2,2025-09-13 10:49:29,1,1566.03,mag_end
!2025-09-13_Multi_spcon_J1_precon2,2025-09-13 10:49:29,1,1668.90,click_start
!2025-09-13_Multi_spcon_J1_precon2,2025-09-13 10:49:29,1,1678.90,click_end
!2025-09-13_Multi_spcon_J1_precon2,2025-09-13 10:49:29,1,1678.90,noise_start
!2025-09-13_Multi_spcon_J1_precon2,2025-09-13 10:49:29,1,1688.90,noise_end
!2025-09-13_Multi_spcon_J1_precon2,2025-09-13 10:49:29,1,1966.18,hiT_start
!2025-09-13_Multi_spcon_J1_precon2,2025-09-13 10:49:29,1,1976.18,hiT_end
!2025-09-13_Multi_spcon_J1_precon2,2025-09-13 10:49:29,1,1976.18,lowT_start
!2025-09-13_Multi_spcon_J1_precon2,2025-09-13 10:49:29,1,1986.18,lowT_end
!2025-09-13_Multi_spcon_J1_precon2,2025-09-13 10:49:29,1,2289.71,hiT_start
!2025-09-13_Multi_spcon_J1_precon2,2025-09-13 10:49:29,1,2299.71,hiT_end
!2025-09-13_Multi_spcon_J1_precon2,2025-09-13 10:49:29,1,2299.71,lowT_start
!2025-09-13_Multi_spcon_J1_precon2,2025-09-13 10:49:29,1,2309.71,lowT_end
!2025-09-13_Multi_spcon_J1_precon2,2025-09-13 10:49:29,1,2590.07,click_start
!2025-09-13_Multi_spcon_J1_precon2,2025-09-13 10:49:29,1,2600.07,click_end
!2025-09-13_Multi_spcon_J1_precon2,2025-09-13 10:49:29,1,2600.07,noise_start
!2025-09-13_Multi_spcon_J1_precon2,2025-09-13 10:49:29,1,2610.07,noise_end
!2025-09-13_Multi_spcon_J1_precon2,2025-09-13 10:49:29,1,2972.02,hiT_start
!2025-09-13_Multi_spcon_J1_precon2,2025-09-13 10:49:29,1,2982.02,hiT_end
!2025-09-13_Multi_spcon_J1_precon2,2025-09-13 10:49:29,1,2982.02,lowT_start
!2025-09-13_Multi_spcon_J1_precon2,2025-09-13 10:49:29,1,2992.02,lowT_end
!2025-09-13_Multi_spcon_J1_precon2,2025-09-13 10:49:29,1,3258.24,click_start
!2025-09-13_Multi_spcon_J1_precon2,2025-09-13 10:49:29,1,3268.24,click_end
!2025-09-13_Multi_spcon_J1_precon2,2025-09-13 10:49:29,1,3268.24,noise_start
!2025-09-13_Multi_spcon_J1_precon2,2025-09-13 10:49:29,1,3278.24,noise_end
!2025-09-13_Multi_spcon_J1_precon2,2025-09-13 10:49:29,1,3620.12,click_start
!2025-09-13_Multi_spcon_J1_precon2,2025-09-13 10:49:29,1,3630.12,click_end
!2025-09-13_Multi_spcon_J1_precon2,2025-09-13 10:49:29,1,3630.12,noise_start
!2025-09-13_Multi_spcon_J1_precon2,2025-09-13 10:49:29,1,3640.12,noise_end
!2025-09-13_Multi_spcon_J1_precon2,2025-09-13 10:49:29,1,3914.57,hiT_start
!2025-09-13_Multi_spcon_J1_precon2,2025-09-13 10:49:29,1,3924.57,hiT_end
!2025-09-13_Multi_spcon_J1_precon2,2025-09-13 10:49:29,1,3924.57,lowT_start
!2025-09-13_Multi_spcon_J1_precon2,2025-09-13 10:49:29,1,3934.57,lowT_end
!2025-09-13_Multi_spcon_J1_precon2,2025-09-13 10:49:29,1,4237.84,click_start
!2025-09-13_Multi_spcon_J1_precon2,2025-09-13 10:49:29,1,4247.84,click_end
!2025-09-13_Multi_spcon_J1_precon2,2025-09-13 10:49:29,1,4247.84,noise_start
!2025-09-13_Multi_spcon_J1_precon2,2025-09-13 10:49:29,1,4257.84,noise_end
!2025-09-13_Multi_spcon_J1_precon2,2025-09-13 10:49:29,1,4529.46,hiT_start
!2025-09-13_Multi_spcon_J1_precon2,2025-09-13 10:49:29,1,4539.46,hiT_end
!2025-09-13_Multi_spcon_J1_precon2,2025-09-13 10:49:29,1,4539.46,lowT_start
!2025-09-13_Multi_spcon_J1_precon2,2025-09-13 10:49:29,1,4549.46,lowT_end
!2025-09-13_Multi_spcon_J1_precon2,2025-09-13 10:49:29,1,4884.64,hiT_start
!2025-09-13_Multi_spcon_J1_precon2,2025-09-13 10:49:29,1,4894.64,hiT_end
!2025-09-13_Multi_spcon_J1_precon2,2025-09-13 10:49:29,1,4894.64,lowT_start
!2025-09-13_Multi_spcon_J1_precon2,2025-09-13 10:49:29,1,4904.64,lowT_end
!2025-09-13_Multi_spcon_J1_precon2,2025-09-13 10:49:29,1,4986.84,mag_start
!2025-09-13_Multi_spcon_J1_precon2,2025-09-13 10:49:29,1,4987.16,mag_end
!2025-09-13_Multi_spcon_J1_precon2,2025-09-13 10:49:29,1,4987.53,mag_start
!2025-09-13_Multi_spcon_J1_precon2,2025-09-13 10:49:29,1,4988.39,mag_end
!2025-09-13_Multi_spcon_J1_precon2,2025-09-13 10:49:29,1,5131.88,mag_start
!2025-09-13_Multi_spcon_J1_precon2,2025-09-13 10:49:29,1,5135.01,mag_end
!2025-09-13_Multi_spcon_J1_precon2,2025-09-13 10:49:29,1,5135.43,mag_start
!2025-09-13_Multi_spcon_J1_precon2,2025-09-13 10:49:29,1,5138.36,mag_end
!2025-09-13_Multi_spcon_J1_precon2,2025-09-13 10:49:29,1,5139.48,mag_start
!2025-09-13_Multi_spcon_J1_precon2,2025-09-13 10:49:29,1,5140.10,mag_end
!2025-09-13_Multi_spcon_J1_precon2,2025-09-13 10:49:29,1,5140.25,mag_start
!2025-09-13_Multi_spcon_J1_precon2,2025-09-13 10:49:29,1,5143.14,mag_end
!2025-09-13_Multi_spcon_J1_precon2,2025-09-13 10:49:29,1,5143.36,mag_start
!2025-09-13_Multi_spcon_J1_precon2,2025-09-13 10:49:29,1,5143.38,mag_end
!2025-09-13_Multi_spcon_J1_precon2,2025-09-13 10:49:29,1,5143.71,mag_start
!2025-09-13_Multi_spcon_J1_precon2,2025-09-13 10:49:29,1,5146.51,mag_end
!2025-09-13_Multi_spcon_J1_precon2,2025-09-13 10:49:29,1,5146.52,mag_start
!2025-09-13_Multi_spcon_J1_precon2,2025-09-13 10:49:29,1,5146.63,mag_end
!2025-09-13_Multi_spcon_J1_precon2,2025-09-13 10:49:29,1,5146.81,mag_start
!2025-09-13_Multi_spcon_J1_precon2,2025-09-13 10:49:29,1,5150.48,mag_end
!2025-09-13_Multi_spcon_J1_precon2,2025-09-13 10:49:29,1,5152.39,mag_start
!2025-09-13_Multi_spcon_J1_precon2,2025-09-13 10:49:29,1,5152.84,mag_end
!2025-09-13_Multi_spcon_J1_precon2,2025-09-13 10:49:29,1,5153.76,mag_start
!2025-09-13_Multi_spcon_J1_precon2,2025-09-13 10:49:29,1,5154.77,mag_end
!2025-09-13_Multi_spcon_J1_precon2,2025-09-13 10:49:29,1,5160.11,mag_start
!2025-09-13_Multi_spcon_J1_precon2,2025-09-13 10:49:29,1,5161.46,mag_end
!2025-09-13_Multi_spcon_J1_precon2,2025-09-13 10:49:29,1,5179.08,click_start
!2025-09-13_Multi_spcon_J1_precon2,2025-09-13 10:49:29,1,5189.08,click_end
!2025-09-13_Multi_spcon_J1_precon2,2025-09-13 10:49:29,1,5189.08,noise_start
!2025-09-13_Multi_spcon_J1_precon2,2025-09-13 10:49:29,1,5199.08,noise_end
!2025-09-13_Multi_spcon_J1_precon2,2025-09-13 10:49:29,2,347.00,hiT_start
!2025-09-13_Multi_spcon_J1_precon2,2025-09-13 10:49:29,2,357.00,hiT_end
!2025-09-13_Multi_spcon_J1_precon2,2025-09-13 10:49:29,2,357.00,lowT_start
!2025-09-13_Multi_spcon_J1_precon2,2025-09-13 10:49:29,2,367.00,lowT_end
!2025-09-13_Multi_spcon_J1_precon2,2025-09-13 10:49:29,2,660.50,click_start
!2025-09-13_Multi_spcon_J1_precon2,2025-09-13 10:49:29,2,670.50,click_end
!2025-09-13_Multi_spcon_J1_precon2,2025-09-13 10:49:29,2,670.50,noise_start
!2025-09-13_Multi_spcon_J1_precon2,2025-09-13 10:49:29,2,680.50,noise_end
!2025-09-13_Multi_spcon_J1_precon2,2025-09-13 10:49:29,2,995.61,click_start
!2025-09-13_Multi_spcon_J1_precon2,2025-09-13 10:49:29,2,1005.61,click_end
!2025-09-13_Multi_spcon_J1_precon2,2025-09-13 10:49:29,2,1005.61,noise_start
!2025-09-13_Multi_spcon_J1_precon2,2025-09-13 10:49:29,2,1015.61,noise_end
!2025-09-13_Multi_spcon_J1_precon2,2025-09-13 10:49:29,2,1331.49,hiT_start
!2025-09-13_Multi_spcon_J1_precon2,2025-09-13 10:49:29,2,1341.49,hiT_end
!2025-09-13_Multi_spcon_J1_precon2,2025-09-13 10:49:29,2,1341.49,lowT_start
!2025-09-13_Multi_spcon_J1_precon2,2025-09-13 10:49:29,2,1351.49,lowT_end
!2025-09-13_Multi_spcon_J1_precon2,2025-09-13 10:49:29,2,1668.91,click_start
!2025-09-13_Multi_spcon_J1_precon2,2025-09-13 10:49:29,2,1678.91,click_end
!2025-09-13_Multi_spcon_J1_precon2,2025-09-13 10:49:29,2,1678.91,noise_start
!2025-09-13_Multi_spcon_J1_precon2,2025-09-13 10:49:29,2,1688.91,noise_end
!2025-09-13_Multi_spcon_J1_precon2,2025-09-13 10:49:29,2,1966.19,hiT_start
!2025-09-13_Multi_spcon_J1_precon2,2025-09-13 10:49:29,2,1976.19,hiT_end
!2025-09-13_Multi_spcon_J1_precon2,2025-09-13 10:49:29,2,1976.19,lowT_start
!2025-09-13_Multi_spcon_J1_precon2,2025-09-13 10:49:29,2,1986.19,lowT_end
!2025-09-13_Multi_spcon_J1_precon2,2025-09-13 10:49:29,2,2289.72,hiT_start
!2025-09-13_Multi_spcon_J1_precon2,2025-09-13 10:49:29,2,2299.72,hiT_end
!2025-09-13_Multi_spcon_J1_precon2,2025-09-13 10:49:29,2,2299.72,lowT_start
!2025-09-13_Multi_spcon_J1_precon2,2025-09-13 10:49:29,2,2309.72,lowT_end
!2025-09-13_Multi_spcon_J1_precon2,2025-09-13 10:49:29,2,2590.08,click_start
!2025-09-13_Multi_spcon_J1_precon2,2025-09-13 10:49:29,2,2600.08,click_end
!2025-09-13_Multi_spcon_J1_precon2,2025-09-13 10:49:29,2,2600.08,noise_start
!2025-09-13_Multi_spcon_J1_precon2,2025-09-13 10:49:29,2,2610.08,noise_end
!2025-09-13_Multi_spcon_J1_precon2,2025-09-13 10:49:29,2,2972.03,hiT_start
!2025-09-13_Multi_spcon_J1_precon2,2025-09-13 10:49:29,2,2982.03,hiT_end
!2025-09-13_Multi_spcon_J1_precon2,2025-09-13 10:49:29,2,2982.03,lowT_start
!2025-09-13_Multi_spcon_J1_precon2,2025-09-13 10:49:29,2,2992.03,lowT_end
!2025-09-13_Multi_spcon_J1_precon2,2025-09-13 10:49:29,2,3258.25,click_start
!2025-09-13_Multi_spcon_J1_precon2,2025-09-13 10:49:29,2,3268.25,click_end
!2025-09-13_Multi_spcon_J1_precon2,2025-09-13 10:49:29,2,3268.25,noise_start
!2025-09-13_Multi_spcon_J1_precon2,2025-09-13 10:49:29,2,3278.25,noise_end
!2025-09-13_Multi_spcon_J1_precon2,2025-09-13 10:49:29,2,3620.13,click_start
!2025-09-13_Multi_spcon_J1_precon2,2025-09-13 10:49:29,2,3630.13,click_end
!2025-09-13_Multi_spcon_J1_precon2,2025-09-13 10:49:29,2,3630.13,noise_start
!2025-09-13_Multi_spcon_J1_precon2,2025-09-13 10:49:29,2,3640.13,noise_end
!2025-09-13_Multi_spcon_J1_precon2,2025-09-13 10:49:29,2,3914.58,hiT_start
!2025-09-13_Multi_spcon_J1_precon2,2025-09-13 10:49:29,2,3924.58,hiT_end
!2025-09-13_Multi_spcon_J1_precon2,2025-09-13 10:49:29,2,3924.58,lowT_start
!2025-09-13_Multi_spcon_J1_precon2,2025-09-13 10:49:29,2,3934.58,lowT_end
!2025-09-13_Multi_spcon_J1_precon2,2025-09-13 10:49:29,2,4237.85,click_start
!2025-09-13_Multi_spcon_J1_precon2,2025-09-13 10:49:29,2,4247.85,click_end
!2025-09-13_Multi_spcon_J1_precon2,2025-09-13 10:49:29,2,4247.85,noise_start
!2025-09-13_Multi_spcon_J1_precon2,2025-09-13 10:49:29,2,4257.85,noise_end
!2025-09-13_Multi_spcon_J1_precon2,2025-09-13 10:49:29,2,4529.47,hiT_start
!2025-09-13_Multi_spcon_J1_precon2,2025-09-13 10:49:29,2,4539.47,hiT_end
!2025-09-13_Multi_spcon_J1_precon2,2025-09-13 10:49:29,2,4539.47,lowT_start
!2025-09-13_Multi_spcon_J1_precon2,2025-09-13 10:49:29,2,4549.47,lowT_end
!2025-09-13_Multi_spcon_J1_precon2,2025-09-13 10:49:29,2,4884.65,hiT_start
!2025-09-13_Multi_spcon_J1_precon2,2025-09-13 10:49:29,2,4894.65,hiT_end
!2025-09-13_Multi_spcon_J1_precon2,2025-09-13 10:49:29,2,4894.65,lowT_start
!2025-09-13_Multi_spcon_J1_precon2,2025-09-13 10:49:29,2,4904.65,lowT_end
!2025-09-13_Multi_spcon_J1_precon2,2025-09-13 10:49:29,2,5179.09,click_start
!2025-09-13_Multi_spcon_J1_precon2,2025-09-13 10:49:29,2,5189.09,click_end
!2025-09-13_Multi_spcon_J1_precon2,2025-09-13 10:49:29,2,5189.09,noise_start
!2025-09-13_Multi_spcon_J1_precon2,2025-09-13 10:49:29,2,5199.09,noise_end
!2025-09-13_Multi_Spcon_J2_precon2,2025-09-13 14:01:12,2,359.62,hiT_start
!2025-09-13_Multi_Spcon_J2_precon2,2025-09-13 14:01:12,2,369.62,hiT_end
!2025-09-13_Multi_Spcon_J2_precon2,2025-09-13 14:01:12,2,369.62,lowT_start
!2025-09-13_Multi_Spcon_J2_precon2,2025-09-13 14:01:12,2,379.62,lowT_end
!2025-09-13_Multi_Spcon_J2_precon2,2025-09-13 14:01:12,2,643.52,click_start
!2025-09-13_Multi_Spcon_J2_precon2,2025-09-13 14:01:12,2,653.52,click_end
!2025-09-13_Multi_Spcon_J2_precon2,2025-09-13 14:01:12,2,653.52,noise_start
!2025-09-13_Multi_Spcon_J2_precon2,2025-09-13 14:01:12,2,663.52,noise_end
!2025-09-13_Multi_Spcon_J2_precon2,2025-09-13 14:01:12,2,1009.77,click_start
!2025-09-13_Multi_Spcon_J2_precon2,2025-09-13 14:01:12,2,1019.77,click_end
!2025-09-13_Multi_Spcon_J2_precon2,2025-09-13 14:01:12,2,1019.77,noise_start
!2025-09-13_Multi_Spcon_J2_precon2,2025-09-13 14:01:12,2,1029.77,noise_end
!2025-09-13_Multi_Spcon_J2_precon2,2025-09-13 14:01:12,2,1333.55,hiT_start
!2025-09-13_Multi_Spcon_J2_precon2,2025-09-13 14:01:12,2,1343.55,hiT_end
!2025-09-13_Multi_Spcon_J2_precon2,2025-09-13 14:01:12,2,1343.55,lowT_start
!2025-09-13_Multi_Spcon_J2_precon2,2025-09-13 14:01:12,2,1353.55,lowT_end
!2025-09-13_Multi_Spcon_J2_precon2,2025-09-13 14:01:12,2,1657.08,click_start
!2025-09-13_Multi_Spcon_J2_precon2,2025-09-13 14:01:12,2,1667.08,click_end
!2025-09-13_Multi_Spcon_J2_precon2,2025-09-13 14:01:12,2,1667.08,noise_start
!2025-09-13_Multi_Spcon_J2_precon2,2025-09-13 14:01:12,2,1677.08,noise_end
!2025-09-13_Multi_Spcon_J2_precon2,2025-09-13 14:01:12,2,1945.10,hiT_start
!2025-09-13_Multi_Spcon_J2_precon2,2025-09-13 14:01:12,2,1955.10,hiT_end
!2025-09-13_Multi_Spcon_J2_precon2,2025-09-13 14:01:12,2,1955.10,lowT_start
!2025-09-13_Multi_Spcon_J2_precon2,2025-09-13 14:01:12,2,1965.10,lowT_end
!2025-09-13_Multi_Spcon_J2_precon2,2025-09-13 14:01:12,2,2318.82,hiT_start
!2025-09-13_Multi_Spcon_J2_precon2,2025-09-13 14:01:12,2,2328.82,hiT_end
!2025-09-13_Multi_Spcon_J2_precon2,2025-09-13 14:01:12,2,2328.82,lowT_start
!2025-09-13_Multi_Spcon_J2_precon2,2025-09-13 14:01:12,2,2338.82,lowT_end
!2025-09-13_Multi_Spcon_J2_precon2,2025-09-13 14:01:12,2,2642.10,click_start
!2025-09-13_Multi_Spcon_J2_precon2,2025-09-13 14:01:12,2,2652.10,click_end
!2025-09-13_Multi_Spcon_J2_precon2,2025-09-13 14:01:12,2,2649.59,mag_start
!2025-09-13_Multi_Spcon_J2_precon2,2025-09-13 14:01:12,2,2649.64,mag_end
!2025-09-13_Multi_Spcon_J2_precon2,2025-09-13 14:01:12,2,2649.69,mag_start
!2025-09-13_Multi_Spcon_J2_precon2,2025-09-13 14:01:12,2,2649.92,mag_end
!2025-09-13_Multi_Spcon_J2_precon2,2025-09-13 14:01:12,2,2649.95,mag_start
!2025-09-13_Multi_Spcon_J2_precon2,2025-09-13 14:01:12,2,2650.31,mag_end
!2025-09-13_Multi_Spcon_J2_precon2,2025-09-13 14:01:12,2,2650.41,mag_start
!2025-09-13_Multi_Spcon_J2_precon2,2025-09-13 14:01:12,2,2650.43,mag_end
!2025-09-13_Multi_Spcon_J2_precon2,2025-09-13 14:01:12,2,2652.10,noise_start
!2025-09-13_Multi_Spcon_J2_precon2,2025-09-13 14:01:12,2,2662.10,noise_end
!2025-09-13_Multi_Spcon_J2_precon2,2025-09-13 14:01:12,2,2656.49,mag_start
!2025-09-13_Multi_Spcon_J2_precon2,2025-09-13 14:01:12,2,2656.50,mag_end
!2025-09-13_Multi_Spcon_J2_precon2,2025-09-13 14:01:12,2,2919.82,hiT_start
!2025-09-13_Multi_Spcon_J2_precon2,2025-09-13 14:01:12,2,2929.82,hiT_end
!2025-09-13_Multi_Spcon_J2_precon2,2025-09-13 14:01:12,2,2929.82,lowT_start
!2025-09-13_Multi_Spcon_J2_precon2,2025-09-13 14:01:12,2,2939.82,lowT_end
!2025-09-13_Multi_Spcon_J2_precon2,2025-09-13 14:01:12,2,3257.76,click_start
!2025-09-13_Multi_Spcon_J2_precon2,2025-09-13 14:01:12,2,3267.76,click_end
!2025-09-13_Multi_Spcon_J2_precon2,2025-09-13 14:01:12,2,3267.76,noise_start
!2025-09-13_Multi_Spcon_J2_precon2,2025-09-13 14:01:12,2,3277.76,noise_end
!2025-09-13_Multi_Spcon_J2_precon2,2025-09-13 14:01:12,2,3549.64,click_start
!2025-09-13_Multi_Spcon_J2_precon2,2025-09-13 14:01:12,2,3559.64,click_end
!2025-09-13_Multi_Spcon_J2_precon2,2025-09-13 14:01:12,2,3559.64,noise_start
!2025-09-13_Multi_Spcon_J2_precon2,2025-09-13 14:01:12,2,3569.64,noise_end
!2025-09-13_Multi_Spcon_J2_precon2,2025-09-13 14:01:12,2,3933.39,hiT_start
!2025-09-13_Multi_Spcon_J2_precon2,2025-09-13 14:01:12,2,3943.39,hiT_end
!2025-09-13_Multi_Spcon_J2_precon2,2025-09-13 14:01:12,2,3943.39,lowT_start
!2025-09-13_Multi_Spcon_J2_precon2,2025-09-13 14:01:12,2,3953.39,lowT_end
!2025-09-13_Multi_Spcon_J2_precon2,2025-09-13 14:01:12,2,4211.37,click_start
!2025-09-13_Multi_Spcon_J2_precon2,2025-09-13 14:01:12,2,4221.37,click_end
!2025-09-13_Multi_Spcon_J2_precon2,2025-09-13 14:01:12,2,4221.37,noise_start
!2025-09-13_Multi_Spcon_J2_precon2,2025-09-13 14:01:12,2,4231.37,noise_end
!2025-09-13_Multi_Spcon_J2_precon2,2025-09-13 14:01:12,2,4530.01,hiT_start
!2025-09-13_Multi_Spcon_J2_precon2,2025-09-13 14:01:12,2,4540.01,hiT_end
!2025-09-13_Multi_Spcon_J2_precon2,2025-09-13 14:01:12,2,4540.01,lowT_start
!2025-09-13_Multi_Spcon_J2_precon2,2025-09-13 14:01:12,2,4550.01,lowT_end
!2025-09-13_Multi_Spcon_J2_precon2,2025-09-13 14:01:12,2,4886.48,hiT_start
!2025-09-13_Multi_Spcon_J2_precon2,2025-09-13 14:01:12,2,4896.48,hiT_end
!2025-09-13_Multi_Spcon_J2_precon2,2025-09-13 14:01:12,2,4896.48,lowT_start
!2025-09-13_Multi_Spcon_J2_precon2,2025-09-13 14:01:12,2,4906.48,lowT_end
!2025-09-13_Multi_Spcon_J2_precon2,2025-09-13 14:01:12,2,5164.98,click_start
!2025-09-13_Multi_Spcon_J2_precon2,2025-09-13 14:01:12,2,5174.98,click_end
!2025-09-13_Multi_Spcon_J2_precon2,2025-09-13 14:01:12,2,5174.98,noise_start
!2025-09-13_Multi_Spcon_J2_precon2,2025-09-13 14:01:12,2,5184.98,noise_end
!2025-09-14_Multi_Spcon_J1_precon3,2025-09-14 11:28:26,1,70.84,mag_start
!2025-09-14_Multi_Spcon_J1_precon3,2025-09-14 11:28:26,1,70.95,mag_end
!2025-09-14_Multi_Spcon_J1_precon3,2025-09-14 11:28:26,1,71.11,mag_start
!2025-09-14_Multi_Spcon_J1_precon3,2025-09-14 11:28:26,1,71.57,mag_end
!2025-09-14_Multi_Spcon_J1_precon3,2025-09-14 11:28:26,1,71.65,mag_start
!2025-09-14_Multi_Spcon_J1_precon3,2025-09-14 11:28:26,1,71.88,mag_end
!2025-09-14_Multi_Spcon_J1_precon3,2025-09-14 11:28:26,1,72.47,mag_start
!2025-09-14_Multi_Spcon_J1_precon3,2025-09-14 11:28:26,1,75.26,mag_end
!2025-09-14_Multi_Spcon_J1_precon3,2025-09-14 11:28:26,1,79.20,mag_start
!2025-09-14_Multi_Spcon_J1_precon3,2025-09-14 11:28:26,1,79.99,mag_end
!2025-09-14_Multi_Spcon_J1_precon3,2025-09-14 11:28:26,1,80.49,mag_start
!2025-09-14_Multi_Spcon_J1_precon3,2025-09-14 11:28:26,1,81.10,mag_end
!2025-09-14_Multi_Spcon_J1_precon3,2025-09-14 11:28:26,1,81.13,mag_start
!2025-09-14_Multi_Spcon_J1_precon3,2025-09-14 11:28:26,1,81.15,mag_end
!2025-09-14_Multi_Spcon_J1_precon3,2025-09-14 11:28:26,1,81.28,mag_start
!2025-09-14_Multi_Spcon_J1_precon3,2025-09-14 11:28:26,1,81.36,mag_end
!2025-09-14_Multi_Spcon_J1_precon3,2025-09-14 11:28:26,1,81.58,mag_start
!2025-09-14_Multi_Spcon_J1_precon3,2025-09-14 11:28:26,1,81.89,mag_end
!2025-09-14_Multi_Spcon_J1_precon3,2025-09-14 11:28:26,1,163.23,mag_start
!2025-09-14_Multi_Spcon_J1_precon3,2025-09-14 11:28:26,1,163.35,mag_end
!2025-09-14_Multi_Spcon_J1_precon3,2025-09-14 11:28:26,1,163.36,mag_start
!2025-09-14_Multi_Spcon_J1_precon3,2025-09-14 11:28:26,1,163.46,mag_end
!2025-09-14_Multi_Spcon_J1_precon3,2025-09-14 11:28:26,1,164.10,mag_start
!2025-09-14_Multi_Spcon_J1_precon3,2025-09-14 11:28:26,1,164.44,mag_end
!2025-09-14_Multi_Spcon_J1_precon3,2025-09-14 11:28:26,1,167.11,mag_start
!2025-09-14_Multi_Spcon_J1_precon3,2025-09-14 11:28:26,1,168.81,mag_end
!2025-09-14_Multi_Spcon_J1_precon3,2025-09-14 11:28:26,1,171.54,mag_start
!2025-09-14_Multi_Spcon_J1_precon3,2025-09-14 11:28:26,1,171.56,mag_end
!2025-09-14_Multi_Spcon_J1_precon3,2025-09-14 11:28:26,1,395.93,mag_start
!2025-09-14_Multi_Spcon_J1_precon3,2025-09-14 11:28:26,1,396.01,mag_end
!2025-09-14_Multi_Spcon_J1_precon3,2025-09-14 11:28:26,1,397.14,mag_start
!2025-09-14_Multi_Spcon_J1_precon3,2025-09-14 11:28:26,1,397.23,mag_end
!2025-09-14_Multi_Spcon_J1_precon3,2025-09-14 11:28:26,1,397.31,mag_start
!2025-09-14_Multi_Spcon_J1_precon3,2025-09-14 11:28:26,1,401.79,mag_end
!2025-09-14_Multi_Spcon_J1_precon3,2025-09-14 11:28:26,1,404.59,mag_start
!2025-09-14_Multi_Spcon_J1_precon3,2025-09-14 11:28:26,1,405.09,mag_end
!2025-09-14_Multi_Spcon_J1_precon3,2025-09-14 11:28:26,1,460.46,hiT_start
!2025-09-14_Multi_Spcon_J1_precon3,2025-09-14 11:28:26,1,470.46,hiT_end
!2025-09-14_Multi_Spcon_J1_precon3,2025-09-14 11:28:26,1,470.46,lowT_start
!2025-09-14_Multi_Spcon_J1_precon3,2025-09-14 11:28:26,1,480.46,lowT_end
!2025-09-14_Multi_Spcon_J1_precon3,2025-09-14 11:28:26,1,500.90,mag_start
!2025-09-14_Multi_Spcon_J1_precon3,2025-09-14 11:28:26,1,503.13,mag_end
!2025-09-14_Multi_Spcon_J1_precon3,2025-09-14 11:28:26,1,503.21,mag_start
!2025-09-14_Multi_Spcon_J1_precon3,2025-09-14 11:28:26,1,503.22,mag_end
!2025-09-14_Multi_Spcon_J1_precon3,2025-09-14 11:28:26,1,503.65,mag_start
!2025-09-14_Multi_Spcon_J1_precon3,2025-09-14 11:28:26,1,509.42,mag_end
!2025-09-14_Multi_Spcon_J1_precon3,2025-09-14 11:28:26,1,763.86,mag_start
!2025-09-14_Multi_Spcon_J1_precon3,2025-09-14 11:28:26,1,764.19,mag_end
!2025-09-14_Multi_Spcon_J1_precon3,2025-09-14 11:28:26,1,764.25,mag_start
!2025-09-14_Multi_Spcon_J1_precon3,2025-09-14 11:28:26,1,764.37,mag_end
!2025-09-14_Multi_Spcon_J1_precon3,2025-09-14 11:28:26,1,817.19,click_start
!2025-09-14_Multi_Spcon_J1_precon3,2025-09-14 11:28:26,1,827.19,click_end
!2025-09-14_Multi_Spcon_J1_precon3,2025-09-14 11:28:26,1,827.19,noise_start
!2025-09-14_Multi_Spcon_J1_precon3,2025-09-14 11:28:26,1,837.19,noise_end
!2025-09-14_Multi_Spcon_J1_precon3,2025-09-14 11:28:26,1,1110.35,click_start
!2025-09-14_Multi_Spcon_J1_precon3,2025-09-14 11:28:26,1,1120.35,click_end
!2025-09-14_Multi_Spcon_J1_precon3,2025-09-14 11:28:26,1,1120.35,noise_start
!2025-09-14_Multi_Spcon_J1_precon3,2025-09-14 11:28:26,1,1130.35,noise_end
!2025-09-14_Multi_Spcon_J1_precon3,2025-09-14 11:28:26,1,1476.86,hiT_start
!2025-09-14_Multi_Spcon_J1_precon3,2025-09-14 11:28:26,1,1486.86,hiT_end
!2025-09-14_Multi_Spcon_J1_precon3,2025-09-14 11:28:26,1,1486.86,lowT_start
!2025-09-14_Multi_Spcon_J1_precon3,2025-09-14 11:28:26,1,1496.86,lowT_end
!2025-09-14_Multi_Spcon_J1_precon3,2025-09-14 11:28:26,1,1763.33,click_start
!2025-09-14_Multi_Spcon_J1_precon3,2025-09-14 11:28:26,1,1773.33,click_end
!2025-09-14_Multi_Spcon_J1_precon3,2025-09-14 11:28:26,1,1773.33,noise_start
!2025-09-14_Multi_Spcon_J1_precon3,2025-09-14 11:28:26,1,1783.33,noise_end
!2025-09-14_Multi_Spcon_J1_precon3,2025-09-14 11:28:26,1,2102.81,hiT_start
!2025-09-14_Multi_Spcon_J1_precon3,2025-09-14 11:28:26,1,2112.81,hiT_end
!2025-09-14_Multi_Spcon_J1_precon3,2025-09-14 11:28:26,1,2112.81,lowT_start
!2025-09-14_Multi_Spcon_J1_precon3,2025-09-14 11:28:26,1,2122.81,lowT_end
!2025-09-14_Multi_Spcon_J1_precon3,2025-09-14 11:28:26,1,2398.03,hiT_start
!2025-09-14_Multi_Spcon_J1_precon3,2025-09-14 11:28:26,1,2408.03,hiT_end
!2025-09-14_Multi_Spcon_J1_precon3,2025-09-14 11:28:26,1,2408.03,lowT_start
!2025-09-14_Multi_Spcon_J1_precon3,2025-09-14 11:28:26,1,2418.03,lowT_end
!2025-09-14_Multi_Spcon_J1_precon3,2025-09-14 11:28:26,1,2734.95,click_start
!2025-09-14_Multi_Spcon_J1_precon3,2025-09-14 11:28:26,1,2744.95,click_end
!2025-09-14_Multi_Spcon_J1_precon3,2025-09-14 11:28:26,1,2744.95,noise_start
!2025-09-14_Multi_Spcon_J1_precon3,2025-09-14 11:28:26,1,2754.95,noise_end
!2025-09-14_Multi_Spcon_J1_precon3,2025-09-14 11:28:26,1,3067.23,hiT_start
!2025-09-14_Multi_Spcon_J1_precon3,2025-09-14 11:28:26,1,3077.23,hiT_end
!2025-09-14_Multi_Spcon_J1_precon3,2025-09-14 11:28:26,1,3077.23,lowT_start
!2025-09-14_Multi_Spcon_J1_precon3,2025-09-14 11:28:26,1,3087.23,lowT_end
!2025-09-14_Multi_Spcon_J1_precon3,2025-09-14 11:28:26,1,3404.91,click_start
!2025-09-14_Multi_Spcon_J1_precon3,2025-09-14 11:28:26,1,3414.91,click_end
!2025-09-14_Multi_Spcon_J1_precon3,2025-09-14 11:28:26,1,3414.91,noise_start
!2025-09-14_Multi_Spcon_J1_precon3,2025-09-14 11:28:26,1,3424.91,noise_end
!2025-09-14_Multi_Spcon_J1_precon3,2025-09-14 11:28:26,1,3615.44,mag_start
!2025-09-14_Multi_Spcon_J1_precon3,2025-09-14 11:28:26,1,3615.74,mag_end
!2025-09-14_Multi_Spcon_J1_precon3,2025-09-14 11:28:26,1,3616.50,mag_start
!2025-09-14_Multi_Spcon_J1_precon3,2025-09-14 11:28:26,1,3616.92,mag_end
!2025-09-14_Multi_Spcon_J1_precon3,2025-09-14 11:28:26,1,3694.46,click_start
!2025-09-14_Multi_Spcon_J1_precon3,2025-09-14 11:28:26,1,3704.46,click_end
!2025-09-14_Multi_Spcon_J1_precon3,2025-09-14 11:28:26,1,3704.46,noise_start
!2025-09-14_Multi_Spcon_J1_precon3,2025-09-14 11:28:26,1,3714.46,noise_end
!2025-09-14_Multi_Spcon_J1_precon3,2025-09-14 11:28:26,1,3900.23,mag_start
!2025-09-14_Multi_Spcon_J1_precon3,2025-09-14 11:28:26,1,3900.35,mag_end
!2025-09-14_Multi_Spcon_J1_precon3,2025-09-14 11:28:26,1,3910.07,mag_start
!2025-09-14_Multi_Spcon_J1_precon3,2025-09-14 11:28:26,1,3911.82,mag_end
!2025-09-14_Multi_Spcon_J1_precon3,2025-09-14 11:28:26,1,3912.28,mag_start
!2025-09-14_Multi_Spcon_J1_precon3,2025-09-14 11:28:26,1,3913.42,mag_end
!2025-09-14_Multi_Spcon_J1_precon3,2025-09-14 11:28:26,1,3913.57,mag_start
!2025-09-14_Multi_Spcon_J1_precon3,2025-09-14 11:28:26,1,3917.81,mag_end
!2025-09-14_Multi_Spcon_J1_precon3,2025-09-14 11:28:26,1,3965.54,mag_start
!2025-09-14_Multi_Spcon_J1_precon3,2025-09-14 11:28:26,1,3965.68,mag_end
!2025-09-14_Multi_Spcon_J1_precon3,2025-09-14 11:28:26,1,3973.72,mag_start
!2025-09-14_Multi_Spcon_J1_precon3,2025-09-14 11:28:26,1,3973.73,mag_end
!2025-09-14_Multi_Spcon_J1_precon3,2025-09-14 11:28:26,1,3974.98,mag_start
!2025-09-14_Multi_Spcon_J1_precon3,2025-09-14 11:28:26,1,3975.01,mag_end
!2025-09-14_Multi_Spcon_J1_precon3,2025-09-14 11:28:26,1,4043.47,hiT_start
!2025-09-14_Multi_Spcon_J1_precon3,2025-09-14 11:28:26,1,4053.47,hiT_end
!2025-09-14_Multi_Spcon_J1_precon3,2025-09-14 11:28:26,1,4053.47,lowT_start
!2025-09-14_Multi_Spcon_J1_precon3,2025-09-14 11:28:26,1,4063.47,lowT_end
!2025-09-14_Multi_Spcon_J1_precon3,2025-09-14 11:28:26,1,4340.24,click_start
!2025-09-14_Multi_Spcon_J1_precon3,2025-09-14 11:28:26,1,4350.24,click_end
!2025-09-14_Multi_Spcon_J1_precon3,2025-09-14 11:28:26,1,4350.24,noise_start
!2025-09-14_Multi_Spcon_J1_precon3,2025-09-14 11:28:26,1,4360.24,noise_end
!2025-09-14_Multi_Spcon_J1_precon3,2025-09-14 11:28:26,1,4692.85,hiT_start
!2025-09-14_Multi_Spcon_J1_precon3,2025-09-14 11:28:26,1,4702.85,hiT_end
!2025-09-14_Multi_Spcon_J1_precon3,2025-09-14 11:28:26,1,4702.85,lowT_start
!2025-09-14_Multi_Spcon_J1_precon3,2025-09-14 11:28:26,1,4712.85,lowT_end
!2025-09-14_Multi_Spcon_J1_precon3,2025-09-14 11:28:26,1,5013.55,hiT_start
!2025-09-14_Multi_Spcon_J1_precon3,2025-09-14 11:28:26,1,5023.55,hiT_end
!2025-09-14_Multi_Spcon_J1_precon3,2025-09-14 11:28:26,1,5023.55,lowT_start
!2025-09-14_Multi_Spcon_J1_precon3,2025-09-14 11:28:26,1,5033.55,lowT_end
!2025-09-14_Multi_Spcon_J1_precon3,2025-09-14 11:28:26,1,5349.95,click_start
!2025-09-14_Multi_Spcon_J1_precon3,2025-09-14 11:28:26,1,5359.95,click_end
!2025-09-14_Multi_Spcon_J1_precon3,2025-09-14 11:28:26,1,5359.95,noise_start
!2025-09-14_Multi_Spcon_J1_precon3,2025-09-14 11:28:26,1,5369.95,noise_end
!2025-09-14_Multi_Spcon_J1_precon3,2025-09-14 11:28:26,2,460.46,hiT_start
!2025-09-14_Multi_Spcon_J1_precon3,2025-09-14 11:28:26,2,470.46,hiT_end
!2025-09-14_Multi_Spcon_J1_precon3,2025-09-14 11:28:26,2,470.46,lowT_start
!2025-09-14_Multi_Spcon_J1_precon3,2025-09-14 11:28:26,2,480.46,lowT_end
!2025-09-14_Multi_Spcon_J1_precon3,2025-09-14 11:28:26,2,817.19,click_start
!2025-09-14_Multi_Spcon_J1_precon3,2025-09-14 11:28:26,2,827.19,click_end
!2025-09-14_Multi_Spcon_J1_precon3,2025-09-14 11:28:26,2,827.19,noise_start
!2025-09-14_Multi_Spcon_J1_precon3,2025-09-14 11:28:26,2,837.19,noise_end
!2025-09-14_Multi_Spcon_J1_precon3,2025-09-14 11:28:26,2,1110.35,click_start
!2025-09-14_Multi_Spcon_J1_precon3,2025-09-14 11:28:26,2,1120.35,click_end
!2025-09-14_Multi_Spcon_J1_precon3,2025-09-14 11:28:26,2,1120.35,noise_start
!2025-09-14_Multi_Spcon_J1_precon3,2025-09-14 11:28:26,2,1130.35,noise_end
!2025-09-14_Multi_Spcon_J1_precon3,2025-09-14 11:28:26,2,1476.86,hiT_start
!2025-09-14_Multi_Spcon_J1_precon3,2025-09-14 11:28:26,2,1486.86,hiT_end
!2025-09-14_Multi_Spcon_J1_precon3,2025-09-14 11:28:26,2,1486.86,lowT_start
!2025-09-14_Multi_Spcon_J1_precon3,2025-09-14 11:28:26,2,1496.86,lowT_end
!2025-09-14_Multi_Spcon_J1_precon3,2025-09-14 11:28:26,2,1763.33,click_start
!2025-09-14_Multi_Spcon_J1_precon3,2025-09-14 11:28:26,2,1773.33,click_end
!2025-09-14_Multi_Spcon_J1_precon3,2025-09-14 11:28:26,2,1773.33,noise_start
!2025-09-14_Multi_Spcon_J1_precon3,2025-09-14 11:28:26,2,1783.33,noise_end
!2025-09-14_Multi_Spcon_J1_precon3,2025-09-14 11:28:26,2,2102.81,hiT_start
!2025-09-14_Multi_Spcon_J1_precon3,2025-09-14 11:28:26,2,2112.81,hiT_end
!2025-09-14_Multi_Spcon_J1_precon3,2025-09-14 11:28:26,2,2112.81,lowT_start
!2025-09-14_Multi_Spcon_J1_precon3,2025-09-14 11:28:26,2,2122.81,lowT_end
!2025-09-14_Multi_Spcon_J1_precon3,2025-09-14 11:28:26,2,2398.03,hiT_start
!2025-09-14_Multi_Spcon_J1_precon3,2025-09-14 11:28:26,2,2408.03,hiT_end
!2025-09-14_Multi_Spcon_J1_precon3,2025-09-14 11:28:26,2,2408.03,lowT_start
!2025-09-14_Multi_Spcon_J1_precon3,2025-09-14 11:28:26,2,2418.03,lowT_end
!2025-09-14_Multi_Spcon_J1_precon3,2025-09-14 11:28:26,2,2734.95,click_start
!2025-09-14_Multi_Spcon_J1_precon3,2025-09-14 11:28:26,2,2744.95,click_end
!2025-09-14_Multi_Spcon_J1_precon3,2025-09-14 11:28:26,2,2744.95,noise_start
!2025-09-14_Multi_Spcon_J1_precon3,2025-09-14 11:28:26,2,2754.95,noise_end
!2025-09-14_Multi_Spcon_J1_precon3,2025-09-14 11:28:26,2,3067.23,hiT_start
!2025-09-14_Multi_Spcon_J1_precon3,2025-09-14 11:28:26,2,3077.23,hiT_end
!2025-09-14_Multi_Spcon_J1_precon3,2025-09-14 11:28:26,2,3077.23,lowT_start
!2025-09-14_Multi_Spcon_J1_precon3,2025-09-14 11:28:26,2,3087.23,lowT_end
!2025-09-14_Multi_Spcon_J1_precon3,2025-09-14 11:28:26,2,3404.91,click_start
!2025-09-14_Multi_Spcon_J1_precon3,2025-09-14 11:28:26,2,3414.91,click_end
!2025-09-14_Multi_Spcon_J1_precon3,2025-09-14 11:28:26,2,3414.91,noise_start
!2025-09-14_Multi_Spcon_J1_precon3,2025-09-14 11:28:26,2,3424.91,noise_end
!2025-09-14_Multi_Spcon_J1_precon3,2025-09-14 11:28:26,2,3694.46,click_start
!2025-09-14_Multi_Spcon_J1_precon3,2025-09-14 11:28:26,2,3704.46,click_end
!2025-09-14_Multi_Spcon_J1_precon3,2025-09-14 11:28:26,2,3704.46,noise_start
!2025-09-14_Multi_Spcon_J1_precon3,2025-09-14 11:28:26,2,3714.46,noise_end
!2025-09-14_Multi_Spcon_J1_precon3,2025-09-14 11:28:26,2,4043.47,hiT_start
!2025-09-14_Multi_Spcon_J1_precon3,2025-09-14 11:28:26,2,4053.47,hiT_end
!2025-09-14_Multi_Spcon_J1_precon3,2025-09-14 11:28:26,2,4053.47,lowT_start
!2025-09-14_Multi_Spcon_J1_precon3,2025-09-14 11:28:26,2,4063.47,lowT_end
!2025-09-14_Multi_Spcon_J1_precon3,2025-09-14 11:28:26,2,4340.24,click_start
!2025-09-14_Multi_Spcon_J1_precon3,2025-09-14 11:28:26,2,4350.24,click_end
!2025-09-14_Multi_Spcon_J1_precon3,2025-09-14 11:28:26,2,4350.24,noise_start
!2025-09-14_Multi_Spcon_J1_precon3,2025-09-14 11:28:26,2,4360.24,noise_end
!2025-09-14_Multi_Spcon_J1_precon3,2025-09-14 11:28:26,2,4692.85,hiT_start
!2025-09-14_Multi_Spcon_J1_precon3,2025-09-14 11:28:26,2,4702.85,hiT_end
!2025-09-14_Multi_Spcon_J1_precon3,2025-09-14 11:28:26,2,4702.85,lowT_start
!2025-09-14_Multi_Spcon_J1_precon3,2025-09-14 11:28:26,2,4712.85,lowT_end
!2025-09-14_Multi_Spcon_J1_precon3,2025-09-14 11:28:26,2,5013.55,hiT_start
!2025-09-14_Multi_Spcon_J1_precon3,2025-09-14 11:28:26,2,5023.55,hiT_end
!2025-09-14_Multi_Spcon_J1_precon3,2025-09-14 11:28:26,2,5023.55,lowT_start
!2025-09-14_Multi_Spcon_J1_precon3,2025-09-14 11:28:26,2,5033.55,lowT_end
!2025-09-14_Multi_Spcon_J1_precon3,2025-09-14 11:28:26,2,5349.95,click_start
!2025-09-14_Multi_Spcon_J1_precon3,2025-09-14 11:28:26,2,5359.95,click_end
!2025-09-14_Multi_Spcon_J1_precon3,2025-09-14 11:28:26,2,5359.95,noise_start
!2025-09-14_Multi_Spcon_J1_precon3,2025-09-14 11:28:26,2,5369.95,noise_end
!2025-09-14_Multi_Spcon_J2_precon3,2025-09-14 14:45:34,2,345.26,hiT_start
!2025-09-14_Multi_Spcon_J2_precon3,2025-09-14 14:45:34,2,355.26,hiT_end
!2025-09-14_Multi_Spcon_J2_precon3,2025-09-14 14:45:34,2,355.26,lowT_start
!2025-09-14_Multi_Spcon_J2_precon3,2025-09-14 14:45:34,2,365.26,lowT_end
!2025-09-14_Multi_Spcon_J2_precon3,2025-09-14 14:45:34,2,689.89,click_start
!2025-09-14_Multi_Spcon_J2_precon3,2025-09-14 14:45:34,2,699.89,click_end
!2025-09-14_Multi_Spcon_J2_precon3,2025-09-14 14:45:34,2,699.89,noise_start
!2025-09-14_Multi_Spcon_J2_precon3,2025-09-14 14:45:34,2,709.89,noise_end
!2025-09-14_Multi_Spcon_J2_precon3,2025-09-14 14:45:34,2,1007.24,click_start
!2025-09-14_Multi_Spcon_J2_precon3,2025-09-14 14:45:34,2,1017.24,click_end
!2025-09-14_Multi_Spcon_J2_precon3,2025-09-14 14:45:34,2,1017.24,noise_start
!2025-09-14_Multi_Spcon_J2_precon3,2025-09-14 14:45:34,2,1027.24,noise_end
!2025-09-14_Multi_Spcon_J2_precon3,2025-09-14 14:45:34,2,1290.11,hiT_start
!2025-09-14_Multi_Spcon_J2_precon3,2025-09-14 14:45:34,2,1300.11,hiT_end
!2025-09-14_Multi_Spcon_J2_precon3,2025-09-14 14:45:34,2,1300.11,lowT_start
!2025-09-14_Multi_Spcon_J2_precon3,2025-09-14 14:45:34,2,1310.11,lowT_end
!2025-09-14_Multi_Spcon_J2_precon3,2025-09-14 14:45:34,2,1624.70,click_start
!2025-09-14_Multi_Spcon_J2_precon3,2025-09-14 14:45:34,2,1634.70,click_end
!2025-09-14_Multi_Spcon_J2_precon3,2025-09-14 14:45:34,2,1634.70,noise_start
!2025-09-14_Multi_Spcon_J2_precon3,2025-09-14 14:45:34,2,1644.70,noise_end
!2025-09-14_Multi_Spcon_J2_precon3,2025-09-14 14:45:34,2,1974.73,hiT_start
!2025-09-14_Multi_Spcon_J2_precon3,2025-09-14 14:45:34,2,1984.73,hiT_end
!2025-09-14_Multi_Spcon_J2_precon3,2025-09-14 14:45:34,2,1984.73,lowT_start
!2025-09-14_Multi_Spcon_J2_precon3,2025-09-14 14:45:34,2,1994.73,lowT_end
!2025-09-14_Multi_Spcon_J2_precon3,2025-09-14 14:45:34,2,2289.32,mag_start
!2025-09-14_Multi_Spcon_J2_precon3,2025-09-14 14:45:34,2,2289.57,mag_end
!2025-09-14_Multi_Spcon_J2_precon3,2025-09-14 14:45:34,2,2289.73,mag_start
!2025-09-14_Multi_Spcon_J2_precon3,2025-09-14 14:45:34,2,2289.75,mag_end
!2025-09-14_Multi_Spcon_J2_precon3,2025-09-14 14:45:34,2,2321.94,hiT_start
!2025-09-14_Multi_Spcon_J2_precon3,2025-09-14 14:45:34,2,2331.94,hiT_end
!2025-09-14_Multi_Spcon_J2_precon3,2025-09-14 14:45:34,2,2331.94,lowT_start
!2025-09-14_Multi_Spcon_J2_precon3,2025-09-14 14:45:34,2,2341.94,lowT_end
!2025-09-14_Multi_Spcon_J2_precon3,2025-09-14 14:45:34,2,2633.37,click_start
!2025-09-14_Multi_Spcon_J2_precon3,2025-09-14 14:45:34,2,2643.37,click_end
!2025-09-14_Multi_Spcon_J2_precon3,2025-09-14 14:45:34,2,2643.37,noise_start
!2025-09-14_Multi_Spcon_J2_precon3,2025-09-14 14:45:34,2,2653.37,noise_end
!2025-09-14_Multi_Spcon_J2_precon3,2025-09-14 14:45:34,2,2922.16,hiT_start
!2025-09-14_Multi_Spcon_J2_precon3,2025-09-14 14:45:34,2,2932.16,hiT_end
!2025-09-14_Multi_Spcon_J2_precon3,2025-09-14 14:45:34,2,2932.16,lowT_start
!2025-09-14_Multi_Spcon_J2_precon3,2025-09-14 14:45:34,2,2942.16,lowT_end
!2025-09-14_Multi_Spcon_J2_precon3,2025-09-14 14:45:34,2,3256.50,click_start
!2025-09-14_Multi_Spcon_J2_precon3,2025-09-14 14:45:34,2,3266.50,click_end
!2025-09-14_Multi_Spcon_J2_precon3,2025-09-14 14:45:34,2,3266.50,noise_start
!2025-09-14_Multi_Spcon_J2_precon3,2025-09-14 14:45:34,2,3276.50,noise_end
!2025-09-14_Multi_Spcon_J2_precon3,2025-09-14 14:45:34,2,3588.00,click_start
!2025-09-14_Multi_Spcon_J2_precon3,2025-09-14 14:45:34,2,3598.00,click_end
!2025-09-14_Multi_Spcon_J2_precon3,2025-09-14 14:45:34,2,3598.00,noise_start
!2025-09-14_Multi_Spcon_J2_precon3,2025-09-14 14:45:34,2,3608.00,noise_end
!2025-09-14_Multi_Spcon_J2_precon3,2025-09-14 14:45:34,2,3874.73,hiT_start
!2025-09-14_Multi_Spcon_J2_precon3,2025-09-14 14:45:34,2,3884.73,hiT_end
!2025-09-14_Multi_Spcon_J2_precon3,2025-09-14 14:45:34,2,3884.73,lowT_start
!2025-09-14_Multi_Spcon_J2_precon3,2025-09-14 14:45:34,2,3894.73,lowT_end
!2025-09-14_Multi_Spcon_J2_precon3,2025-09-14 14:45:34,2,4214.99,click_start
!2025-09-14_Multi_Spcon_J2_precon3,2025-09-14 14:45:34,2,4224.99,click_end
!2025-09-14_Multi_Spcon_J2_precon3,2025-09-14 14:45:34,2,4224.99,noise_start
!2025-09-14_Multi_Spcon_J2_precon3,2025-09-14 14:45:34,2,4234.99,noise_end
!2025-09-14_Multi_Spcon_J2_precon3,2025-09-14 14:45:34,2,4582.02,hiT_start
!2025-09-14_Multi_Spcon_J2_precon3,2025-09-14 14:45:34,2,4592.02,hiT_end
!2025-09-14_Multi_Spcon_J2_precon3,2025-09-14 14:45:34,2,4592.02,lowT_start
!2025-09-14_Multi_Spcon_J2_precon3,2025-09-14 14:45:34,2,4602.02,lowT_end
!2025-09-14_Multi_Spcon_J2_precon3,2025-09-14 14:45:34,2,4887.54,hiT_start
!2025-09-14_Multi_Spcon_J2_precon3,2025-09-14 14:45:34,2,4897.54,hiT_end
!2025-09-14_Multi_Spcon_J2_precon3,2025-09-14 14:45:34,2,4897.54,lowT_start
!2025-09-14_Multi_Spcon_J2_precon3,2025-09-14 14:45:34,2,4907.54,lowT_end
!2025-09-14_Multi_Spcon_J2_precon3,2025-09-14 14:45:34,2,5172.73,click_start
!2025-09-14_Multi_Spcon_J2_precon3,2025-09-14 14:45:34,2,5182.73,click_end
!2025-09-14_Multi_Spcon_J2_precon3,2025-09-14 14:45:34,2,5182.73,noise_start
!2025-09-14_Multi_Spcon_J2_precon3,2025-09-14 14:45:34,2,5192.73,noise_end
!2025-09-15_Multi_Spcon_J1_precon4,2025-09-15 10:58:59,1,376.63,hiT_start
!2025-09-15_Multi_Spcon_J1_precon4,2025-09-15 10:58:59,1,386.63,hiT_end
!2025-09-15_Multi_Spcon_J1_precon4,2025-09-15 10:58:59,1,386.63,lowT_start
!2025-09-15_Multi_Spcon_J1_precon4,2025-09-15 10:58:59,1,396.63,lowT_end
!2025-09-15_Multi_Spcon_J1_precon4,2025-09-15 10:58:59,1,658.73,click_start
!2025-09-15_Multi_Spcon_J1_precon4,2025-09-15 10:58:59,1,668.73,click_end
!2025-09-15_Multi_Spcon_J1_precon4,2025-09-15 10:58:59,1,668.73,noise_start
!2025-09-15_Multi_Spcon_J1_precon4,2025-09-15 10:58:59,1,678.73,noise_end
!2025-09-15_Multi_Spcon_J1_precon4,2025-09-15 10:58:59,1,1008.77,click_start
!2025-09-15_Multi_Spcon_J1_precon4,2025-09-15 10:58:59,1,1018.77,click_end
!2025-09-15_Multi_Spcon_J1_precon4,2025-09-15 10:58:59,1,1018.77,noise_start
!2025-09-15_Multi_Spcon_J1_precon4,2025-09-15 10:58:59,1,1028.77,noise_end
!2025-09-15_Multi_Spcon_J1_precon4,2025-09-15 10:58:59,1,1288.03,hiT_start
!2025-09-15_Multi_Spcon_J1_precon4,2025-09-15 10:58:59,1,1298.03,hiT_end
!2025-09-15_Multi_Spcon_J1_precon4,2025-09-15 10:58:59,1,1298.03,lowT_start
!2025-09-15_Multi_Spcon_J1_precon4,2025-09-15 10:58:59,1,1308.03,lowT_end
!2025-09-15_Multi_Spcon_J1_precon4,2025-09-15 10:58:59,1,1613.36,click_start
!2025-09-15_Multi_Spcon_J1_precon4,2025-09-15 10:58:59,1,1623.36,click_end
!2025-09-15_Multi_Spcon_J1_precon4,2025-09-15 10:58:59,1,1623.36,noise_start
!2025-09-15_Multi_Spcon_J1_precon4,2025-09-15 10:58:59,1,1633.36,noise_end
!2025-09-15_Multi_Spcon_J1_precon4,2025-09-15 10:58:59,1,1997.37,hiT_start
!2025-09-15_Multi_Spcon_J1_precon4,2025-09-15 10:58:59,1,2007.37,hiT_end
!2025-09-15_Multi_Spcon_J1_precon4,2025-09-15 10:58:59,1,2007.37,lowT_start
!2025-09-15_Multi_Spcon_J1_precon4,2025-09-15 10:58:59,1,2017.37,lowT_end
!2025-09-15_Multi_Spcon_J1_precon4,2025-09-15 10:58:59,1,2295.68,hiT_start
!2025-09-15_Multi_Spcon_J1_precon4,2025-09-15 10:58:59,1,2305.68,hiT_end
!2025-09-15_Multi_Spcon_J1_precon4,2025-09-15 10:58:59,1,2305.68,lowT_start
!2025-09-15_Multi_Spcon_J1_precon4,2025-09-15 10:58:59,1,2315.68,lowT_end
!2025-09-15_Multi_Spcon_J1_precon4,2025-09-15 10:58:59,1,2589.36,click_start
!2025-09-15_Multi_Spcon_J1_precon4,2025-09-15 10:58:59,1,2599.36,click_end
!2025-09-15_Multi_Spcon_J1_precon4,2025-09-15 10:58:59,1,2599.36,noise_start
!2025-09-15_Multi_Spcon_J1_precon4,2025-09-15 10:58:59,1,2609.36,noise_end
!2025-09-15_Multi_Spcon_J1_precon4,2025-09-15 10:58:59,1,2927.30,hiT_start
!2025-09-15_Multi_Spcon_J1_precon4,2025-09-15 10:58:59,1,2937.30,hiT_end
!2025-09-15_Multi_Spcon_J1_precon4,2025-09-15 10:58:59,1,2937.30,lowT_start
!2025-09-15_Multi_Spcon_J1_precon4,2025-09-15 10:58:59,1,2947.30,lowT_end
!2025-09-15_Multi_Spcon_J1_precon4,2025-09-15 10:58:59,1,3255.97,click_start
!2025-09-15_Multi_Spcon_J1_precon4,2025-09-15 10:58:59,1,3265.97,click_end
!2025-09-15_Multi_Spcon_J1_precon4,2025-09-15 10:58:59,1,3265.97,noise_start
!2025-09-15_Multi_Spcon_J1_precon4,2025-09-15 10:58:59,1,3275.97,noise_end
!2025-09-15_Multi_Spcon_J1_precon4,2025-09-15 10:58:59,1,3552.48,click_start
!2025-09-15_Multi_Spcon_J1_precon4,2025-09-15 10:58:59,1,3562.48,click_end
!2025-09-15_Multi_Spcon_J1_precon4,2025-09-15 10:58:59,1,3562.48,noise_start
!2025-09-15_Multi_Spcon_J1_precon4,2025-09-15 10:58:59,1,3572.48,noise_end
!2025-09-15_Multi_Spcon_J1_precon4,2025-09-15 10:58:59,1,3933.40,hiT_start
!2025-09-15_Multi_Spcon_J1_precon4,2025-09-15 10:58:59,1,3943.40,hiT_end
!2025-09-15_Multi_Spcon_J1_precon4,2025-09-15 10:58:59,1,3943.40,lowT_start
!2025-09-15_Multi_Spcon_J1_precon4,2025-09-15 10:58:59,1,3953.40,lowT_end
!2025-09-15_Multi_Spcon_J1_precon4,2025-09-15 10:58:59,1,4241.23,click_start
!2025-09-15_Multi_Spcon_J1_precon4,2025-09-15 10:58:59,1,4251.23,click_end
!2025-09-15_Multi_Spcon_J1_precon4,2025-09-15 10:58:59,1,4251.23,noise_start
!2025-09-15_Multi_Spcon_J1_precon4,2025-09-15 10:58:59,1,4261.23,noise_end
!2025-09-15_Multi_Spcon_J1_precon4,2025-09-15 10:58:59,1,4534.39,hiT_start
!2025-09-15_Multi_Spcon_J1_precon4,2025-09-15 10:58:59,1,4544.39,hiT_end
!2025-09-15_Multi_Spcon_J1_precon4,2025-09-15 10:58:59,1,4544.39,lowT_start
!2025-09-15_Multi_Spcon_J1_precon4,2025-09-15 10:58:59,1,4554.39,lowT_end
!2025-09-15_Multi_Spcon_J1_precon4,2025-09-15 10:58:59,1,4885.20,hiT_start
!2025-09-15_Multi_Spcon_J1_precon4,2025-09-15 10:58:59,1,4895.20,hiT_end
!2025-09-15_Multi_Spcon_J1_precon4,2025-09-15 10:58:59,1,4895.20,lowT_start
!2025-09-15_Multi_Spcon_J1_precon4,2025-09-15 10:58:59,1,4905.20,lowT_end
!2025-09-15_Multi_Spcon_J1_precon4,2025-09-15 10:58:59,1,5218.77,click_start
!2025-09-15_Multi_Spcon_J1_precon4,2025-09-15 10:58:59,1,5228.77,click_end
!2025-09-15_Multi_Spcon_J1_precon4,2025-09-15 10:58:59,1,5228.77,noise_start
!2025-09-15_Multi_Spcon_J1_precon4,2025-09-15 10:58:59,1,5238.77,noise_end
!2025-09-15_Multi_Spcon_J1_precon4,2025-09-15 10:58:59,2,376.63,hiT_start
!2025-09-15_Multi_Spcon_J1_precon4,2025-09-15 10:58:59,2,386.63,hiT_end
!2025-09-15_Multi_Spcon_J1_precon4,2025-09-15 10:58:59,2,386.63,lowT_start
!2025-09-15_Multi_Spcon_J1_precon4,2025-09-15 10:58:59,2,396.63,lowT_end
!2025-09-15_Multi_Spcon_J1_precon4,2025-09-15 10:58:59,2,658.73,click_start
!2025-09-15_Multi_Spcon_J1_precon4,2025-09-15 10:58:59,2,668.73,click_end
!2025-09-15_Multi_Spcon_J1_precon4,2025-09-15 10:58:59,2,668.73,noise_start
!2025-09-15_Multi_Spcon_J1_precon4,2025-09-15 10:58:59,2,678.73,noise_end
!2025-09-15_Multi_Spcon_J1_precon4,2025-09-15 10:58:59,2,1008.77,click_start
!2025-09-15_Multi_Spcon_J1_precon4,2025-09-15 10:58:59,2,1018.77,click_end
!2025-09-15_Multi_Spcon_J1_precon4,2025-09-15 10:58:59,2,1018.77,noise_start
!2025-09-15_Multi_Spcon_J1_precon4,2025-09-15 10:58:59,2,1028.77,noise_end
!2025-09-15_Multi_Spcon_J1_precon4,2025-09-15 10:58:59,2,1288.03,hiT_start
!2025-09-15_Multi_Spcon_J1_precon4,2025-09-15 10:58:59,2,1298.03,hiT_end
!2025-09-15_Multi_Spcon_J1_precon4,2025-09-15 10:58:59,2,1298.03,lowT_start
!2025-09-15_Multi_Spcon_J1_precon4,2025-09-15 10:58:59,2,1308.03,lowT_end
!2025-09-15_Multi_Spcon_J1_precon4,2025-09-15 10:58:59,2,1613.36,click_start
!2025-09-15_Multi_Spcon_J1_precon4,2025-09-15 10:58:59,2,1623.36,click_end
!2025-09-15_Multi_Spcon_J1_precon4,2025-09-15 10:58:59,2,1623.36,noise_start
!2025-09-15_Multi_Spcon_J1_precon4,2025-09-15 10:58:59,2,1633.36,noise_end
!2025-09-15_Multi_Spcon_J1_precon4,2025-09-15 10:58:59,2,1997.37,hiT_start
!2025-09-15_Multi_Spcon_J1_precon4,2025-09-15 10:58:59,2,2007.37,hiT_end
!2025-09-15_Multi_Spcon_J1_precon4,2025-09-15 10:58:59,2,2007.37,lowT_start
!2025-09-15_Multi_Spcon_J1_precon4,2025-09-15 10:58:59,2,2017.37,lowT_end
!2025-09-15_Multi_Spcon_J1_precon4,2025-09-15 10:58:59,2,2295.68,hiT_start
!2025-09-15_Multi_Spcon_J1_precon4,2025-09-15 10:58:59,2,2305.68,hiT_end
!2025-09-15_Multi_Spcon_J1_precon4,2025-09-15 10:58:59,2,2305.68,lowT_start
!2025-09-15_Multi_Spcon_J1_precon4,2025-09-15 10:58:59,2,2315.68,lowT_end
!2025-09-15_Multi_Spcon_J1_precon4,2025-09-15 10:58:59,2,2589.36,click_start
!2025-09-15_Multi_Spcon_J1_precon4,2025-09-15 10:58:59,2,2599.36,click_end
!2025-09-15_Multi_Spcon_J1_precon4,2025-09-15 10:58:59,2,2599.36,noise_start
!2025-09-15_Multi_Spcon_J1_precon4,2025-09-15 10:58:59,2,2609.36,noise_end
!2025-09-15_Multi_Spcon_J1_precon4,2025-09-15 10:58:59,2,2927.30,hiT_start
!2025-09-15_Multi_Spcon_J1_precon4,2025-09-15 10:58:59,2,2937.30,hiT_end
!2025-09-15_Multi_Spcon_J1_precon4,2025-09-15 10:58:59,2,2937.30,lowT_start
!2025-09-15_Multi_Spcon_J1_precon4,2025-09-15 10:58:59,2,2947.30,lowT_end
!2025-09-15_Multi_Spcon_J1_precon4,2025-09-15 10:58:59,2,3255.97,click_start
!2025-09-15_Multi_Spcon_J1_precon4,2025-09-15 10:58:59,2,3265.97,click_end
!2025-09-15_Multi_Spcon_J1_precon4,2025-09-15 10:58:59,2,3265.97,noise_start
!2025-09-15_Multi_Spcon_J1_precon4,2025-09-15 10:58:59,2,3275.97,noise_end
!2025-09-15_Multi_Spcon_J1_precon4,2025-09-15 10:58:59,2,3552.48,click_start
!2025-09-15_Multi_Spcon_J1_precon4,2025-09-15 10:58:59,2,3562.48,click_end
!2025-09-15_Multi_Spcon_J1_precon4,2025-09-15 10:58:59,2,3562.48,noise_start
!2025-09-15_Multi_Spcon_J1_precon4,2025-09-15 10:58:59,2,3572.48,noise_end
!2025-09-15_Multi_Spcon_J1_precon4,2025-09-15 10:58:59,2,3933.40,hiT_start
!2025-09-15_Multi_Spcon_J1_precon4,2025-09-15 10:58:59,2,3943.40,hiT_end
!2025-09-15_Multi_Spcon_J1_precon4,2025-09-15 10:58:59,2,3943.40,lowT_start
!2025-09-15_Multi_Spcon_J1_precon4,2025-09-15 10:58:59,2,3953.40,lowT_end
!2025-09-15_Multi_Spcon_J1_precon4,2025-09-15 10:58:59,2,4241.23,click_start
!2025-09-15_Multi_Spcon_J1_precon4,2025-09-15 10:58:59,2,4251.23,click_end
!2025-09-15_Multi_Spcon_J1_precon4,2025-09-15 10:58:59,2,4251.23,noise_start
!2025-09-15_Multi_Spcon_J1_precon4,2025-09-15 10:58:59,2,4261.23,noise_end
!2025-09-15_Multi_Spcon_J1_precon4,2025-09-15 10:58:59,2,4534.39,hiT_start
!2025-09-15_Multi_Spcon_J1_precon4,2025-09-15 10:58:59,2,4544.39,hiT_end
!2025-09-15_Multi_Spcon_J1_precon4,2025-09-15 10:58:59,2,4544.39,lowT_start
!2025-09-15_Multi_Spcon_J1_precon4,2025-09-15 10:58:59,2,4554.39,lowT_end
!2025-09-15_Multi_Spcon_J1_precon4,2025-09-15 10:58:59,2,4885.20,hiT_start
!2025-09-15_Multi_Spcon_J1_precon4,2025-09-15 10:58:59,2,4895.20,hiT_end
!2025-09-15_Multi_Spcon_J1_precon4,2025-09-15 10:58:59,2,4895.20,lowT_start
!2025-09-15_Multi_Spcon_J1_precon4,2025-09-15 10:58:59,2,4905.20,lowT_end
!2025-09-15_Multi_Spcon_J1_precon4,2025-09-15 10:58:59,2,5218.77,click_start
!2025-09-15_Multi_Spcon_J1_precon4,2025-09-15 10:58:59,2,5228.77,click_end
!2025-09-15_Multi_Spcon_J1_precon4,2025-09-15 10:58:59,2,5228.77,noise_start
!2025-09-15_Multi_Spcon_J1_precon4,2025-09-15 10:58:59,2,5238.77,noise_end
!2025-09-15_Multi_Spcon_J2_precon4,2025-09-15 14:29:53,2,358.18,hiT_start
!2025-09-15_Multi_Spcon_J2_precon4,2025-09-15 14:29:53,2,368.18,hiT_end
!2025-09-15_Multi_Spcon_J2_precon4,2025-09-15 14:29:53,2,368.18,lowT_start
!2025-09-15_Multi_Spcon_J2_precon4,2025-09-15 14:29:53,2,378.18,lowT_end
!2025-09-15_Multi_Spcon_J2_precon4,2025-09-15 14:29:53,2,566.74,mag_start
!2025-09-15_Multi_Spcon_J2_precon4,2025-09-15 14:29:53,2,566.75,mag_end
!2025-09-15_Multi_Spcon_J2_precon4,2025-09-15 14:29:53,2,654.43,click_start
!2025-09-15_Multi_Spcon_J2_precon4,2025-09-15 14:29:53,2,664.43,click_end
!2025-09-15_Multi_Spcon_J2_precon4,2025-09-15 14:29:53,2,664.43,noise_start
!2025-09-15_Multi_Spcon_J2_precon4,2025-09-15 14:29:53,2,674.43,noise_end
!2025-09-15_Multi_Spcon_J2_precon4,2025-09-15 14:29:53,2,993.40,click_start
!2025-09-15_Multi_Spcon_J2_precon4,2025-09-15 14:29:53,2,1003.40,click_end
!2025-09-15_Multi_Spcon_J2_precon4,2025-09-15 14:29:53,2,1003.40,noise_start
!2025-09-15_Multi_Spcon_J2_precon4,2025-09-15 14:29:53,2,1013.40,noise_end
!2025-09-15_Multi_Spcon_J2_precon4,2025-09-15 14:29:53,2,1347.30,hiT_start
!2025-09-15_Multi_Spcon_J2_precon4,2025-09-15 14:29:53,2,1357.30,hiT_end
!2025-09-15_Multi_Spcon_J2_precon4,2025-09-15 14:29:53,2,1357.30,lowT_start
!2025-09-15_Multi_Spcon_J2_precon4,2025-09-15 14:29:53,2,1367.30,lowT_end
!2025-09-15_Multi_Spcon_J2_precon4,2025-09-15 14:29:53,2,1617.56,click_start
!2025-09-15_Multi_Spcon_J2_precon4,2025-09-15 14:29:53,2,1627.56,click_end
!2025-09-15_Multi_Spcon_J2_precon4,2025-09-15 14:29:53,2,1627.56,noise_start
!2025-09-15_Multi_Spcon_J2_precon4,2025-09-15 14:29:53,2,1637.56,noise_end
!2025-09-15_Multi_Spcon_J2_precon4,2025-09-15 14:29:53,2,1985.87,hiT_start
!2025-09-15_Multi_Spcon_J2_precon4,2025-09-15 14:29:53,2,1995.87,hiT_end
!2025-09-15_Multi_Spcon_J2_precon4,2025-09-15 14:29:53,2,1995.87,lowT_start
!2025-09-15_Multi_Spcon_J2_precon4,2025-09-15 14:29:53,2,2005.87,lowT_end
!2025-09-15_Multi_Spcon_J2_precon4,2025-09-15 14:29:53,2,2254.33,hiT_start
!2025-09-15_Multi_Spcon_J2_precon4,2025-09-15 14:29:53,2,2264.33,hiT_end
!2025-09-15_Multi_Spcon_J2_precon4,2025-09-15 14:29:53,2,2264.33,lowT_start
!2025-09-15_Multi_Spcon_J2_precon4,2025-09-15 14:29:53,2,2274.33,lowT_end
!2025-09-15_Multi_Spcon_J2_precon4,2025-09-15 14:29:53,2,2598.19,click_start
!2025-09-15_Multi_Spcon_J2_precon4,2025-09-15 14:29:53,2,2608.19,click_end
!2025-09-15_Multi_Spcon_J2_precon4,2025-09-15 14:29:53,2,2608.19,noise_start
!2025-09-15_Multi_Spcon_J2_precon4,2025-09-15 14:29:53,2,2618.19,noise_end
!2025-09-15_Multi_Spcon_J2_precon4,2025-09-15 14:29:53,2,2900.61,hiT_start
!2025-09-15_Multi_Spcon_J2_precon4,2025-09-15 14:29:53,2,2910.61,hiT_end
!2025-09-15_Multi_Spcon_J2_precon4,2025-09-15 14:29:53,2,2910.61,lowT_start
!2025-09-15_Multi_Spcon_J2_precon4,2025-09-15 14:29:53,2,2920.61,lowT_end
!2025-09-15_Multi_Spcon_J2_precon4,2025-09-15 14:29:53,2,3260.42,click_start
!2025-09-15_Multi_Spcon_J2_precon4,2025-09-15 14:29:53,2,3270.42,click_end
!2025-09-15_Multi_Spcon_J2_precon4,2025-09-15 14:29:53,2,3270.42,noise_start
!2025-09-15_Multi_Spcon_J2_precon4,2025-09-15 14:29:53,2,3280.42,noise_end
!2025-09-15_Multi_Spcon_J2_precon4,2025-09-15 14:29:53,2,3559.24,click_start
!2025-09-15_Multi_Spcon_J2_precon4,2025-09-15 14:29:53,2,3569.24,click_end
!2025-09-15_Multi_Spcon_J2_precon4,2025-09-15 14:29:53,2,3569.24,noise_start
!2025-09-15_Multi_Spcon_J2_precon4,2025-09-15 14:29:53,2,3579.24,noise_end
!2025-09-15_Multi_Spcon_J2_precon4,2025-09-15 14:29:53,2,3882.77,hiT_start
!2025-09-15_Multi_Spcon_J2_precon4,2025-09-15 14:29:53,2,3892.77,hiT_end
!2025-09-15_Multi_Spcon_J2_precon4,2025-09-15 14:29:53,2,3892.77,lowT_start
!2025-09-15_Multi_Spcon_J2_precon4,2025-09-15 14:29:53,2,3902.77,lowT_end
!2025-09-15_Multi_Spcon_J2_precon4,2025-09-15 14:29:53,2,4206.30,click_start
!2025-09-15_Multi_Spcon_J2_precon4,2025-09-15 14:29:53,2,4216.30,click_end
!2025-09-15_Multi_Spcon_J2_precon4,2025-09-15 14:29:53,2,4216.30,noise_start
!2025-09-15_Multi_Spcon_J2_precon4,2025-09-15 14:29:53,2,4226.30,noise_end
!2025-09-15_Multi_Spcon_J2_precon4,2025-09-15 14:29:53,2,4558.14,hiT_start
!2025-09-15_Multi_Spcon_J2_precon4,2025-09-15 14:29:53,2,4568.14,hiT_end
!2025-09-15_Multi_Spcon_J2_precon4,2025-09-15 14:29:53,2,4568.14,lowT_start
!2025-09-15_Multi_Spcon_J2_precon4,2025-09-15 14:29:53,2,4578.14,lowT_end
!2025-09-15_Multi_Spcon_J2_precon4,2025-09-15 14:29:53,2,4642.59,mag_start
!2025-09-15_Multi_Spcon_J2_precon4,2025-09-15 14:29:53,2,4642.74,mag_end
!2025-09-15_Multi_Spcon_J2_precon4,2025-09-15 14:29:53,2,4686.38,mag_start
!2025-09-15_Multi_Spcon_J2_precon4,2025-09-15 14:29:53,2,4686.40,mag_end
!2025-09-15_Multi_Spcon_J2_precon4,2025-09-15 14:29:53,2,4795.70,mag_start
!2025-09-15_Multi_Spcon_J2_precon4,2025-09-15 14:29:53,2,4796.18,mag_end
!2025-09-15_Multi_Spcon_J2_precon4,2025-09-15 14:29:53,2,4848.07,mag_start
!2025-09-15_Multi_Spcon_J2_precon4,2025-09-15 14:29:53,2,4849.14,mag_end
!2025-09-15_Multi_Spcon_J2_precon4,2025-09-15 14:29:53,2,4873.43,hiT_start
!2025-09-15_Multi_Spcon_J2_precon4,2025-09-15 14:29:53,2,4883.43,hiT_end
!2025-09-15_Multi_Spcon_J2_precon4,2025-09-15 14:29:53,2,4883.43,lowT_start
!2025-09-15_Multi_Spcon_J2_precon4,2025-09-15 14:29:53,2,4893.43,lowT_end
!2025-09-15_Multi_Spcon_J2_precon4,2025-09-15 14:29:53,2,5191.56,click_start
!2025-09-15_Multi_Spcon_J2_precon4,2025-09-15 14:29:53,2,5201.56,click_end
!2025-09-15_Multi_Spcon_J2_precon4,2025-09-15 14:29:53,2,5201.56,noise_start
!2025-09-15_Multi_Spcon_J2_precon4,2025-09-15 14:29:53,2,5211.56,noise_end
!2025-09-16_Multi_Spcon_J1_J2_Con1,2025-09-16 11:01:55,1,124.21,mag_start
!2025-09-16_Multi_Spcon_J1_J2_Con1,2025-09-16 11:01:55,1,124.22,mag_end
!2025-09-16_Multi_Spcon_J1_J2_Con1,2025-09-16 11:01:55,1,124.47,mag_start
!2025-09-16_Multi_Spcon_J1_J2_Con1,2025-09-16 11:01:55,1,127.17,mag_end
!2025-09-16_Multi_Spcon_J1_J2_Con1,2025-09-16 11:01:55,1,132.06,mag_start
!2025-09-16_Multi_Spcon_J1_J2_Con1,2025-09-16 11:01:55,1,134.88,mag_end
!2025-09-16_Multi_Spcon_J1_J2_Con1,2025-09-16 11:01:55,1,135.03,mag_start
!2025-09-16_Multi_Spcon_J1_J2_Con1,2025-09-16 11:01:55,1,136.20,mag_end
!2025-09-16_Multi_Spcon_J1_J2_Con1,2025-09-16 11:01:55,1,144.17,mag_start
!2025-09-16_Multi_Spcon_J1_J2_Con1,2025-09-16 11:01:55,1,144.60,mag_end
!2025-09-16_Multi_Spcon_J1_J2_Con1,2025-09-16 11:01:55,1,144.64,mag_start
!2025-09-16_Multi_Spcon_J1_J2_Con1,2025-09-16 11:01:55,1,145.14,mag_end
!2025-09-16_Multi_Spcon_J1_J2_Con1,2025-09-16 11:01:55,1,146.70,mag_start
!2025-09-16_Multi_Spcon_J1_J2_Con1,2025-09-16 11:01:55,1,146.90,mag_end
!2025-09-16_Multi_Spcon_J1_J2_Con1,2025-09-16 11:01:55,1,147.09,mag_start
!2025-09-16_Multi_Spcon_J1_J2_Con1,2025-09-16 11:01:55,1,147.18,mag_end
!2025-09-16_Multi_Spcon_J1_J2_Con1,2025-09-16 11:01:55,1,147.21,mag_start
!2025-09-16_Multi_Spcon_J1_J2_Con1,2025-09-16 11:01:55,1,152.03,mag_end
!2025-09-16_Multi_Spcon_J1_J2_Con1,2025-09-16 11:01:55,1,152.06,mag_start
!2025-09-16_Multi_Spcon_J1_J2_Con1,2025-09-16 11:01:55,1,152.15,mag_end
!2025-09-16_Multi_Spcon_J1_J2_Con1,2025-09-16 11:01:55,1,153.96,mag_start
!2025-09-16_Multi_Spcon_J1_J2_Con1,2025-09-16 11:01:55,1,157.42,mag_end
!2025-09-16_Multi_Spcon_J1_J2_Con1,2025-09-16 11:01:55,1,163.98,mag_start
!2025-09-16_Multi_Spcon_J1_J2_Con1,2025-09-16 11:01:55,1,163.99,mag_end
!2025-09-16_Multi_Spcon_J1_J2_Con1,2025-09-16 11:01:55,1,164.09,mag_start
!2025-09-16_Multi_Spcon_J1_J2_Con1,2025-09-16 11:01:55,1,165.18,mag_end
!2025-09-16_Multi_Spcon_J1_J2_Con1,2025-09-16 11:01:55,1,187.51,mag_start
!2025-09-16_Multi_Spcon_J1_J2_Con1,2025-09-16 11:01:55,1,187.72,mag_end
!2025-09-16_Multi_Spcon_J1_J2_Con1,2025-09-16 11:01:55,1,187.89,mag_start
!2025-09-16_Multi_Spcon_J1_J2_Con1,2025-09-16 11:01:55,1,187.96,mag_end
!2025-09-16_Multi_Spcon_J1_J2_Con1,2025-09-16 11:01:55,1,189.26,mag_start
!2025-09-16_Multi_Spcon_J1_J2_Con1,2025-09-16 11:01:55,1,189.28,mag_end
!2025-09-16_Multi_Spcon_J1_J2_Con1,2025-09-16 11:01:55,1,191.06,mag_start
!2025-09-16_Multi_Spcon_J1_J2_Con1,2025-09-16 11:01:55,1,194.19,mag_end
!2025-09-16_Multi_Spcon_J1_J2_Con1,2025-09-16 11:01:55,1,196.86,mag_start
!2025-09-16_Multi_Spcon_J1_J2_Con1,2025-09-16 11:01:55,1,200.53,mag_end
!2025-09-16_Multi_Spcon_J1_J2_Con1,2025-09-16 11:01:55,1,212.44,mag_start
!2025-09-16_Multi_Spcon_J1_J2_Con1,2025-09-16 11:01:55,1,217.26,mag_end
!2025-09-16_Multi_Spcon_J1_J2_Con1,2025-09-16 11:01:55,1,225.88,mag_start
!2025-09-16_Multi_Spcon_J1_J2_Con1,2025-09-16 11:01:55,1,226.02,mag_end
!2025-09-16_Multi_Spcon_J1_J2_Con1,2025-09-16 11:01:55,1,226.11,mag_start
!2025-09-16_Multi_Spcon_J1_J2_Con1,2025-09-16 11:01:55,1,226.31,mag_end
!2025-09-16_Multi_Spcon_J1_J2_Con1,2025-09-16 11:01:55,1,226.73,mag_start
!2025-09-16_Multi_Spcon_J1_J2_Con1,2025-09-16 11:01:55,1,227.01,mag_end
!2025-09-16_Multi_Spcon_J1_J2_Con1,2025-09-16 11:01:55,1,287.44,lowT_start
!2025-09-16_Multi_Spcon_J1_J2_Con1,2025-09-16 11:01:55,1,297.44,lowT_end
!2025-09-16_Multi_Spcon_J1_J2_Con1,2025-09-16 11:01:55,1,296.91,mag_start
!2025-09-16_Multi_Spcon_J1_J2_Con1,2025-09-16 11:01:55,1,299.19,mag_end
!2025-09-16_Multi_Spcon_J1_J2_Con1,2025-09-16 11:01:55,1,297.44,pelD_start
!2025-09-16_Multi_Spcon_J1_J2_Con1,2025-09-16 11:01:55,1,297.45,pelD_end
!2025-09-16_Multi_Spcon_J1_J2_Con1,2025-09-16 11:01:55,1,297.64,pelD_start
!2025-09-16_Multi_Spcon_J1_J2_Con1,2025-09-16 11:01:55,1,297.65,pelD_end
!2025-09-16_Multi_Spcon_J1_J2_Con1,2025-09-16 11:01:55,1,299.21,mag_start
!2025-09-16_Multi_Spcon_J1_J2_Con1,2025-09-16 11:01:55,1,300.76,mag_end
!2025-09-16_Multi_Spcon_J1_J2_Con1,2025-09-16 11:01:55,1,330.62,mag_start
!2025-09-16_Multi_Spcon_J1_J2_Con1,2025-09-16 11:01:55,1,330.94,mag_end
!2025-09-16_Multi_Spcon_J1_J2_Con1,2025-09-16 11:01:55,1,331.35,mag_start
!2025-09-16_Multi_Spcon_J1_J2_Con1,2025-09-16 11:01:55,1,332.86,mag_end
!2025-09-16_Multi_Spcon_J1_J2_Con1,2025-09-16 11:01:55,1,333.54,mag_start
!2025-09-16_Multi_Spcon_J1_J2_Con1,2025-09-16 11:01:55,1,333.68,mag_end
!2025-09-16_Multi_Spcon_J1_J2_Con1,2025-09-16 11:01:55,1,333.83,mag_start
!2025-09-16_Multi_Spcon_J1_J2_Con1,2025-09-16 11:01:55,1,335.61,mag_end
!2025-09-16_Multi_Spcon_J1_J2_Con1,2025-09-16 11:01:55,1,354.97,mag_start
!2025-09-16_Multi_Spcon_J1_J2_Con1,2025-09-16 11:01:55,1,358.59,mag_end
!2025-09-16_Multi_Spcon_J1_J2_Con1,2025-09-16 11:01:55,1,378.24,mag_start
!2025-09-16_Multi_Spcon_J1_J2_Con1,2025-09-16 11:01:55,1,378.30,mag_end
!2025-09-16_Multi_Spcon_J1_J2_Con1,2025-09-16 11:01:55,1,402.37,mag_start
!2025-09-16_Multi_Spcon_J1_J2_Con1,2025-09-16 11:01:55,1,402.45,mag_end
!2025-09-16_Multi_Spcon_J1_J2_Con1,2025-09-16 11:01:55,1,402.49,mag_start
!2025-09-16_Multi_Spcon_J1_J2_Con1,2025-09-16 11:01:55,1,402.93,mag_end
!2025-09-16_Multi_Spcon_J1_J2_Con1,2025-09-16 11:01:55,1,429.89,mag_start
!2025-09-16_Multi_Spcon_J1_J2_Con1,2025-09-16 11:01:55,1,429.93,mag_end
!2025-09-16_Multi_Spcon_J1_J2_Con1,2025-09-16 11:01:55,1,442.16,noise_start
!2025-09-16_Multi_Spcon_J1_J2_Con1,2025-09-16 11:01:55,1,452.16,noise_end
!2025-09-16_Multi_Spcon_J1_J2_Con1,2025-09-16 11:01:55,1,499.75,mag_start
!2025-09-16_Multi_Spcon_J1_J2_Con1,2025-09-16 11:01:55,1,499.81,mag_end
!2025-09-16_Multi_Spcon_J1_J2_Con1,2025-09-16 11:01:55,1,500.56,mag_start
!2025-09-16_Multi_Spcon_J1_J2_Con1,2025-09-16 11:01:55,1,500.59,mag_end
!2025-09-16_Multi_Spcon_J1_J2_Con1,2025-09-16 11:01:55,1,500.65,mag_start
!2025-09-16_Multi_Spcon_J1_J2_Con1,2025-09-16 11:01:55,1,500.97,mag_end
!2025-09-16_Multi_Spcon_J1_J2_Con1,2025-09-16 11:01:55,1,502.56,mag_start
!2025-09-16_Multi_Spcon_J1_J2_Con1,2025-09-16 11:01:55,1,502.61,mag_end
!2025-09-16_Multi_Spcon_J1_J2_Con1,2025-09-16 11:01:55,1,502.78,mag_start
!2025-09-16_Multi_Spcon_J1_J2_Con1,2025-09-16 11:01:55,1,503.40,mag_end
!2025-09-16_Multi_Spcon_J1_J2_Con1,2025-09-16 11:01:55,1,504.23,mag_start
!2025-09-16_Multi_Spcon_J1_J2_Con1,2025-09-16 11:01:55,1,505.11,mag_end
!2025-09-16_Multi_Spcon_J1_J2_Con1,2025-09-16 11:01:55,1,505.97,mag_start
!2025-09-16_Multi_Spcon_J1_J2_Con1,2025-09-16 11:01:55,1,506.04,mag_end
!2025-09-16_Multi_Spcon_J1_J2_Con1,2025-09-16 11:01:55,1,506.23,mag_start
!2025-09-16_Multi_Spcon_J1_J2_Con1,2025-09-16 11:01:55,1,507.00,mag_end
!2025-09-16_Multi_Spcon_J1_J2_Con1,2025-09-16 11:01:55,1,549.82,mag_start
!2025-09-16_Multi_Spcon_J1_J2_Con1,2025-09-16 11:01:55,1,550.02,mag_end
!2025-09-16_Multi_Spcon_J1_J2_Con1,2025-09-16 11:01:55,1,608.39,noise_start
!2025-09-16_Multi_Spcon_J1_J2_Con1,2025-09-16 11:01:55,1,618.39,noise_end
!2025-09-16_Multi_Spcon_J1_J2_Con1,2025-09-16 11:01:55,1,764.99,lowT_start
!2025-09-16_Multi_Spcon_J1_J2_Con1,2025-09-16 11:01:55,1,774.99,lowT_end
!2025-09-16_Multi_Spcon_J1_J2_Con1,2025-09-16 11:01:55,1,774.99,pelD_start
!2025-09-16_Multi_Spcon_J1_J2_Con1,2025-09-16 11:01:55,1,775.00,pelD_end
!2025-09-16_Multi_Spcon_J1_J2_Con1,2025-09-16 11:01:55,1,775.19,pelD_start
!2025-09-16_Multi_Spcon_J1_J2_Con1,2025-09-16 11:01:55,1,775.20,pelD_end
!2025-09-16_Multi_Spcon_J1_J2_Con1,2025-09-16 11:01:55,1,920.36,mag_start
!2025-09-16_Multi_Spcon_J1_J2_Con1,2025-09-16 11:01:55,1,922.09,mag_end
!2025-09-16_Multi_Spcon_J1_J2_Con1,2025-09-16 11:01:55,1,923.58,mag_start
!2025-09-16_Multi_Spcon_J1_J2_Con1,2025-09-16 11:01:55,1,926.75,mag_end
!2025-09-16_Multi_Spcon_J1_J2_Con1,2025-09-16 11:01:55,1,925.66,noise_start
!2025-09-16_Multi_Spcon_J1_J2_Con1,2025-09-16 11:01:55,1,935.66,noise_end
!2025-09-16_Multi_Spcon_J1_J2_Con1,2025-09-16 11:01:55,1,943.65,mag_start
!2025-09-16_Multi_Spcon_J1_J2_Con1,2025-09-16 11:01:55,1,943.67,mag_end
!2025-09-16_Multi_Spcon_J1_J2_Con1,2025-09-16 11:01:55,1,943.69,mag_start
!2025-09-16_Multi_Spcon_J1_J2_Con1,2025-09-16 11:01:55,1,943.72,mag_end
!2025-09-16_Multi_Spcon_J1_J2_Con1,2025-09-16 11:01:55,1,944.17,mag_start
!2025-09-16_Multi_Spcon_J1_J2_Con1,2025-09-16 11:01:55,1,944.31,mag_end
!2025-09-16_Multi_Spcon_J1_J2_Con1,2025-09-16 11:01:55,1,944.67,mag_start
!2025-09-16_Multi_Spcon_J1_J2_Con1,2025-09-16 11:01:55,1,944.73,mag_end
!2025-09-16_Multi_Spcon_J1_J2_Con1,2025-09-16 11:01:55,1,944.78,mag_start
!2025-09-16_Multi_Spcon_J1_J2_Con1,2025-09-16 11:01:55,1,946.30,mag_end
!2025-09-16_Multi_Spcon_J1_J2_Con1,2025-09-16 11:01:55,1,946.84,mag_start
!2025-09-16_Multi_Spcon_J1_J2_Con1,2025-09-16 11:01:55,1,949.68,mag_end
!2025-09-16_Multi_Spcon_J1_J2_Con1,2025-09-16 11:01:55,1,971.91,mag_start
!2025-09-16_Multi_Spcon_J1_J2_Con1,2025-09-16 11:01:55,1,974.27,mag_end
!2025-09-16_Multi_Spcon_J1_J2_Con1,2025-09-16 11:01:55,1,981.79,mag_start
!2025-09-16_Multi_Spcon_J1_J2_Con1,2025-09-16 11:01:55,1,981.81,mag_end
!2025-09-16_Multi_Spcon_J1_J2_Con1,2025-09-16 11:01:55,1,982.73,mag_start
!2025-09-16_Multi_Spcon_J1_J2_Con1,2025-09-16 11:01:55,1,984.47,mag_end
!2025-09-16_Multi_Spcon_J1_J2_Con1,2025-09-16 11:01:55,1,985.74,mag_start
!2025-09-16_Multi_Spcon_J1_J2_Con1,2025-09-16 11:01:55,1,986.38,mag_end
!2025-09-16_Multi_Spcon_J1_J2_Con1,2025-09-16 11:01:55,1,986.39,mag_start
!2025-09-16_Multi_Spcon_J1_J2_Con1,2025-09-16 11:01:55,1,986.40,mag_end
!2025-09-16_Multi_Spcon_J1_J2_Con1,2025-09-16 11:01:55,1,986.44,mag_start
!2025-09-16_Multi_Spcon_J1_J2_Con1,2025-09-16 11:01:55,1,991.92,mag_end
!2025-09-16_Multi_Spcon_J1_J2_Con1,2025-09-16 11:01:55,1,992.22,mag_start
!2025-09-16_Multi_Spcon_J1_J2_Con1,2025-09-16 11:01:55,1,992.24,mag_end
!2025-09-16_Multi_Spcon_J1_J2_Con1,2025-09-16 11:01:55,1,998.74,mag_start
!2025-09-16_Multi_Spcon_J1_J2_Con1,2025-09-16 11:01:55,1,1000.69,mag_end
!2025-09-16_Multi_Spcon_J1_J2_Con1,2025-09-16 11:01:55,1,1000.76,mag_start
!2025-09-16_Multi_Spcon_J1_J2_Con1,2025-09-16 11:01:55,1,1000.92,mag_end
!2025-09-16_Multi_Spcon_J1_J2_Con1,2025-09-16 11:01:55,1,1000.97,mag_start
!2025-09-16_Multi_Spcon_J1_J2_Con1,2025-09-16 11:01:55,1,1002.62,mag_end
!2025-09-16_Multi_Spcon_J1_J2_Con1,2025-09-16 11:01:55,1,1003.46,mag_start
!2025-09-16_Multi_Spcon_J1_J2_Con1,2025-09-16 11:01:55,1,1003.82,mag_end
!2025-09-16_Multi_Spcon_J1_J2_Con1,2025-09-16 11:01:55,1,1004.93,mag_start
!2025-09-16_Multi_Spcon_J1_J2_Con1,2025-09-16 11:01:55,1,1004.94,mag_end
!2025-09-16_Multi_Spcon_J1_J2_Con1,2025-09-16 11:01:55,1,1005.10,mag_start
!2025-09-16_Multi_Spcon_J1_J2_Con1,2025-09-16 11:01:55,1,1005.11,mag_end
!2025-09-16_Multi_Spcon_J1_J2_Con1,2025-09-16 11:01:55,1,1011.16,mag_start
!2025-09-16_Multi_Spcon_J1_J2_Con1,2025-09-16 11:01:55,1,1011.90,mag_end
!2025-09-16_Multi_Spcon_J1_J2_Con1,2025-09-16 11:01:55,1,1016.60,mag_start
!2025-09-16_Multi_Spcon_J1_J2_Con1,2025-09-16 11:01:55,1,1016.66,mag_end
!2025-09-16_Multi_Spcon_J1_J2_Con1,2025-09-16 11:01:55,1,1017.03,mag_start
!2025-09-16_Multi_Spcon_J1_J2_Con1,2025-09-16 11:01:55,1,1019.78,mag_end
!2025-09-16_Multi_Spcon_J1_J2_Con1,2025-09-16 11:01:55,1,1020.01,mag_start
!2025-09-16_Multi_Spcon_J1_J2_Con1,2025-09-16 11:01:55,1,1022.46,mag_end
!2025-09-16_Multi_Spcon_J1_J2_Con1,2025-09-16 11:01:55,1,1022.63,mag_start
!2025-09-16_Multi_Spcon_J1_J2_Con1,2025-09-16 11:01:55,1,1024.34,mag_end
!2025-09-16_Multi_Spcon_J1_J2_Con1,2025-09-16 11:01:55,1,1035.99,mag_start
!2025-09-16_Multi_Spcon_J1_J2_Con1,2025-09-16 11:01:55,1,1036.02,mag_end
!2025-09-16_Multi_Spcon_J1_J2_Con1,2025-09-16 11:01:55,1,1038.25,mag_start
!2025-09-16_Multi_Spcon_J1_J2_Con1,2025-09-16 11:01:55,1,1038.28,mag_end
!2025-09-16_Multi_Spcon_J1_J2_Con1,2025-09-16 11:01:55,1,1038.47,mag_start
!2025-09-16_Multi_Spcon_J1_J2_Con1,2025-09-16 11:01:55,1,1038.50,mag_end
!2025-09-16_Multi_Spcon_J1_J2_Con1,2025-09-16 11:01:55,1,1069.22,mag_start
!2025-09-16_Multi_Spcon_J1_J2_Con1,2025-09-16 11:01:55,1,1071.61,mag_end
!2025-09-16_Multi_Spcon_J1_J2_Con1,2025-09-16 11:01:55,1,1071.65,mag_start
!2025-09-16_Multi_Spcon_J1_J2_Con1,2025-09-16 11:01:55,1,1074.33,mag_end
!2025-09-16_Multi_Spcon_J1_J2_Con1,2025-09-16 11:01:55,1,1074.51,mag_start
!2025-09-16_Multi_Spcon_J1_J2_Con1,2025-09-16 11:01:55,1,1075.26,mag_end
!2025-09-16_Multi_Spcon_J1_J2_Con1,2025-09-16 11:01:55,1,1102.91,lowT_start
!2025-09-16_Multi_Spcon_J1_J2_Con1,2025-09-16 11:01:55,1,1112.91,lowT_end
!2025-09-16_Multi_Spcon_J1_J2_Con1,2025-09-16 11:01:55,1,1112.91,pelD_start
!2025-09-16_Multi_Spcon_J1_J2_Con1,2025-09-16 11:01:55,1,1112.92,pelD_end
!2025-09-16_Multi_Spcon_J1_J2_Con1,2025-09-16 11:01:55,1,1113.11,pelD_start
!2025-09-16_Multi_Spcon_J1_J2_Con1,2025-09-16 11:01:55,1,1113.12,pelD_end
!2025-09-16_Multi_Spcon_J1_J2_Con1,2025-09-16 11:01:55,1,1152.25,mag_start
!2025-09-16_Multi_Spcon_J1_J2_Con1,2025-09-16 11:01:55,1,1152.31,mag_end
!2025-09-16_Multi_Spcon_J1_J2_Con1,2025-09-16 11:01:55,1,1152.42,mag_start
!2025-09-16_Multi_Spcon_J1_J2_Con1,2025-09-16 11:01:55,1,1153.76,mag_end
!2025-09-16_Multi_Spcon_J1_J2_Con1,2025-09-16 11:01:55,1,1167.85,mag_start
!2025-09-16_Multi_Spcon_J1_J2_Con1,2025-09-16 11:01:55,1,1167.90,mag_end
!2025-09-16_Multi_Spcon_J1_J2_Con1,2025-09-16 11:01:55,1,1169.72,mag_start
!2025-09-16_Multi_Spcon_J1_J2_Con1,2025-09-16 11:01:55,1,1173.27,mag_end
!2025-09-16_Multi_Spcon_J1_J2_Con1,2025-09-16 11:01:55,1,1182.79,mag_start
!2025-09-16_Multi_Spcon_J1_J2_Con1,2025-09-16 11:01:55,1,1182.91,mag_end
!2025-09-16_Multi_Spcon_J1_J2_Con1,2025-09-16 11:01:55,1,1184.78,mag_start
!2025-09-16_Multi_Spcon_J1_J2_Con1,2025-09-16 11:01:55,1,1184.84,mag_end
!2025-09-16_Multi_Spcon_J1_J2_Con1,2025-09-16 11:01:55,1,1184.94,mag_start
!2025-09-16_Multi_Spcon_J1_J2_Con1,2025-09-16 11:01:55,1,1186.29,mag_end
!2025-09-16_Multi_Spcon_J1_J2_Con1,2025-09-16 11:01:55,1,1186.44,mag_start
!2025-09-16_Multi_Spcon_J1_J2_Con1,2025-09-16 11:01:55,1,1187.76,mag_end
!2025-09-16_Multi_Spcon_J1_J2_Con1,2025-09-16 11:01:55,1,1187.83,mag_start
!2025-09-16_Multi_Spcon_J1_J2_Con1,2025-09-16 11:01:55,1,1187.93,mag_end
!2025-09-16_Multi_Spcon_J1_J2_Con1,2025-09-16 11:01:55,1,1188.05,mag_start
!2025-09-16_Multi_Spcon_J1_J2_Con1,2025-09-16 11:01:55,1,1188.06,mag_end
!2025-09-16_Multi_Spcon_J1_J2_Con1,2025-09-16 11:01:55,1,1188.16,mag_start
!2025-09-16_Multi_Spcon_J1_J2_Con1,2025-09-16 11:01:55,1,1188.99,mag_end
!2025-09-16_Multi_Spcon_J1_J2_Con1,2025-09-16 11:01:55,1,1189.03,mag_start
!2025-09-16_Multi_Spcon_J1_J2_Con1,2025-09-16 11:01:55,1,1189.09,mag_end
!2025-09-16_Multi_Spcon_J1_J2_Con1,2025-09-16 11:01:55,1,1189.17,mag_start
!2025-09-16_Multi_Spcon_J1_J2_Con1,2025-09-16 11:01:55,1,1189.29,mag_end
!2025-09-16_Multi_Spcon_J1_J2_Con1,2025-09-16 11:01:55,1,1189.38,mag_start
!2025-09-16_Multi_Spcon_J1_J2_Con1,2025-09-16 11:01:55,1,1189.42,mag_end
!2025-09-16_Multi_Spcon_J1_J2_Con1,2025-09-16 11:01:55,1,1196.04,mag_start
!2025-09-16_Multi_Spcon_J1_J2_Con1,2025-09-16 11:01:55,1,1196.10,mag_end
!2025-09-16_Multi_Spcon_J1_J2_Con1,2025-09-16 11:01:55,1,1196.17,mag_start
!2025-09-16_Multi_Spcon_J1_J2_Con1,2025-09-16 11:01:55,1,1196.20,mag_end
!2025-09-16_Multi_Spcon_J1_J2_Con1,2025-09-16 11:01:55,1,1196.32,mag_start
!2025-09-16_Multi_Spcon_J1_J2_Con1,2025-09-16 11:01:55,1,1196.35,mag_end
!2025-09-16_Multi_Spcon_J1_J2_Con1,2025-09-16 11:01:55,1,1196.44,mag_start
!2025-09-16_Multi_Spcon_J1_J2_Con1,2025-09-16 11:01:55,1,1197.00,mag_end
!2025-09-16_Multi_Spcon_J1_J2_Con1,2025-09-16 11:01:55,1,1197.81,mag_start
!2025-09-16_Multi_Spcon_J1_J2_Con1,2025-09-16 11:01:55,1,1198.74,mag_end
!2025-09-16_Multi_Spcon_J1_J2_Con1,2025-09-16 11:01:55,1,1199.54,mag_start
!2025-09-16_Multi_Spcon_J1_J2_Con1,2025-09-16 11:01:55,1,1201.81,mag_end
!2025-09-16_Multi_Spcon_J1_J2_Con1,2025-09-16 11:01:55,1,1211.24,mag_start
!2025-09-16_Multi_Spcon_J1_J2_Con1,2025-09-16 11:01:55,1,1211.54,mag_end
!2025-09-16_Multi_Spcon_J1_J2_Con1,2025-09-16 11:01:55,1,1213.70,mag_start
!2025-09-16_Multi_Spcon_J1_J2_Con1,2025-09-16 11:01:55,1,1214.92,mag_end
!2025-09-16_Multi_Spcon_J1_J2_Con1,2025-09-16 11:01:55,1,1231.99,mag_start
!2025-09-16_Multi_Spcon_J1_J2_Con1,2025-09-16 11:01:55,1,1232.13,mag_end
!2025-09-16_Multi_Spcon_J1_J2_Con1,2025-09-16 11:01:55,1,1232.16,mag_start
!2025-09-16_Multi_Spcon_J1_J2_Con1,2025-09-16 11:01:55,1,1232.22,mag_end
!2025-09-16_Multi_Spcon_J1_J2_Con1,2025-09-16 11:01:55,1,1232.26,mag_start
!2025-09-16_Multi_Spcon_J1_J2_Con1,2025-09-16 11:01:55,1,1232.69,mag_end
!2025-09-16_Multi_Spcon_J1_J2_Con1,2025-09-16 11:01:55,1,1251.52,mag_start
!2025-09-16_Multi_Spcon_J1_J2_Con1,2025-09-16 11:01:55,1,1251.60,mag_end
!2025-09-16_Multi_Spcon_J1_J2_Con1,2025-09-16 11:01:55,1,1251.63,mag_start
!2025-09-16_Multi_Spcon_J1_J2_Con1,2025-09-16 11:01:55,1,1251.73,mag_end
!2025-09-16_Multi_Spcon_J1_J2_Con1,2025-09-16 11:01:55,1,1251.94,mag_start
!2025-09-16_Multi_Spcon_J1_J2_Con1,2025-09-16 11:01:55,1,1253.55,mag_end
!2025-09-16_Multi_Spcon_J1_J2_Con1,2025-09-16 11:01:55,1,1253.64,mag_start
!2025-09-16_Multi_Spcon_J1_J2_Con1,2025-09-16 11:01:55,1,1254.32,mag_end
!2025-09-16_Multi_Spcon_J1_J2_Con1,2025-09-16 11:01:55,1,1265.77,lowT_start
!2025-09-16_Multi_Spcon_J1_J2_Con1,2025-09-16 11:01:55,1,1275.77,lowT_end
!2025-09-16_Multi_Spcon_J1_J2_Con1,2025-09-16 11:01:55,1,1275.77,pelD_start
!2025-09-16_Multi_Spcon_J1_J2_Con1,2025-09-16 11:01:55,1,1275.78,pelD_end
!2025-09-16_Multi_Spcon_J1_J2_Con1,2025-09-16 11:01:55,1,1275.97,pelD_start
!2025-09-16_Multi_Spcon_J1_J2_Con1,2025-09-16 11:01:55,1,1275.98,pelD_end
!2025-09-16_Multi_Spcon_J1_J2_Con1,2025-09-16 11:01:55,1,1281.60,mag_start
!2025-09-16_Multi_Spcon_J1_J2_Con1,2025-09-16 11:01:55,1,1282.46,mag_end
!2025-09-16_Multi_Spcon_J1_J2_Con1,2025-09-16 11:01:55,1,1282.70,mag_start
!2025-09-16_Multi_Spcon_J1_J2_Con1,2025-09-16 11:01:55,1,1283.98,mag_end
!2025-09-16_Multi_Spcon_J1_J2_Con1,2025-09-16 11:01:55,1,1300.94,mag_start
!2025-09-16_Multi_Spcon_J1_J2_Con1,2025-09-16 11:01:55,1,1303.94,mag_end
!2025-09-16_Multi_Spcon_J1_J2_Con1,2025-09-16 11:01:55,1,1307.02,mag_start
!2025-09-16_Multi_Spcon_J1_J2_Con1,2025-09-16 11:01:55,1,1307.21,mag_end
!2025-09-16_Multi_Spcon_J1_J2_Con1,2025-09-16 11:01:55,1,1307.96,mag_start
!2025-09-16_Multi_Spcon_J1_J2_Con1,2025-09-16 11:01:55,1,1317.81,mag_end
!2025-09-16_Multi_Spcon_J1_J2_Con1,2025-09-16 11:01:55,1,1317.89,mag_start
!2025-09-16_Multi_Spcon_J1_J2_Con1,2025-09-16 11:01:55,1,1317.90,mag_end
!2025-09-16_Multi_Spcon_J1_J2_Con1,2025-09-16 11:01:55,1,1325.56,mag_start
!2025-09-16_Multi_Spcon_J1_J2_Con1,2025-09-16 11:01:55,1,1325.69,mag_end
!2025-09-16_Multi_Spcon_J1_J2_Con1,2025-09-16 11:01:55,1,1326.10,mag_start
!2025-09-16_Multi_Spcon_J1_J2_Con1,2025-09-16 11:01:55,1,1332.00,mag_end
!2025-09-16_Multi_Spcon_J1_J2_Con1,2025-09-16 11:01:55,1,1335.57,mag_start
!2025-09-16_Multi_Spcon_J1_J2_Con1,2025-09-16 11:01:55,1,1336.14,mag_end
!2025-09-16_Multi_Spcon_J1_J2_Con1,2025-09-16 11:01:55,1,1345.55,mag_start
!2025-09-16_Multi_Spcon_J1_J2_Con1,2025-09-16 11:01:55,1,1345.59,mag_end
!2025-09-16_Multi_Spcon_J1_J2_Con1,2025-09-16 11:01:55,1,1379.78,mag_start
!2025-09-16_Multi_Spcon_J1_J2_Con1,2025-09-16 11:01:55,1,1379.97,mag_end
!2025-09-16_Multi_Spcon_J1_J2_Con1,2025-09-16 11:01:55,1,1380.25,mag_start
!2025-09-16_Multi_Spcon_J1_J2_Con1,2025-09-16 11:01:55,1,1380.26,mag_end
!2025-09-16_Multi_Spcon_J1_J2_Con1,2025-09-16 11:01:55,1,1382.02,mag_start
!2025-09-16_Multi_Spcon_J1_J2_Con1,2025-09-16 11:01:55,1,1382.06,mag_end
!2025-09-16_Multi_Spcon_J1_J2_Con1,2025-09-16 11:01:55,1,1382.13,mag_start
!2025-09-16_Multi_Spcon_J1_J2_Con1,2025-09-16 11:01:55,1,1385.94,mag_end
!2025-09-16_Multi_Spcon_J1_J2_Con1,2025-09-16 11:01:55,1,1412.33,mag_start
!2025-09-16_Multi_Spcon_J1_J2_Con1,2025-09-16 11:01:55,1,1412.48,mag_end
!2025-09-16_Multi_Spcon_J1_J2_Con1,2025-09-16 11:01:55,1,1412.52,mag_start
!2025-09-16_Multi_Spcon_J1_J2_Con1,2025-09-16 11:01:55,1,1412.68,mag_end
!2025-09-16_Multi_Spcon_J1_J2_Con1,2025-09-16 11:01:55,1,1422.37,noise_start
!2025-09-16_Multi_Spcon_J1_J2_Con1,2025-09-16 11:01:55,1,1432.37,noise_end
!2025-09-16_Multi_Spcon_J1_J2_Con1,2025-09-16 11:01:55,1,1591.68,lowT_start
!2025-09-16_Multi_Spcon_J1_J2_Con1,2025-09-16 11:01:55,1,1601.68,lowT_end
!2025-09-16_Multi_Spcon_J1_J2_Con1,2025-09-16 11:01:55,1,1601.68,pelD_start
!2025-09-16_Multi_Spcon_J1_J2_Con1,2025-09-16 11:01:55,1,1601.69,pelD_end
!2025-09-16_Multi_Spcon_J1_J2_Con1,2025-09-16 11:01:55,1,1601.88,pelD_start
!2025-09-16_Multi_Spcon_J1_J2_Con1,2025-09-16 11:01:55,1,1601.89,pelD_end
!2025-09-16_Multi_Spcon_J1_J2_Con1,2025-09-16 11:01:55,1,1756.22,noise_start
!2025-09-16_Multi_Spcon_J1_J2_Con1,2025-09-16 11:01:55,1,1766.22,noise_end
!2025-09-16_Multi_Spcon_J1_J2_Con1,2025-09-16 11:01:55,1,1904.88,noise_start
!2025-09-16_Multi_Spcon_J1_J2_Con1,2025-09-16 11:01:55,1,1914.88,noise_end
!2025-09-16_Multi_Spcon_J1_J2_Con1,2025-09-16 11:01:55,1,2059.99,lowT_start
!2025-09-16_Multi_Spcon_J1_J2_Con1,2025-09-16 11:01:55,1,2069.99,lowT_end
!2025-09-16_Multi_Spcon_J1_J2_Con1,2025-09-16 11:01:55,1,2069.99,pelD_start
!2025-09-16_Multi_Spcon_J1_J2_Con1,2025-09-16 11:01:55,1,2070.00,pelD_end
!2025-09-16_Multi_Spcon_J1_J2_Con1,2025-09-16 11:01:55,1,2070.19,pelD_start
!2025-09-16_Multi_Spcon_J1_J2_Con1,2025-09-16 11:01:55,1,2070.20,pelD_end
!2025-09-16_Multi_Spcon_J1_J2_Con1,2025-09-16 11:01:55,1,2234.86,noise_start
!2025-09-16_Multi_Spcon_J1_J2_Con1,2025-09-16 11:01:55,1,2244.86,noise_end
!2025-09-16_Multi_Spcon_J1_J2_Con1,2025-09-16 11:01:55,1,2395.33,lowT_start
!2025-09-16_Multi_Spcon_J1_J2_Con1,2025-09-16 11:01:55,1,2405.33,lowT_end
!2025-09-16_Multi_Spcon_J1_J2_Con1,2025-09-16 11:01:55,1,2405.33,pelD_start
!2025-09-16_Multi_Spcon_J1_J2_Con1,2025-09-16 11:01:55,1,2405.34,pelD_end
!2025-09-16_Multi_Spcon_J1_J2_Con1,2025-09-16 11:01:55,1,2405.53,pelD_start
!2025-09-16_Multi_Spcon_J1_J2_Con1,2025-09-16 11:01:55,1,2405.54,pelD_end
!2025-09-16_Multi_Spcon_J1_J2_Con1,2025-09-16 11:01:55,1,2542.80,lowT_start
!2025-09-16_Multi_Spcon_J1_J2_Con1,2025-09-16 11:01:55,1,2552.80,lowT_end
!2025-09-16_Multi_Spcon_J1_J2_Con1,2025-09-16 11:01:55,1,2552.80,pelD_start
!2025-09-16_Multi_Spcon_J1_J2_Con1,2025-09-16 11:01:55,1,2552.81,pelD_end
!2025-09-16_Multi_Spcon_J1_J2_Con1,2025-09-16 11:01:55,1,2553.00,pelD_start
!2025-09-16_Multi_Spcon_J1_J2_Con1,2025-09-16 11:01:55,1,2553.01,pelD_end
!2025-09-16_Multi_Spcon_J1_J2_Con1,2025-09-16 11:01:55,1,2724.02,noise_start
!2025-09-16_Multi_Spcon_J1_J2_Con1,2025-09-16 11:01:55,1,2734.02,noise_end
!2025-09-16_Multi_Spcon_J1_J2_Con1,2025-09-16 11:01:55,1,2865.73,lowT_start
!2025-09-16_Multi_Spcon_J1_J2_Con1,2025-09-16 11:01:55,1,2875.73,lowT_end
!2025-09-16_Multi_Spcon_J1_J2_Con1,2025-09-16 11:01:55,1,2875.73,pelD_start
!2025-09-16_Multi_Spcon_J1_J2_Con1,2025-09-16 11:01:55,1,2875.74,pelD_end
!2025-09-16_Multi_Spcon_J1_J2_Con1,2025-09-16 11:01:55,1,2875.93,pelD_start
!2025-09-16_Multi_Spcon_J1_J2_Con1,2025-09-16 11:01:55,1,2875.94,pelD_end
!2025-09-16_Multi_Spcon_J1_J2_Con1,2025-09-16 11:01:55,1,3033.15,noise_start
!2025-09-16_Multi_Spcon_J1_J2_Con1,2025-09-16 11:01:55,1,3043.15,noise_end
!2025-09-16_Multi_Spcon_J1_J2_Con1,2025-09-16 11:01:55,1,3187.26,noise_start
!2025-09-16_Multi_Spcon_J1_J2_Con1,2025-09-16 11:01:55,1,3197.26,noise_end
!2025-09-16_Multi_Spcon_J1_J2_Con1,2025-09-16 11:01:55,1,3222.60,mag_start
!2025-09-16_Multi_Spcon_J1_J2_Con1,2025-09-16 11:01:55,1,3223.82,mag_end
!2025-09-16_Multi_Spcon_J1_J2_Con1,2025-09-16 11:01:55,1,3248.90,mag_start
!2025-09-16_Multi_Spcon_J1_J2_Con1,2025-09-16 11:01:55,1,3248.94,mag_end
!2025-09-16_Multi_Spcon_J1_J2_Con1,2025-09-16 11:01:55,1,3248.99,mag_start
!2025-09-16_Multi_Spcon_J1_J2_Con1,2025-09-16 11:01:55,1,3252.84,mag_end
!2025-09-16_Multi_Spcon_J1_J2_Con1,2025-09-16 11:01:55,1,3279.11,mag_start
!2025-09-16_Multi_Spcon_J1_J2_Con1,2025-09-16 11:01:55,1,3279.29,mag_end
!2025-09-16_Multi_Spcon_J1_J2_Con1,2025-09-16 11:01:55,1,3279.49,mag_start
!2025-09-16_Multi_Spcon_J1_J2_Con1,2025-09-16 11:01:55,1,3280.48,mag_end
!2025-09-16_Multi_Spcon_J1_J2_Con1,2025-09-16 11:01:55,1,3280.64,mag_start
!2025-09-16_Multi_Spcon_J1_J2_Con1,2025-09-16 11:01:55,1,3283.31,mag_end
!2025-09-16_Multi_Spcon_J1_J2_Con1,2025-09-16 11:01:55,1,3283.38,mag_start
!2025-09-16_Multi_Spcon_J1_J2_Con1,2025-09-16 11:01:55,1,3283.42,mag_end
!2025-09-16_Multi_Spcon_J1_J2_Con1,2025-09-16 11:01:55,1,3283.76,mag_start
!2025-09-16_Multi_Spcon_J1_J2_Con1,2025-09-16 11:01:55,1,3285.29,mag_end
!2025-09-16_Multi_Spcon_J1_J2_Con1,2025-09-16 11:01:55,1,3299.04,mag_start
!2025-09-16_Multi_Spcon_J1_J2_Con1,2025-09-16 11:01:55,1,3299.18,mag_end
!2025-09-16_Multi_Spcon_J1_J2_Con1,2025-09-16 11:01:55,1,3300.19,mag_start
!2025-09-16_Multi_Spcon_J1_J2_Con1,2025-09-16 11:01:55,1,3302.61,mag_end
!2025-09-16_Multi_Spcon_J1_J2_Con1,2025-09-16 11:01:55,1,3317.21,mag_start
!2025-09-16_Multi_Spcon_J1_J2_Con1,2025-09-16 11:01:55,1,3319.01,mag_end
!2025-09-16_Multi_Spcon_J1_J2_Con1,2025-09-16 11:01:55,1,3319.53,mag_start
!2025-09-16_Multi_Spcon_J1_J2_Con1,2025-09-16 11:01:55,1,3319.55,mag_end
!2025-09-16_Multi_Spcon_J1_J2_Con1,2025-09-16 11:01:55,1,3319.61,mag_start
!2025-09-16_Multi_Spcon_J1_J2_Con1,2025-09-16 11:01:55,1,3323.03,mag_end
!2025-09-16_Multi_Spcon_J1_J2_Con1,2025-09-16 11:01:55,1,3323.16,mag_start
!2025-09-16_Multi_Spcon_J1_J2_Con1,2025-09-16 11:01:55,1,3325.72,mag_end
!2025-09-16_Multi_Spcon_J1_J2_Con1,2025-09-16 11:01:55,1,3326.57,mag_start
!2025-09-16_Multi_Spcon_J1_J2_Con1,2025-09-16 11:01:55,1,3327.13,mag_end
!2025-09-16_Multi_Spcon_J1_J2_Con1,2025-09-16 11:01:55,1,3335.50,mag_start
!2025-09-16_Multi_Spcon_J1_J2_Con1,2025-09-16 11:01:55,1,3336.77,mag_end
!2025-09-16_Multi_Spcon_J1_J2_Con1,2025-09-16 11:01:55,1,3336.85,mag_start
!2025-09-16_Multi_Spcon_J1_J2_Con1,2025-09-16 11:01:55,1,3336.86,mag_end
!2025-09-16_Multi_Spcon_J1_J2_Con1,2025-09-16 11:01:55,1,3336.93,mag_start
!2025-09-16_Multi_Spcon_J1_J2_Con1,2025-09-16 11:01:55,1,3340.03,mag_end
!2025-09-16_Multi_Spcon_J1_J2_Con1,2025-09-16 11:01:55,1,3354.68,lowT_start
!2025-09-16_Multi_Spcon_J1_J2_Con1,2025-09-16 11:01:55,1,3364.68,lowT_end
!2025-09-16_Multi_Spcon_J1_J2_Con1,2025-09-16 11:01:55,1,3355.13,mag_start
!2025-09-16_Multi_Spcon_J1_J2_Con1,2025-09-16 11:01:55,1,3357.02,mag_end
!2025-09-16_Multi_Spcon_J1_J2_Con1,2025-09-16 11:01:55,1,3357.21,mag_start
!2025-09-16_Multi_Spcon_J1_J2_Con1,2025-09-16 11:01:55,1,3357.41,mag_end
!2025-09-16_Multi_Spcon_J1_J2_Con1,2025-09-16 11:01:55,1,3357.45,mag_start
!2025-09-16_Multi_Spcon_J1_J2_Con1,2025-09-16 11:01:55,1,3357.76,mag_end
!2025-09-16_Multi_Spcon_J1_J2_Con1,2025-09-16 11:01:55,1,3359.26,mag_start
!2025-09-16_Multi_Spcon_J1_J2_Con1,2025-09-16 11:01:55,1,3360.51,mag_end
!2025-09-16_Multi_Spcon_J1_J2_Con1,2025-09-16 11:01:55,1,3360.57,mag_start
!2025-09-16_Multi_Spcon_J1_J2_Con1,2025-09-16 11:01:55,1,3364.27,mag_end
!2025-09-16_Multi_Spcon_J1_J2_Con1,2025-09-16 11:01:55,1,3364.68,pelD_start
!2025-09-16_Multi_Spcon_J1_J2_Con1,2025-09-16 11:01:55,1,3364.69,pelD_end
!2025-09-16_Multi_Spcon_J1_J2_Con1,2025-09-16 11:01:55,1,3364.88,pelD_start
!2025-09-16_Multi_Spcon_J1_J2_Con1,2025-09-16 11:01:55,1,3364.89,pelD_end
!2025-09-16_Multi_Spcon_J1_J2_Con1,2025-09-16 11:01:55,1,3365.39,mag_start
!2025-09-16_Multi_Spcon_J1_J2_Con1,2025-09-16 11:01:55,1,3365.66,mag_end
!2025-09-16_Multi_Spcon_J1_J2_Con1,2025-09-16 11:01:55,1,3365.71,mag_start
!2025-09-16_Multi_Spcon_J1_J2_Con1,2025-09-16 11:01:55,1,3365.78,mag_end
!2025-09-16_Multi_Spcon_J1_J2_Con1,2025-09-16 11:01:55,1,3365.81,mag_start
!2025-09-16_Multi_Spcon_J1_J2_Con1,2025-09-16 11:01:55,1,3370.13,mag_end
!2025-09-16_Multi_Spcon_J1_J2_Con1,2025-09-16 11:01:55,1,3370.88,mag_start
!2025-09-16_Multi_Spcon_J1_J2_Con1,2025-09-16 11:01:55,1,3370.99,mag_end
!2025-09-16_Multi_Spcon_J1_J2_Con1,2025-09-16 11:01:55,1,3371.04,mag_start
!2025-09-16_Multi_Spcon_J1_J2_Con1,2025-09-16 11:01:55,1,3371.11,mag_end
!2025-09-16_Multi_Spcon_J1_J2_Con1,2025-09-16 11:01:55,1,3374.98,mag_start
!2025-09-16_Multi_Spcon_J1_J2_Con1,2025-09-16 11:01:55,1,3375.82,mag_end
!2025-09-16_Multi_Spcon_J1_J2_Con1,2025-09-16 11:01:55,1,3378.84,mag_start
!2025-09-16_Multi_Spcon_J1_J2_Con1,2025-09-16 11:01:55,1,3382.73,mag_end
!2025-09-16_Multi_Spcon_J1_J2_Con1,2025-09-16 11:01:55,1,3382.83,mag_start
!2025-09-16_Multi_Spcon_J1_J2_Con1,2025-09-16 11:01:55,1,3382.89,mag_end
!2025-09-16_Multi_Spcon_J1_J2_Con1,2025-09-16 11:01:55,1,3383.02,mag_start
!2025-09-16_Multi_Spcon_J1_J2_Con1,2025-09-16 11:01:55,1,3384.39,mag_end
!2025-09-16_Multi_Spcon_J1_J2_Con1,2025-09-16 11:01:55,1,3384.48,mag_start
!2025-09-16_Multi_Spcon_J1_J2_Con1,2025-09-16 11:01:55,1,3386.36,mag_end
!2025-09-16_Multi_Spcon_J1_J2_Con1,2025-09-16 11:01:55,1,3402.38,mag_start
!2025-09-16_Multi_Spcon_J1_J2_Con1,2025-09-16 11:01:55,1,3405.84,mag_end
!2025-09-16_Multi_Spcon_J1_J2_Con1,2025-09-16 11:01:55,1,3407.77,mag_start
!2025-09-16_Multi_Spcon_J1_J2_Con1,2025-09-16 11:01:55,1,3408.00,mag_end
!2025-09-16_Multi_Spcon_J1_J2_Con1,2025-09-16 11:01:55,1,3408.23,mag_start
!2025-09-16_Multi_Spcon_J1_J2_Con1,2025-09-16 11:01:55,1,3408.88,mag_end
!2025-09-16_Multi_Spcon_J1_J2_Con1,2025-09-16 11:01:55,1,3426.39,mag_start
!2025-09-16_Multi_Spcon_J1_J2_Con1,2025-09-16 11:01:55,1,3426.41,mag_end
!2025-09-16_Multi_Spcon_J1_J2_Con1,2025-09-16 11:01:55,1,3426.55,mag_start
!2025-09-16_Multi_Spcon_J1_J2_Con1,2025-09-16 11:01:55,1,3426.70,mag_end
!2025-09-16_Multi_Spcon_J1_J2_Con1,2025-09-16 11:01:55,1,3426.88,mag_start
!2025-09-16_Multi_Spcon_J1_J2_Con1,2025-09-16 11:01:55,1,3428.15,mag_end
!2025-09-16_Multi_Spcon_J1_J2_Con1,2025-09-16 11:01:55,1,3502.55,mag_start
!2025-09-16_Multi_Spcon_J1_J2_Con1,2025-09-16 11:01:55,1,3502.97,mag_end
!2025-09-16_Multi_Spcon_J1_J2_Con1,2025-09-16 11:01:55,1,3503.56,mag_start
!2025-09-16_Multi_Spcon_J1_J2_Con1,2025-09-16 11:01:55,1,3503.72,mag_end
!2025-09-16_Multi_Spcon_J1_J2_Con1,2025-09-16 11:01:55,1,3503.97,mag_start
!2025-09-16_Multi_Spcon_J1_J2_Con1,2025-09-16 11:01:55,1,3505.23,mag_end
!2025-09-16_Multi_Spcon_J1_J2_Con1,2025-09-16 11:01:55,1,3505.49,mag_start
!2025-09-16_Multi_Spcon_J1_J2_Con1,2025-09-16 11:01:55,1,3505.80,mag_end
!2025-09-16_Multi_Spcon_J1_J2_Con1,2025-09-16 11:01:55,1,3506.56,mag_start
!2025-09-16_Multi_Spcon_J1_J2_Con1,2025-09-16 11:01:55,1,3507.22,mag_end
!2025-09-16_Multi_Spcon_J1_J2_Con1,2025-09-16 11:01:55,1,3531.87,mag_start
!2025-09-16_Multi_Spcon_J1_J2_Con1,2025-09-16 11:01:55,1,3531.93,mag_end
!2025-09-16_Multi_Spcon_J1_J2_Con1,2025-09-16 11:01:55,1,3532.41,mag_start
!2025-09-16_Multi_Spcon_J1_J2_Con1,2025-09-16 11:01:55,1,3532.58,mag_end
!2025-09-16_Multi_Spcon_J1_J2_Con1,2025-09-16 11:01:55,1,3533.62,noise_start
!2025-09-16_Multi_Spcon_J1_J2_Con1,2025-09-16 11:01:55,1,3543.62,noise_end
!2025-09-16_Multi_Spcon_J1_J2_Con1,2025-09-16 11:01:55,1,3533.86,mag_start
!2025-09-16_Multi_Spcon_J1_J2_Con1,2025-09-16 11:01:55,1,3533.92,mag_end
!2025-09-16_Multi_Spcon_J1_J2_Con1,2025-09-16 11:01:55,1,3533.94,mag_start
!2025-09-16_Multi_Spcon_J1_J2_Con1,2025-09-16 11:01:55,1,3533.96,mag_end
!2025-09-16_Multi_Spcon_J1_J2_Con1,2025-09-16 11:01:55,1,3533.98,mag_start
!2025-09-16_Multi_Spcon_J1_J2_Con1,2025-09-16 11:01:55,1,3534.04,mag_end
!2025-09-16_Multi_Spcon_J1_J2_Con1,2025-09-16 11:01:55,1,3534.10,mag_start
!2025-09-16_Multi_Spcon_J1_J2_Con1,2025-09-16 11:01:55,1,3534.16,mag_end
!2025-09-16_Multi_Spcon_J1_J2_Con1,2025-09-16 11:01:55,1,3534.83,mag_start
!2025-09-16_Multi_Spcon_J1_J2_Con1,2025-09-16 11:01:55,1,3540.52,mag_end
!2025-09-16_Multi_Spcon_J1_J2_Con1,2025-09-16 11:01:55,1,3540.56,mag_start
!2025-09-16_Multi_Spcon_J1_J2_Con1,2025-09-16 11:01:55,1,3541.11,mag_end
!2025-09-16_Multi_Spcon_J1_J2_Con1,2025-09-16 11:01:55,1,3541.23,mag_start
!2025-09-16_Multi_Spcon_J1_J2_Con1,2025-09-16 11:01:55,1,3543.91,mag_end
!2025-09-16_Multi_Spcon_J1_J2_Con1,2025-09-16 11:01:55,1,3548.09,mag_start
!2025-09-16_Multi_Spcon_J1_J2_Con1,2025-09-16 11:01:55,1,3548.16,mag_end
!2025-09-16_Multi_Spcon_J1_J2_Con1,2025-09-16 11:01:55,1,3548.18,mag_start
!2025-09-16_Multi_Spcon_J1_J2_Con1,2025-09-16 11:01:55,1,3548.89,mag_end
!2025-09-16_Multi_Spcon_J1_J2_Con1,2025-09-16 11:01:55,1,3550.34,mag_start
!2025-09-16_Multi_Spcon_J1_J2_Con1,2025-09-16 11:01:55,1,3550.93,mag_end
!2025-09-16_Multi_Spcon_J1_J2_Con1,2025-09-16 11:01:55,1,3550.95,mag_start
!2025-09-16_Multi_Spcon_J1_J2_Con1,2025-09-16 11:01:55,1,3551.32,mag_end
!2025-09-16_Multi_Spcon_J1_J2_Con1,2025-09-16 11:01:55,1,3560.19,mag_start
!2025-09-16_Multi_Spcon_J1_J2_Con1,2025-09-16 11:01:55,1,3560.97,mag_end
!2025-09-16_Multi_Spcon_J1_J2_Con1,2025-09-16 11:01:55,1,3562.00,mag_start
!2025-09-16_Multi_Spcon_J1_J2_Con1,2025-09-16 11:01:55,1,3572.16,mag_end
!2025-09-16_Multi_Spcon_J1_J2_Con1,2025-09-16 11:01:55,1,3572.45,mag_start
!2025-09-16_Multi_Spcon_J1_J2_Con1,2025-09-16 11:01:55,1,3573.05,mag_end
!2025-09-16_Multi_Spcon_J1_J2_Con1,2025-09-16 11:01:55,1,3573.18,mag_start
!2025-09-16_Multi_Spcon_J1_J2_Con1,2025-09-16 11:01:55,1,3573.26,mag_end
!2025-09-16_Multi_Spcon_J1_J2_Con1,2025-09-16 11:01:55,1,3592.64,mag_start
!2025-09-16_Multi_Spcon_J1_J2_Con1,2025-09-16 11:01:55,1,3592.74,mag_end
!2025-09-16_Multi_Spcon_J1_J2_Con1,2025-09-16 11:01:55,1,3592.80,mag_start
!2025-09-16_Multi_Spcon_J1_J2_Con1,2025-09-16 11:01:55,1,3592.90,mag_end
!2025-09-16_Multi_Spcon_J1_J2_Con1,2025-09-16 11:01:55,1,3593.92,mag_start
!2025-09-16_Multi_Spcon_J1_J2_Con1,2025-09-16 11:01:55,1,3597.70,mag_end
!2025-09-16_Multi_Spcon_J1_J2_Con1,2025-09-16 11:01:55,1,3607.55,mag_start
!2025-09-16_Multi_Spcon_J1_J2_Con1,2025-09-16 11:01:55,1,3608.28,mag_end
!2025-09-16_Multi_Spcon_J1_J2_Con1,2025-09-16 11:01:55,1,3608.36,mag_start
!2025-09-16_Multi_Spcon_J1_J2_Con1,2025-09-16 11:01:55,1,3608.84,mag_end
!2025-09-16_Multi_Spcon_J1_J2_Con1,2025-09-16 11:01:55,1,3612.27,mag_start
!2025-09-16_Multi_Spcon_J1_J2_Con1,2025-09-16 11:01:55,1,3615.57,mag_end
!2025-09-16_Multi_Spcon_J1_J2_Con1,2025-09-16 11:01:55,1,3681.59,lowT_start
!2025-09-16_Multi_Spcon_J1_J2_Con1,2025-09-16 11:01:55,1,3691.59,lowT_end
!2025-09-16_Multi_Spcon_J1_J2_Con1,2025-09-16 11:01:55,1,3691.59,pelD_start
!2025-09-16_Multi_Spcon_J1_J2_Con1,2025-09-16 11:01:55,1,3691.60,pelD_end
!2025-09-16_Multi_Spcon_J1_J2_Con1,2025-09-16 11:01:55,1,3691.79,pelD_start
!2025-09-16_Multi_Spcon_J1_J2_Con1,2025-09-16 11:01:55,1,3691.80,pelD_end
!2025-09-16_Multi_Spcon_J1_J2_Con1,2025-09-16 11:01:55,1,3695.94,mag_start
!2025-09-16_Multi_Spcon_J1_J2_Con1,2025-09-16 11:01:55,1,3698.35,mag_end
!2025-09-16_Multi_Spcon_J1_J2_Con1,2025-09-16 11:01:55,1,3700.76,mag_start
!2025-09-16_Multi_Spcon_J1_J2_Con1,2025-09-16 11:01:55,1,3701.35,mag_end
!2025-09-16_Multi_Spcon_J1_J2_Con1,2025-09-16 11:01:55,1,3701.52,mag_start
!2025-09-16_Multi_Spcon_J1_J2_Con1,2025-09-16 11:01:55,1,3701.69,mag_end
!2025-09-16_Multi_Spcon_J1_J2_Con1,2025-09-16 11:01:55,1,3701.93,mag_start
!2025-09-16_Multi_Spcon_J1_J2_Con1,2025-09-16 11:01:55,1,3703.41,mag_end
!2025-09-16_Multi_Spcon_J1_J2_Con1,2025-09-16 11:01:55,1,3703.58,mag_start
!2025-09-16_Multi_Spcon_J1_J2_Con1,2025-09-16 11:01:55,1,3705.47,mag_end
!2025-09-16_Multi_Spcon_J1_J2_Con1,2025-09-16 11:01:55,1,3705.59,mag_start
!2025-09-16_Multi_Spcon_J1_J2_Con1,2025-09-16 11:01:55,1,3705.88,mag_end
!2025-09-16_Multi_Spcon_J1_J2_Con1,2025-09-16 11:01:55,1,3718.21,mag_start
!2025-09-16_Multi_Spcon_J1_J2_Con1,2025-09-16 11:01:55,1,3718.36,mag_end
!2025-09-16_Multi_Spcon_J1_J2_Con1,2025-09-16 11:01:55,1,3718.37,mag_start
!2025-09-16_Multi_Spcon_J1_J2_Con1,2025-09-16 11:01:55,1,3718.69,mag_end
!2025-09-16_Multi_Spcon_J1_J2_Con1,2025-09-16 11:01:55,1,3718.92,mag_start
!2025-09-16_Multi_Spcon_J1_J2_Con1,2025-09-16 11:01:55,1,3719.06,mag_end
!2025-09-16_Multi_Spcon_J1_J2_Con1,2025-09-16 11:01:55,1,3719.72,mag_start
!2025-09-16_Multi_Spcon_J1_J2_Con1,2025-09-16 11:01:55,1,3719.99,mag_end
!2025-09-16_Multi_Spcon_J1_J2_Con1,2025-09-16 11:01:55,1,3720.02,mag_start
!2025-09-16_Multi_Spcon_J1_J2_Con1,2025-09-16 11:01:55,1,3721.13,mag_end
!2025-09-16_Multi_Spcon_J1_J2_Con1,2025-09-16 11:01:55,1,3721.76,mag_start
!2025-09-16_Multi_Spcon_J1_J2_Con1,2025-09-16 11:01:55,1,3724.35,mag_end
!2025-09-16_Multi_Spcon_J1_J2_Con1,2025-09-16 11:01:55,1,3750.00,mag_start
!2025-09-16_Multi_Spcon_J1_J2_Con1,2025-09-16 11:01:55,1,3750.02,mag_end
!2025-09-16_Multi_Spcon_J1_J2_Con1,2025-09-16 11:01:55,1,3750.04,mag_start
!2025-09-16_Multi_Spcon_J1_J2_Con1,2025-09-16 11:01:55,1,3750.27,mag_end
!2025-09-16_Multi_Spcon_J1_J2_Con1,2025-09-16 11:01:55,1,3750.63,mag_start
!2025-09-16_Multi_Spcon_J1_J2_Con1,2025-09-16 11:01:55,1,3751.80,mag_end
!2025-09-16_Multi_Spcon_J1_J2_Con1,2025-09-16 11:01:55,1,3752.60,mag_start
!2025-09-16_Multi_Spcon_J1_J2_Con1,2025-09-16 11:01:55,1,3752.97,mag_end
!2025-09-16_Multi_Spcon_J1_J2_Con1,2025-09-16 11:01:55,1,3753.28,mag_start
!2025-09-16_Multi_Spcon_J1_J2_Con1,2025-09-16 11:01:55,1,3754.43,mag_end
!2025-09-16_Multi_Spcon_J1_J2_Con1,2025-09-16 11:01:55,1,3770.79,mag_start
!2025-09-16_Multi_Spcon_J1_J2_Con1,2025-09-16 11:01:55,1,3771.24,mag_end
!2025-09-16_Multi_Spcon_J1_J2_Con1,2025-09-16 11:01:55,1,3771.94,mag_start
!2025-09-16_Multi_Spcon_J1_J2_Con1,2025-09-16 11:01:55,1,3774.63,mag_end
!2025-09-16_Multi_Spcon_J1_J2_Con1,2025-09-16 11:01:55,1,3775.35,mag_start
!2025-09-16_Multi_Spcon_J1_J2_Con1,2025-09-16 11:01:55,1,3775.38,mag_end
!2025-09-16_Multi_Spcon_J1_J2_Con1,2025-09-16 11:01:55,1,3775.46,mag_start
!2025-09-16_Multi_Spcon_J1_J2_Con1,2025-09-16 11:01:55,1,3775.58,mag_end
!2025-09-16_Multi_Spcon_J1_J2_Con1,2025-09-16 11:01:55,1,3823.25,mag_start
!2025-09-16_Multi_Spcon_J1_J2_Con1,2025-09-16 11:01:55,1,3823.92,mag_end
!2025-09-16_Multi_Spcon_J1_J2_Con1,2025-09-16 11:01:55,1,3824.15,mag_start
!2025-09-16_Multi_Spcon_J1_J2_Con1,2025-09-16 11:01:55,1,3824.29,mag_end
!2025-09-16_Multi_Spcon_J1_J2_Con1,2025-09-16 11:01:55,1,3824.59,mag_start
!2025-09-16_Multi_Spcon_J1_J2_Con1,2025-09-16 11:01:55,1,3826.99,mag_end
!2025-09-16_Multi_Spcon_J1_J2_Con1,2025-09-16 11:01:55,1,3827.28,mag_start
!2025-09-16_Multi_Spcon_J1_J2_Con1,2025-09-16 11:01:55,1,3834.88,mag_end
!2025-09-16_Multi_Spcon_J1_J2_Con1,2025-09-16 11:01:55,1,3834.90,mag_start
!2025-09-16_Multi_Spcon_J1_J2_Con1,2025-09-16 11:01:55,1,3834.91,mag_end
!2025-09-16_Multi_Spcon_J1_J2_Con1,2025-09-16 11:01:55,1,3835.39,mag_start
!2025-09-16_Multi_Spcon_J1_J2_Con1,2025-09-16 11:01:55,1,3835.43,mag_end
!2025-09-16_Multi_Spcon_J1_J2_Con1,2025-09-16 11:01:55,1,3835.44,mag_start
!2025-09-16_Multi_Spcon_J1_J2_Con1,2025-09-16 11:01:55,1,3836.35,mag_end
!2025-09-16_Multi_Spcon_J1_J2_Con1,2025-09-16 11:01:55,1,3844.85,lowT_start
!2025-09-16_Multi_Spcon_J1_J2_Con1,2025-09-16 11:01:55,1,3854.85,lowT_end
!2025-09-16_Multi_Spcon_J1_J2_Con1,2025-09-16 11:01:55,1,3847.38,mag_start
!2025-09-16_Multi_Spcon_J1_J2_Con1,2025-09-16 11:01:55,1,3847.43,mag_end
!2025-09-16_Multi_Spcon_J1_J2_Con1,2025-09-16 11:01:55,1,3847.44,mag_start
!2025-09-16_Multi_Spcon_J1_J2_Con1,2025-09-16 11:01:55,1,3847.46,mag_end
!2025-09-16_Multi_Spcon_J1_J2_Con1,2025-09-16 11:01:55,1,3848.09,mag_start
!2025-09-16_Multi_Spcon_J1_J2_Con1,2025-09-16 11:01:55,1,3852.83,mag_end
!2025-09-16_Multi_Spcon_J1_J2_Con1,2025-09-16 11:01:55,1,3854.85,pelD_start
!2025-09-16_Multi_Spcon_J1_J2_Con1,2025-09-16 11:01:55,1,3854.86,pelD_end
!2025-09-16_Multi_Spcon_J1_J2_Con1,2025-09-16 11:01:55,1,3855.05,pelD_start
!2025-09-16_Multi_Spcon_J1_J2_Con1,2025-09-16 11:01:55,1,3855.06,pelD_end
!2025-09-16_Multi_Spcon_J1_J2_Con1,2025-09-16 11:01:55,1,3859.04,mag_start
!2025-09-16_Multi_Spcon_J1_J2_Con1,2025-09-16 11:01:55,1,3860.69,mag_end
!2025-09-16_Multi_Spcon_J1_J2_Con1,2025-09-16 11:01:55,1,3867.07,mag_start
!2025-09-16_Multi_Spcon_J1_J2_Con1,2025-09-16 11:01:55,1,3867.11,mag_end
!2025-09-16_Multi_Spcon_J1_J2_Con1,2025-09-16 11:01:55,1,3867.55,mag_start
!2025-09-16_Multi_Spcon_J1_J2_Con1,2025-09-16 11:01:55,1,3874.61,mag_end
!2025-09-16_Multi_Spcon_J1_J2_Con1,2025-09-16 11:01:55,1,3874.64,mag_start
!2025-09-16_Multi_Spcon_J1_J2_Con1,2025-09-16 11:01:55,1,3877.26,mag_end
!2025-09-16_Multi_Spcon_J1_J2_Con1,2025-09-16 11:01:55,1,3877.33,mag_start
!2025-09-16_Multi_Spcon_J1_J2_Con1,2025-09-16 11:01:55,1,3877.42,mag_end
!2025-09-16_Multi_Spcon_J1_J2_Con1,2025-09-16 11:01:55,1,3886.17,mag_start
!2025-09-16_Multi_Spcon_J1_J2_Con1,2025-09-16 11:01:55,1,3888.19,mag_end
!2025-09-16_Multi_Spcon_J1_J2_Con1,2025-09-16 11:01:55,1,3895.31,mag_start
!2025-09-16_Multi_Spcon_J1_J2_Con1,2025-09-16 11:01:55,1,3895.54,mag_end
!2025-09-16_Multi_Spcon_J1_J2_Con1,2025-09-16 11:01:55,1,3906.77,mag_start
!2025-09-16_Multi_Spcon_J1_J2_Con1,2025-09-16 11:01:55,1,3908.71,mag_end
!2025-09-16_Multi_Spcon_J1_J2_Con1,2025-09-16 11:01:55,1,3908.83,mag_start
!2025-09-16_Multi_Spcon_J1_J2_Con1,2025-09-16 11:01:55,1,3912.31,mag_end
!2025-09-16_Multi_Spcon_J1_J2_Con1,2025-09-16 11:01:55,1,3912.49,mag_start
!2025-09-16_Multi_Spcon_J1_J2_Con1,2025-09-16 11:01:55,1,3914.28,mag_end
!2025-09-16_Multi_Spcon_J1_J2_Con1,2025-09-16 11:01:55,1,3914.63,mag_start
!2025-09-16_Multi_Spcon_J1_J2_Con1,2025-09-16 11:01:55,1,3914.78,mag_end
!2025-09-16_Multi_Spcon_J1_J2_Con1,2025-09-16 11:01:55,1,3929.60,mag_start
!2025-09-16_Multi_Spcon_J1_J2_Con1,2025-09-16 11:01:55,1,3929.84,mag_end
!2025-09-16_Multi_Spcon_J1_J2_Con1,2025-09-16 11:01:55,1,3930.11,mag_start
!2025-09-16_Multi_Spcon_J1_J2_Con1,2025-09-16 11:01:55,1,3933.87,mag_end
!2025-09-16_Multi_Spcon_J1_J2_Con1,2025-09-16 11:01:55,1,3934.52,mag_start
!2025-09-16_Multi_Spcon_J1_J2_Con1,2025-09-16 11:01:55,1,3934.56,mag_end
!2025-09-16_Multi_Spcon_J1_J2_Con1,2025-09-16 11:01:55,1,3935.18,mag_start
!2025-09-16_Multi_Spcon_J1_J2_Con1,2025-09-16 11:01:55,1,3935.54,mag_end
!2025-09-16_Multi_Spcon_J1_J2_Con1,2025-09-16 11:01:55,1,3984.13,mag_start
!2025-09-16_Multi_Spcon_J1_J2_Con1,2025-09-16 11:01:55,1,3984.35,mag_end
!2025-09-16_Multi_Spcon_J1_J2_Con1,2025-09-16 11:01:55,1,3990.86,mag_start
!2025-09-16_Multi_Spcon_J1_J2_Con1,2025-09-16 11:01:55,1,3991.23,mag_end
!2025-09-16_Multi_Spcon_J1_J2_Con1,2025-09-16 11:01:55,1,3992.18,mag_start
!2025-09-16_Multi_Spcon_J1_J2_Con1,2025-09-16 11:01:55,1,3992.30,mag_end
!2025-09-16_Multi_Spcon_J1_J2_Con1,2025-09-16 11:01:55,1,3999.77,noise_start
!2025-09-16_Multi_Spcon_J1_J2_Con1,2025-09-16 11:01:55,1,4009.77,noise_end
!2025-09-16_Multi_Spcon_J1_J2_Con1,2025-09-16 11:01:55,1,4051.23,mag_start
!2025-09-16_Multi_Spcon_J1_J2_Con1,2025-09-16 11:01:55,1,4051.25,mag_end
!2025-09-16_Multi_Spcon_J1_J2_Con1,2025-09-16 11:01:55,1,4051.28,mag_start
!2025-09-16_Multi_Spcon_J1_J2_Con1,2025-09-16 11:01:55,1,4051.35,mag_end
!2025-09-16_Multi_Spcon_J1_J2_Con1,2025-09-16 11:01:55,1,4061.22,mag_start
!2025-09-16_Multi_Spcon_J1_J2_Con1,2025-09-16 11:01:55,1,4061.45,mag_end
!2025-09-16_Multi_Spcon_J1_J2_Con1,2025-09-16 11:01:55,1,4063.80,mag_start
!2025-09-16_Multi_Spcon_J1_J2_Con1,2025-09-16 11:01:55,1,4063.83,mag_end
!2025-09-16_Multi_Spcon_J1_J2_Con1,2025-09-16 11:01:55,1,4090.30,mag_start
!2025-09-16_Multi_Spcon_J1_J2_Con1,2025-09-16 11:01:55,1,4090.33,mag_end
!2025-09-16_Multi_Spcon_J1_J2_Con1,2025-09-16 11:01:55,1,4159.44,mag_start
!2025-09-16_Multi_Spcon_J1_J2_Con1,2025-09-16 11:01:55,1,4159.50,mag_end
!2025-09-16_Multi_Spcon_J1_J2_Con1,2025-09-16 11:01:55,1,4159.52,mag_start
!2025-09-16_Multi_Spcon_J1_J2_Con1,2025-09-16 11:01:55,1,4159.61,mag_end
!2025-09-16_Multi_Spcon_J1_J2_Con1,2025-09-16 11:01:55,1,4175.63,lowT_start
!2025-09-16_Multi_Spcon_J1_J2_Con1,2025-09-16 11:01:55,1,4185.63,lowT_end
!2025-09-16_Multi_Spcon_J1_J2_Con1,2025-09-16 11:01:55,1,4177.98,mag_start
!2025-09-16_Multi_Spcon_J1_J2_Con1,2025-09-16 11:01:55,1,4178.27,mag_end
!2025-09-16_Multi_Spcon_J1_J2_Con1,2025-09-16 11:01:55,1,4178.91,mag_start
!2025-09-16_Multi_Spcon_J1_J2_Con1,2025-09-16 11:01:55,1,4178.97,mag_end
!2025-09-16_Multi_Spcon_J1_J2_Con1,2025-09-16 11:01:55,1,4179.03,mag_start
!2025-09-16_Multi_Spcon_J1_J2_Con1,2025-09-16 11:01:55,1,4179.04,mag_end
!2025-09-16_Multi_Spcon_J1_J2_Con1,2025-09-16 11:01:55,1,4179.24,mag_start
!2025-09-16_Multi_Spcon_J1_J2_Con1,2025-09-16 11:01:55,1,4179.29,mag_end
!2025-09-16_Multi_Spcon_J1_J2_Con1,2025-09-16 11:01:55,1,4182.75,mag_start
!2025-09-16_Multi_Spcon_J1_J2_Con1,2025-09-16 11:01:55,1,4182.81,mag_end
!2025-09-16_Multi_Spcon_J1_J2_Con1,2025-09-16 11:01:55,1,4183.56,mag_start
!2025-09-16_Multi_Spcon_J1_J2_Con1,2025-09-16 11:01:55,1,4184.58,mag_end
!2025-09-16_Multi_Spcon_J1_J2_Con1,2025-09-16 11:01:55,1,4184.63,mag_start
!2025-09-16_Multi_Spcon_J1_J2_Con1,2025-09-16 11:01:55,1,4187.70,mag_end
!2025-09-16_Multi_Spcon_J1_J2_Con1,2025-09-16 11:01:55,1,4185.63,pelD_start
!2025-09-16_Multi_Spcon_J1_J2_Con1,2025-09-16 11:01:55,1,4185.64,pelD_end
!2025-09-16_Multi_Spcon_J1_J2_Con1,2025-09-16 11:01:55,1,4185.83,pelD_start
!2025-09-16_Multi_Spcon_J1_J2_Con1,2025-09-16 11:01:55,1,4185.84,pelD_end
!2025-09-16_Multi_Spcon_J1_J2_Con1,2025-09-16 11:01:55,1,4199.29,mag_start
!2025-09-16_Multi_Spcon_J1_J2_Con1,2025-09-16 11:01:55,1,4199.31,mag_end
!2025-09-16_Multi_Spcon_J1_J2_Con1,2025-09-16 11:01:55,1,4199.36,mag_start
!2025-09-16_Multi_Spcon_J1_J2_Con1,2025-09-16 11:01:55,1,4200.47,mag_end
!2025-09-16_Multi_Spcon_J1_J2_Con1,2025-09-16 11:01:55,1,4216.74,mag_start
!2025-09-16_Multi_Spcon_J1_J2_Con1,2025-09-16 11:01:55,1,4216.79,mag_end
!2025-09-16_Multi_Spcon_J1_J2_Con1,2025-09-16 11:01:55,1,4216.83,mag_start
!2025-09-16_Multi_Spcon_J1_J2_Con1,2025-09-16 11:01:55,1,4220.85,mag_end
!2025-09-16_Multi_Spcon_J1_J2_Con1,2025-09-16 11:01:55,1,4243.88,mag_start
!2025-09-16_Multi_Spcon_J1_J2_Con1,2025-09-16 11:01:55,1,4244.16,mag_end
!2025-09-16_Multi_Spcon_J1_J2_Con1,2025-09-16 11:01:55,1,4244.44,mag_start
!2025-09-16_Multi_Spcon_J1_J2_Con1,2025-09-16 11:01:55,1,4245.38,mag_end
!2025-09-16_Multi_Spcon_J1_J2_Con1,2025-09-16 11:01:55,1,4245.55,mag_start
!2025-09-16_Multi_Spcon_J1_J2_Con1,2025-09-16 11:01:55,1,4245.68,mag_end
!2025-09-16_Multi_Spcon_J1_J2_Con1,2025-09-16 11:01:55,1,4247.54,mag_start
!2025-09-16_Multi_Spcon_J1_J2_Con1,2025-09-16 11:01:55,1,4249.62,mag_end
!2025-09-16_Multi_Spcon_J1_J2_Con1,2025-09-16 11:01:55,1,4294.47,mag_start
!2025-09-16_Multi_Spcon_J1_J2_Con1,2025-09-16 11:01:55,1,4294.76,mag_end
!2025-09-16_Multi_Spcon_J1_J2_Con1,2025-09-16 11:01:55,1,4296.47,mag_start
!2025-09-16_Multi_Spcon_J1_J2_Con1,2025-09-16 11:01:55,1,4296.76,mag_end
!2025-09-16_Multi_Spcon_J1_J2_Con1,2025-09-16 11:01:55,1,4296.93,mag_start
!2025-09-16_Multi_Spcon_J1_J2_Con1,2025-09-16 11:01:55,1,4298.12,mag_end
!2025-09-16_Multi_Spcon_J1_J2_Con1,2025-09-16 11:01:55,1,4298.30,mag_start
!2025-09-16_Multi_Spcon_J1_J2_Con1,2025-09-16 11:01:55,1,4298.35,mag_end
!2025-09-16_Multi_Spcon_J1_J2_Con1,2025-09-16 11:01:55,1,4298.53,mag_start
!2025-09-16_Multi_Spcon_J1_J2_Con1,2025-09-16 11:01:55,1,4299.69,mag_end
!2025-09-16_Multi_Spcon_J1_J2_Con1,2025-09-16 11:01:55,1,4300.32,mag_start
!2025-09-16_Multi_Spcon_J1_J2_Con1,2025-09-16 11:01:55,1,4300.34,mag_end
!2025-09-16_Multi_Spcon_J1_J2_Con1,2025-09-16 11:01:55,1,4300.40,mag_start
!2025-09-16_Multi_Spcon_J1_J2_Con1,2025-09-16 11:01:55,1,4300.59,mag_end
!2025-09-16_Multi_Spcon_J1_J2_Con1,2025-09-16 11:01:55,1,4309.83,mag_start
!2025-09-16_Multi_Spcon_J1_J2_Con1,2025-09-16 11:01:55,1,4309.95,mag_end
!2025-09-16_Multi_Spcon_J1_J2_Con1,2025-09-16 11:01:55,1,4314.31,mag_start
!2025-09-16_Multi_Spcon_J1_J2_Con1,2025-09-16 11:01:55,1,4314.86,mag_end
!2025-09-16_Multi_Spcon_J1_J2_Con1,2025-09-16 11:01:55,1,4315.21,mag_start
!2025-09-16_Multi_Spcon_J1_J2_Con1,2025-09-16 11:01:55,1,4316.65,mag_end
!2025-09-16_Multi_Spcon_J1_J2_Con1,2025-09-16 11:01:55,1,4317.16,mag_start
!2025-09-16_Multi_Spcon_J1_J2_Con1,2025-09-16 11:01:55,1,4317.28,mag_end
!2025-09-16_Multi_Spcon_J1_J2_Con1,2025-09-16 11:01:55,1,4333.22,noise_start
!2025-09-16_Multi_Spcon_J1_J2_Con1,2025-09-16 11:01:55,1,4343.22,noise_end
!2025-09-16_Multi_Spcon_J1_J2_Con1,2025-09-16 11:01:55,1,4340.37,mag_start
!2025-09-16_Multi_Spcon_J1_J2_Con1,2025-09-16 11:01:55,1,4344.95,mag_end
!2025-09-16_Multi_Spcon_J1_J2_Con1,2025-09-16 11:01:55,1,4348.41,mag_start
!2025-09-16_Multi_Spcon_J1_J2_Con1,2025-09-16 11:01:55,1,4348.42,mag_end
!2025-09-16_Multi_Spcon_J1_J2_Con1,2025-09-16 11:01:55,1,4357.76,mag_start
!2025-09-16_Multi_Spcon_J1_J2_Con1,2025-09-16 11:01:55,1,4358.12,mag_end
!2025-09-16_Multi_Spcon_J1_J2_Con1,2025-09-16 11:01:55,1,4412.47,mag_start
!2025-09-16_Multi_Spcon_J1_J2_Con1,2025-09-16 11:01:55,1,4412.78,mag_end
!2025-09-16_Multi_Spcon_J1_J2_Con1,2025-09-16 11:01:55,1,4412.80,mag_start
!2025-09-16_Multi_Spcon_J1_J2_Con1,2025-09-16 11:01:55,1,4413.15,mag_end
!2025-09-16_Multi_Spcon_J1_J2_Con1,2025-09-16 11:01:55,1,4416.03,mag_start
!2025-09-16_Multi_Spcon_J1_J2_Con1,2025-09-16 11:01:55,1,4418.96,mag_end
!2025-09-16_Multi_Spcon_J1_J2_Con1,2025-09-16 11:01:55,1,4419.02,mag_start
!2025-09-16_Multi_Spcon_J1_J2_Con1,2025-09-16 11:01:55,1,4420.84,mag_end
!2025-09-16_Multi_Spcon_J1_J2_Con1,2025-09-16 11:01:55,1,4420.99,mag_start
!2025-09-16_Multi_Spcon_J1_J2_Con1,2025-09-16 11:01:55,1,4421.53,mag_end
!2025-09-16_Multi_Spcon_J1_J2_Con1,2025-09-16 11:01:55,1,4466.07,mag_start
!2025-09-16_Multi_Spcon_J1_J2_Con1,2025-09-16 11:01:55,1,4466.40,mag_end
!2025-09-16_Multi_Spcon_J1_J2_Con1,2025-09-16 11:01:55,1,4472.36,mag_start
!2025-09-16_Multi_Spcon_J1_J2_Con1,2025-09-16 11:01:55,1,4472.38,mag_end
!2025-09-16_Multi_Spcon_J1_J2_Con1,2025-09-16 11:01:55,1,4486.45,noise_start
!2025-09-16_Multi_Spcon_J1_J2_Con1,2025-09-16 11:01:55,1,4496.45,noise_end
!2025-09-16_Multi_Spcon_J1_J2_Con1,2025-09-16 11:01:55,1,4652.49,lowT_start
!2025-09-16_Multi_Spcon_J1_J2_Con1,2025-09-16 11:01:55,1,4662.49,lowT_end
!2025-09-16_Multi_Spcon_J1_J2_Con1,2025-09-16 11:01:55,1,4662.49,pelD_start
!2025-09-16_Multi_Spcon_J1_J2_Con1,2025-09-16 11:01:55,1,4662.50,pelD_end
!2025-09-16_Multi_Spcon_J1_J2_Con1,2025-09-16 11:01:55,1,4662.69,pelD_start
!2025-09-16_Multi_Spcon_J1_J2_Con1,2025-09-16 11:01:55,1,4662.70,pelD_end
!2025-09-16_Multi_Spcon_J1_J2_Con1,2025-09-16 11:01:55,1,4805.22,noise_start
!2025-09-16_Multi_Spcon_J1_J2_Con1,2025-09-16 11:01:55,1,4815.22,noise_end
!2025-09-16_Multi_Spcon_J1_J2_Con1,2025-09-16 11:01:55,1,4981.97,lowT_start
!2025-09-16_Multi_Spcon_J1_J2_Con1,2025-09-16 11:01:55,1,4991.97,lowT_end
!2025-09-16_Multi_Spcon_J1_J2_Con1,2025-09-16 11:01:55,1,4991.97,pelD_start
!2025-09-16_Multi_Spcon_J1_J2_Con1,2025-09-16 11:01:55,1,4991.98,pelD_end
!2025-09-16_Multi_Spcon_J1_J2_Con1,2025-09-16 11:01:55,1,4992.17,pelD_start
!2025-09-16_Multi_Spcon_J1_J2_Con1,2025-09-16 11:01:55,1,4992.18,pelD_end
!2025-09-16_Multi_Spcon_J1_J2_Con1,2025-09-16 11:01:55,1,5132.02,lowT_start
!2025-09-16_Multi_Spcon_J1_J2_Con1,2025-09-16 11:01:55,1,5142.02,lowT_end
!2025-09-16_Multi_Spcon_J1_J2_Con1,2025-09-16 11:01:55,1,5142.02,pelD_start
!2025-09-16_Multi_Spcon_J1_J2_Con1,2025-09-16 11:01:55,1,5142.03,pelD_end
!2025-09-16_Multi_Spcon_J1_J2_Con1,2025-09-16 11:01:55,1,5142.22,pelD_start
!2025-09-16_Multi_Spcon_J1_J2_Con1,2025-09-16 11:01:55,1,5142.23,pelD_end
!2025-09-16_Multi_Spcon_J1_J2_Con1,2025-09-16 11:01:55,1,5310.85,noise_start
!2025-09-16_Multi_Spcon_J1_J2_Con1,2025-09-16 11:01:55,1,5320.85,noise_end
!2025-09-16_Multi_Spcon_J1_J2_Con1,2025-09-16 14:21:50,2,304.30,lowT_start
!2025-09-16_Multi_Spcon_J1_J2_Con1,2025-09-16 14:21:50,2,314.30,lowT_end
!2025-09-16_Multi_Spcon_J1_J2_Con1,2025-09-16 14:21:50,2,472.71,noise_start
!2025-09-16_Multi_Spcon_J1_J2_Con1,2025-09-16 14:21:50,2,482.71,noise_end
!2025-09-16_Multi_Spcon_J1_J2_Con1,2025-09-16 14:21:50,2,482.71,pelD_start
!2025-09-16_Multi_Spcon_J1_J2_Con1,2025-09-16 14:21:50,2,482.72,pelD_end
!2025-09-16_Multi_Spcon_J1_J2_Con1,2025-09-16 14:21:50,2,482.91,pelD_start
!2025-09-16_Multi_Spcon_J1_J2_Con1,2025-09-16 14:21:50,2,482.92,pelD_end
!2025-09-16_Multi_Spcon_J1_J2_Con1,2025-09-16 14:21:50,2,615.91,noise_start
!2025-09-16_Multi_Spcon_J1_J2_Con1,2025-09-16 14:21:50,2,625.91,noise_end
!2025-09-16_Multi_Spcon_J1_J2_Con1,2025-09-16 14:21:50,2,625.91,pelD_start
!2025-09-16_Multi_Spcon_J1_J2_Con1,2025-09-16 14:21:50,2,625.92,pelD_end
!2025-09-16_Multi_Spcon_J1_J2_Con1,2025-09-16 14:21:50,2,626.11,pelD_start
!2025-09-16_Multi_Spcon_J1_J2_Con1,2025-09-16 14:21:50,2,626.12,pelD_end
!2025-09-16_Multi_Spcon_J1_J2_Con1,2025-09-16 14:21:50,2,798.12,lowT_start
!2025-09-16_Multi_Spcon_J1_J2_Con1,2025-09-16 14:21:50,2,808.12,lowT_end
!2025-09-16_Multi_Spcon_J1_J2_Con1,2025-09-16 14:21:50,2,942.51,noise_start
!2025-09-16_Multi_Spcon_J1_J2_Con1,2025-09-16 14:21:50,2,952.51,noise_end
!2025-09-16_Multi_Spcon_J1_J2_Con1,2025-09-16 14:21:50,2,952.51,pelD_start
!2025-09-16_Multi_Spcon_J1_J2_Con1,2025-09-16 14:21:50,2,952.52,pelD_end
!2025-09-16_Multi_Spcon_J1_J2_Con1,2025-09-16 14:21:50,2,952.71,pelD_start
!2025-09-16_Multi_Spcon_J1_J2_Con1,2025-09-16 14:21:50,2,952.72,pelD_end
!2025-09-16_Multi_Spcon_J1_J2_Con1,2025-09-16 14:21:50,2,1117.77,lowT_start
!2025-09-16_Multi_Spcon_J1_J2_Con1,2025-09-16 14:21:50,2,1127.77,lowT_end
!2025-09-16_Multi_Spcon_J1_J2_Con1,2025-09-16 14:21:50,2,1271.89,lowT_start
!2025-09-16_Multi_Spcon_J1_J2_Con1,2025-09-16 14:21:50,2,1281.89,lowT_end
!2025-09-16_Multi_Spcon_J1_J2_Con1,2025-09-16 14:21:50,2,1346.63,mag_start
!2025-09-16_Multi_Spcon_J1_J2_Con1,2025-09-16 14:21:50,2,1346.71,mag_end
!2025-09-16_Multi_Spcon_J1_J2_Con1,2025-09-16 14:21:50,2,1346.79,mag_start
!2025-09-16_Multi_Spcon_J1_J2_Con1,2025-09-16 14:21:50,2,1346.83,mag_end
!2025-09-16_Multi_Spcon_J1_J2_Con1,2025-09-16 14:21:50,2,1347.22,mag_start
!2025-09-16_Multi_Spcon_J1_J2_Con1,2025-09-16 14:21:50,2,1347.27,mag_end
!2025-09-16_Multi_Spcon_J1_J2_Con1,2025-09-16 14:21:50,2,1347.34,mag_start
!2025-09-16_Multi_Spcon_J1_J2_Con1,2025-09-16 14:21:50,2,1348.94,mag_end
!2025-09-16_Multi_Spcon_J1_J2_Con1,2025-09-16 14:21:50,2,1348.96,mag_start
!2025-09-16_Multi_Spcon_J1_J2_Con1,2025-09-16 14:21:50,2,1349.26,mag_end
!2025-09-16_Multi_Spcon_J1_J2_Con1,2025-09-16 14:21:50,2,1349.82,mag_start
!2025-09-16_Multi_Spcon_J1_J2_Con1,2025-09-16 14:21:50,2,1356.28,mag_end
!2025-09-16_Multi_Spcon_J1_J2_Con1,2025-09-16 14:21:50,2,1370.11,mag_start
!2025-09-16_Multi_Spcon_J1_J2_Con1,2025-09-16 14:21:50,2,1370.18,mag_end
!2025-09-16_Multi_Spcon_J1_J2_Con1,2025-09-16 14:21:50,2,1370.29,mag_start
!2025-09-16_Multi_Spcon_J1_J2_Con1,2025-09-16 14:21:50,2,1370.42,mag_end
!2025-09-16_Multi_Spcon_J1_J2_Con1,2025-09-16 14:21:50,2,1370.63,mag_start
!2025-09-16_Multi_Spcon_J1_J2_Con1,2025-09-16 14:21:50,2,1371.97,mag_end
!2025-09-16_Multi_Spcon_J1_J2_Con1,2025-09-16 14:21:50,2,1372.22,mag_start
!2025-09-16_Multi_Spcon_J1_J2_Con1,2025-09-16 14:21:50,2,1372.30,mag_end
!2025-09-16_Multi_Spcon_J1_J2_Con1,2025-09-16 14:21:50,2,1377.08,mag_start
!2025-09-16_Multi_Spcon_J1_J2_Con1,2025-09-16 14:21:50,2,1377.17,mag_end
!2025-09-16_Multi_Spcon_J1_J2_Con1,2025-09-16 14:21:50,2,1377.34,mag_start
!2025-09-16_Multi_Spcon_J1_J2_Con1,2025-09-16 14:21:50,2,1378.81,mag_end
!2025-09-16_Multi_Spcon_J1_J2_Con1,2025-09-16 14:21:50,2,1378.87,mag_start
!2025-09-16_Multi_Spcon_J1_J2_Con1,2025-09-16 14:21:50,2,1378.98,mag_end
!2025-09-16_Multi_Spcon_J1_J2_Con1,2025-09-16 14:21:50,2,1379.49,mag_start
!2025-09-16_Multi_Spcon_J1_J2_Con1,2025-09-16 14:21:50,2,1381.39,mag_end
!2025-09-16_Multi_Spcon_J1_J2_Con1,2025-09-16 14:21:50,2,1381.50,mag_start
!2025-09-16_Multi_Spcon_J1_J2_Con1,2025-09-16 14:21:50,2,1381.57,mag_end
!2025-09-16_Multi_Spcon_J1_J2_Con1,2025-09-16 14:21:50,2,1381.65,mag_start
!2025-09-16_Multi_Spcon_J1_J2_Con1,2025-09-16 14:21:50,2,1383.79,mag_end
!2025-09-16_Multi_Spcon_J1_J2_Con1,2025-09-16 14:21:50,2,1390.75,mag_start
!2025-09-16_Multi_Spcon_J1_J2_Con1,2025-09-16 14:21:50,2,1391.82,mag_end
!2025-09-16_Multi_Spcon_J1_J2_Con1,2025-09-16 14:21:50,2,1394.45,mag_start
!2025-09-16_Multi_Spcon_J1_J2_Con1,2025-09-16 14:21:50,2,1394.71,mag_end
!2025-09-16_Multi_Spcon_J1_J2_Con1,2025-09-16 14:21:50,2,1394.74,mag_start
!2025-09-16_Multi_Spcon_J1_J2_Con1,2025-09-16 14:21:50,2,1394.93,mag_end
!2025-09-16_Multi_Spcon_J1_J2_Con1,2025-09-16 14:21:50,2,1395.61,mag_start
!2025-09-16_Multi_Spcon_J1_J2_Con1,2025-09-16 14:21:50,2,1396.08,mag_end
!2025-09-16_Multi_Spcon_J1_J2_Con1,2025-09-16 14:21:50,2,1396.88,mag_start
!2025-09-16_Multi_Spcon_J1_J2_Con1,2025-09-16 14:21:50,2,1396.96,mag_end
!2025-09-16_Multi_Spcon_J1_J2_Con1,2025-09-16 14:21:50,2,1401.78,mag_start
!2025-09-16_Multi_Spcon_J1_J2_Con1,2025-09-16 14:21:50,2,1403.18,mag_end
!2025-09-16_Multi_Spcon_J1_J2_Con1,2025-09-16 14:21:50,2,1403.72,mag_start
!2025-09-16_Multi_Spcon_J1_J2_Con1,2025-09-16 14:21:50,2,1403.73,mag_end
!2025-09-16_Multi_Spcon_J1_J2_Con1,2025-09-16 14:21:50,2,1412.69,mag_start
!2025-09-16_Multi_Spcon_J1_J2_Con1,2025-09-16 14:21:50,2,1412.73,mag_end
!2025-09-16_Multi_Spcon_J1_J2_Con1,2025-09-16 14:21:50,2,1412.82,mag_start
!2025-09-16_Multi_Spcon_J1_J2_Con1,2025-09-16 14:21:50,2,1413.02,mag_end
!2025-09-16_Multi_Spcon_J1_J2_Con1,2025-09-16 14:21:50,2,1416.77,mag_start
!2025-09-16_Multi_Spcon_J1_J2_Con1,2025-09-16 14:21:50,2,1417.66,mag_end
!2025-09-16_Multi_Spcon_J1_J2_Con1,2025-09-16 14:21:50,2,1425.91,mag_start
!2025-09-16_Multi_Spcon_J1_J2_Con1,2025-09-16 14:21:50,2,1427.65,mag_end
!2025-09-16_Multi_Spcon_J1_J2_Con1,2025-09-16 14:21:50,2,1428.33,mag_start
!2025-09-16_Multi_Spcon_J1_J2_Con1,2025-09-16 14:21:50,2,1429.04,mag_end
!2025-09-16_Multi_Spcon_J1_J2_Con1,2025-09-16 14:21:50,2,1429.72,mag_start
!2025-09-16_Multi_Spcon_J1_J2_Con1,2025-09-16 14:21:50,2,1432.10,mag_end
!2025-09-16_Multi_Spcon_J1_J2_Con1,2025-09-16 14:21:50,2,1443.58,noise_start
!2025-09-16_Multi_Spcon_J1_J2_Con1,2025-09-16 14:21:50,2,1453.58,noise_end
!2025-09-16_Multi_Spcon_J1_J2_Con1,2025-09-16 14:21:50,2,1453.58,pelD_start
!2025-09-16_Multi_Spcon_J1_J2_Con1,2025-09-16 14:21:50,2,1453.59,pelD_end
!2025-09-16_Multi_Spcon_J1_J2_Con1,2025-09-16 14:21:50,2,1453.78,pelD_start
!2025-09-16_Multi_Spcon_J1_J2_Con1,2025-09-16 14:21:50,2,1453.79,pelD_end
!2025-09-16_Multi_Spcon_J1_J2_Con1,2025-09-16 14:21:50,2,1477.03,mag_start
!2025-09-16_Multi_Spcon_J1_J2_Con1,2025-09-16 14:21:50,2,1483.19,mag_end
!2025-09-16_Multi_Spcon_J1_J2_Con1,2025-09-16 14:21:50,2,1488.59,mag_start
!2025-09-16_Multi_Spcon_J1_J2_Con1,2025-09-16 14:21:50,2,1492.32,mag_end
!2025-09-16_Multi_Spcon_J1_J2_Con1,2025-09-16 14:21:50,2,1492.37,mag_start
!2025-09-16_Multi_Spcon_J1_J2_Con1,2025-09-16 14:21:50,2,1492.40,mag_end
!2025-09-16_Multi_Spcon_J1_J2_Con1,2025-09-16 14:21:50,2,1492.78,mag_start
!2025-09-16_Multi_Spcon_J1_J2_Con1,2025-09-16 14:21:50,2,1493.17,mag_end
!2025-09-16_Multi_Spcon_J1_J2_Con1,2025-09-16 14:21:50,2,1493.53,mag_start
!2025-09-16_Multi_Spcon_J1_J2_Con1,2025-09-16 14:21:50,2,1495.33,mag_end
!2025-09-16_Multi_Spcon_J1_J2_Con1,2025-09-16 14:21:50,2,1496.57,mag_start
!2025-09-16_Multi_Spcon_J1_J2_Con1,2025-09-16 14:21:50,2,1496.59,mag_end
!2025-09-16_Multi_Spcon_J1_J2_Con1,2025-09-16 14:21:50,2,1498.08,mag_start
!2025-09-16_Multi_Spcon_J1_J2_Con1,2025-09-16 14:21:50,2,1498.84,mag_end
!2025-09-16_Multi_Spcon_J1_J2_Con1,2025-09-16 14:21:50,2,1498.94,mag_start
!2025-09-16_Multi_Spcon_J1_J2_Con1,2025-09-16 14:21:50,2,1499.96,mag_end
!2025-09-16_Multi_Spcon_J1_J2_Con1,2025-09-16 14:21:50,2,1499.97,mag_start
!2025-09-16_Multi_Spcon_J1_J2_Con1,2025-09-16 14:21:50,2,1501.85,mag_end
!2025-09-16_Multi_Spcon_J1_J2_Con1,2025-09-16 14:21:50,2,1502.53,mag_start
!2025-09-16_Multi_Spcon_J1_J2_Con1,2025-09-16 14:21:50,2,1504.44,mag_end
!2025-09-16_Multi_Spcon_J1_J2_Con1,2025-09-16 14:21:50,2,1523.92,mag_start
!2025-09-16_Multi_Spcon_J1_J2_Con1,2025-09-16 14:21:50,2,1524.67,mag_end
!2025-09-16_Multi_Spcon_J1_J2_Con1,2025-09-16 14:21:50,2,1525.80,mag_start
!2025-09-16_Multi_Spcon_J1_J2_Con1,2025-09-16 14:21:50,2,1526.85,mag_end
!2025-09-16_Multi_Spcon_J1_J2_Con1,2025-09-16 14:21:50,2,1526.97,mag_start
!2025-09-16_Multi_Spcon_J1_J2_Con1,2025-09-16 14:21:50,2,1527.67,mag_end
!2025-09-16_Multi_Spcon_J1_J2_Con1,2025-09-16 14:21:50,2,1529.11,mag_start
!2025-09-16_Multi_Spcon_J1_J2_Con1,2025-09-16 14:21:50,2,1529.42,mag_end
!2025-09-16_Multi_Spcon_J1_J2_Con1,2025-09-16 14:21:50,2,1530.53,mag_start
!2025-09-16_Multi_Spcon_J1_J2_Con1,2025-09-16 14:21:50,2,1531.67,mag_end
!2025-09-16_Multi_Spcon_J1_J2_Con1,2025-09-16 14:21:50,2,1532.05,mag_start
!2025-09-16_Multi_Spcon_J1_J2_Con1,2025-09-16 14:21:50,2,1532.86,mag_end
!2025-09-16_Multi_Spcon_J1_J2_Con1,2025-09-16 14:21:50,2,1533.70,mag_start
!2025-09-16_Multi_Spcon_J1_J2_Con1,2025-09-16 14:21:50,2,1534.17,mag_end
!2025-09-16_Multi_Spcon_J1_J2_Con1,2025-09-16 14:21:50,2,1534.19,mag_start
!2025-09-16_Multi_Spcon_J1_J2_Con1,2025-09-16 14:21:50,2,1534.20,mag_end
!2025-09-16_Multi_Spcon_J1_J2_Con1,2025-09-16 14:21:50,2,1534.39,mag_start
!2025-09-16_Multi_Spcon_J1_J2_Con1,2025-09-16 14:21:50,2,1536.70,mag_end
!2025-09-16_Multi_Spcon_J1_J2_Con1,2025-09-16 14:21:50,2,1543.43,mag_start
!2025-09-16_Multi_Spcon_J1_J2_Con1,2025-09-16 14:21:50,2,1543.82,mag_end
!2025-09-16_Multi_Spcon_J1_J2_Con1,2025-09-16 14:21:50,2,1553.78,mag_start
!2025-09-16_Multi_Spcon_J1_J2_Con1,2025-09-16 14:21:50,2,1554.08,mag_end
!2025-09-16_Multi_Spcon_J1_J2_Con1,2025-09-16 14:21:50,2,1554.47,mag_start
!2025-09-16_Multi_Spcon_J1_J2_Con1,2025-09-16 14:21:50,2,1554.51,mag_end
!2025-09-16_Multi_Spcon_J1_J2_Con1,2025-09-16 14:21:50,2,1554.60,mag_start
!2025-09-16_Multi_Spcon_J1_J2_Con1,2025-09-16 14:21:50,2,1554.68,mag_end
!2025-09-16_Multi_Spcon_J1_J2_Con1,2025-09-16 14:21:50,2,1554.71,mag_start
!2025-09-16_Multi_Spcon_J1_J2_Con1,2025-09-16 14:21:50,2,1554.79,mag_end
!2025-09-16_Multi_Spcon_J1_J2_Con1,2025-09-16 14:21:50,2,1555.03,mag_start
!2025-09-16_Multi_Spcon_J1_J2_Con1,2025-09-16 14:21:50,2,1555.04,mag_end
!2025-09-16_Multi_Spcon_J1_J2_Con1,2025-09-16 14:21:50,2,1555.95,mag_start
!2025-09-16_Multi_Spcon_J1_J2_Con1,2025-09-16 14:21:50,2,1556.20,mag_end
!2025-09-16_Multi_Spcon_J1_J2_Con1,2025-09-16 14:21:50,2,1556.22,mag_start
!2025-09-16_Multi_Spcon_J1_J2_Con1,2025-09-16 14:21:50,2,1556.43,mag_end
!2025-09-16_Multi_Spcon_J1_J2_Con1,2025-09-16 14:21:50,2,1556.72,mag_start
!2025-09-16_Multi_Spcon_J1_J2_Con1,2025-09-16 14:21:50,2,1556.92,mag_end
!2025-09-16_Multi_Spcon_J1_J2_Con1,2025-09-16 14:21:50,2,1557.41,mag_start
!2025-09-16_Multi_Spcon_J1_J2_Con1,2025-09-16 14:21:50,2,1558.21,mag_end
!2025-09-16_Multi_Spcon_J1_J2_Con1,2025-09-16 14:21:50,2,1558.30,mag_start
!2025-09-16_Multi_Spcon_J1_J2_Con1,2025-09-16 14:21:50,2,1559.13,mag_end
!2025-09-16_Multi_Spcon_J1_J2_Con1,2025-09-16 14:21:50,2,1560.89,mag_start
!2025-09-16_Multi_Spcon_J1_J2_Con1,2025-09-16 14:21:50,2,1561.13,mag_end
!2025-09-16_Multi_Spcon_J1_J2_Con1,2025-09-16 14:21:50,2,1561.16,mag_start
!2025-09-16_Multi_Spcon_J1_J2_Con1,2025-09-16 14:21:50,2,1562.21,mag_end
!2025-09-16_Multi_Spcon_J1_J2_Con1,2025-09-16 14:21:50,2,1562.36,mag_start
!2025-09-16_Multi_Spcon_J1_J2_Con1,2025-09-16 14:21:50,2,1562.45,mag_end
!2025-09-16_Multi_Spcon_J1_J2_Con1,2025-09-16 14:21:50,2,1562.75,mag_start
!2025-09-16_Multi_Spcon_J1_J2_Con1,2025-09-16 14:21:50,2,1563.41,mag_end
!2025-09-16_Multi_Spcon_J1_J2_Con1,2025-09-16 14:21:50,2,1563.58,mag_start
!2025-09-16_Multi_Spcon_J1_J2_Con1,2025-09-16 14:21:50,2,1564.08,mag_end
!2025-09-16_Multi_Spcon_J1_J2_Con1,2025-09-16 14:21:50,2,1564.81,mag_start
!2025-09-16_Multi_Spcon_J1_J2_Con1,2025-09-16 14:21:50,2,1564.88,mag_end
!2025-09-16_Multi_Spcon_J1_J2_Con1,2025-09-16 14:21:50,2,1566.42,mag_start
!2025-09-16_Multi_Spcon_J1_J2_Con1,2025-09-16 14:21:50,2,1566.59,mag_end
!2025-09-16_Multi_Spcon_J1_J2_Con1,2025-09-16 14:21:50,2,1566.75,mag_start
!2025-09-16_Multi_Spcon_J1_J2_Con1,2025-09-16 14:21:50,2,1566.99,mag_end
!2025-09-16_Multi_Spcon_J1_J2_Con1,2025-09-16 14:21:50,2,1567.04,mag_start
!2025-09-16_Multi_Spcon_J1_J2_Con1,2025-09-16 14:21:50,2,1569.66,mag_end
!2025-09-16_Multi_Spcon_J1_J2_Con1,2025-09-16 14:21:50,2,1571.63,mag_start
!2025-09-16_Multi_Spcon_J1_J2_Con1,2025-09-16 14:21:50,2,1571.70,mag_end
!2025-09-16_Multi_Spcon_J1_J2_Con1,2025-09-16 14:21:50,2,1571.83,mag_start
!2025-09-16_Multi_Spcon_J1_J2_Con1,2025-09-16 14:21:50,2,1571.88,mag_end
!2025-09-16_Multi_Spcon_J1_J2_Con1,2025-09-16 14:21:50,2,1572.04,mag_start
!2025-09-16_Multi_Spcon_J1_J2_Con1,2025-09-16 14:21:50,2,1572.07,mag_end
!2025-09-16_Multi_Spcon_J1_J2_Con1,2025-09-16 14:21:50,2,1572.28,mag_start
!2025-09-16_Multi_Spcon_J1_J2_Con1,2025-09-16 14:21:50,2,1572.93,mag_end
!2025-09-16_Multi_Spcon_J1_J2_Con1,2025-09-16 14:21:50,2,1573.41,mag_start
!2025-09-16_Multi_Spcon_J1_J2_Con1,2025-09-16 14:21:50,2,1573.76,mag_end
!2025-09-16_Multi_Spcon_J1_J2_Con1,2025-09-16 14:21:50,2,1574.32,mag_start
!2025-09-16_Multi_Spcon_J1_J2_Con1,2025-09-16 14:21:50,2,1574.56,mag_end
!2025-09-16_Multi_Spcon_J1_J2_Con1,2025-09-16 14:21:50,2,1574.58,mag_start
!2025-09-16_Multi_Spcon_J1_J2_Con1,2025-09-16 14:21:50,2,1575.11,mag_end
!2025-09-16_Multi_Spcon_J1_J2_Con1,2025-09-16 14:21:50,2,1576.20,mag_start
!2025-09-16_Multi_Spcon_J1_J2_Con1,2025-09-16 14:21:50,2,1576.52,mag_end
!2025-09-16_Multi_Spcon_J1_J2_Con1,2025-09-16 14:21:50,2,1576.62,mag_start
!2025-09-16_Multi_Spcon_J1_J2_Con1,2025-09-16 14:21:50,2,1577.82,mag_end
!2025-09-16_Multi_Spcon_J1_J2_Con1,2025-09-16 14:21:50,2,1580.85,mag_start
!2025-09-16_Multi_Spcon_J1_J2_Con1,2025-09-16 14:21:50,2,1581.39,mag_end
!2025-09-16_Multi_Spcon_J1_J2_Con1,2025-09-16 14:21:50,2,1581.42,mag_start
!2025-09-16_Multi_Spcon_J1_J2_Con1,2025-09-16 14:21:50,2,1583.13,mag_end
!2025-09-16_Multi_Spcon_J1_J2_Con1,2025-09-16 14:21:50,2,1583.76,mag_start
!2025-09-16_Multi_Spcon_J1_J2_Con1,2025-09-16 14:21:50,2,1584.28,mag_end
!2025-09-16_Multi_Spcon_J1_J2_Con1,2025-09-16 14:21:50,2,1585.15,mag_start
!2025-09-16_Multi_Spcon_J1_J2_Con1,2025-09-16 14:21:50,2,1585.19,mag_end
!2025-09-16_Multi_Spcon_J1_J2_Con1,2025-09-16 14:21:50,2,1585.21,mag_start
!2025-09-16_Multi_Spcon_J1_J2_Con1,2025-09-16 14:21:50,2,1585.45,mag_end
!2025-09-16_Multi_Spcon_J1_J2_Con1,2025-09-16 14:21:50,2,1585.53,mag_start
!2025-09-16_Multi_Spcon_J1_J2_Con1,2025-09-16 14:21:50,2,1586.86,mag_end
!2025-09-16_Multi_Spcon_J1_J2_Con1,2025-09-16 14:21:50,2,1586.90,mag_start
!2025-09-16_Multi_Spcon_J1_J2_Con1,2025-09-16 14:21:50,2,1586.95,mag_end
!2025-09-16_Multi_Spcon_J1_J2_Con1,2025-09-16 14:21:50,2,1587.25,mag_start
!2025-09-16_Multi_Spcon_J1_J2_Con1,2025-09-16 14:21:50,2,1587.29,mag_end
!2025-09-16_Multi_Spcon_J1_J2_Con1,2025-09-16 14:21:50,2,1587.55,mag_start
!2025-09-16_Multi_Spcon_J1_J2_Con1,2025-09-16 14:21:50,2,1587.66,mag_end
!2025-09-16_Multi_Spcon_J1_J2_Con1,2025-09-16 14:21:50,2,1589.82,mag_start
!2025-09-16_Multi_Spcon_J1_J2_Con1,2025-09-16 14:21:50,2,1590.77,mag_end
!2025-09-16_Multi_Spcon_J1_J2_Con1,2025-09-16 14:21:50,2,1590.78,mag_start
!2025-09-16_Multi_Spcon_J1_J2_Con1,2025-09-16 14:21:50,2,1590.79,mag_end
!2025-09-16_Multi_Spcon_J1_J2_Con1,2025-09-16 14:21:50,2,1591.94,mag_start
!2025-09-16_Multi_Spcon_J1_J2_Con1,2025-09-16 14:21:50,2,1592.26,mag_end
!2025-09-16_Multi_Spcon_J1_J2_Con1,2025-09-16 14:21:50,2,1592.31,mag_start
!2025-09-16_Multi_Spcon_J1_J2_Con1,2025-09-16 14:21:50,2,1594.38,mag_end
!2025-09-16_Multi_Spcon_J1_J2_Con1,2025-09-16 14:21:50,2,1594.56,mag_start
!2025-09-16_Multi_Spcon_J1_J2_Con1,2025-09-16 14:21:50,2,1595.78,mag_end
!2025-09-16_Multi_Spcon_J1_J2_Con1,2025-09-16 14:21:50,2,1598.29,mag_start
!2025-09-16_Multi_Spcon_J1_J2_Con1,2025-09-16 14:21:50,2,1599.58,mag_end
!2025-09-16_Multi_Spcon_J1_J2_Con1,2025-09-16 14:21:50,2,1599.61,mag_start
!2025-09-16_Multi_Spcon_J1_J2_Con1,2025-09-16 14:21:50,2,1600.00,mag_end
!2025-09-16_Multi_Spcon_J1_J2_Con1,2025-09-16 14:21:50,2,1600.29,mag_start
!2025-09-16_Multi_Spcon_J1_J2_Con1,2025-09-16 14:21:50,2,1604.80,mag_end
!2025-09-16_Multi_Spcon_J1_J2_Con1,2025-09-16 14:21:50,2,1604.85,lowT_start
!2025-09-16_Multi_Spcon_J1_J2_Con1,2025-09-16 14:21:50,2,1614.85,lowT_end
!2025-09-16_Multi_Spcon_J1_J2_Con1,2025-09-16 14:21:50,2,1636.36,mag_start
!2025-09-16_Multi_Spcon_J1_J2_Con1,2025-09-16 14:21:50,2,1636.43,mag_end
!2025-09-16_Multi_Spcon_J1_J2_Con1,2025-09-16 14:21:50,2,1636.55,mag_start
!2025-09-16_Multi_Spcon_J1_J2_Con1,2025-09-16 14:21:50,2,1637.18,mag_end
!2025-09-16_Multi_Spcon_J1_J2_Con1,2025-09-16 14:21:50,2,1637.39,mag_start
!2025-09-16_Multi_Spcon_J1_J2_Con1,2025-09-16 14:21:50,2,1637.69,mag_end
!2025-09-16_Multi_Spcon_J1_J2_Con1,2025-09-16 14:21:50,2,1638.34,mag_start
!2025-09-16_Multi_Spcon_J1_J2_Con1,2025-09-16 14:21:50,2,1641.49,mag_end
!2025-09-16_Multi_Spcon_J1_J2_Con1,2025-09-16 14:21:50,2,1641.72,mag_start
!2025-09-16_Multi_Spcon_J1_J2_Con1,2025-09-16 14:21:50,2,1642.10,mag_end
!2025-09-16_Multi_Spcon_J1_J2_Con1,2025-09-16 14:21:50,2,1760.60,mag_start
!2025-09-16_Multi_Spcon_J1_J2_Con1,2025-09-16 14:21:50,2,1762.80,mag_end
!2025-09-16_Multi_Spcon_J1_J2_Con1,2025-09-16 14:21:50,2,1762.15,noise_start
!2025-09-16_Multi_Spcon_J1_J2_Con1,2025-09-16 14:21:50,2,1772.15,noise_end
!2025-09-16_Multi_Spcon_J1_J2_Con1,2025-09-16 14:21:50,2,1772.15,pelD_start
!2025-09-16_Multi_Spcon_J1_J2_Con1,2025-09-16 14:21:50,2,1772.16,pelD_end
!2025-09-16_Multi_Spcon_J1_J2_Con1,2025-09-16 14:21:50,2,1772.35,pelD_start
!2025-09-16_Multi_Spcon_J1_J2_Con1,2025-09-16 14:21:50,2,1772.36,pelD_end
!2025-09-16_Multi_Spcon_J1_J2_Con1,2025-09-16 14:21:50,2,1790.65,mag_start
!2025-09-16_Multi_Spcon_J1_J2_Con1,2025-09-16 14:21:50,2,1790.67,mag_end
!2025-09-16_Multi_Spcon_J1_J2_Con1,2025-09-16 14:21:50,2,1790.68,mag_start
!2025-09-16_Multi_Spcon_J1_J2_Con1,2025-09-16 14:21:50,2,1790.75,mag_end
!2025-09-16_Multi_Spcon_J1_J2_Con1,2025-09-16 14:21:50,2,1790.95,mag_start
!2025-09-16_Multi_Spcon_J1_J2_Con1,2025-09-16 14:21:50,2,1792.59,mag_end
!2025-09-16_Multi_Spcon_J1_J2_Con1,2025-09-16 14:21:50,2,1815.50,mag_start
!2025-09-16_Multi_Spcon_J1_J2_Con1,2025-09-16 14:21:50,2,1815.61,mag_end
!2025-09-16_Multi_Spcon_J1_J2_Con1,2025-09-16 14:21:50,2,1815.72,mag_start
!2025-09-16_Multi_Spcon_J1_J2_Con1,2025-09-16 14:21:50,2,1817.96,mag_end
!2025-09-16_Multi_Spcon_J1_J2_Con1,2025-09-16 14:21:50,2,1837.24,mag_start
!2025-09-16_Multi_Spcon_J1_J2_Con1,2025-09-16 14:21:50,2,1840.69,mag_end
!2025-09-16_Multi_Spcon_J1_J2_Con1,2025-09-16 14:21:50,2,1861.99,mag_start
!2025-09-16_Multi_Spcon_J1_J2_Con1,2025-09-16 14:21:50,2,1867.01,mag_end
!2025-09-16_Multi_Spcon_J1_J2_Con1,2025-09-16 14:21:50,2,1869.18,mag_start
!2025-09-16_Multi_Spcon_J1_J2_Con1,2025-09-16 14:21:50,2,1870.50,mag_end
!2025-09-16_Multi_Spcon_J1_J2_Con1,2025-09-16 14:21:50,2,1870.65,mag_start
!2025-09-16_Multi_Spcon_J1_J2_Con1,2025-09-16 14:21:50,2,1870.97,mag_end
!2025-09-16_Multi_Spcon_J1_J2_Con1,2025-09-16 14:21:50,2,1880.69,mag_start
!2025-09-16_Multi_Spcon_J1_J2_Con1,2025-09-16 14:21:50,2,1880.80,mag_end
!2025-09-16_Multi_Spcon_J1_J2_Con1,2025-09-16 14:21:50,2,1881.12,mag_start
!2025-09-16_Multi_Spcon_J1_J2_Con1,2025-09-16 14:21:50,2,1882.94,mag_end
!2025-09-16_Multi_Spcon_J1_J2_Con1,2025-09-16 14:21:50,2,1908.04,mag_start
!2025-09-16_Multi_Spcon_J1_J2_Con1,2025-09-16 14:21:50,2,1908.14,mag_end
!2025-09-16_Multi_Spcon_J1_J2_Con1,2025-09-16 14:21:50,2,1908.19,mag_start
!2025-09-16_Multi_Spcon_J1_J2_Con1,2025-09-16 14:21:50,2,1908.53,mag_end
!2025-09-16_Multi_Spcon_J1_J2_Con1,2025-09-16 14:21:50,2,1909.26,mag_start
!2025-09-16_Multi_Spcon_J1_J2_Con1,2025-09-16 14:21:50,2,1909.38,mag_end
!2025-09-16_Multi_Spcon_J1_J2_Con1,2025-09-16 14:21:50,2,1909.60,mag_start
!2025-09-16_Multi_Spcon_J1_J2_Con1,2025-09-16 14:21:50,2,1909.63,mag_end
!2025-09-16_Multi_Spcon_J1_J2_Con1,2025-09-16 14:21:50,2,1910.51,mag_start
!2025-09-16_Multi_Spcon_J1_J2_Con1,2025-09-16 14:21:50,2,1910.63,mag_end
!2025-09-16_Multi_Spcon_J1_J2_Con1,2025-09-16 14:21:50,2,1910.88,mag_start
!2025-09-16_Multi_Spcon_J1_J2_Con1,2025-09-16 14:21:50,2,1910.89,mag_end
!2025-09-16_Multi_Spcon_J1_J2_Con1,2025-09-16 14:21:50,2,1912.15,mag_start
!2025-09-16_Multi_Spcon_J1_J2_Con1,2025-09-16 14:21:50,2,1912.19,mag_end
!2025-09-16_Multi_Spcon_J1_J2_Con1,2025-09-16 14:21:50,2,1912.38,mag_start
!2025-09-16_Multi_Spcon_J1_J2_Con1,2025-09-16 14:21:50,2,1912.44,mag_end
!2025-09-16_Multi_Spcon_J1_J2_Con1,2025-09-16 14:21:50,2,1912.63,mag_start
!2025-09-16_Multi_Spcon_J1_J2_Con1,2025-09-16 14:21:50,2,1912.68,mag_end
!2025-09-16_Multi_Spcon_J1_J2_Con1,2025-09-16 14:21:50,2,1912.69,mag_start
!2025-09-16_Multi_Spcon_J1_J2_Con1,2025-09-16 14:21:50,2,1912.94,mag_end
!2025-09-16_Multi_Spcon_J1_J2_Con1,2025-09-16 14:21:50,2,1913.19,mag_start
!2025-09-16_Multi_Spcon_J1_J2_Con1,2025-09-16 14:21:50,2,1913.21,mag_end
!2025-09-16_Multi_Spcon_J1_J2_Con1,2025-09-16 14:21:50,2,1913.28,mag_start
!2025-09-16_Multi_Spcon_J1_J2_Con1,2025-09-16 14:21:50,2,1913.31,mag_end
!2025-09-16_Multi_Spcon_J1_J2_Con1,2025-09-16 14:21:50,2,1913.37,mag_start
!2025-09-16_Multi_Spcon_J1_J2_Con1,2025-09-16 14:21:50,2,1914.01,mag_end
!2025-09-16_Multi_Spcon_J1_J2_Con1,2025-09-16 14:21:50,2,1913.39,noise_start
!2025-09-16_Multi_Spcon_J1_J2_Con1,2025-09-16 14:21:50,2,1923.39,noise_end
!2025-09-16_Multi_Spcon_J1_J2_Con1,2025-09-16 14:21:50,2,1914.14,mag_start
!2025-09-16_Multi_Spcon_J1_J2_Con1,2025-09-16 14:21:50,2,1914.83,mag_end
!2025-09-16_Multi_Spcon_J1_J2_Con1,2025-09-16 14:21:50,2,1915.42,mag_start
!2025-09-16_Multi_Spcon_J1_J2_Con1,2025-09-16 14:21:50,2,1915.97,mag_end
!2025-09-16_Multi_Spcon_J1_J2_Con1,2025-09-16 14:21:50,2,1916.18,mag_start
!2025-09-16_Multi_Spcon_J1_J2_Con1,2025-09-16 14:21:50,2,1916.22,mag_end
!2025-09-16_Multi_Spcon_J1_J2_Con1,2025-09-16 14:21:50,2,1916.66,mag_start
!2025-09-16_Multi_Spcon_J1_J2_Con1,2025-09-16 14:21:50,2,1917.63,mag_end
!2025-09-16_Multi_Spcon_J1_J2_Con1,2025-09-16 14:21:50,2,1917.75,mag_start
!2025-09-16_Multi_Spcon_J1_J2_Con1,2025-09-16 14:21:50,2,1918.35,mag_end
!2025-09-16_Multi_Spcon_J1_J2_Con1,2025-09-16 14:21:50,2,1920.28,mag_start
!2025-09-16_Multi_Spcon_J1_J2_Con1,2025-09-16 14:21:50,2,1921.19,mag_end
!2025-09-16_Multi_Spcon_J1_J2_Con1,2025-09-16 14:21:50,2,1923.39,pelD_start
!2025-09-16_Multi_Spcon_J1_J2_Con1,2025-09-16 14:21:50,2,1923.40,pelD_end
!2025-09-16_Multi_Spcon_J1_J2_Con1,2025-09-16 14:21:50,2,1923.59,pelD_start
!2025-09-16_Multi_Spcon_J1_J2_Con1,2025-09-16 14:21:50,2,1923.60,pelD_end
!2025-09-16_Multi_Spcon_J1_J2_Con1,2025-09-16 14:21:50,2,1929.76,mag_start
!2025-09-16_Multi_Spcon_J1_J2_Con1,2025-09-16 14:21:50,2,1929.82,mag_end
!2025-09-16_Multi_Spcon_J1_J2_Con1,2025-09-16 14:21:50,2,1931.13,mag_start
!2025-09-16_Multi_Spcon_J1_J2_Con1,2025-09-16 14:21:50,2,1931.20,mag_end
!2025-09-16_Multi_Spcon_J1_J2_Con1,2025-09-16 14:21:50,2,1931.38,mag_start
!2025-09-16_Multi_Spcon_J1_J2_Con1,2025-09-16 14:21:50,2,1933.61,mag_end
!2025-09-16_Multi_Spcon_J1_J2_Con1,2025-09-16 14:21:50,2,1933.94,mag_start
!2025-09-16_Multi_Spcon_J1_J2_Con1,2025-09-16 14:21:50,2,1934.79,mag_end
!2025-09-16_Multi_Spcon_J1_J2_Con1,2025-09-16 14:21:50,2,1950.48,mag_start
!2025-09-16_Multi_Spcon_J1_J2_Con1,2025-09-16 14:21:50,2,1950.56,mag_end
!2025-09-16_Multi_Spcon_J1_J2_Con1,2025-09-16 14:21:50,2,1950.65,mag_start
!2025-09-16_Multi_Spcon_J1_J2_Con1,2025-09-16 14:21:50,2,1951.68,mag_end
!2025-09-16_Multi_Spcon_J1_J2_Con1,2025-09-16 14:21:50,2,1951.71,mag_start
!2025-09-16_Multi_Spcon_J1_J2_Con1,2025-09-16 14:21:50,2,1951.77,mag_end
!2025-09-16_Multi_Spcon_J1_J2_Con1,2025-09-16 14:21:50,2,1952.08,mag_start
!2025-09-16_Multi_Spcon_J1_J2_Con1,2025-09-16 14:21:50,2,1954.42,mag_end
!2025-09-16_Multi_Spcon_J1_J2_Con1,2025-09-16 14:21:50,2,1968.19,mag_start
!2025-09-16_Multi_Spcon_J1_J2_Con1,2025-09-16 14:21:50,2,1968.20,mag_end
!2025-09-16_Multi_Spcon_J1_J2_Con1,2025-09-16 14:21:50,2,1968.24,mag_start
!2025-09-16_Multi_Spcon_J1_J2_Con1,2025-09-16 14:21:50,2,1970.57,mag_end
!2025-09-16_Multi_Spcon_J1_J2_Con1,2025-09-16 14:21:50,2,1970.66,mag_start
!2025-09-16_Multi_Spcon_J1_J2_Con1,2025-09-16 14:21:50,2,1970.79,mag_end
!2025-09-16_Multi_Spcon_J1_J2_Con1,2025-09-16 14:21:50,2,1970.80,mag_start
!2025-09-16_Multi_Spcon_J1_J2_Con1,2025-09-16 14:21:50,2,1970.90,mag_end
!2025-09-16_Multi_Spcon_J1_J2_Con1,2025-09-16 14:21:50,2,1973.28,mag_start
!2025-09-16_Multi_Spcon_J1_J2_Con1,2025-09-16 14:21:50,2,1973.40,mag_end
!2025-09-16_Multi_Spcon_J1_J2_Con1,2025-09-16 14:21:50,2,1973.47,mag_start
!2025-09-16_Multi_Spcon_J1_J2_Con1,2025-09-16 14:21:50,2,1974.26,mag_end
!2025-09-16_Multi_Spcon_J1_J2_Con1,2025-09-16 14:21:50,2,1974.93,mag_start
!2025-09-16_Multi_Spcon_J1_J2_Con1,2025-09-16 14:21:50,2,1975.03,mag_end
!2025-09-16_Multi_Spcon_J1_J2_Con1,2025-09-16 14:21:50,2,1975.22,mag_start
!2025-09-16_Multi_Spcon_J1_J2_Con1,2025-09-16 14:21:50,2,1975.25,mag_end
!2025-09-16_Multi_Spcon_J1_J2_Con1,2025-09-16 14:21:50,2,1975.48,mag_start
!2025-09-16_Multi_Spcon_J1_J2_Con1,2025-09-16 14:21:50,2,1975.52,mag_end
!2025-09-16_Multi_Spcon_J1_J2_Con1,2025-09-16 14:21:50,2,1975.55,mag_start
!2025-09-16_Multi_Spcon_J1_J2_Con1,2025-09-16 14:21:50,2,1975.65,mag_end
!2025-09-16_Multi_Spcon_J1_J2_Con1,2025-09-16 14:21:50,2,1975.83,mag_start
!2025-09-16_Multi_Spcon_J1_J2_Con1,2025-09-16 14:21:50,2,1975.89,mag_end
!2025-09-16_Multi_Spcon_J1_J2_Con1,2025-09-16 14:21:50,2,1975.91,mag_start
!2025-09-16_Multi_Spcon_J1_J2_Con1,2025-09-16 14:21:50,2,1976.01,mag_end
!2025-09-16_Multi_Spcon_J1_J2_Con1,2025-09-16 14:21:50,2,1976.04,mag_start
!2025-09-16_Multi_Spcon_J1_J2_Con1,2025-09-16 14:21:50,2,1978.19,mag_end
!2025-09-16_Multi_Spcon_J1_J2_Con1,2025-09-16 14:21:50,2,1978.29,mag_start
!2025-09-16_Multi_Spcon_J1_J2_Con1,2025-09-16 14:21:50,2,1978.36,mag_end
!2025-09-16_Multi_Spcon_J1_J2_Con1,2025-09-16 14:21:50,2,1978.73,mag_start
!2025-09-16_Multi_Spcon_J1_J2_Con1,2025-09-16 14:21:50,2,1978.75,mag_end
!2025-09-16_Multi_Spcon_J1_J2_Con1,2025-09-16 14:21:50,2,1980.45,mag_start
!2025-09-16_Multi_Spcon_J1_J2_Con1,2025-09-16 14:21:50,2,1981.24,mag_end
!2025-09-16_Multi_Spcon_J1_J2_Con1,2025-09-16 14:21:50,2,2001.35,mag_start
!2025-09-16_Multi_Spcon_J1_J2_Con1,2025-09-16 14:21:50,2,2001.90,mag_end
!2025-09-16_Multi_Spcon_J1_J2_Con1,2025-09-16 14:21:50,2,2002.79,mag_start
!2025-09-16_Multi_Spcon_J1_J2_Con1,2025-09-16 14:21:50,2,2004.24,mag_end
!2025-09-16_Multi_Spcon_J1_J2_Con1,2025-09-16 14:21:50,2,2004.81,mag_start
!2025-09-16_Multi_Spcon_J1_J2_Con1,2025-09-16 14:21:50,2,2005.99,mag_end
!2025-09-16_Multi_Spcon_J1_J2_Con1,2025-09-16 14:21:50,2,2006.48,mag_start
!2025-09-16_Multi_Spcon_J1_J2_Con1,2025-09-16 14:21:50,2,2007.96,mag_end
!2025-09-16_Multi_Spcon_J1_J2_Con1,2025-09-16 14:21:50,2,2007.99,mag_start
!2025-09-16_Multi_Spcon_J1_J2_Con1,2025-09-16 14:21:50,2,2008.59,mag_end
!2025-09-16_Multi_Spcon_J1_J2_Con1,2025-09-16 14:21:50,2,2009.30,mag_start
!2025-09-16_Multi_Spcon_J1_J2_Con1,2025-09-16 14:21:50,2,2009.96,mag_end
!2025-09-16_Multi_Spcon_J1_J2_Con1,2025-09-16 14:21:50,2,2011.45,mag_start
!2025-09-16_Multi_Spcon_J1_J2_Con1,2025-09-16 14:21:50,2,2012.17,mag_end
!2025-09-16_Multi_Spcon_J1_J2_Con1,2025-09-16 14:21:50,2,2012.29,mag_start
!2025-09-16_Multi_Spcon_J1_J2_Con1,2025-09-16 14:21:50,2,2013.09,mag_end
!2025-09-16_Multi_Spcon_J1_J2_Con1,2025-09-16 14:21:50,2,2013.14,mag_start
!2025-09-16_Multi_Spcon_J1_J2_Con1,2025-09-16 14:21:50,2,2013.37,mag_end
!2025-09-16_Multi_Spcon_J1_J2_Con1,2025-09-16 14:21:50,2,2013.57,mag_start
!2025-09-16_Multi_Spcon_J1_J2_Con1,2025-09-16 14:21:50,2,2014.07,mag_end
!2025-09-16_Multi_Spcon_J1_J2_Con1,2025-09-16 14:21:50,2,2025.77,mag_start
!2025-09-16_Multi_Spcon_J1_J2_Con1,2025-09-16 14:21:50,2,2027.31,mag_end
!2025-09-16_Multi_Spcon_J1_J2_Con1,2025-09-16 14:21:50,2,2027.81,mag_start
!2025-09-16_Multi_Spcon_J1_J2_Con1,2025-09-16 14:21:50,2,2027.82,mag_end
!2025-09-16_Multi_Spcon_J1_J2_Con1,2025-09-16 14:21:50,2,2031.47,mag_start
!2025-09-16_Multi_Spcon_J1_J2_Con1,2025-09-16 14:21:50,2,2031.77,mag_end
!2025-09-16_Multi_Spcon_J1_J2_Con1,2025-09-16 14:21:50,2,2031.91,mag_start
!2025-09-16_Multi_Spcon_J1_J2_Con1,2025-09-16 14:21:50,2,2031.97,mag_end
!2025-09-16_Multi_Spcon_J1_J2_Con1,2025-09-16 14:21:50,2,2032.14,mag_start
!2025-09-16_Multi_Spcon_J1_J2_Con1,2025-09-16 14:21:50,2,2032.64,mag_end
!2025-09-16_Multi_Spcon_J1_J2_Con1,2025-09-16 14:21:50,2,2081.31,lowT_start
!2025-09-16_Multi_Spcon_J1_J2_Con1,2025-09-16 14:21:50,2,2091.31,lowT_end
!2025-09-16_Multi_Spcon_J1_J2_Con1,2025-09-16 14:21:50,2,2086.65,mag_start
!2025-09-16_Multi_Spcon_J1_J2_Con1,2025-09-16 14:21:50,2,2086.68,mag_end
!2025-09-16_Multi_Spcon_J1_J2_Con1,2025-09-16 14:21:50,2,2087.08,mag_start
!2025-09-16_Multi_Spcon_J1_J2_Con1,2025-09-16 14:21:50,2,2087.19,mag_end
!2025-09-16_Multi_Spcon_J1_J2_Con1,2025-09-16 14:21:50,2,2087.22,mag_start
!2025-09-16_Multi_Spcon_J1_J2_Con1,2025-09-16 14:21:50,2,2087.72,mag_end
!2025-09-16_Multi_Spcon_J1_J2_Con1,2025-09-16 14:21:50,2,2088.01,mag_start
!2025-09-16_Multi_Spcon_J1_J2_Con1,2025-09-16 14:21:50,2,2089.49,mag_end
!2025-09-16_Multi_Spcon_J1_J2_Con1,2025-09-16 14:21:50,2,2089.52,mag_start
!2025-09-16_Multi_Spcon_J1_J2_Con1,2025-09-16 14:21:50,2,2089.67,mag_end
!2025-09-16_Multi_Spcon_J1_J2_Con1,2025-09-16 14:21:50,2,2089.73,mag_start
!2025-09-16_Multi_Spcon_J1_J2_Con1,2025-09-16 14:21:50,2,2089.87,mag_end
!2025-09-16_Multi_Spcon_J1_J2_Con1,2025-09-16 14:21:50,2,2089.91,mag_start
!2025-09-16_Multi_Spcon_J1_J2_Con1,2025-09-16 14:21:50,2,2090.03,mag_end
!2025-09-16_Multi_Spcon_J1_J2_Con1,2025-09-16 14:21:50,2,2090.10,mag_start
!2025-09-16_Multi_Spcon_J1_J2_Con1,2025-09-16 14:21:50,2,2090.23,mag_end
!2025-09-16_Multi_Spcon_J1_J2_Con1,2025-09-16 14:21:50,2,2091.82,mag_start
!2025-09-16_Multi_Spcon_J1_J2_Con1,2025-09-16 14:21:50,2,2091.86,mag_end
!2025-09-16_Multi_Spcon_J1_J2_Con1,2025-09-16 14:21:50,2,2092.01,mag_start
!2025-09-16_Multi_Spcon_J1_J2_Con1,2025-09-16 14:21:50,2,2092.54,mag_end
!2025-09-16_Multi_Spcon_J1_J2_Con1,2025-09-16 14:21:50,2,2092.94,mag_start
!2025-09-16_Multi_Spcon_J1_J2_Con1,2025-09-16 14:21:50,2,2093.54,mag_end
!2025-09-16_Multi_Spcon_J1_J2_Con1,2025-09-16 14:21:50,2,2098.13,mag_start
!2025-09-16_Multi_Spcon_J1_J2_Con1,2025-09-16 14:21:50,2,2099.20,mag_end
!2025-09-16_Multi_Spcon_J1_J2_Con1,2025-09-16 14:21:50,2,2181.85,mag_start
!2025-09-16_Multi_Spcon_J1_J2_Con1,2025-09-16 14:21:50,2,2181.97,mag_end
!2025-09-16_Multi_Spcon_J1_J2_Con1,2025-09-16 14:21:50,2,2182.16,mag_start
!2025-09-16_Multi_Spcon_J1_J2_Con1,2025-09-16 14:21:50,2,2182.57,mag_end
!2025-09-16_Multi_Spcon_J1_J2_Con1,2025-09-16 14:21:50,2,2183.73,mag_start
!2025-09-16_Multi_Spcon_J1_J2_Con1,2025-09-16 14:21:50,2,2186.73,mag_end
!2025-09-16_Multi_Spcon_J1_J2_Con1,2025-09-16 14:21:50,2,2205.44,mag_start
!2025-09-16_Multi_Spcon_J1_J2_Con1,2025-09-16 14:21:50,2,2206.36,mag_end
!2025-09-16_Multi_Spcon_J1_J2_Con1,2025-09-16 14:21:50,2,2206.94,mag_start
!2025-09-16_Multi_Spcon_J1_J2_Con1,2025-09-16 14:21:50,2,2207.79,mag_end
!2025-09-16_Multi_Spcon_J1_J2_Con1,2025-09-16 14:21:50,2,2207.80,mag_start
!2025-09-16_Multi_Spcon_J1_J2_Con1,2025-09-16 14:21:50,2,2211.74,mag_end
!2025-09-16_Multi_Spcon_J1_J2_Con1,2025-09-16 14:21:50,2,2212.56,mag_start
!2025-09-16_Multi_Spcon_J1_J2_Con1,2025-09-16 14:21:50,2,2212.83,mag_end
!2025-09-16_Multi_Spcon_J1_J2_Con1,2025-09-16 14:21:50,2,2212.85,mag_start
!2025-09-16_Multi_Spcon_J1_J2_Con1,2025-09-16 14:21:50,2,2213.32,mag_end
!2025-09-16_Multi_Spcon_J1_J2_Con1,2025-09-16 14:21:50,2,2214.73,mag_start
!2025-09-16_Multi_Spcon_J1_J2_Con1,2025-09-16 14:21:50,2,2214.84,mag_end
!2025-09-16_Multi_Spcon_J1_J2_Con1,2025-09-16 14:21:50,2,2214.90,mag_start
!2025-09-16_Multi_Spcon_J1_J2_Con1,2025-09-16 14:21:50,2,2215.74,mag_end
!2025-09-16_Multi_Spcon_J1_J2_Con1,2025-09-16 14:21:50,2,2217.21,mag_start
!2025-09-16_Multi_Spcon_J1_J2_Con1,2025-09-16 14:21:50,2,2219.12,mag_end
!2025-09-16_Multi_Spcon_J1_J2_Con1,2025-09-16 14:21:50,2,2219.67,mag_start
!2025-09-16_Multi_Spcon_J1_J2_Con1,2025-09-16 14:21:50,2,2220.15,mag_end
!2025-09-16_Multi_Spcon_J1_J2_Con1,2025-09-16 14:21:50,2,2224.72,mag_start
!2025-09-16_Multi_Spcon_J1_J2_Con1,2025-09-16 14:21:50,2,2228.72,mag_end
!2025-09-16_Multi_Spcon_J1_J2_Con1,2025-09-16 14:21:50,2,2229.21,mag_start
!2025-09-16_Multi_Spcon_J1_J2_Con1,2025-09-16 14:21:50,2,2229.48,mag_end
!2025-09-16_Multi_Spcon_J1_J2_Con1,2025-09-16 14:21:50,2,2231.60,mag_start
!2025-09-16_Multi_Spcon_J1_J2_Con1,2025-09-16 14:21:50,2,2232.02,mag_end
!2025-09-16_Multi_Spcon_J1_J2_Con1,2025-09-16 14:21:50,2,2245.16,noise_start
!2025-09-16_Multi_Spcon_J1_J2_Con1,2025-09-16 14:21:50,2,2255.16,noise_end
!2025-09-16_Multi_Spcon_J1_J2_Con1,2025-09-16 14:21:50,2,2252.27,mag_start
!2025-09-16_Multi_Spcon_J1_J2_Con1,2025-09-16 14:21:50,2,2253.79,mag_end
!2025-09-16_Multi_Spcon_J1_J2_Con1,2025-09-16 14:21:50,2,2254.48,mag_start
!2025-09-16_Multi_Spcon_J1_J2_Con1,2025-09-16 14:21:50,2,2255.29,mag_end
!2025-09-16_Multi_Spcon_J1_J2_Con1,2025-09-16 14:21:50,2,2255.16,pelD_start
!2025-09-16_Multi_Spcon_J1_J2_Con1,2025-09-16 14:21:50,2,2255.17,pelD_end
!2025-09-16_Multi_Spcon_J1_J2_Con1,2025-09-16 14:21:50,2,2255.36,pelD_start
!2025-09-16_Multi_Spcon_J1_J2_Con1,2025-09-16 14:21:50,2,2255.37,pelD_end
!2025-09-16_Multi_Spcon_J1_J2_Con1,2025-09-16 14:21:50,2,2256.49,mag_start
!2025-09-16_Multi_Spcon_J1_J2_Con1,2025-09-16 14:21:50,2,2258.61,mag_end
!2025-09-16_Multi_Spcon_J1_J2_Con1,2025-09-16 14:21:50,2,2274.89,mag_start
!2025-09-16_Multi_Spcon_J1_J2_Con1,2025-09-16 14:21:50,2,2276.60,mag_end
!2025-09-16_Multi_Spcon_J1_J2_Con1,2025-09-16 14:21:50,2,2276.63,mag_start
!2025-09-16_Multi_Spcon_J1_J2_Con1,2025-09-16 14:21:50,2,2277.85,mag_end
!2025-09-16_Multi_Spcon_J1_J2_Con1,2025-09-16 14:21:50,2,2277.89,mag_start
!2025-09-16_Multi_Spcon_J1_J2_Con1,2025-09-16 14:21:50,2,2279.72,mag_end
!2025-09-16_Multi_Spcon_J1_J2_Con1,2025-09-16 14:21:50,2,2295.46,mag_start
!2025-09-16_Multi_Spcon_J1_J2_Con1,2025-09-16 14:21:50,2,2295.48,mag_end
!2025-09-16_Multi_Spcon_J1_J2_Con1,2025-09-16 14:21:50,2,2295.50,mag_start
!2025-09-16_Multi_Spcon_J1_J2_Con1,2025-09-16 14:21:50,2,2295.75,mag_end
!2025-09-16_Multi_Spcon_J1_J2_Con1,2025-09-16 14:21:50,2,2295.93,mag_start
!2025-09-16_Multi_Spcon_J1_J2_Con1,2025-09-16 14:21:50,2,2297.13,mag_end
!2025-09-16_Multi_Spcon_J1_J2_Con1,2025-09-16 14:21:50,2,2297.47,mag_start
!2025-09-16_Multi_Spcon_J1_J2_Con1,2025-09-16 14:21:50,2,2299.62,mag_end
!2025-09-16_Multi_Spcon_J1_J2_Con1,2025-09-16 14:21:50,2,2299.76,mag_start
!2025-09-16_Multi_Spcon_J1_J2_Con1,2025-09-16 14:21:50,2,2300.10,mag_end
!2025-09-16_Multi_Spcon_J1_J2_Con1,2025-09-16 14:21:50,2,2301.19,mag_start
!2025-09-16_Multi_Spcon_J1_J2_Con1,2025-09-16 14:21:50,2,2303.38,mag_end
!2025-09-16_Multi_Spcon_J1_J2_Con1,2025-09-16 14:21:50,2,2311.61,mag_start
!2025-09-16_Multi_Spcon_J1_J2_Con1,2025-09-16 14:21:50,2,2311.65,mag_end
!2025-09-16_Multi_Spcon_J1_J2_Con1,2025-09-16 14:21:50,2,2311.71,mag_start
!2025-09-16_Multi_Spcon_J1_J2_Con1,2025-09-16 14:21:50,2,2313.18,mag_end
!2025-09-16_Multi_Spcon_J1_J2_Con1,2025-09-16 14:21:50,2,2395.71,lowT_start
!2025-09-16_Multi_Spcon_J1_J2_Con1,2025-09-16 14:21:50,2,2405.71,lowT_end
!2025-09-16_Multi_Spcon_J1_J2_Con1,2025-09-16 14:21:50,2,2460.37,mag_start
!2025-09-16_Multi_Spcon_J1_J2_Con1,2025-09-16 14:21:50,2,2460.98,mag_end
!2025-09-16_Multi_Spcon_J1_J2_Con1,2025-09-16 14:21:50,2,2461.53,mag_start
!2025-09-16_Multi_Spcon_J1_J2_Con1,2025-09-16 14:21:50,2,2461.65,mag_end
!2025-09-16_Multi_Spcon_J1_J2_Con1,2025-09-16 14:21:50,2,2461.66,mag_start
!2025-09-16_Multi_Spcon_J1_J2_Con1,2025-09-16 14:21:50,2,2461.68,mag_end
!2025-09-16_Multi_Spcon_J1_J2_Con1,2025-09-16 14:21:50,2,2462.17,mag_start
!2025-09-16_Multi_Spcon_J1_J2_Con1,2025-09-16 14:21:50,2,2462.19,mag_end
!2025-09-16_Multi_Spcon_J1_J2_Con1,2025-09-16 14:21:50,2,2462.55,mag_start
!2025-09-16_Multi_Spcon_J1_J2_Con1,2025-09-16 14:21:50,2,2463.18,mag_end
!2025-09-16_Multi_Spcon_J1_J2_Con1,2025-09-16 14:21:50,2,2523.55,mag_start
!2025-09-16_Multi_Spcon_J1_J2_Con1,2025-09-16 14:21:50,2,2524.74,mag_end
!2025-09-16_Multi_Spcon_J1_J2_Con1,2025-09-16 14:21:50,2,2525.04,mag_start
!2025-09-16_Multi_Spcon_J1_J2_Con1,2025-09-16 14:21:50,2,2526.19,mag_end
!2025-09-16_Multi_Spcon_J1_J2_Con1,2025-09-16 14:21:50,2,2526.20,mag_start
!2025-09-16_Multi_Spcon_J1_J2_Con1,2025-09-16 14:21:50,2,2526.28,mag_end
!2025-09-16_Multi_Spcon_J1_J2_Con1,2025-09-16 14:21:50,2,2526.33,mag_start
!2025-09-16_Multi_Spcon_J1_J2_Con1,2025-09-16 14:21:50,2,2526.93,mag_end
!2025-09-16_Multi_Spcon_J1_J2_Con1,2025-09-16 14:21:50,2,2527.60,mag_start
!2025-09-16_Multi_Spcon_J1_J2_Con1,2025-09-16 14:21:50,2,2527.81,mag_end
!2025-09-16_Multi_Spcon_J1_J2_Con1,2025-09-16 14:21:50,2,2539.21,mag_start
!2025-09-16_Multi_Spcon_J1_J2_Con1,2025-09-16 14:21:50,2,2539.26,mag_end
!2025-09-16_Multi_Spcon_J1_J2_Con1,2025-09-16 14:21:50,2,2539.55,mag_start
!2025-09-16_Multi_Spcon_J1_J2_Con1,2025-09-16 14:21:50,2,2539.65,mag_end
!2025-09-16_Multi_Spcon_J1_J2_Con1,2025-09-16 14:21:50,2,2541.04,mag_start
!2025-09-16_Multi_Spcon_J1_J2_Con1,2025-09-16 14:21:50,2,2541.08,mag_end
!2025-09-16_Multi_Spcon_J1_J2_Con1,2025-09-16 14:21:50,2,2541.12,mag_start
!2025-09-16_Multi_Spcon_J1_J2_Con1,2025-09-16 14:21:50,2,2541.53,mag_end
!2025-09-16_Multi_Spcon_J1_J2_Con1,2025-09-16 14:21:50,2,2566.30,lowT_start
!2025-09-16_Multi_Spcon_J1_J2_Con1,2025-09-16 14:21:50,2,2576.30,lowT_end
!2025-09-16_Multi_Spcon_J1_J2_Con1,2025-09-16 14:21:50,2,2741.37,noise_start
!2025-09-16_Multi_Spcon_J1_J2_Con1,2025-09-16 14:21:50,2,2751.37,noise_end
!2025-09-16_Multi_Spcon_J1_J2_Con1,2025-09-16 14:21:50,2,2751.37,pelD_start
!2025-09-16_Multi_Spcon_J1_J2_Con1,2025-09-16 14:21:50,2,2751.38,pelD_end
!2025-09-16_Multi_Spcon_J1_J2_Con1,2025-09-16 14:21:50,2,2751.57,pelD_start
!2025-09-16_Multi_Spcon_J1_J2_Con1,2025-09-16 14:21:50,2,2751.58,pelD_end
!2025-09-16_Multi_Spcon_J1_J2_Con1,2025-09-16 14:21:50,2,2904.03,lowT_start
!2025-09-16_Multi_Spcon_J1_J2_Con1,2025-09-16 14:21:50,2,2914.03,lowT_end
!2025-09-16_Multi_Spcon_J1_J2_Con1,2025-09-16 14:21:50,2,3051.40,noise_start
!2025-09-16_Multi_Spcon_J1_J2_Con1,2025-09-16 14:21:50,2,3061.40,noise_end
!2025-09-16_Multi_Spcon_J1_J2_Con1,2025-09-16 14:21:50,2,3061.40,pelD_start
!2025-09-16_Multi_Spcon_J1_J2_Con1,2025-09-16 14:21:50,2,3061.41,pelD_end
!2025-09-16_Multi_Spcon_J1_J2_Con1,2025-09-16 14:21:50,2,3061.60,pelD_start
!2025-09-16_Multi_Spcon_J1_J2_Con1,2025-09-16 14:21:50,2,3061.61,pelD_end
!2025-09-16_Multi_Spcon_J1_J2_Con1,2025-09-16 14:21:50,2,3223.19,noise_start
!2025-09-16_Multi_Spcon_J1_J2_Con1,2025-09-16 14:21:50,2,3233.19,noise_end
!2025-09-16_Multi_Spcon_J1_J2_Con1,2025-09-16 14:21:50,2,3233.19,pelD_start
!2025-09-16_Multi_Spcon_J1_J2_Con1,2025-09-16 14:21:50,2,3233.20,pelD_end
!2025-09-16_Multi_Spcon_J1_J2_Con1,2025-09-16 14:21:50,2,3233.39,pelD_start
!2025-09-16_Multi_Spcon_J1_J2_Con1,2025-09-16 14:21:50,2,3233.40,pelD_end
!2025-09-16_Multi_Spcon_J1_J2_Con1,2025-09-16 14:21:50,2,3388.82,lowT_start
!2025-09-16_Multi_Spcon_J1_J2_Con1,2025-09-16 14:21:50,2,3398.82,lowT_end
!2025-09-16_Multi_Spcon_J1_J2_Con1,2025-09-16 14:21:50,2,3529.04,noise_start
!2025-09-16_Multi_Spcon_J1_J2_Con1,2025-09-16 14:21:50,2,3539.04,noise_end
!2025-09-16_Multi_Spcon_J1_J2_Con1,2025-09-16 14:21:50,2,3539.04,pelD_start
!2025-09-16_Multi_Spcon_J1_J2_Con1,2025-09-16 14:21:50,2,3539.05,pelD_end
!2025-09-16_Multi_Spcon_J1_J2_Con1,2025-09-16 14:21:50,2,3539.24,pelD_start
!2025-09-16_Multi_Spcon_J1_J2_Con1,2025-09-16 14:21:50,2,3539.25,pelD_end
!2025-09-16_Multi_Spcon_J1_J2_Con1,2025-09-16 14:21:50,2,3700.23,lowT_start
!2025-09-16_Multi_Spcon_J1_J2_Con1,2025-09-16 14:21:50,2,3710.23,lowT_end
!2025-09-16_Multi_Spcon_J1_J2_Con1,2025-09-16 14:21:50,2,3864.47,lowT_start
!2025-09-16_Multi_Spcon_J1_J2_Con1,2025-09-16 14:21:50,2,3874.47,lowT_end
!2025-09-16_Multi_Spcon_J1_J2_Con1,2025-09-16 14:21:50,2,3991.51,mag_start
!2025-09-16_Multi_Spcon_J1_J2_Con1,2025-09-16 14:21:50,2,3991.57,mag_end
!2025-09-16_Multi_Spcon_J1_J2_Con1,2025-09-16 14:21:50,2,3991.61,mag_start
!2025-09-16_Multi_Spcon_J1_J2_Con1,2025-09-16 14:21:50,2,3992.70,mag_end
!2025-09-16_Multi_Spcon_J1_J2_Con1,2025-09-16 14:21:50,2,3999.30,mag_start
!2025-09-16_Multi_Spcon_J1_J2_Con1,2025-09-16 14:21:50,2,4002.37,mag_end
!2025-09-16_Multi_Spcon_J1_J2_Con1,2025-09-16 14:21:50,2,4028.35,mag_start
!2025-09-16_Multi_Spcon_J1_J2_Con1,2025-09-16 14:21:50,2,4032.68,mag_end
!2025-09-16_Multi_Spcon_J1_J2_Con1,2025-09-16 14:21:50,2,4032.96,mag_start
!2025-09-16_Multi_Spcon_J1_J2_Con1,2025-09-16 14:21:50,2,4035.32,mag_end
!2025-09-16_Multi_Spcon_J1_J2_Con1,2025-09-16 14:21:50,2,4035.34,mag_start
!2025-09-16_Multi_Spcon_J1_J2_Con1,2025-09-16 14:21:50,2,4035.48,mag_end
!2025-09-16_Multi_Spcon_J1_J2_Con1,2025-09-16 14:21:50,2,4035.51,mag_start
!2025-09-16_Multi_Spcon_J1_J2_Con1,2025-09-16 14:21:50,2,4035.52,mag_end
!2025-09-16_Multi_Spcon_J1_J2_Con1,2025-09-16 14:21:50,2,4037.45,noise_start
!2025-09-16_Multi_Spcon_J1_J2_Con1,2025-09-16 14:21:50,2,4047.45,noise_end
!2025-09-16_Multi_Spcon_J1_J2_Con1,2025-09-16 14:21:50,2,4047.45,pelD_start
!2025-09-16_Multi_Spcon_J1_J2_Con1,2025-09-16 14:21:50,2,4047.46,pelD_end
!2025-09-16_Multi_Spcon_J1_J2_Con1,2025-09-16 14:21:50,2,4047.65,pelD_start
!2025-09-16_Multi_Spcon_J1_J2_Con1,2025-09-16 14:21:50,2,4047.66,pelD_end
!2025-09-16_Multi_Spcon_J1_J2_Con1,2025-09-16 14:21:50,2,4065.35,mag_start
!2025-09-16_Multi_Spcon_J1_J2_Con1,2025-09-16 14:21:50,2,4067.01,mag_end
!2025-09-16_Multi_Spcon_J1_J2_Con1,2025-09-16 14:21:50,2,4077.43,mag_start
!2025-09-16_Multi_Spcon_J1_J2_Con1,2025-09-16 14:21:50,2,4077.50,mag_end
!2025-09-16_Multi_Spcon_J1_J2_Con1,2025-09-16 14:21:50,2,4077.57,mag_start
!2025-09-16_Multi_Spcon_J1_J2_Con1,2025-09-16 14:21:50,2,4082.15,mag_end
!2025-09-16_Multi_Spcon_J1_J2_Con1,2025-09-16 14:21:50,2,4082.38,mag_start
!2025-09-16_Multi_Spcon_J1_J2_Con1,2025-09-16 14:21:50,2,4082.42,mag_end
!2025-09-16_Multi_Spcon_J1_J2_Con1,2025-09-16 14:21:50,2,4094.03,mag_start
!2025-09-16_Multi_Spcon_J1_J2_Con1,2025-09-16 14:21:50,2,4094.09,mag_end
!2025-09-16_Multi_Spcon_J1_J2_Con1,2025-09-16 14:21:50,2,4094.10,mag_start
!2025-09-16_Multi_Spcon_J1_J2_Con1,2025-09-16 14:21:50,2,4095.72,mag_end
!2025-09-16_Multi_Spcon_J1_J2_Con1,2025-09-16 14:21:50,2,4107.51,mag_start
!2025-09-16_Multi_Spcon_J1_J2_Con1,2025-09-16 14:21:50,2,4108.81,mag_end
!2025-09-16_Multi_Spcon_J1_J2_Con1,2025-09-16 14:21:50,2,4108.95,mag_start
!2025-09-16_Multi_Spcon_J1_J2_Con1,2025-09-16 14:21:50,2,4110.53,mag_end
!2025-09-16_Multi_Spcon_J1_J2_Con1,2025-09-16 14:21:50,2,4127.93,mag_start
!2025-09-16_Multi_Spcon_J1_J2_Con1,2025-09-16 14:21:50,2,4131.27,mag_end
!2025-09-16_Multi_Spcon_J1_J2_Con1,2025-09-16 14:21:50,2,4131.47,mag_start
!2025-09-16_Multi_Spcon_J1_J2_Con1,2025-09-16 14:21:50,2,4131.99,mag_end
!2025-09-16_Multi_Spcon_J1_J2_Con1,2025-09-16 14:21:50,2,4132.45,mag_start
!2025-09-16_Multi_Spcon_J1_J2_Con1,2025-09-16 14:21:50,2,4133.00,mag_end
!2025-09-16_Multi_Spcon_J1_J2_Con1,2025-09-16 14:21:50,2,4143.03,mag_start
!2025-09-16_Multi_Spcon_J1_J2_Con1,2025-09-16 14:21:50,2,4144.19,mag_end
!2025-09-16_Multi_Spcon_J1_J2_Con1,2025-09-16 14:21:50,2,4144.23,mag_start
!2025-09-16_Multi_Spcon_J1_J2_Con1,2025-09-16 14:21:50,2,4144.65,mag_end
!2025-09-16_Multi_Spcon_J1_J2_Con1,2025-09-16 14:21:50,2,4145.28,mag_start
!2025-09-16_Multi_Spcon_J1_J2_Con1,2025-09-16 14:21:50,2,4146.76,mag_end
!2025-09-16_Multi_Spcon_J1_J2_Con1,2025-09-16 14:21:50,2,4147.96,mag_start
!2025-09-16_Multi_Spcon_J1_J2_Con1,2025-09-16 14:21:50,2,4148.69,mag_end
!2025-09-16_Multi_Spcon_J1_J2_Con1,2025-09-16 14:21:50,2,4148.80,mag_start
!2025-09-16_Multi_Spcon_J1_J2_Con1,2025-09-16 14:21:50,2,4150.26,mag_end
!2025-09-16_Multi_Spcon_J1_J2_Con1,2025-09-16 14:21:50,2,4152.66,mag_start
!2025-09-16_Multi_Spcon_J1_J2_Con1,2025-09-16 14:21:50,2,4153.22,mag_end
!2025-09-16_Multi_Spcon_J1_J2_Con1,2025-09-16 14:21:50,2,4153.33,mag_start
!2025-09-16_Multi_Spcon_J1_J2_Con1,2025-09-16 14:21:50,2,4154.51,mag_end
!2025-09-16_Multi_Spcon_J1_J2_Con1,2025-09-16 14:21:50,2,4155.15,mag_start
!2025-09-16_Multi_Spcon_J1_J2_Con1,2025-09-16 14:21:50,2,4155.21,mag_end
!2025-09-16_Multi_Spcon_J1_J2_Con1,2025-09-16 14:21:50,2,4155.26,mag_start
!2025-09-16_Multi_Spcon_J1_J2_Con1,2025-09-16 14:21:50,2,4155.33,mag_end
!2025-09-16_Multi_Spcon_J1_J2_Con1,2025-09-16 14:21:50,2,4155.45,mag_start
!2025-09-16_Multi_Spcon_J1_J2_Con1,2025-09-16 14:21:50,2,4156.22,mag_end
!2025-09-16_Multi_Spcon_J1_J2_Con1,2025-09-16 14:21:50,2,4156.52,mag_start
!2025-09-16_Multi_Spcon_J1_J2_Con1,2025-09-16 14:21:50,2,4157.48,mag_end
!2025-09-16_Multi_Spcon_J1_J2_Con1,2025-09-16 14:21:50,2,4157.81,mag_start
!2025-09-16_Multi_Spcon_J1_J2_Con1,2025-09-16 14:21:50,2,4157.83,mag_end
!2025-09-16_Multi_Spcon_J1_J2_Con1,2025-09-16 14:21:50,2,4157.97,mag_start
!2025-09-16_Multi_Spcon_J1_J2_Con1,2025-09-16 14:21:50,2,4158.49,mag_end
!2025-09-16_Multi_Spcon_J1_J2_Con1,2025-09-16 14:21:50,2,4158.96,mag_start
!2025-09-16_Multi_Spcon_J1_J2_Con1,2025-09-16 14:21:50,2,4159.04,mag_end
!2025-09-16_Multi_Spcon_J1_J2_Con1,2025-09-16 14:21:50,2,4160.22,mag_start
!2025-09-16_Multi_Spcon_J1_J2_Con1,2025-09-16 14:21:50,2,4160.90,mag_end
!2025-09-16_Multi_Spcon_J1_J2_Con1,2025-09-16 14:21:50,2,4161.24,mag_start
!2025-09-16_Multi_Spcon_J1_J2_Con1,2025-09-16 14:21:50,2,4161.86,mag_end
!2025-09-16_Multi_Spcon_J1_J2_Con1,2025-09-16 14:21:50,2,4162.19,mag_start
!2025-09-16_Multi_Spcon_J1_J2_Con1,2025-09-16 14:21:50,2,4162.82,mag_end
!2025-09-16_Multi_Spcon_J1_J2_Con1,2025-09-16 14:21:50,2,4167.60,mag_start
!2025-09-16_Multi_Spcon_J1_J2_Con1,2025-09-16 14:21:50,2,4167.95,mag_end
!2025-09-16_Multi_Spcon_J1_J2_Con1,2025-09-16 14:21:50,2,4168.02,mag_start
!2025-09-16_Multi_Spcon_J1_J2_Con1,2025-09-16 14:21:50,2,4168.04,mag_end
!2025-09-16_Multi_Spcon_J1_J2_Con1,2025-09-16 14:21:50,2,4168.11,mag_start
!2025-09-16_Multi_Spcon_J1_J2_Con1,2025-09-16 14:21:50,2,4168.14,mag_end
!2025-09-16_Multi_Spcon_J1_J2_Con1,2025-09-16 14:21:50,2,4168.23,mag_start
!2025-09-16_Multi_Spcon_J1_J2_Con1,2025-09-16 14:21:50,2,4168.24,mag_end
!2025-09-16_Multi_Spcon_J1_J2_Con1,2025-09-16 14:21:50,2,4168.27,mag_start
!2025-09-16_Multi_Spcon_J1_J2_Con1,2025-09-16 14:21:50,2,4169.23,mag_end
!2025-09-16_Multi_Spcon_J1_J2_Con1,2025-09-16 14:21:50,2,4169.78,mag_start
!2025-09-16_Multi_Spcon_J1_J2_Con1,2025-09-16 14:21:50,2,4170.08,mag_end
!2025-09-16_Multi_Spcon_J1_J2_Con1,2025-09-16 14:21:50,2,4170.15,mag_start
!2025-09-16_Multi_Spcon_J1_J2_Con1,2025-09-16 14:21:50,2,4170.28,mag_end
!2025-09-16_Multi_Spcon_J1_J2_Con1,2025-09-16 14:21:50,2,4172.04,mag_start
!2025-09-16_Multi_Spcon_J1_J2_Con1,2025-09-16 14:21:50,2,4172.91,mag_end
!2025-09-16_Multi_Spcon_J1_J2_Con1,2025-09-16 14:21:50,2,4173.86,mag_start
!2025-09-16_Multi_Spcon_J1_J2_Con1,2025-09-16 14:21:50,2,4173.92,mag_end
!2025-09-16_Multi_Spcon_J1_J2_Con1,2025-09-16 14:21:50,2,4174.07,mag_start
!2025-09-16_Multi_Spcon_J1_J2_Con1,2025-09-16 14:21:50,2,4175.49,mag_end
!2025-09-16_Multi_Spcon_J1_J2_Con1,2025-09-16 14:21:50,2,4175.58,mag_start
!2025-09-16_Multi_Spcon_J1_J2_Con1,2025-09-16 14:21:50,2,4175.94,mag_end
!2025-09-16_Multi_Spcon_J1_J2_Con1,2025-09-16 14:21:50,2,4180.05,lowT_start
!2025-09-16_Multi_Spcon_J1_J2_Con1,2025-09-16 14:21:50,2,4190.05,lowT_end
!2025-09-16_Multi_Spcon_J1_J2_Con1,2025-09-16 14:21:50,2,4241.83,mag_start
!2025-09-16_Multi_Spcon_J1_J2_Con1,2025-09-16 14:21:50,2,4242.31,mag_end
!2025-09-16_Multi_Spcon_J1_J2_Con1,2025-09-16 14:21:50,2,4243.10,mag_start
!2025-09-16_Multi_Spcon_J1_J2_Con1,2025-09-16 14:21:50,2,4244.60,mag_end
!2025-09-16_Multi_Spcon_J1_J2_Con1,2025-09-16 14:21:50,2,4245.35,mag_start
!2025-09-16_Multi_Spcon_J1_J2_Con1,2025-09-16 14:21:50,2,4246.35,mag_end
!2025-09-16_Multi_Spcon_J1_J2_Con1,2025-09-16 14:21:50,2,4246.63,mag_start
!2025-09-16_Multi_Spcon_J1_J2_Con1,2025-09-16 14:21:50,2,4247.19,mag_end
!2025-09-16_Multi_Spcon_J1_J2_Con1,2025-09-16 14:21:50,2,4247.26,mag_start
!2025-09-16_Multi_Spcon_J1_J2_Con1,2025-09-16 14:21:50,2,4247.98,mag_end
!2025-09-16_Multi_Spcon_J1_J2_Con1,2025-09-16 14:21:50,2,4264.92,mag_start
!2025-09-16_Multi_Spcon_J1_J2_Con1,2025-09-16 14:21:50,2,4266.86,mag_end
!2025-09-16_Multi_Spcon_J1_J2_Con1,2025-09-16 14:21:50,2,4267.89,mag_start
!2025-09-16_Multi_Spcon_J1_J2_Con1,2025-09-16 14:21:50,2,4269.65,mag_end
!2025-09-16_Multi_Spcon_J1_J2_Con1,2025-09-16 14:21:50,2,4273.95,mag_start
!2025-09-16_Multi_Spcon_J1_J2_Con1,2025-09-16 14:21:50,2,4274.77,mag_end
!2025-09-16_Multi_Spcon_J1_J2_Con1,2025-09-16 14:21:50,2,4275.41,mag_start
!2025-09-16_Multi_Spcon_J1_J2_Con1,2025-09-16 14:21:50,2,4275.45,mag_end
!2025-09-16_Multi_Spcon_J1_J2_Con1,2025-09-16 14:21:50,2,4275.53,mag_start
!2025-09-16_Multi_Spcon_J1_J2_Con1,2025-09-16 14:21:50,2,4279.34,mag_end
!2025-09-16_Multi_Spcon_J1_J2_Con1,2025-09-16 14:21:50,2,4280.89,mag_start
!2025-09-16_Multi_Spcon_J1_J2_Con1,2025-09-16 14:21:50,2,4280.91,mag_end
!2025-09-16_Multi_Spcon_J1_J2_Con1,2025-09-16 14:21:50,2,4281.13,mag_start
!2025-09-16_Multi_Spcon_J1_J2_Con1,2025-09-16 14:21:50,2,4282.48,mag_end
!2025-09-16_Multi_Spcon_J1_J2_Con1,2025-09-16 14:21:50,2,4282.98,mag_start
!2025-09-16_Multi_Spcon_J1_J2_Con1,2025-09-16 14:21:50,2,4283.80,mag_end
!2025-09-16_Multi_Spcon_J1_J2_Con1,2025-09-16 14:21:50,2,4284.04,mag_start
!2025-09-16_Multi_Spcon_J1_J2_Con1,2025-09-16 14:21:50,2,4284.08,mag_end
!2025-09-16_Multi_Spcon_J1_J2_Con1,2025-09-16 14:21:50,2,4284.09,mag_start
!2025-09-16_Multi_Spcon_J1_J2_Con1,2025-09-16 14:21:50,2,4284.71,mag_end
!2025-09-16_Multi_Spcon_J1_J2_Con1,2025-09-16 14:21:50,2,4284.74,mag_start
!2025-09-16_Multi_Spcon_J1_J2_Con1,2025-09-16 14:21:50,2,4286.52,mag_end
!2025-09-16_Multi_Spcon_J1_J2_Con1,2025-09-16 14:21:50,2,4293.16,mag_start
!2025-09-16_Multi_Spcon_J1_J2_Con1,2025-09-16 14:21:50,2,4293.67,mag_end
!2025-09-16_Multi_Spcon_J1_J2_Con1,2025-09-16 14:21:50,2,4293.71,mag_start
!2025-09-16_Multi_Spcon_J1_J2_Con1,2025-09-16 14:21:50,2,4294.66,mag_end
!2025-09-16_Multi_Spcon_J1_J2_Con1,2025-09-16 14:21:50,2,4294.81,mag_start
!2025-09-16_Multi_Spcon_J1_J2_Con1,2025-09-16 14:21:50,2,4295.11,mag_end
!2025-09-16_Multi_Spcon_J1_J2_Con1,2025-09-16 14:21:50,2,4295.95,mag_start
!2025-09-16_Multi_Spcon_J1_J2_Con1,2025-09-16 14:21:50,2,4296.94,mag_end
!2025-09-16_Multi_Spcon_J1_J2_Con1,2025-09-16 14:21:50,2,4300.61,mag_start
!2025-09-16_Multi_Spcon_J1_J2_Con1,2025-09-16 14:21:50,2,4300.65,mag_end
!2025-09-16_Multi_Spcon_J1_J2_Con1,2025-09-16 14:21:50,2,4301.49,mag_start
!2025-09-16_Multi_Spcon_J1_J2_Con1,2025-09-16 14:21:50,2,4302.11,mag_end
!2025-09-16_Multi_Spcon_J1_J2_Con1,2025-09-16 14:21:50,2,4337.37,mag_start
!2025-09-16_Multi_Spcon_J1_J2_Con1,2025-09-16 14:21:50,2,4337.41,mag_end
!2025-09-16_Multi_Spcon_J1_J2_Con1,2025-09-16 14:21:50,2,4342.66,mag_start
!2025-09-16_Multi_Spcon_J1_J2_Con1,2025-09-16 14:21:50,2,4342.91,mag_end
!2025-09-16_Multi_Spcon_J1_J2_Con1,2025-09-16 14:21:50,2,4343.34,mag_start
!2025-09-16_Multi_Spcon_J1_J2_Con1,2025-09-16 14:21:50,2,4345.65,mag_end
!2025-09-16_Multi_Spcon_J1_J2_Con1,2025-09-16 14:21:50,2,4345.86,mag_start
!2025-09-16_Multi_Spcon_J1_J2_Con1,2025-09-16 14:21:50,2,4345.91,mag_end
!2025-09-16_Multi_Spcon_J1_J2_Con1,2025-09-16 14:21:50,2,4346.47,mag_start
!2025-09-16_Multi_Spcon_J1_J2_Con1,2025-09-16 14:21:50,2,4347.19,mag_end
!2025-09-16_Multi_Spcon_J1_J2_Con1,2025-09-16 14:21:50,2,4347.91,mag_start
!2025-09-16_Multi_Spcon_J1_J2_Con1,2025-09-16 14:21:50,2,4348.00,mag_end
!2025-09-16_Multi_Spcon_J1_J2_Con1,2025-09-16 14:21:50,2,4348.21,mag_start
!2025-09-16_Multi_Spcon_J1_J2_Con1,2025-09-16 14:21:50,2,4350.47,mag_end
!2025-09-16_Multi_Spcon_J1_J2_Con1,2025-09-16 14:21:50,2,4350.49,mag_start
!2025-09-16_Multi_Spcon_J1_J2_Con1,2025-09-16 14:21:50,2,4350.51,mag_end
!2025-09-16_Multi_Spcon_J1_J2_Con1,2025-09-16 14:21:50,2,4350.99,mag_start
!2025-09-16_Multi_Spcon_J1_J2_Con1,2025-09-16 14:21:50,2,4352.19,mag_end
!2025-09-16_Multi_Spcon_J1_J2_Con1,2025-09-16 14:21:50,2,4352.24,noise_start
!2025-09-16_Multi_Spcon_J1_J2_Con1,2025-09-16 14:21:50,2,4362.24,noise_end
!2025-09-16_Multi_Spcon_J1_J2_Con1,2025-09-16 14:21:50,2,4352.35,mag_start
!2025-09-16_Multi_Spcon_J1_J2_Con1,2025-09-16 14:21:50,2,4352.45,mag_end
!2025-09-16_Multi_Spcon_J1_J2_Con1,2025-09-16 14:21:50,2,4352.58,mag_start
!2025-09-16_Multi_Spcon_J1_J2_Con1,2025-09-16 14:21:50,2,4353.14,mag_end
!2025-09-16_Multi_Spcon_J1_J2_Con1,2025-09-16 14:21:50,2,4361.78,mag_start
!2025-09-16_Multi_Spcon_J1_J2_Con1,2025-09-16 14:21:50,2,4362.02,mag_end
!2025-09-16_Multi_Spcon_J1_J2_Con1,2025-09-16 14:21:50,2,4362.24,pelD_start
!2025-09-16_Multi_Spcon_J1_J2_Con1,2025-09-16 14:21:50,2,4362.25,pelD_end
!2025-09-16_Multi_Spcon_J1_J2_Con1,2025-09-16 14:21:50,2,4362.41,mag_start
!2025-09-16_Multi_Spcon_J1_J2_Con1,2025-09-16 14:21:50,2,4362.68,mag_end
!2025-09-16_Multi_Spcon_J1_J2_Con1,2025-09-16 14:21:50,2,4362.44,pelD_start
!2025-09-16_Multi_Spcon_J1_J2_Con1,2025-09-16 14:21:50,2,4362.45,pelD_end
!2025-09-16_Multi_Spcon_J1_J2_Con1,2025-09-16 14:21:50,2,4362.71,mag_start
!2025-09-16_Multi_Spcon_J1_J2_Con1,2025-09-16 14:21:50,2,4362.77,mag_end
!2025-09-16_Multi_Spcon_J1_J2_Con1,2025-09-16 14:21:50,2,4362.94,mag_start
!2025-09-16_Multi_Spcon_J1_J2_Con1,2025-09-16 14:21:50,2,4364.47,mag_end
!2025-09-16_Multi_Spcon_J1_J2_Con1,2025-09-16 14:21:50,2,4364.93,mag_start
!2025-09-16_Multi_Spcon_J1_J2_Con1,2025-09-16 14:21:50,2,4365.46,mag_end
!2025-09-16_Multi_Spcon_J1_J2_Con1,2025-09-16 14:21:50,2,4366.39,mag_start
!2025-09-16_Multi_Spcon_J1_J2_Con1,2025-09-16 14:21:50,2,4366.48,mag_end
!2025-09-16_Multi_Spcon_J1_J2_Con1,2025-09-16 14:21:50,2,4366.56,mag_start
!2025-09-16_Multi_Spcon_J1_J2_Con1,2025-09-16 14:21:50,2,4367.20,mag_end
!2025-09-16_Multi_Spcon_J1_J2_Con1,2025-09-16 14:21:50,2,4367.85,mag_start
!2025-09-16_Multi_Spcon_J1_J2_Con1,2025-09-16 14:21:50,2,4368.62,mag_end
!2025-09-16_Multi_Spcon_J1_J2_Con1,2025-09-16 14:21:50,2,4368.70,mag_start
!2025-09-16_Multi_Spcon_J1_J2_Con1,2025-09-16 14:21:50,2,4370.04,mag_end
!2025-09-16_Multi_Spcon_J1_J2_Con1,2025-09-16 14:21:50,2,4370.15,mag_start
!2025-09-16_Multi_Spcon_J1_J2_Con1,2025-09-16 14:21:50,2,4370.17,mag_end
!2025-09-16_Multi_Spcon_J1_J2_Con1,2025-09-16 14:21:50,2,4372.28,mag_start
!2025-09-16_Multi_Spcon_J1_J2_Con1,2025-09-16 14:21:50,2,4372.37,mag_end
!2025-09-16_Multi_Spcon_J1_J2_Con1,2025-09-16 14:21:50,2,4372.73,mag_start
!2025-09-16_Multi_Spcon_J1_J2_Con1,2025-09-16 14:21:50,2,4373.43,mag_end
!2025-09-16_Multi_Spcon_J1_J2_Con1,2025-09-16 14:21:50,2,4382.98,mag_start
!2025-09-16_Multi_Spcon_J1_J2_Con1,2025-09-16 14:21:50,2,4383.82,mag_end
!2025-09-16_Multi_Spcon_J1_J2_Con1,2025-09-16 14:21:50,2,4383.85,mag_start
!2025-09-16_Multi_Spcon_J1_J2_Con1,2025-09-16 14:21:50,2,4383.90,mag_end
!2025-09-16_Multi_Spcon_J1_J2_Con1,2025-09-16 14:21:50,2,4383.96,mag_start
!2025-09-16_Multi_Spcon_J1_J2_Con1,2025-09-16 14:21:50,2,4384.13,mag_end
!2025-09-16_Multi_Spcon_J1_J2_Con1,2025-09-16 14:21:50,2,4384.15,mag_start
!2025-09-16_Multi_Spcon_J1_J2_Con1,2025-09-16 14:21:50,2,4384.76,mag_end
!2025-09-16_Multi_Spcon_J1_J2_Con1,2025-09-16 14:21:50,2,4384.94,mag_start
!2025-09-16_Multi_Spcon_J1_J2_Con1,2025-09-16 14:21:50,2,4385.90,mag_end
!2025-09-16_Multi_Spcon_J1_J2_Con1,2025-09-16 14:21:50,2,4386.23,mag_start
!2025-09-16_Multi_Spcon_J1_J2_Con1,2025-09-16 14:21:50,2,4386.27,mag_end
!2025-09-16_Multi_Spcon_J1_J2_Con1,2025-09-16 14:21:50,2,4386.36,mag_start
!2025-09-16_Multi_Spcon_J1_J2_Con1,2025-09-16 14:21:50,2,4387.77,mag_end
!2025-09-16_Multi_Spcon_J1_J2_Con1,2025-09-16 14:21:50,2,4388.44,mag_start
!2025-09-16_Multi_Spcon_J1_J2_Con1,2025-09-16 14:21:50,2,4388.85,mag_end
!2025-09-16_Multi_Spcon_J1_J2_Con1,2025-09-16 14:21:50,2,4389.55,mag_start
!2025-09-16_Multi_Spcon_J1_J2_Con1,2025-09-16 14:21:50,2,4391.11,mag_end
!2025-09-16_Multi_Spcon_J1_J2_Con1,2025-09-16 14:21:50,2,4401.36,mag_start
!2025-09-16_Multi_Spcon_J1_J2_Con1,2025-09-16 14:21:50,2,4401.73,mag_end
!2025-09-16_Multi_Spcon_J1_J2_Con1,2025-09-16 14:21:50,2,4402.14,mag_start
!2025-09-16_Multi_Spcon_J1_J2_Con1,2025-09-16 14:21:50,2,4402.17,mag_end
!2025-09-16_Multi_Spcon_J1_J2_Con1,2025-09-16 14:21:50,2,4402.41,mag_start
!2025-09-16_Multi_Spcon_J1_J2_Con1,2025-09-16 14:21:50,2,4403.14,mag_end
!2025-09-16_Multi_Spcon_J1_J2_Con1,2025-09-16 14:21:50,2,4407.53,mag_start
!2025-09-16_Multi_Spcon_J1_J2_Con1,2025-09-16 14:21:50,2,4408.18,mag_end
!2025-09-16_Multi_Spcon_J1_J2_Con1,2025-09-16 14:21:50,2,4408.19,mag_start
!2025-09-16_Multi_Spcon_J1_J2_Con1,2025-09-16 14:21:50,2,4408.22,mag_end
!2025-09-16_Multi_Spcon_J1_J2_Con1,2025-09-16 14:21:50,2,4408.26,mag_start
!2025-09-16_Multi_Spcon_J1_J2_Con1,2025-09-16 14:21:50,2,4409.05,mag_end
!2025-09-16_Multi_Spcon_J1_J2_Con1,2025-09-16 14:21:50,2,4409.55,mag_start
!2025-09-16_Multi_Spcon_J1_J2_Con1,2025-09-16 14:21:50,2,4410.09,mag_end
!2025-09-16_Multi_Spcon_J1_J2_Con1,2025-09-16 14:21:50,2,4411.00,mag_start
!2025-09-16_Multi_Spcon_J1_J2_Con1,2025-09-16 14:21:50,2,4411.55,mag_end
!2025-09-16_Multi_Spcon_J1_J2_Con1,2025-09-16 14:21:50,2,4411.95,mag_start
!2025-09-16_Multi_Spcon_J1_J2_Con1,2025-09-16 14:21:50,2,4412.53,mag_end
!2025-09-16_Multi_Spcon_J1_J2_Con1,2025-09-16 14:21:50,2,4412.71,mag_start
!2025-09-16_Multi_Spcon_J1_J2_Con1,2025-09-16 14:21:50,2,4413.17,mag_end
!2025-09-16_Multi_Spcon_J1_J2_Con1,2025-09-16 14:21:50,2,4415.52,mag_start
!2025-09-16_Multi_Spcon_J1_J2_Con1,2025-09-16 14:21:50,2,4415.92,mag_end
!2025-09-16_Multi_Spcon_J1_J2_Con1,2025-09-16 14:21:50,2,4417.00,mag_start
!2025-09-16_Multi_Spcon_J1_J2_Con1,2025-09-16 14:21:50,2,4417.02,mag_end
!2025-09-16_Multi_Spcon_J1_J2_Con1,2025-09-16 14:21:50,2,4417.05,mag_start
!2025-09-16_Multi_Spcon_J1_J2_Con1,2025-09-16 14:21:50,2,4417.20,mag_end
!2025-09-16_Multi_Spcon_J1_J2_Con1,2025-09-16 14:21:50,2,4417.38,mag_start
!2025-09-16_Multi_Spcon_J1_J2_Con1,2025-09-16 14:21:50,2,4418.13,mag_end
!2025-09-16_Multi_Spcon_J1_J2_Con1,2025-09-16 14:21:50,2,4425.53,mag_start
!2025-09-16_Multi_Spcon_J1_J2_Con1,2025-09-16 14:21:50,2,4426.20,mag_end
!2025-09-16_Multi_Spcon_J1_J2_Con1,2025-09-16 14:21:50,2,4435.16,mag_start
!2025-09-16_Multi_Spcon_J1_J2_Con1,2025-09-16 14:21:50,2,4435.26,mag_end
!2025-09-16_Multi_Spcon_J1_J2_Con1,2025-09-16 14:21:50,2,4435.48,mag_start
!2025-09-16_Multi_Spcon_J1_J2_Con1,2025-09-16 14:21:50,2,4436.08,mag_end
!2025-09-16_Multi_Spcon_J1_J2_Con1,2025-09-16 14:21:50,2,4436.62,mag_start
!2025-09-16_Multi_Spcon_J1_J2_Con1,2025-09-16 14:21:50,2,4436.63,mag_end
!2025-09-16_Multi_Spcon_J1_J2_Con1,2025-09-16 14:21:50,2,4436.65,mag_start
!2025-09-16_Multi_Spcon_J1_J2_Con1,2025-09-16 14:21:50,2,4436.91,mag_end
!2025-09-16_Multi_Spcon_J1_J2_Con1,2025-09-16 14:21:50,2,4436.93,mag_start
!2025-09-16_Multi_Spcon_J1_J2_Con1,2025-09-16 14:21:50,2,4437.38,mag_end
!2025-09-16_Multi_Spcon_J1_J2_Con1,2025-09-16 14:21:50,2,4437.65,mag_start
!2025-09-16_Multi_Spcon_J1_J2_Con1,2025-09-16 14:21:50,2,4438.74,mag_end
!2025-09-16_Multi_Spcon_J1_J2_Con1,2025-09-16 14:21:50,2,4438.87,mag_start
!2025-09-16_Multi_Spcon_J1_J2_Con1,2025-09-16 14:21:50,2,4440.24,mag_end
!2025-09-16_Multi_Spcon_J1_J2_Con1,2025-09-16 14:21:50,2,4455.40,mag_start
!2025-09-16_Multi_Spcon_J1_J2_Con1,2025-09-16 14:21:50,2,4455.86,mag_end
!2025-09-16_Multi_Spcon_J1_J2_Con1,2025-09-16 14:21:50,2,4456.10,mag_start
!2025-09-16_Multi_Spcon_J1_J2_Con1,2025-09-16 14:21:50,2,4456.45,mag_end
!2025-09-16_Multi_Spcon_J1_J2_Con1,2025-09-16 14:21:50,2,4456.52,mag_start
!2025-09-16_Multi_Spcon_J1_J2_Con1,2025-09-16 14:21:50,2,4456.77,mag_end
!2025-09-16_Multi_Spcon_J1_J2_Con1,2025-09-16 14:21:50,2,4457.04,mag_start
!2025-09-16_Multi_Spcon_J1_J2_Con1,2025-09-16 14:21:50,2,4457.36,mag_end
!2025-09-16_Multi_Spcon_J1_J2_Con1,2025-09-16 14:21:50,2,4461.18,mag_start
!2025-09-16_Multi_Spcon_J1_J2_Con1,2025-09-16 14:21:50,2,4461.33,mag_end
!2025-09-16_Multi_Spcon_J1_J2_Con1,2025-09-16 14:21:50,2,4461.36,mag_start
!2025-09-16_Multi_Spcon_J1_J2_Con1,2025-09-16 14:21:50,2,4461.45,mag_end
!2025-09-16_Multi_Spcon_J1_J2_Con1,2025-09-16 14:21:50,2,4462.15,mag_start
!2025-09-16_Multi_Spcon_J1_J2_Con1,2025-09-16 14:21:50,2,4463.27,mag_end
!2025-09-16_Multi_Spcon_J1_J2_Con1,2025-09-16 14:21:50,2,4463.33,mag_start
!2025-09-16_Multi_Spcon_J1_J2_Con1,2025-09-16 14:21:50,2,4465.99,mag_end
!2025-09-16_Multi_Spcon_J1_J2_Con1,2025-09-16 14:21:50,2,4466.04,mag_start
!2025-09-16_Multi_Spcon_J1_J2_Con1,2025-09-16 14:21:50,2,4468.32,mag_end
!2025-09-16_Multi_Spcon_J1_J2_Con1,2025-09-16 14:21:50,2,4468.93,mag_start
!2025-09-16_Multi_Spcon_J1_J2_Con1,2025-09-16 14:21:50,2,4469.07,mag_end
!2025-09-16_Multi_Spcon_J1_J2_Con1,2025-09-16 14:21:50,2,4469.17,mag_start
!2025-09-16_Multi_Spcon_J1_J2_Con1,2025-09-16 14:21:50,2,4469.23,mag_end
!2025-09-16_Multi_Spcon_J1_J2_Con1,2025-09-16 14:21:50,2,4469.27,mag_start
!2025-09-16_Multi_Spcon_J1_J2_Con1,2025-09-16 14:21:50,2,4469.31,mag_end
!2025-09-16_Multi_Spcon_J1_J2_Con1,2025-09-16 14:21:50,2,4469.34,mag_start
!2025-09-16_Multi_Spcon_J1_J2_Con1,2025-09-16 14:21:50,2,4469.37,mag_end
!2025-09-16_Multi_Spcon_J1_J2_Con1,2025-09-16 14:21:50,2,4469.76,mag_start
!2025-09-16_Multi_Spcon_J1_J2_Con1,2025-09-16 14:21:50,2,4469.88,mag_end
!2025-09-16_Multi_Spcon_J1_J2_Con1,2025-09-16 14:21:50,2,4470.10,mag_start
!2025-09-16_Multi_Spcon_J1_J2_Con1,2025-09-16 14:21:50,2,4470.12,mag_end
!2025-09-16_Multi_Spcon_J1_J2_Con1,2025-09-16 14:21:50,2,4470.30,mag_start
!2025-09-16_Multi_Spcon_J1_J2_Con1,2025-09-16 14:21:50,2,4470.60,mag_end
!2025-09-16_Multi_Spcon_J1_J2_Con1,2025-09-16 14:21:50,2,4473.09,mag_start
!2025-09-16_Multi_Spcon_J1_J2_Con1,2025-09-16 14:21:50,2,4473.10,mag_end
!2025-09-16_Multi_Spcon_J1_J2_Con1,2025-09-16 14:21:50,2,4473.86,mag_start
!2025-09-16_Multi_Spcon_J1_J2_Con1,2025-09-16 14:21:50,2,4474.01,mag_end
!2025-09-16_Multi_Spcon_J1_J2_Con1,2025-09-16 14:21:50,2,4474.35,mag_start
!2025-09-16_Multi_Spcon_J1_J2_Con1,2025-09-16 14:21:50,2,4474.46,mag_end
!2025-09-16_Multi_Spcon_J1_J2_Con1,2025-09-16 14:21:50,2,4474.53,mag_start
!2025-09-16_Multi_Spcon_J1_J2_Con1,2025-09-16 14:21:50,2,4474.85,mag_end
!2025-09-16_Multi_Spcon_J1_J2_Con1,2025-09-16 14:21:50,2,4475.28,mag_start
!2025-09-16_Multi_Spcon_J1_J2_Con1,2025-09-16 14:21:50,2,4475.43,mag_end
!2025-09-16_Multi_Spcon_J1_J2_Con1,2025-09-16 14:21:50,2,4475.48,mag_start
!2025-09-16_Multi_Spcon_J1_J2_Con1,2025-09-16 14:21:50,2,4475.57,mag_end
!2025-09-16_Multi_Spcon_J1_J2_Con1,2025-09-16 14:21:50,2,4475.77,mag_start
!2025-09-16_Multi_Spcon_J1_J2_Con1,2025-09-16 14:21:50,2,4475.97,mag_end
!2025-09-16_Multi_Spcon_J1_J2_Con1,2025-09-16 14:21:50,2,4476.05,mag_start
!2025-09-16_Multi_Spcon_J1_J2_Con1,2025-09-16 14:21:50,2,4476.07,mag_end
!2025-09-16_Multi_Spcon_J1_J2_Con1,2025-09-16 14:21:50,2,4476.21,mag_start
!2025-09-16_Multi_Spcon_J1_J2_Con1,2025-09-16 14:21:50,2,4476.26,mag_end
!2025-09-16_Multi_Spcon_J1_J2_Con1,2025-09-16 14:21:50,2,4476.48,mag_start
!2025-09-16_Multi_Spcon_J1_J2_Con1,2025-09-16 14:21:50,2,4476.49,mag_end
!2025-09-16_Multi_Spcon_J1_J2_Con1,2025-09-16 14:21:50,2,4479.53,mag_start
!2025-09-16_Multi_Spcon_J1_J2_Con1,2025-09-16 14:21:50,2,4479.56,mag_end
!2025-09-16_Multi_Spcon_J1_J2_Con1,2025-09-16 14:21:50,2,4479.57,mag_start
!2025-09-16_Multi_Spcon_J1_J2_Con1,2025-09-16 14:21:50,2,4479.80,mag_end
!2025-09-16_Multi_Spcon_J1_J2_Con1,2025-09-16 14:21:50,2,4480.14,mag_start
!2025-09-16_Multi_Spcon_J1_J2_Con1,2025-09-16 14:21:50,2,4480.45,mag_end
!2025-09-16_Multi_Spcon_J1_J2_Con1,2025-09-16 14:21:50,2,4481.48,mag_start
!2025-09-16_Multi_Spcon_J1_J2_Con1,2025-09-16 14:21:50,2,4481.63,mag_end
!2025-09-16_Multi_Spcon_J1_J2_Con1,2025-09-16 14:21:50,2,4481.68,mag_start
!2025-09-16_Multi_Spcon_J1_J2_Con1,2025-09-16 14:21:50,2,4481.71,mag_end
!2025-09-16_Multi_Spcon_J1_J2_Con1,2025-09-16 14:21:50,2,4481.79,mag_start
!2025-09-16_Multi_Spcon_J1_J2_Con1,2025-09-16 14:21:50,2,4487.12,mag_end
!2025-09-16_Multi_Spcon_J1_J2_Con1,2025-09-16 14:21:50,2,4501.75,mag_start
!2025-09-16_Multi_Spcon_J1_J2_Con1,2025-09-16 14:21:50,2,4501.97,mag_end
!2025-09-16_Multi_Spcon_J1_J2_Con1,2025-09-16 14:21:50,2,4502.01,mag_start
!2025-09-16_Multi_Spcon_J1_J2_Con1,2025-09-16 14:21:50,2,4502.06,mag_end
!2025-09-16_Multi_Spcon_J1_J2_Con1,2025-09-16 14:21:50,2,4502.42,mag_start
!2025-09-16_Multi_Spcon_J1_J2_Con1,2025-09-16 14:21:50,2,4502.45,mag_end
!2025-09-16_Multi_Spcon_J1_J2_Con1,2025-09-16 14:21:50,2,4502.82,mag_start
!2025-09-16_Multi_Spcon_J1_J2_Con1,2025-09-16 14:21:50,2,4503.16,mag_end
!2025-09-16_Multi_Spcon_J1_J2_Con1,2025-09-16 14:21:50,2,4505.49,mag_start
!2025-09-16_Multi_Spcon_J1_J2_Con1,2025-09-16 14:21:50,2,4505.76,mag_end
!2025-09-16_Multi_Spcon_J1_J2_Con1,2025-09-16 14:21:50,2,4506.10,mag_start
!2025-09-16_Multi_Spcon_J1_J2_Con1,2025-09-16 14:21:50,2,4506.42,mag_end
!2025-09-16_Multi_Spcon_J1_J2_Con1,2025-09-16 14:21:50,2,4513.81,noise_start
!2025-09-16_Multi_Spcon_J1_J2_Con1,2025-09-16 14:21:50,2,4523.81,noise_end
!2025-09-16_Multi_Spcon_J1_J2_Con1,2025-09-16 14:21:50,2,4523.81,pelD_start
!2025-09-16_Multi_Spcon_J1_J2_Con1,2025-09-16 14:21:50,2,4523.82,pelD_end
!2025-09-16_Multi_Spcon_J1_J2_Con1,2025-09-16 14:21:50,2,4524.01,pelD_start
!2025-09-16_Multi_Spcon_J1_J2_Con1,2025-09-16 14:21:50,2,4524.02,pelD_end
!2025-09-16_Multi_Spcon_J1_J2_Con1,2025-09-16 14:21:50,2,4538.83,mag_start
!2025-09-16_Multi_Spcon_J1_J2_Con1,2025-09-16 14:21:50,2,4538.87,mag_end
!2025-09-16_Multi_Spcon_J1_J2_Con1,2025-09-16 14:21:50,2,4538.88,mag_start
!2025-09-16_Multi_Spcon_J1_J2_Con1,2025-09-16 14:21:50,2,4538.99,mag_end
!2025-09-16_Multi_Spcon_J1_J2_Con1,2025-09-16 14:21:50,2,4539.06,mag_start
!2025-09-16_Multi_Spcon_J1_J2_Con1,2025-09-16 14:21:50,2,4539.33,mag_end
!2025-09-16_Multi_Spcon_J1_J2_Con1,2025-09-16 14:21:50,2,4540.49,mag_start
!2025-09-16_Multi_Spcon_J1_J2_Con1,2025-09-16 14:21:50,2,4542.21,mag_end
!2025-09-16_Multi_Spcon_J1_J2_Con1,2025-09-16 14:21:50,2,4552.02,mag_start
!2025-09-16_Multi_Spcon_J1_J2_Con1,2025-09-16 14:21:50,2,4554.40,mag_end
!2025-09-16_Multi_Spcon_J1_J2_Con1,2025-09-16 14:21:50,2,4560.45,mag_start
!2025-09-16_Multi_Spcon_J1_J2_Con1,2025-09-16 14:21:50,2,4564.87,mag_end
!2025-09-16_Multi_Spcon_J1_J2_Con1,2025-09-16 14:21:50,2,4567.66,mag_start
!2025-09-16_Multi_Spcon_J1_J2_Con1,2025-09-16 14:21:50,2,4569.26,mag_end
!2025-09-16_Multi_Spcon_J1_J2_Con1,2025-09-16 14:21:50,2,4570.62,mag_start
!2025-09-16_Multi_Spcon_J1_J2_Con1,2025-09-16 14:21:50,2,4570.78,mag_end
!2025-09-16_Multi_Spcon_J1_J2_Con1,2025-09-16 14:21:50,2,4570.82,mag_start
!2025-09-16_Multi_Spcon_J1_J2_Con1,2025-09-16 14:21:50,2,4570.86,mag_end
!2025-09-16_Multi_Spcon_J1_J2_Con1,2025-09-16 14:21:50,2,4570.88,mag_start
!2025-09-16_Multi_Spcon_J1_J2_Con1,2025-09-16 14:21:50,2,4571.58,mag_end
!2025-09-16_Multi_Spcon_J1_J2_Con1,2025-09-16 14:21:50,2,4571.72,mag_start
!2025-09-16_Multi_Spcon_J1_J2_Con1,2025-09-16 14:21:50,2,4571.85,mag_end
!2025-09-16_Multi_Spcon_J1_J2_Con1,2025-09-16 14:21:50,2,4571.96,mag_start
!2025-09-16_Multi_Spcon_J1_J2_Con1,2025-09-16 14:21:50,2,4572.64,mag_end
!2025-09-16_Multi_Spcon_J1_J2_Con1,2025-09-16 14:21:50,2,4573.48,mag_start
!2025-09-16_Multi_Spcon_J1_J2_Con1,2025-09-16 14:21:50,2,4573.51,mag_end
!2025-09-16_Multi_Spcon_J1_J2_Con1,2025-09-16 14:21:50,2,4573.54,mag_start
!2025-09-16_Multi_Spcon_J1_J2_Con1,2025-09-16 14:21:50,2,4573.63,mag_end
!2025-09-16_Multi_Spcon_J1_J2_Con1,2025-09-16 14:21:50,2,4578.70,mag_start
!2025-09-16_Multi_Spcon_J1_J2_Con1,2025-09-16 14:21:50,2,4579.53,mag_end
!2025-09-16_Multi_Spcon_J1_J2_Con1,2025-09-16 14:21:50,2,4579.58,mag_start
!2025-09-16_Multi_Spcon_J1_J2_Con1,2025-09-16 14:21:50,2,4579.76,mag_end
!2025-09-16_Multi_Spcon_J1_J2_Con1,2025-09-16 14:21:50,2,4581.86,mag_start
!2025-09-16_Multi_Spcon_J1_J2_Con1,2025-09-16 14:21:50,2,4582.33,mag_end
!2025-09-16_Multi_Spcon_J1_J2_Con1,2025-09-16 14:21:50,2,4582.34,mag_start
!2025-09-16_Multi_Spcon_J1_J2_Con1,2025-09-16 14:21:50,2,4584.19,mag_end
!2025-09-16_Multi_Spcon_J1_J2_Con1,2025-09-16 14:21:50,2,4588.51,mag_start
!2025-09-16_Multi_Spcon_J1_J2_Con1,2025-09-16 14:21:50,2,4589.62,mag_end
!2025-09-16_Multi_Spcon_J1_J2_Con1,2025-09-16 14:21:50,2,4589.66,mag_start
!2025-09-16_Multi_Spcon_J1_J2_Con1,2025-09-16 14:21:50,2,4590.85,mag_end
!2025-09-16_Multi_Spcon_J1_J2_Con1,2025-09-16 14:21:50,2,4590.92,mag_start
!2025-09-16_Multi_Spcon_J1_J2_Con1,2025-09-16 14:21:50,2,4590.94,mag_end
!2025-09-16_Multi_Spcon_J1_J2_Con1,2025-09-16 14:21:50,2,4594.06,mag_start
!2025-09-16_Multi_Spcon_J1_J2_Con1,2025-09-16 14:21:50,2,4595.99,mag_end
!2025-09-16_Multi_Spcon_J1_J2_Con1,2025-09-16 14:21:50,2,4598.02,mag_start
!2025-09-16_Multi_Spcon_J1_J2_Con1,2025-09-16 14:21:50,2,4599.23,mag_end
!2025-09-16_Multi_Spcon_J1_J2_Con1,2025-09-16 14:21:50,2,4599.27,mag_start
!2025-09-16_Multi_Spcon_J1_J2_Con1,2025-09-16 14:21:50,2,4599.31,mag_end
!2025-09-16_Multi_Spcon_J1_J2_Con1,2025-09-16 14:21:50,2,4599.60,mag_start
!2025-09-16_Multi_Spcon_J1_J2_Con1,2025-09-16 14:21:50,2,4599.62,mag_end
!2025-09-16_Multi_Spcon_J1_J2_Con1,2025-09-16 14:21:50,2,4599.67,mag_start
!2025-09-16_Multi_Spcon_J1_J2_Con1,2025-09-16 14:21:50,2,4599.72,mag_end
!2025-09-16_Multi_Spcon_J1_J2_Con1,2025-09-16 14:21:50,2,4600.55,mag_start
!2025-09-16_Multi_Spcon_J1_J2_Con1,2025-09-16 14:21:50,2,4600.60,mag_end
!2025-09-16_Multi_Spcon_J1_J2_Con1,2025-09-16 14:21:50,2,4600.67,mag_start
!2025-09-16_Multi_Spcon_J1_J2_Con1,2025-09-16 14:21:50,2,4600.98,mag_end
!2025-09-16_Multi_Spcon_J1_J2_Con1,2025-09-16 14:21:50,2,4601.02,mag_start
!2025-09-16_Multi_Spcon_J1_J2_Con1,2025-09-16 14:21:50,2,4602.93,mag_end
!2025-09-16_Multi_Spcon_J1_J2_Con1,2025-09-16 14:21:50,2,4603.24,mag_start
!2025-09-16_Multi_Spcon_J1_J2_Con1,2025-09-16 14:21:50,2,4607.42,mag_end
!2025-09-16_Multi_Spcon_J1_J2_Con1,2025-09-16 14:21:50,2,4609.00,mag_start
!2025-09-16_Multi_Spcon_J1_J2_Con1,2025-09-16 14:21:50,2,4609.62,mag_end
!2025-09-16_Multi_Spcon_J1_J2_Con1,2025-09-16 14:21:50,2,4613.27,mag_start
!2025-09-16_Multi_Spcon_J1_J2_Con1,2025-09-16 14:21:50,2,4613.68,mag_end
!2025-09-16_Multi_Spcon_J1_J2_Con1,2025-09-16 14:21:50,2,4638.45,mag_start
!2025-09-16_Multi_Spcon_J1_J2_Con1,2025-09-16 14:21:50,2,4638.66,mag_end
!2025-09-16_Multi_Spcon_J1_J2_Con1,2025-09-16 14:21:50,2,4639.19,mag_start
!2025-09-16_Multi_Spcon_J1_J2_Con1,2025-09-16 14:21:50,2,4639.34,mag_end
!2025-09-16_Multi_Spcon_J1_J2_Con1,2025-09-16 14:21:50,2,4639.41,mag_start
!2025-09-16_Multi_Spcon_J1_J2_Con1,2025-09-16 14:21:50,2,4640.25,mag_end
!2025-09-16_Multi_Spcon_J1_J2_Con1,2025-09-16 14:21:50,2,4640.55,mag_start
!2025-09-16_Multi_Spcon_J1_J2_Con1,2025-09-16 14:21:50,2,4640.63,mag_end
!2025-09-16_Multi_Spcon_J1_J2_Con1,2025-09-16 14:21:50,2,4640.69,mag_start
!2025-09-16_Multi_Spcon_J1_J2_Con1,2025-09-16 14:21:50,2,4641.21,mag_end
!2025-09-16_Multi_Spcon_J1_J2_Con1,2025-09-16 14:21:50,2,4641.26,mag_start
!2025-09-16_Multi_Spcon_J1_J2_Con1,2025-09-16 14:21:50,2,4641.68,mag_end
!2025-09-16_Multi_Spcon_J1_J2_Con1,2025-09-16 14:21:50,2,4642.47,mag_start
!2025-09-16_Multi_Spcon_J1_J2_Con1,2025-09-16 14:21:50,2,4645.95,mag_end
!2025-09-16_Multi_Spcon_J1_J2_Con1,2025-09-16 14:21:50,2,4651.12,mag_start
!2025-09-16_Multi_Spcon_J1_J2_Con1,2025-09-16 14:21:50,2,4651.67,mag_end
!2025-09-16_Multi_Spcon_J1_J2_Con1,2025-09-16 14:21:50,2,4653.17,mag_start
!2025-09-16_Multi_Spcon_J1_J2_Con1,2025-09-16 14:21:50,2,4653.21,mag_end
!2025-09-16_Multi_Spcon_J1_J2_Con1,2025-09-16 14:21:50,2,4653.25,mag_start
!2025-09-16_Multi_Spcon_J1_J2_Con1,2025-09-16 14:21:50,2,4653.26,mag_end
!2025-09-16_Multi_Spcon_J1_J2_Con1,2025-09-16 14:21:50,2,4653.30,mag_start
!2025-09-16_Multi_Spcon_J1_J2_Con1,2025-09-16 14:21:50,2,4653.31,mag_end
!2025-09-16_Multi_Spcon_J1_J2_Con1,2025-09-16 14:21:50,2,4668.51,mag_start
!2025-09-16_Multi_Spcon_J1_J2_Con1,2025-09-16 14:21:50,2,4668.52,mag_end
!2025-09-16_Multi_Spcon_J1_J2_Con1,2025-09-16 14:21:50,2,4669.03,mag_start
!2025-09-16_Multi_Spcon_J1_J2_Con1,2025-09-16 14:21:50,2,4670.84,mag_end
!2025-09-16_Multi_Spcon_J1_J2_Con1,2025-09-16 14:21:50,2,4671.15,mag_start
!2025-09-16_Multi_Spcon_J1_J2_Con1,2025-09-16 14:21:50,2,4671.17,mag_end
!2025-09-16_Multi_Spcon_J1_J2_Con1,2025-09-16 14:21:50,2,4671.57,mag_start
!2025-09-16_Multi_Spcon_J1_J2_Con1,2025-09-16 14:21:50,2,4672.18,mag_end
!2025-09-16_Multi_Spcon_J1_J2_Con1,2025-09-16 14:21:50,2,4672.33,mag_start
!2025-09-16_Multi_Spcon_J1_J2_Con1,2025-09-16 14:21:50,2,4672.59,mag_end
!2025-09-16_Multi_Spcon_J1_J2_Con1,2025-09-16 14:21:50,2,4672.93,mag_start
!2025-09-16_Multi_Spcon_J1_J2_Con1,2025-09-16 14:21:50,2,4673.28,mag_end
!2025-09-16_Multi_Spcon_J1_J2_Con1,2025-09-16 14:21:50,2,4674.88,lowT_start
!2025-09-16_Multi_Spcon_J1_J2_Con1,2025-09-16 14:21:50,2,4684.88,lowT_end
!2025-09-16_Multi_Spcon_J1_J2_Con1,2025-09-16 14:21:50,2,4692.00,mag_start
!2025-09-16_Multi_Spcon_J1_J2_Con1,2025-09-16 14:21:50,2,4692.63,mag_end
!2025-09-16_Multi_Spcon_J1_J2_Con1,2025-09-16 14:21:50,2,4697.93,mag_start
!2025-09-16_Multi_Spcon_J1_J2_Con1,2025-09-16 14:21:50,2,4698.22,mag_end
!2025-09-16_Multi_Spcon_J1_J2_Con1,2025-09-16 14:21:50,2,4698.57,mag_start
!2025-09-16_Multi_Spcon_J1_J2_Con1,2025-09-16 14:21:50,2,4700.38,mag_end
!2025-09-16_Multi_Spcon_J1_J2_Con1,2025-09-16 14:21:50,2,4700.46,mag_start
!2025-09-16_Multi_Spcon_J1_J2_Con1,2025-09-16 14:21:50,2,4700.50,mag_end
!2025-09-16_Multi_Spcon_J1_J2_Con1,2025-09-16 14:21:50,2,4700.58,mag_start
!2025-09-16_Multi_Spcon_J1_J2_Con1,2025-09-16 14:21:50,2,4700.74,mag_end
!2025-09-16_Multi_Spcon_J1_J2_Con1,2025-09-16 14:21:50,2,4702.64,mag_start
!2025-09-16_Multi_Spcon_J1_J2_Con1,2025-09-16 14:21:50,2,4710.27,mag_end
!2025-09-16_Multi_Spcon_J1_J2_Con1,2025-09-16 14:21:50,2,4710.28,mag_start
!2025-09-16_Multi_Spcon_J1_J2_Con1,2025-09-16 14:21:50,2,4711.40,mag_end
!2025-09-16_Multi_Spcon_J1_J2_Con1,2025-09-16 14:21:50,2,4719.14,mag_start
!2025-09-16_Multi_Spcon_J1_J2_Con1,2025-09-16 14:21:50,2,4719.16,mag_end
!2025-09-16_Multi_Spcon_J1_J2_Con1,2025-09-16 14:21:50,2,4719.51,mag_start
!2025-09-16_Multi_Spcon_J1_J2_Con1,2025-09-16 14:21:50,2,4719.52,mag_end
!2025-09-16_Multi_Spcon_J1_J2_Con1,2025-09-16 14:21:50,2,4737.17,mag_start
!2025-09-16_Multi_Spcon_J1_J2_Con1,2025-09-16 14:21:50,2,4737.71,mag_end
!2025-09-16_Multi_Spcon_J1_J2_Con1,2025-09-16 14:21:50,2,4739.92,mag_start
!2025-09-16_Multi_Spcon_J1_J2_Con1,2025-09-16 14:21:50,2,4740.13,mag_end
!2025-09-16_Multi_Spcon_J1_J2_Con1,2025-09-16 14:21:50,2,4740.49,mag_start
!2025-09-16_Multi_Spcon_J1_J2_Con1,2025-09-16 14:21:50,2,4741.87,mag_end
!2025-09-16_Multi_Spcon_J1_J2_Con1,2025-09-16 14:21:50,2,4742.11,mag_start
!2025-09-16_Multi_Spcon_J1_J2_Con1,2025-09-16 14:21:50,2,4742.72,mag_end
!2025-09-16_Multi_Spcon_J1_J2_Con1,2025-09-16 14:21:50,2,4758.78,mag_start
!2025-09-16_Multi_Spcon_J1_J2_Con1,2025-09-16 14:21:50,2,4758.84,mag_end
!2025-09-16_Multi_Spcon_J1_J2_Con1,2025-09-16 14:21:50,2,4758.91,mag_start
!2025-09-16_Multi_Spcon_J1_J2_Con1,2025-09-16 14:21:50,2,4759.75,mag_end
!2025-09-16_Multi_Spcon_J1_J2_Con1,2025-09-16 14:21:50,2,4762.15,mag_start
!2025-09-16_Multi_Spcon_J1_J2_Con1,2025-09-16 14:21:50,2,4762.41,mag_end
!2025-09-16_Multi_Spcon_J1_J2_Con1,2025-09-16 14:21:50,2,4762.82,mag_start
!2025-09-16_Multi_Spcon_J1_J2_Con1,2025-09-16 14:21:50,2,4763.86,mag_end
!2025-09-16_Multi_Spcon_J1_J2_Con1,2025-09-16 14:21:50,2,4825.44,mag_start
!2025-09-16_Multi_Spcon_J1_J2_Con1,2025-09-16 14:21:50,2,4825.92,mag_end
!2025-09-16_Multi_Spcon_J1_J2_Con1,2025-09-16 14:21:50,2,4826.12,mag_start
!2025-09-16_Multi_Spcon_J1_J2_Con1,2025-09-16 14:21:50,2,4826.34,mag_end
!2025-09-16_Multi_Spcon_J1_J2_Con1,2025-09-16 14:21:50,2,4826.54,mag_start
!2025-09-16_Multi_Spcon_J1_J2_Con1,2025-09-16 14:21:50,2,4827.32,mag_end
!2025-09-16_Multi_Spcon_J1_J2_Con1,2025-09-16 14:21:50,2,4827.58,mag_start
!2025-09-16_Multi_Spcon_J1_J2_Con1,2025-09-16 14:21:50,2,4828.00,mag_end
!2025-09-16_Multi_Spcon_J1_J2_Con1,2025-09-16 14:21:50,2,4831.97,mag_start
!2025-09-16_Multi_Spcon_J1_J2_Con1,2025-09-16 14:21:50,2,4832.24,mag_end
!2025-09-16_Multi_Spcon_J1_J2_Con1,2025-09-16 14:21:50,2,4842.40,noise_start
!2025-09-16_Multi_Spcon_J1_J2_Con1,2025-09-16 14:21:50,2,4852.40,noise_end
!2025-09-16_Multi_Spcon_J1_J2_Con1,2025-09-16 14:21:50,2,4852.40,pelD_start
!2025-09-16_Multi_Spcon_J1_J2_Con1,2025-09-16 14:21:50,2,4852.41,pelD_end
!2025-09-16_Multi_Spcon_J1_J2_Con1,2025-09-16 14:21:50,2,4852.60,pelD_start
!2025-09-16_Multi_Spcon_J1_J2_Con1,2025-09-16 14:21:50,2,4852.61,pelD_end
!2025-09-16_Multi_Spcon_J1_J2_Con1,2025-09-16 14:21:50,2,4875.94,mag_start
!2025-09-16_Multi_Spcon_J1_J2_Con1,2025-09-16 14:21:50,2,4877.04,mag_end
!2025-09-16_Multi_Spcon_J1_J2_Con1,2025-09-16 14:21:50,2,4887.41,mag_start
!2025-09-16_Multi_Spcon_J1_J2_Con1,2025-09-16 14:21:50,2,4887.49,mag_end
!2025-09-16_Multi_Spcon_J1_J2_Con1,2025-09-16 14:21:50,2,4887.51,mag_start
!2025-09-16_Multi_Spcon_J1_J2_Con1,2025-09-16 14:21:50,2,4889.76,mag_end
!2025-09-16_Multi_Spcon_J1_J2_Con1,2025-09-16 14:21:50,2,4890.40,mag_start
!2025-09-16_Multi_Spcon_J1_J2_Con1,2025-09-16 14:21:50,2,4890.43,mag_end
!2025-09-16_Multi_Spcon_J1_J2_Con1,2025-09-16 14:21:50,2,4890.52,mag_start
!2025-09-16_Multi_Spcon_J1_J2_Con1,2025-09-16 14:21:50,2,4892.37,mag_end
!2025-09-16_Multi_Spcon_J1_J2_Con1,2025-09-16 14:21:50,2,4898.31,mag_start
!2025-09-16_Multi_Spcon_J1_J2_Con1,2025-09-16 14:21:50,2,4898.39,mag_end
!2025-09-16_Multi_Spcon_J1_J2_Con1,2025-09-16 14:21:50,2,4898.43,mag_start
!2025-09-16_Multi_Spcon_J1_J2_Con1,2025-09-16 14:21:50,2,4899.22,mag_end
!2025-09-16_Multi_Spcon_J1_J2_Con1,2025-09-16 14:21:50,2,4899.46,mag_start
!2025-09-16_Multi_Spcon_J1_J2_Con1,2025-09-16 14:21:50,2,4900.15,mag_end
!2025-09-16_Multi_Spcon_J1_J2_Con1,2025-09-16 14:21:50,2,4901.10,mag_start
!2025-09-16_Multi_Spcon_J1_J2_Con1,2025-09-16 14:21:50,2,4901.13,mag_end
!2025-09-16_Multi_Spcon_J1_J2_Con1,2025-09-16 14:21:50,2,4901.20,mag_start
!2025-09-16_Multi_Spcon_J1_J2_Con1,2025-09-16 14:21:50,2,4902.45,mag_end
!2025-09-16_Multi_Spcon_J1_J2_Con1,2025-09-16 14:21:50,2,4902.51,mag_start
!2025-09-16_Multi_Spcon_J1_J2_Con1,2025-09-16 14:21:50,2,4902.91,mag_end
!2025-09-16_Multi_Spcon_J1_J2_Con1,2025-09-16 14:21:50,2,4903.55,mag_start
!2025-09-16_Multi_Spcon_J1_J2_Con1,2025-09-16 14:21:50,2,4903.65,mag_end
!2025-09-16_Multi_Spcon_J1_J2_Con1,2025-09-16 14:21:50,2,4903.68,mag_start
!2025-09-16_Multi_Spcon_J1_J2_Con1,2025-09-16 14:21:50,2,4903.75,mag_end
!2025-09-16_Multi_Spcon_J1_J2_Con1,2025-09-16 14:21:50,2,4903.79,mag_start
!2025-09-16_Multi_Spcon_J1_J2_Con1,2025-09-16 14:21:50,2,4904.37,mag_end
!2025-09-16_Multi_Spcon_J1_J2_Con1,2025-09-16 14:21:50,2,4904.49,mag_start
!2025-09-16_Multi_Spcon_J1_J2_Con1,2025-09-16 14:21:50,2,4905.43,mag_end
!2025-09-16_Multi_Spcon_J1_J2_Con1,2025-09-16 14:21:50,2,4906.15,mag_start
!2025-09-16_Multi_Spcon_J1_J2_Con1,2025-09-16 14:21:50,2,4907.17,mag_end
!2025-09-16_Multi_Spcon_J1_J2_Con1,2025-09-16 14:21:50,2,4908.87,mag_start
!2025-09-16_Multi_Spcon_J1_J2_Con1,2025-09-16 14:21:50,2,4910.69,mag_end
!2025-09-16_Multi_Spcon_J1_J2_Con1,2025-09-16 14:21:50,2,4911.04,mag_start
!2025-09-16_Multi_Spcon_J1_J2_Con1,2025-09-16 14:21:50,2,4911.05,mag_end
!2025-09-16_Multi_Spcon_J1_J2_Con1,2025-09-16 14:21:50,2,4913.34,mag_start
!2025-09-16_Multi_Spcon_J1_J2_Con1,2025-09-16 14:21:50,2,4915.35,mag_end
!2025-09-16_Multi_Spcon_J1_J2_Con1,2025-09-16 14:21:50,2,4915.74,mag_start
!2025-09-16_Multi_Spcon_J1_J2_Con1,2025-09-16 14:21:50,2,4915.77,mag_end
!2025-09-16_Multi_Spcon_J1_J2_Con1,2025-09-16 14:21:50,2,4915.78,mag_start
!2025-09-16_Multi_Spcon_J1_J2_Con1,2025-09-16 14:21:50,2,4916.88,mag_end
!2025-09-16_Multi_Spcon_J1_J2_Con1,2025-09-16 14:21:50,2,4916.99,mag_start
!2025-09-16_Multi_Spcon_J1_J2_Con1,2025-09-16 14:21:50,2,4917.38,mag_end
!2025-09-16_Multi_Spcon_J1_J2_Con1,2025-09-16 14:21:50,2,4919.04,mag_start
!2025-09-16_Multi_Spcon_J1_J2_Con1,2025-09-16 14:21:50,2,4919.72,mag_end
!2025-09-16_Multi_Spcon_J1_J2_Con1,2025-09-16 14:21:50,2,4921.49,mag_start
!2025-09-16_Multi_Spcon_J1_J2_Con1,2025-09-16 14:21:50,2,4921.53,mag_end
!2025-09-16_Multi_Spcon_J1_J2_Con1,2025-09-16 14:21:50,2,4921.76,mag_start
!2025-09-16_Multi_Spcon_J1_J2_Con1,2025-09-16 14:21:50,2,4923.28,mag_end
!2025-09-16_Multi_Spcon_J1_J2_Con1,2025-09-16 14:21:50,2,4923.47,mag_start
!2025-09-16_Multi_Spcon_J1_J2_Con1,2025-09-16 14:21:50,2,4923.50,mag_end
!2025-09-16_Multi_Spcon_J1_J2_Con1,2025-09-16 14:21:50,2,4923.82,mag_start
!2025-09-16_Multi_Spcon_J1_J2_Con1,2025-09-16 14:21:50,2,4924.40,mag_end
!2025-09-16_Multi_Spcon_J1_J2_Con1,2025-09-16 14:21:50,2,4924.52,mag_start
!2025-09-16_Multi_Spcon_J1_J2_Con1,2025-09-16 14:21:50,2,4925.20,mag_end
!2025-09-16_Multi_Spcon_J1_J2_Con1,2025-09-16 14:21:50,2,4925.21,mag_start
!2025-09-16_Multi_Spcon_J1_J2_Con1,2025-09-16 14:21:50,2,4925.85,mag_end
!2025-09-16_Multi_Spcon_J1_J2_Con1,2025-09-16 14:21:50,2,4925.91,mag_start
!2025-09-16_Multi_Spcon_J1_J2_Con1,2025-09-16 14:21:50,2,4925.98,mag_end
!2025-09-16_Multi_Spcon_J1_J2_Con1,2025-09-16 14:21:50,2,4926.07,mag_start
!2025-09-16_Multi_Spcon_J1_J2_Con1,2025-09-16 14:21:50,2,4926.15,mag_end
!2025-09-16_Multi_Spcon_J1_J2_Con1,2025-09-16 14:21:50,2,4928.22,mag_start
!2025-09-16_Multi_Spcon_J1_J2_Con1,2025-09-16 14:21:50,2,4928.30,mag_end
!2025-09-16_Multi_Spcon_J1_J2_Con1,2025-09-16 14:21:50,2,4928.40,mag_start
!2025-09-16_Multi_Spcon_J1_J2_Con1,2025-09-16 14:21:50,2,4928.46,mag_end
!2025-09-16_Multi_Spcon_J1_J2_Con1,2025-09-16 14:21:50,2,4928.50,mag_start
!2025-09-16_Multi_Spcon_J1_J2_Con1,2025-09-16 14:21:50,2,4928.70,mag_end
!2025-09-16_Multi_Spcon_J1_J2_Con1,2025-09-16 14:21:50,2,4928.72,mag_start
!2025-09-16_Multi_Spcon_J1_J2_Con1,2025-09-16 14:21:50,2,4929.00,mag_end
!2025-09-16_Multi_Spcon_J1_J2_Con1,2025-09-16 14:21:50,2,4929.21,mag_start
!2025-09-16_Multi_Spcon_J1_J2_Con1,2025-09-16 14:21:50,2,4929.41,mag_end
!2025-09-16_Multi_Spcon_J1_J2_Con1,2025-09-16 14:21:50,2,4929.43,mag_start
!2025-09-16_Multi_Spcon_J1_J2_Con1,2025-09-16 14:21:50,2,4930.12,mag_end
!2025-09-16_Multi_Spcon_J1_J2_Con1,2025-09-16 14:21:50,2,4930.34,mag_start
!2025-09-16_Multi_Spcon_J1_J2_Con1,2025-09-16 14:21:50,2,4930.39,mag_end
!2025-09-16_Multi_Spcon_J1_J2_Con1,2025-09-16 14:21:50,2,4930.75,mag_start
!2025-09-16_Multi_Spcon_J1_J2_Con1,2025-09-16 14:21:50,2,4931.25,mag_end
!2025-09-16_Multi_Spcon_J1_J2_Con1,2025-09-16 14:21:50,2,4931.26,mag_start
!2025-09-16_Multi_Spcon_J1_J2_Con1,2025-09-16 14:21:50,2,4931.31,mag_end
!2025-09-16_Multi_Spcon_J1_J2_Con1,2025-09-16 14:21:50,2,4932.55,mag_start
!2025-09-16_Multi_Spcon_J1_J2_Con1,2025-09-16 14:21:50,2,4932.78,mag_end
!2025-09-16_Multi_Spcon_J1_J2_Con1,2025-09-16 14:21:50,2,4932.84,mag_start
!2025-09-16_Multi_Spcon_J1_J2_Con1,2025-09-16 14:21:50,2,4932.86,mag_end
!2025-09-16_Multi_Spcon_J1_J2_Con1,2025-09-16 14:21:50,2,4932.98,mag_start
!2025-09-16_Multi_Spcon_J1_J2_Con1,2025-09-16 14:21:50,2,4934.41,mag_end
!2025-09-16_Multi_Spcon_J1_J2_Con1,2025-09-16 14:21:50,2,4934.57,mag_start
!2025-09-16_Multi_Spcon_J1_J2_Con1,2025-09-16 14:21:50,2,4934.65,mag_end
!2025-09-16_Multi_Spcon_J1_J2_Con1,2025-09-16 14:21:50,2,4934.67,mag_start
!2025-09-16_Multi_Spcon_J1_J2_Con1,2025-09-16 14:21:50,2,4935.54,mag_end
!2025-09-16_Multi_Spcon_J1_J2_Con1,2025-09-16 14:21:50,2,4935.56,mag_start
!2025-09-16_Multi_Spcon_J1_J2_Con1,2025-09-16 14:21:50,2,4935.65,mag_end
!2025-09-16_Multi_Spcon_J1_J2_Con1,2025-09-16 14:21:50,2,4935.69,mag_start
!2025-09-16_Multi_Spcon_J1_J2_Con1,2025-09-16 14:21:50,2,4935.70,mag_end
!2025-09-16_Multi_Spcon_J1_J2_Con1,2025-09-16 14:21:50,2,4953.19,mag_start
!2025-09-16_Multi_Spcon_J1_J2_Con1,2025-09-16 14:21:50,2,4954.34,mag_end
!2025-09-16_Multi_Spcon_J1_J2_Con1,2025-09-16 14:21:50,2,4966.47,mag_start
!2025-09-16_Multi_Spcon_J1_J2_Con1,2025-09-16 14:21:50,2,4966.90,mag_end
!2025-09-16_Multi_Spcon_J1_J2_Con1,2025-09-16 14:21:50,2,4967.38,mag_start
!2025-09-16_Multi_Spcon_J1_J2_Con1,2025-09-16 14:21:50,2,4968.12,mag_end
!2025-09-16_Multi_Spcon_J1_J2_Con1,2025-09-16 14:21:50,2,4970.20,mag_start
!2025-09-16_Multi_Spcon_J1_J2_Con1,2025-09-16 14:21:50,2,4970.44,mag_end
!2025-09-16_Multi_Spcon_J1_J2_Con1,2025-09-16 14:21:50,2,4970.49,mag_start
!2025-09-16_Multi_Spcon_J1_J2_Con1,2025-09-16 14:21:50,2,4971.57,mag_end
!2025-09-16_Multi_Spcon_J1_J2_Con1,2025-09-16 14:21:50,2,4972.98,mag_start
!2025-09-16_Multi_Spcon_J1_J2_Con1,2025-09-16 14:21:50,2,4974.80,mag_end
!2025-09-16_Multi_Spcon_J1_J2_Con1,2025-09-16 14:21:50,2,4975.06,mag_start
!2025-09-16_Multi_Spcon_J1_J2_Con1,2025-09-16 14:21:50,2,4975.70,mag_end
!2025-09-16_Multi_Spcon_J1_J2_Con1,2025-09-16 14:21:50,2,4975.78,mag_start
!2025-09-16_Multi_Spcon_J1_J2_Con1,2025-09-16 14:21:50,2,4976.39,mag_end
!2025-09-16_Multi_Spcon_J1_J2_Con1,2025-09-16 14:21:50,2,4976.53,mag_start
!2025-09-16_Multi_Spcon_J1_J2_Con1,2025-09-16 14:21:50,2,4976.54,mag_end
!2025-09-16_Multi_Spcon_J1_J2_Con1,2025-09-16 14:21:50,2,4976.92,mag_start
!2025-09-16_Multi_Spcon_J1_J2_Con1,2025-09-16 14:21:50,2,4977.34,mag_end
!2025-09-16_Multi_Spcon_J1_J2_Con1,2025-09-16 14:21:50,2,4978.60,mag_start
!2025-09-16_Multi_Spcon_J1_J2_Con1,2025-09-16 14:21:50,2,4978.84,mag_end
!2025-09-16_Multi_Spcon_J1_J2_Con1,2025-09-16 14:21:50,2,4979.50,mag_start
!2025-09-16_Multi_Spcon_J1_J2_Con1,2025-09-16 14:21:50,2,4979.55,mag_end
!2025-09-16_Multi_Spcon_J1_J2_Con1,2025-09-16 14:21:50,2,4979.63,mag_start
!2025-09-16_Multi_Spcon_J1_J2_Con1,2025-09-16 14:21:50,2,4979.76,mag_end
!2025-09-16_Multi_Spcon_J1_J2_Con1,2025-09-16 14:21:50,2,4980.91,mag_start
!2025-09-16_Multi_Spcon_J1_J2_Con1,2025-09-16 14:21:50,2,4981.08,mag_end
!2025-09-16_Multi_Spcon_J1_J2_Con1,2025-09-16 14:21:50,2,4992.30,mag_start
!2025-09-16_Multi_Spcon_J1_J2_Con1,2025-09-16 14:21:50,2,4994.02,mag_end
!2025-09-16_Multi_Spcon_J1_J2_Con1,2025-09-16 14:21:50,2,4994.51,mag_start
!2025-09-16_Multi_Spcon_J1_J2_Con1,2025-09-16 14:21:50,2,4995.19,mag_end
!2025-09-16_Multi_Spcon_J1_J2_Con1,2025-09-16 14:21:50,2,5001.38,lowT_start
!2025-09-16_Multi_Spcon_J1_J2_Con1,2025-09-16 14:21:50,2,5011.38,lowT_end
!2025-09-16_Multi_Spcon_J1_J2_Con1,2025-09-16 14:21:50,2,5012.42,mag_start
!2025-09-16_Multi_Spcon_J1_J2_Con1,2025-09-16 14:21:50,2,5012.59,mag_end
!2025-09-16_Multi_Spcon_J1_J2_Con1,2025-09-16 14:21:50,2,5012.93,mag_start
!2025-09-16_Multi_Spcon_J1_J2_Con1,2025-09-16 14:21:50,2,5012.99,mag_end
!2025-09-16_Multi_Spcon_J1_J2_Con1,2025-09-16 14:21:50,2,5013.07,mag_start
!2025-09-16_Multi_Spcon_J1_J2_Con1,2025-09-16 14:21:50,2,5013.26,mag_end
!2025-09-16_Multi_Spcon_J1_J2_Con1,2025-09-16 14:21:50,2,5013.47,mag_start
!2025-09-16_Multi_Spcon_J1_J2_Con1,2025-09-16 14:21:50,2,5016.32,mag_end
!2025-09-16_Multi_Spcon_J1_J2_Con1,2025-09-16 14:21:50,2,5016.35,mag_start
!2025-09-16_Multi_Spcon_J1_J2_Con1,2025-09-16 14:21:50,2,5016.44,mag_end
!2025-09-16_Multi_Spcon_J1_J2_Con1,2025-09-16 14:21:50,2,5016.51,mag_start
!2025-09-16_Multi_Spcon_J1_J2_Con1,2025-09-16 14:21:50,2,5016.88,mag_end
!2025-09-16_Multi_Spcon_J1_J2_Con1,2025-09-16 14:21:50,2,5016.89,mag_start
!2025-09-16_Multi_Spcon_J1_J2_Con1,2025-09-16 14:21:50,2,5017.85,mag_end
!2025-09-16_Multi_Spcon_J1_J2_Con1,2025-09-16 14:21:50,2,5018.89,mag_start
!2025-09-16_Multi_Spcon_J1_J2_Con1,2025-09-16 14:21:50,2,5019.40,mag_end
!2025-09-16_Multi_Spcon_J1_J2_Con1,2025-09-16 14:21:50,2,5019.46,mag_start
!2025-09-16_Multi_Spcon_J1_J2_Con1,2025-09-16 14:21:50,2,5019.65,mag_end
!2025-09-16_Multi_Spcon_J1_J2_Con1,2025-09-16 14:21:50,2,5019.91,mag_start
!2025-09-16_Multi_Spcon_J1_J2_Con1,2025-09-16 14:21:50,2,5020.81,mag_end
!2025-09-16_Multi_Spcon_J1_J2_Con1,2025-09-16 14:21:50,2,5022.48,mag_start
!2025-09-16_Multi_Spcon_J1_J2_Con1,2025-09-16 14:21:50,2,5023.19,mag_end
!2025-09-16_Multi_Spcon_J1_J2_Con1,2025-09-16 14:21:50,2,5023.33,mag_start
!2025-09-16_Multi_Spcon_J1_J2_Con1,2025-09-16 14:21:50,2,5023.87,mag_end
!2025-09-16_Multi_Spcon_J1_J2_Con1,2025-09-16 14:21:50,2,5027.08,mag_start
!2025-09-16_Multi_Spcon_J1_J2_Con1,2025-09-16 14:21:50,2,5027.41,mag_end
!2025-09-16_Multi_Spcon_J1_J2_Con1,2025-09-16 14:21:50,2,5028.53,mag_start
!2025-09-16_Multi_Spcon_J1_J2_Con1,2025-09-16 14:21:50,2,5028.54,mag_end
!2025-09-16_Multi_Spcon_J1_J2_Con1,2025-09-16 14:21:50,2,5028.86,mag_start
!2025-09-16_Multi_Spcon_J1_J2_Con1,2025-09-16 14:21:50,2,5029.15,mag_end
!2025-09-16_Multi_Spcon_J1_J2_Con1,2025-09-16 14:21:50,2,5029.16,mag_start
!2025-09-16_Multi_Spcon_J1_J2_Con1,2025-09-16 14:21:50,2,5029.53,mag_end
!2025-09-16_Multi_Spcon_J1_J2_Con1,2025-09-16 14:21:50,2,5029.58,mag_start
!2025-09-16_Multi_Spcon_J1_J2_Con1,2025-09-16 14:21:50,2,5029.62,mag_end
!2025-09-16_Multi_Spcon_J1_J2_Con1,2025-09-16 14:21:50,2,5029.85,mag_start
!2025-09-16_Multi_Spcon_J1_J2_Con1,2025-09-16 14:21:50,2,5030.10,mag_end
!2025-09-16_Multi_Spcon_J1_J2_Con1,2025-09-16 14:21:50,2,5033.42,mag_start
!2025-09-16_Multi_Spcon_J1_J2_Con1,2025-09-16 14:21:50,2,5035.92,mag_end
!2025-09-16_Multi_Spcon_J1_J2_Con1,2025-09-16 14:21:50,2,5035.95,mag_start
!2025-09-16_Multi_Spcon_J1_J2_Con1,2025-09-16 14:21:50,2,5036.24,mag_end
!2025-09-16_Multi_Spcon_J1_J2_Con1,2025-09-16 14:21:50,2,5036.96,mag_start
!2025-09-16_Multi_Spcon_J1_J2_Con1,2025-09-16 14:21:50,2,5037.24,mag_end
!2025-09-16_Multi_Spcon_J1_J2_Con1,2025-09-16 14:21:50,2,5037.92,mag_start
!2025-09-16_Multi_Spcon_J1_J2_Con1,2025-09-16 14:21:50,2,5037.96,mag_end
!2025-09-16_Multi_Spcon_J1_J2_Con1,2025-09-16 14:21:50,2,5037.97,mag_start
!2025-09-16_Multi_Spcon_J1_J2_Con1,2025-09-16 14:21:50,2,5038.36,mag_end
!2025-09-16_Multi_Spcon_J1_J2_Con1,2025-09-16 14:21:50,2,5038.71,mag_start
!2025-09-16_Multi_Spcon_J1_J2_Con1,2025-09-16 14:21:50,2,5038.72,mag_end
!2025-09-16_Multi_Spcon_J1_J2_Con1,2025-09-16 14:21:50,2,5038.75,mag_start
!2025-09-16_Multi_Spcon_J1_J2_Con1,2025-09-16 14:21:50,2,5038.93,mag_end
!2025-09-16_Multi_Spcon_J1_J2_Con1,2025-09-16 14:21:50,2,5039.18,mag_start
!2025-09-16_Multi_Spcon_J1_J2_Con1,2025-09-16 14:21:50,2,5041.21,mag_end
!2025-09-16_Multi_Spcon_J1_J2_Con1,2025-09-16 14:21:50,2,5050.61,mag_start
!2025-09-16_Multi_Spcon_J1_J2_Con1,2025-09-16 14:21:50,2,5051.77,mag_end
!2025-09-16_Multi_Spcon_J1_J2_Con1,2025-09-16 14:21:50,2,5051.89,mag_start
!2025-09-16_Multi_Spcon_J1_J2_Con1,2025-09-16 14:21:50,2,5051.91,mag_end
!2025-09-16_Multi_Spcon_J1_J2_Con1,2025-09-16 14:21:50,2,5051.92,mag_start
!2025-09-16_Multi_Spcon_J1_J2_Con1,2025-09-16 14:21:50,2,5051.95,mag_end
!2025-09-16_Multi_Spcon_J1_J2_Con1,2025-09-16 14:21:50,2,5052.01,mag_start
!2025-09-16_Multi_Spcon_J1_J2_Con1,2025-09-16 14:21:50,2,5052.08,mag_end
!2025-09-16_Multi_Spcon_J1_J2_Con1,2025-09-16 14:21:50,2,5052.50,mag_start
!2025-09-16_Multi_Spcon_J1_J2_Con1,2025-09-16 14:21:50,2,5052.82,mag_end
!2025-09-16_Multi_Spcon_J1_J2_Con1,2025-09-16 14:21:50,2,5053.21,mag_start
!2025-09-16_Multi_Spcon_J1_J2_Con1,2025-09-16 14:21:50,2,5055.87,mag_end
!2025-09-16_Multi_Spcon_J1_J2_Con1,2025-09-16 14:21:50,2,5056.01,mag_start
!2025-09-16_Multi_Spcon_J1_J2_Con1,2025-09-16 14:21:50,2,5057.97,mag_end
!2025-09-16_Multi_Spcon_J1_J2_Con1,2025-09-16 14:21:50,2,5075.01,mag_start
!2025-09-16_Multi_Spcon_J1_J2_Con1,2025-09-16 14:21:50,2,5075.03,mag_end
!2025-09-16_Multi_Spcon_J1_J2_Con1,2025-09-16 14:21:50,2,5075.26,mag_start
!2025-09-16_Multi_Spcon_J1_J2_Con1,2025-09-16 14:21:50,2,5075.30,mag_end
!2025-09-16_Multi_Spcon_J1_J2_Con1,2025-09-16 14:21:50,2,5075.32,mag_start
!2025-09-16_Multi_Spcon_J1_J2_Con1,2025-09-16 14:21:50,2,5076.01,mag_end
!2025-09-16_Multi_Spcon_J1_J2_Con1,2025-09-16 14:21:50,2,5098.75,mag_start
!2025-09-16_Multi_Spcon_J1_J2_Con1,2025-09-16 14:21:50,2,5098.77,mag_end
!2025-09-16_Multi_Spcon_J1_J2_Con1,2025-09-16 14:21:50,2,5098.78,mag_start
!2025-09-16_Multi_Spcon_J1_J2_Con1,2025-09-16 14:21:50,2,5099.22,mag_end
!2025-09-16_Multi_Spcon_J1_J2_Con1,2025-09-16 14:21:50,2,5099.60,mag_start
!2025-09-16_Multi_Spcon_J1_J2_Con1,2025-09-16 14:21:50,2,5099.61,mag_end
!2025-09-16_Multi_Spcon_J1_J2_Con1,2025-09-16 14:21:50,2,5099.64,mag_start
!2025-09-16_Multi_Spcon_J1_J2_Con1,2025-09-16 14:21:50,2,5101.18,mag_end
!2025-09-16_Multi_Spcon_J1_J2_Con1,2025-09-16 14:21:50,2,5101.90,mag_start
!2025-09-16_Multi_Spcon_J1_J2_Con1,2025-09-16 14:21:50,2,5101.93,mag_end
!2025-09-16_Multi_Spcon_J1_J2_Con1,2025-09-16 14:21:50,2,5102.35,mag_start
!2025-09-16_Multi_Spcon_J1_J2_Con1,2025-09-16 14:21:50,2,5102.46,mag_end
!2025-09-16_Multi_Spcon_J1_J2_Con1,2025-09-16 14:21:50,2,5102.60,mag_start
!2025-09-16_Multi_Spcon_J1_J2_Con1,2025-09-16 14:21:50,2,5102.63,mag_end
!2025-09-16_Multi_Spcon_J1_J2_Con1,2025-09-16 14:21:50,2,5102.86,mag_start
!2025-09-16_Multi_Spcon_J1_J2_Con1,2025-09-16 14:21:50,2,5102.95,mag_end
!2025-09-16_Multi_Spcon_J1_J2_Con1,2025-09-16 14:21:50,2,5103.09,mag_start
!2025-09-16_Multi_Spcon_J1_J2_Con1,2025-09-16 14:21:50,2,5103.11,mag_end
!2025-09-16_Multi_Spcon_J1_J2_Con1,2025-09-16 14:21:50,2,5103.13,mag_start
!2025-09-16_Multi_Spcon_J1_J2_Con1,2025-09-16 14:21:50,2,5103.22,mag_end
!2025-09-16_Multi_Spcon_J1_J2_Con1,2025-09-16 14:21:50,2,5103.24,mag_start
!2025-09-16_Multi_Spcon_J1_J2_Con1,2025-09-16 14:21:50,2,5103.31,mag_end
!2025-09-16_Multi_Spcon_J1_J2_Con1,2025-09-16 14:21:50,2,5115.75,mag_start
!2025-09-16_Multi_Spcon_J1_J2_Con1,2025-09-16 14:21:50,2,5115.76,mag_end
!2025-09-16_Multi_Spcon_J1_J2_Con1,2025-09-16 14:21:50,2,5115.80,mag_start
!2025-09-16_Multi_Spcon_J1_J2_Con1,2025-09-16 14:21:50,2,5115.98,mag_end
!2025-09-16_Multi_Spcon_J1_J2_Con1,2025-09-16 14:21:50,2,5116.42,mag_start
!2025-09-16_Multi_Spcon_J1_J2_Con1,2025-09-16 14:21:50,2,5116.64,mag_end
!2025-09-16_Multi_Spcon_J1_J2_Con1,2025-09-16 14:21:50,2,5119.64,mag_start
!2025-09-16_Multi_Spcon_J1_J2_Con1,2025-09-16 14:21:50,2,5119.67,mag_end
!2025-09-16_Multi_Spcon_J1_J2_Con1,2025-09-16 14:21:50,2,5119.73,mag_start
!2025-09-16_Multi_Spcon_J1_J2_Con1,2025-09-16 14:21:50,2,5119.75,mag_end
!2025-09-16_Multi_Spcon_J1_J2_Con1,2025-09-16 14:21:50,2,5144.59,mag_start
!2025-09-16_Multi_Spcon_J1_J2_Con1,2025-09-16 14:21:50,2,5144.80,mag_end
!2025-09-16_Multi_Spcon_J1_J2_Con1,2025-09-16 14:21:50,2,5146.22,mag_start
!2025-09-16_Multi_Spcon_J1_J2_Con1,2025-09-16 14:21:50,2,5146.23,mag_end
!2025-09-16_Multi_Spcon_J1_J2_Con1,2025-09-16 14:21:50,2,5146.83,mag_start
!2025-09-16_Multi_Spcon_J1_J2_Con1,2025-09-16 14:21:50,2,5146.91,mag_end
!2025-09-16_Multi_Spcon_J1_J2_Con1,2025-09-16 14:21:50,2,5146.96,mag_start
!2025-09-16_Multi_Spcon_J1_J2_Con1,2025-09-16 14:21:50,2,5147.19,mag_end
!2025-09-16_Multi_Spcon_J1_J2_Con1,2025-09-16 14:21:50,2,5147.40,mag_start
!2025-09-16_Multi_Spcon_J1_J2_Con1,2025-09-16 14:21:50,2,5148.61,mag_end
!2025-09-16_Multi_Spcon_J1_J2_Con1,2025-09-16 14:21:50,2,5156.94,mag_start
!2025-09-16_Multi_Spcon_J1_J2_Con1,2025-09-16 14:21:50,2,5157.08,mag_end
!2025-09-16_Multi_Spcon_J1_J2_Con1,2025-09-16 14:21:50,2,5157.29,mag_start
!2025-09-16_Multi_Spcon_J1_J2_Con1,2025-09-16 14:21:50,2,5161.08,mag_end
!2025-09-16_Multi_Spcon_J1_J2_Con1,2025-09-16 14:21:50,2,5163.32,mag_start
!2025-09-16_Multi_Spcon_J1_J2_Con1,2025-09-16 14:21:50,2,5165.99,mag_end
!2025-09-16_Multi_Spcon_J1_J2_Con1,2025-09-16 14:21:50,2,5166.22,mag_start
!2025-09-16_Multi_Spcon_J1_J2_Con1,2025-09-16 14:21:50,2,5166.28,mag_end
!2025-09-16_Multi_Spcon_J1_J2_Con1,2025-09-16 14:21:50,2,5166.32,mag_start
!2025-09-16_Multi_Spcon_J1_J2_Con1,2025-09-16 14:21:50,2,5171.11,mag_end
!2025-09-16_Multi_Spcon_J1_J2_Con1,2025-09-16 14:21:50,2,5169.19,lowT_start
!2025-09-16_Multi_Spcon_J1_J2_Con1,2025-09-16 14:21:50,2,5179.19,lowT_end
!2025-09-16_Multi_Spcon_J1_J2_Con1,2025-09-16 14:21:50,2,5171.16,mag_start
!2025-09-16_Multi_Spcon_J1_J2_Con1,2025-09-16 14:21:50,2,5172.11,mag_end
!2025-09-16_Multi_Spcon_J1_J2_Con1,2025-09-16 14:21:50,2,5172.26,mag_start
!2025-09-16_Multi_Spcon_J1_J2_Con1,2025-09-16 14:21:50,2,5174.44,mag_end
!2025-09-16_Multi_Spcon_J1_J2_Con1,2025-09-16 14:21:50,2,5174.50,mag_start
!2025-09-16_Multi_Spcon_J1_J2_Con1,2025-09-16 14:21:50,2,5174.53,mag_end
!2025-09-16_Multi_Spcon_J1_J2_Con1,2025-09-16 14:21:50,2,5179.01,mag_start
!2025-09-16_Multi_Spcon_J1_J2_Con1,2025-09-16 14:21:50,2,5180.09,mag_end
!2025-09-16_Multi_Spcon_J1_J2_Con1,2025-09-16 14:21:50,2,5180.11,mag_start
!2025-09-16_Multi_Spcon_J1_J2_Con1,2025-09-16 14:21:50,2,5180.12,mag_end
!2025-09-16_Multi_Spcon_J1_J2_Con1,2025-09-16 14:21:50,2,5180.39,mag_start
!2025-09-16_Multi_Spcon_J1_J2_Con1,2025-09-16 14:21:50,2,5182.62,mag_end
!2025-09-16_Multi_Spcon_J1_J2_Con1,2025-09-16 14:21:50,2,5182.99,mag_start
!2025-09-16_Multi_Spcon_J1_J2_Con1,2025-09-16 14:21:50,2,5187.90,mag_end
!2025-09-16_Multi_Spcon_J1_J2_Con1,2025-09-16 14:21:50,2,5187.94,mag_start
!2025-09-16_Multi_Spcon_J1_J2_Con1,2025-09-16 14:21:50,2,5187.99,mag_end
!2025-09-16_Multi_Spcon_J1_J2_Con1,2025-09-16 14:21:50,2,5188.01,mag_start
!2025-09-16_Multi_Spcon_J1_J2_Con1,2025-09-16 14:21:50,2,5188.03,mag_end
!2025-09-16_Multi_Spcon_J1_J2_Con1,2025-09-16 14:21:50,2,5188.05,mag_start
!2025-09-16_Multi_Spcon_J1_J2_Con1,2025-09-16 14:21:50,2,5189.45,mag_end
!2025-09-16_Multi_Spcon_J1_J2_Con1,2025-09-16 14:21:50,2,5189.61,mag_start
!2025-09-16_Multi_Spcon_J1_J2_Con1,2025-09-16 14:21:50,2,5190.22,mag_end
!2025-09-16_Multi_Spcon_J1_J2_Con1,2025-09-16 14:21:50,2,5190.61,mag_start
!2025-09-16_Multi_Spcon_J1_J2_Con1,2025-09-16 14:21:50,2,5191.79,mag_end
!2025-09-16_Multi_Spcon_J1_J2_Con1,2025-09-16 14:21:50,2,5203.08,mag_start
!2025-09-16_Multi_Spcon_J1_J2_Con1,2025-09-16 14:21:50,2,5203.11,mag_end
!2025-09-16_Multi_Spcon_J1_J2_Con1,2025-09-16 14:21:50,2,5205.77,mag_start
!2025-09-16_Multi_Spcon_J1_J2_Con1,2025-09-16 14:21:50,2,5205.80,mag_end
!2025-09-16_Multi_Spcon_J1_J2_Con1,2025-09-16 14:21:50,2,5205.87,mag_start
!2025-09-16_Multi_Spcon_J1_J2_Con1,2025-09-16 14:21:50,2,5205.91,mag_end
!2025-09-16_Multi_Spcon_J1_J2_Con1,2025-09-16 14:21:50,2,5206.16,mag_start
!2025-09-16_Multi_Spcon_J1_J2_Con1,2025-09-16 14:21:50,2,5206.35,mag_end
!2025-09-16_Multi_Spcon_J1_J2_Con1,2025-09-16 14:21:50,2,5207.15,mag_start
!2025-09-16_Multi_Spcon_J1_J2_Con1,2025-09-16 14:21:50,2,5207.34,mag_end
!2025-09-16_Multi_Spcon_J1_J2_Con1,2025-09-16 14:21:50,2,5207.40,mag_start
!2025-09-16_Multi_Spcon_J1_J2_Con1,2025-09-16 14:21:50,2,5207.45,mag_end
!2025-09-16_Multi_Spcon_J1_J2_Con1,2025-09-16 14:21:50,2,5207.58,mag_start
!2025-09-16_Multi_Spcon_J1_J2_Con1,2025-09-16 14:21:50,2,5209.75,mag_end
!2025-09-16_Multi_Spcon_J1_J2_Con1,2025-09-16 14:21:50,2,5210.88,mag_start
!2025-09-16_Multi_Spcon_J1_J2_Con1,2025-09-16 14:21:50,2,5212.41,mag_end
!2025-09-16_Multi_Spcon_J1_J2_Con1,2025-09-16 14:21:50,2,5217.11,mag_start
!2025-09-16_Multi_Spcon_J1_J2_Con1,2025-09-16 14:21:50,2,5217.12,mag_end
!2025-09-16_Multi_Spcon_J1_J2_Con1,2025-09-16 14:21:50,2,5217.36,mag_start
!2025-09-16_Multi_Spcon_J1_J2_Con1,2025-09-16 14:21:50,2,5217.38,mag_end
!2025-09-16_Multi_Spcon_J1_J2_Con1,2025-09-16 14:21:50,2,5217.53,mag_start
!2025-09-16_Multi_Spcon_J1_J2_Con1,2025-09-16 14:21:50,2,5217.96,mag_end
!2025-09-16_Multi_Spcon_J1_J2_Con1,2025-09-16 14:21:50,2,5255.36,mag_start
!2025-09-16_Multi_Spcon_J1_J2_Con1,2025-09-16 14:21:50,2,5255.76,mag_end
!2025-09-16_Multi_Spcon_J1_J2_Con1,2025-09-16 14:21:50,2,5255.78,mag_start
!2025-09-16_Multi_Spcon_J1_J2_Con1,2025-09-16 14:21:50,2,5255.79,mag_end
!2025-09-16_Multi_Spcon_J1_J2_Con1,2025-09-16 14:21:50,2,5256.93,mag_start
!2025-09-16_Multi_Spcon_J1_J2_Con1,2025-09-16 14:21:50,2,5259.05,mag_end
!2025-09-16_Multi_Spcon_J1_J2_Con1,2025-09-16 14:21:50,2,5259.22,mag_start
!2025-09-16_Multi_Spcon_J1_J2_Con1,2025-09-16 14:21:50,2,5259.90,mag_end
!2025-09-16_Multi_Spcon_J1_J2_Con1,2025-09-16 14:21:50,2,5259.97,mag_start
!2025-09-16_Multi_Spcon_J1_J2_Con1,2025-09-16 14:21:50,2,5262.00,mag_end
!2025-09-16_Multi_Spcon_J1_J2_Con1,2025-09-16 14:21:50,2,5281.24,mag_start
!2025-09-16_Multi_Spcon_J1_J2_Con1,2025-09-16 14:21:50,2,5291.18,mag_end
!2025-09-16_Multi_Spcon_J1_J2_Con1,2025-09-16 14:21:50,2,5291.23,mag_start
!2025-09-16_Multi_Spcon_J1_J2_Con1,2025-09-16 14:21:50,2,5291.32,mag_end
!2025-09-16_Multi_Spcon_J1_J2_Con1,2025-09-16 14:21:50,2,5291.35,mag_start
!2025-09-16_Multi_Spcon_J1_J2_Con1,2025-09-16 14:21:50,2,5294.32,mag_end
!2025-09-16_Multi_Spcon_J1_J2_Con1,2025-09-16 14:21:50,2,5294.82,mag_start
!2025-09-16_Multi_Spcon_J1_J2_Con1,2025-09-16 14:21:50,2,5295.46,mag_end
!2025-09-16_Multi_Spcon_J1_J2_Con1,2025-09-16 14:21:50,2,5323.81,noise_start
!2025-09-16_Multi_Spcon_J1_J2_Con1,2025-09-16 14:21:50,2,5333.81,noise_end
!2025-09-16_Multi_Spcon_J1_J2_Con1,2025-09-16 14:21:50,2,5333.81,pelD_start
!2025-09-16_Multi_Spcon_J1_J2_Con1,2025-09-16 14:21:50,2,5333.82,pelD_end
!2025-09-16_Multi_Spcon_J1_J2_Con1,2025-09-16 14:21:50,2,5334.01,pelD_start
!2025-09-16_Multi_Spcon_J1_J2_Con1,2025-09-16 14:21:50,2,5334.02,pelD_end
!2025-09-16_Multi_Spcon_J1_J2_Con1,2025-09-16 14:21:50,2,5335.66,mag_start
!2025-09-16_Multi_Spcon_J1_J2_Con1,2025-09-16 14:21:50,2,5338.57,mag_end
!2025-09-16_Multi_Spcon_J1_J2_Con1,2025-09-16 14:21:50,2,5344.00,mag_start
!2025-09-16_Multi_Spcon_J1_J2_Con1,2025-09-16 14:21:50,2,5345.24,mag_end
!2025-09-16_Multi_Spcon_J1_J2_Con1,2025-09-16 14:21:50,2,5345.95,mag_start
!2025-09-16_Multi_Spcon_J1_J2_Con1,2025-09-16 14:21:50,2,5348.25,mag_end
!2025-09-16_Multi_Spcon_J1_J2_Con1,2025-09-16 14:21:50,2,5348.27,mag_start
!2025-09-16_Multi_Spcon_J1_J2_Con1,2025-09-16 14:21:50,2,5348.29,mag_end
!2025-09-16_Multi_Spcon_J1_J2_Con1,2025-09-16 14:21:50,2,5348.57,mag_start
!2025-09-16_Multi_Spcon_J1_J2_Con1,2025-09-16 14:21:50,2,5349.43,mag_end
!2025-09-16_Multi_Spcon_J1_J2_Con1,2025-09-16 14:21:50,2,5349.66,mag_start
!2025-09-16_Multi_Spcon_J1_J2_Con1,2025-09-16 14:21:50,2,5350.47,mag_end
!2025-09-16_Multi_Spcon_J1_J2_Con1,2025-09-16 14:21:50,2,5350.49,mag_start
!2025-09-16_Multi_Spcon_J1_J2_Con1,2025-09-16 14:21:50,2,5350.52,mag_end
!2025-09-16_Multi_Spcon_J1_J2_Con1,2025-09-16 14:21:50,2,5351.04,mag_start
!2025-09-16_Multi_Spcon_J1_J2_Con1,2025-09-16 14:21:50,2,5351.96,mag_end
!2025-09-16_Multi_Spcon_J1_J2_Con1,2025-09-16 14:21:50,2,5352.81,mag_start
!2025-09-16_Multi_Spcon_J1_J2_Con1,2025-09-16 14:21:50,2,5352.85,mag_end
!2025-09-16_Multi_Spcon_J1_J2_Con1,2025-09-16 14:21:50,2,5352.89,mag_start
!2025-09-16_Multi_Spcon_J1_J2_Con1,2025-09-16 14:21:50,2,5353.13,mag_end
!2025-09-16_Multi_Spcon_J1_J2_Con1,2025-09-16 14:21:50,2,5353.33,mag_start
!2025-09-16_Multi_Spcon_J1_J2_Con1,2025-09-16 14:21:50,2,5353.71,mag_end
!2025-09-16_Multi_Spcon_J1_J2_Con1,2025-09-16 14:21:50,2,5354.88,mag_start
!2025-09-16_Multi_Spcon_J1_J2_Con1,2025-09-16 14:21:50,2,5356.38,mag_end
!2025-09-16_Multi_Spcon_J1_J2_Con1,2025-09-16 14:21:50,2,5356.71,mag_start
!2025-09-16_Multi_Spcon_J1_J2_Con1,2025-09-16 14:21:50,2,5357.31,mag_end
!2025-09-16_Multi_Spcon_J1_J2_Con1,2025-09-16 14:21:50,2,5357.86,mag_start
!2025-09-16_Multi_Spcon_J1_J2_Con1,2025-09-16 14:21:50,2,5357.95,mag_end
!2025-09-16_Multi_Spcon_J1_J2_Con1,2025-09-16 14:21:50,2,5358.05,mag_start
!2025-09-16_Multi_Spcon_J1_J2_Con1,2025-09-16 14:21:50,2,5358.63,mag_end
!2025-09-16_Multi_Spcon_J1_J2_Con1,2025-09-16 14:21:50,2,5360.96,mag_start
!2025-09-16_Multi_Spcon_J1_J2_Con1,2025-09-16 14:21:50,2,5360.97,mag_end
!2025-09-16_Multi_Spcon_J1_J2_Con1,2025-09-16 14:21:50,2,5361.12,mag_start
!2025-09-16_Multi_Spcon_J1_J2_Con1,2025-09-16 14:21:50,2,5361.52,mag_end
!2025-09-16_Multi_Spcon_J1_J2_Con1,2025-09-16 14:21:50,2,5362.05,mag_start
!2025-09-16_Multi_Spcon_J1_J2_Con1,2025-09-16 14:21:50,2,5362.62,mag_end
!2025-09-16_Multi_Spcon_J1_J2_Con1,2025-09-16 14:21:50,2,5362.68,mag_start
!2025-09-16_Multi_Spcon_J1_J2_Con1,2025-09-16 14:21:50,2,5362.69,mag_end
!2025-09-16_Multi_Spcon_J1_J2_Con1,2025-09-16 14:21:50,2,5362.86,mag_start
!2025-09-16_Multi_Spcon_J1_J2_Con1,2025-09-16 14:21:50,2,5365.67,mag_end
!2025-09-16_Multi_Spcon_J1_J2_Con1,2025-09-16 14:21:50,2,5369.44,mag_start
!2025-09-16_Multi_Spcon_J1_J2_Con1,2025-09-16 14:21:50,2,5369.45,mag_end
!2025-09-16_Multi_Spcon_J1_J2_Con1,2025-09-16 14:21:50,2,5369.63,mag_start
!2025-09-16_Multi_Spcon_J1_J2_Con1,2025-09-16 14:21:50,2,5369.70,mag_end
!2025-09-16_Multi_Spcon_J1_J2_Con1,2025-09-16 14:21:50,2,5369.71,mag_start
!2025-09-16_Multi_Spcon_J1_J2_Con1,2025-09-16 14:21:50,2,5370.44,mag_end
!2025-09-16_Multi_Spcon_J1_J2_Con1,2025-09-16 14:21:50,2,5370.76,mag_start
!2025-09-16_Multi_Spcon_J1_J2_Con1,2025-09-16 14:21:50,2,5371.10,mag_end
!2025-09-16_Multi_Spcon_J1_J2_Con1,2025-09-16 14:21:50,2,5371.15,mag_start
!2025-09-16_Multi_Spcon_J1_J2_Con1,2025-09-16 14:21:50,2,5371.53,mag_end
!2025-09-16_Multi_Spcon_J1_J2_Con1,2025-09-16 14:21:50,2,5371.91,mag_start
!2025-09-16_Multi_Spcon_J1_J2_Con1,2025-09-16 14:21:50,2,5372.01,mag_end
!2025-09-16_Multi_Spcon_J1_J2_Con1,2025-09-16 14:21:50,2,5372.08,mag_start
!2025-09-16_Multi_Spcon_J1_J2_Con1,2025-09-16 14:21:50,2,5373.11,mag_end
!2025-09-16_Multi_Spcon_J1_J2_Con1,2025-09-16 14:21:50,2,5377.25,mag_start
!2025-09-16_Multi_Spcon_J1_J2_Con1,2025-09-16 14:21:50,2,5377.38,mag_end
!2025-09-16_Multi_Spcon_J1_J2_Con1,2025-09-16 14:21:50,2,5378.06,mag_start
!2025-09-16_Multi_Spcon_J1_J2_Con1,2025-09-16 14:21:50,2,5378.09,mag_end
!2025-09-16_Multi_Spcon_J1_J2_Con1,2025-09-16 14:21:50,2,5378.19,mag_start
!2025-09-16_Multi_Spcon_J1_J2_Con1,2025-09-16 14:21:50,2,5378.31,mag_end
!2025-09-16_Multi_Spcon_J1_J2_Con1,2025-09-16 14:21:50,2,5378.78,mag_start
!2025-09-16_Multi_Spcon_J1_J2_Con1,2025-09-16 14:21:50,2,5379.08,mag_end
!2025-09-16_Multi_Spcon_J1_J2_Con1,2025-09-16 14:21:50,2,5379.11,mag_start
!2025-09-16_Multi_Spcon_J1_J2_Con1,2025-09-16 14:21:50,2,5380.53,mag_end
!2025-09-16_Multi_Spcon_J1_J2_Con1,2025-09-16 14:21:50,2,5380.57,mag_start
!2025-09-16_Multi_Spcon_J1_J2_Con1,2025-09-16 14:21:50,2,5380.66,mag_end
!2025-09-16_Multi_Spcon_J1_J2_Con1,2025-09-16 14:21:50,2,5387.91,mag_start
!2025-09-16_Multi_Spcon_J1_J2_Con1,2025-09-16 14:21:50,2,5388.35,mag_end
!2025-09-16_Multi_Spcon_J1_J2_Con1,2025-09-16 14:21:50,2,5388.84,mag_start
!2025-09-16_Multi_Spcon_J1_J2_Con1,2025-09-16 14:21:50,2,5391.37,mag_end
!2025-09-16_Multi_Spcon_J1_J2_Con1,2025-09-16 14:21:50,2,5391.61,mag_start
!2025-09-16_Multi_Spcon_J1_J2_Con1,2025-09-16 14:21:50,2,5392.41,mag_end
!2025-09-16_Multi_Spcon_J1_J2_Con1,2025-09-16 14:21:50,2,5392.52,mag_start
!2025-09-16_Multi_Spcon_J1_J2_Con1,2025-09-16 14:21:50,2,5392.56,mag_end
!2025-09-16_Multi_Spcon_J1_J2_Con1,2025-09-16 14:21:50,2,5394.15,mag_start
!2025-09-16_Multi_Spcon_J1_J2_Con1,2025-09-16 14:21:50,2,5395.89,mag_end
!2025-09-16_Multi_Spcon_J1_J2_Con1,2025-09-16 14:21:50,2,5396.09,mag_start
!2025-09-16_Multi_Spcon_J1_J2_Con1,2025-09-16 14:21:50,2,5396.54,mag_end
!2025-09-16_Multi_Spcon_J1_J2_Con1,2025-09-16 14:21:50,2,5396.61,mag_start
!2025-09-16_Multi_Spcon_J1_J2_Con1,2025-09-16 14:21:50,2,5397.04,mag_end
!2025-09-16_Multi_Spcon_J1_J2_Con1,2025-09-16 14:21:50,2,5397.42,mag_start
!2025-09-16_Multi_Spcon_J1_J2_Con1,2025-09-16 14:21:50,2,5397.46,mag_end
!2025-09-16_Multi_Spcon_J1_J2_Con1,2025-09-16 14:21:50,2,5397.56,mag_start
!2025-09-16_Multi_Spcon_J1_J2_Con1,2025-09-16 14:21:50,2,5397.57,mag_end
!2025-09-16_Multi_Spcon_J1_J2_Con1,2025-09-16 14:21:50,2,5397.62,mag_start
!2025-09-16_Multi_Spcon_J1_J2_Con1,2025-09-16 14:21:50,2,5398.07,mag_end
!2025-09-16_Multi_Spcon_J1_J2_Con1,2025-09-16 14:21:50,2,5406.41,mag_start
!2025-09-16_Multi_Spcon_J1_J2_Con1,2025-09-16 14:21:50,2,5406.51,mag_end
!2025-09-16_Multi_Spcon_J1_J2_Con1,2025-09-16 14:21:50,2,5407.36,mag_start
!2025-09-16_Multi_Spcon_J1_J2_Con1,2025-09-16 14:21:50,2,5408.77,mag_end
!2025-09-16_Multi_Spcon_J1_J2_Con1,2025-09-16 14:21:50,2,5409.07,mag_start
!2025-09-16_Multi_Spcon_J1_J2_Con1,2025-09-16 14:21:50,2,5409.46,mag_end
!2025-09-16_Multi_Spcon_J1_J2_Con1,2025-09-16 14:21:50,2,5410.75,mag_start
!2025-09-16_Multi_Spcon_J1_J2_Con1,2025-09-16 14:21:50,2,5413.52,mag_end
!2025-09-16_Multi_Spcon_J1_J2_Con1,2025-09-16 14:21:50,2,5413.53,mag_start
!2025-09-16_Multi_Spcon_J1_J2_Con1,2025-09-16 14:21:50,2,5414.69,mag_end
!2025-09-16_Multi_Spcon_J1_J2_Con1,2025-09-16 14:21:50,2,5438.71,mag_start
!2025-09-16_Multi_Spcon_J1_J2_Con1,2025-09-16 14:21:50,2,5439.07,mag_end
!2025-09-16_Multi_Spcon_J1_J2_Con1,2025-09-16 14:21:50,2,5439.83,mag_start
!2025-09-16_Multi_Spcon_J1_J2_Con1,2025-09-16 14:21:50,2,5441.32,mag_end
!2025-09-16_Multi_Spcon_J1_J2_Con1,2025-09-16 14:21:50,2,5441.39,mag_start
!2025-09-16_Multi_Spcon_J1_J2_Con1,2025-09-16 14:21:50,2,5441.41,mag_end
!2025-09-16_Multi_Spcon_J1_J2_Con1,2025-09-16 14:21:50,2,5441.46,mag_start
!2025-09-16_Multi_Spcon_J1_J2_Con1,2025-09-16 14:21:50,2,5441.47,mag_end
!2025-09-16_Multi_Spcon_J1_J2_Con1,2025-09-16 14:21:50,2,5441.52,mag_start
!2025-09-16_Multi_Spcon_J1_J2_Con1,2025-09-16 14:21:50,2,5443.76,mag_end
!2025-09-16_Multi_Spcon_J1_J2_Con1,2025-09-16 14:21:50,2,5444.41,mag_start
!2025-09-16_Multi_Spcon_J1_J2_Con1,2025-09-16 14:21:50,2,5444.47,mag_end
!2025-09-16_Multi_Spcon_J1_J2_Con1,2025-09-16 14:21:50,2,5444.50,mag_start
!2025-09-16_Multi_Spcon_J1_J2_Con1,2025-09-16 14:21:50,2,5444.52,mag_end
!2025-09-16_Multi_Spcon_J1_J2_Con1,2025-09-16 14:21:50,2,5444.65,mag_start
!2025-09-16_Multi_Spcon_J1_J2_Con1,2025-09-16 14:21:50,2,5445.80,mag_end
!2025-09-16_Multi_Spcon_J1_J2_Con1,2025-09-16 14:21:50,2,5446.29,mag_start
!2025-09-16_Multi_Spcon_J1_J2_Con1,2025-09-16 14:21:50,2,5446.78,mag_end
!2025-09-16_Multi_Spcon_J1_J2_Con1,2025-09-16 14:21:50,2,5458.07,mag_start
!2025-09-16_Multi_Spcon_J1_J2_Con1,2025-09-16 14:21:50,2,5458.77,mag_end
!2025-09-16_Multi_Spcon_J1_J2_Con1,2025-09-16 14:21:50,2,5458.91,mag_start
!2025-09-16_Multi_Spcon_J1_J2_Con1,2025-09-16 14:21:50,2,5460.31,mag_end
!2025-09-16_Multi_Spcon_J1_J2_Con1,2025-09-16 14:21:50,2,5460.47,mag_start
!2025-09-16_Multi_Spcon_J1_J2_Con1,2025-09-16 14:21:50,2,5460.54,mag_end
!2025-09-16_Multi_Spcon_J1_J2_Con1,2025-09-16 14:21:50,2,5478.92,mag_start
!2025-09-16_Multi_Spcon_J1_J2_Con1,2025-09-16 14:21:50,2,5478.95,mag_end
!2025-09-16_Multi_Spcon_J1_J2_Con1,2025-09-16 14:21:50,2,5478.97,mag_start
!2025-09-16_Multi_Spcon_J1_J2_Con1,2025-09-16 14:21:50,2,5479.04,mag_end
!2025-09-16_Multi_Spcon_J1_J2_Con1,2025-09-16 14:21:50,2,5479.10,mag_start
!2025-09-16_Multi_Spcon_J1_J2_Con1,2025-09-16 14:21:50,2,5479.30,mag_end
!2025-09-16_Multi_Spcon_J1_J2_Con1,2025-09-16 14:21:50,2,5481.01,mag_start
!2025-09-16_Multi_Spcon_J1_J2_Con1,2025-09-16 14:21:50,2,5481.30,mag_end
!2025-09-16_Multi_Spcon_J1_J2_Con1,2025-09-16 14:21:50,2,5481.91,mag_start
!2025-09-16_Multi_Spcon_J1_J2_Con1,2025-09-16 14:21:50,2,5482.00,mag_end
!2025-09-16_Multi_Spcon_J1_J2_Con1,2025-09-16 14:21:50,2,5482.14,mag_start
!2025-09-16_Multi_Spcon_J1_J2_Con1,2025-09-16 14:21:50,2,5482.19,mag_end
!2025-09-16_Multi_Spcon_J1_J2_Con1,2025-09-16 14:21:50,2,5482.74,mag_start
!2025-09-16_Multi_Spcon_J1_J2_Con1,2025-09-16 14:21:50,2,5482.86,mag_end
!2025-09-16_Multi_Spcon_J1_J2_Con1,2025-09-16 14:21:50,2,5482.99,mag_start
!2025-09-16_Multi_Spcon_J1_J2_Con1,2025-09-16 14:21:50,2,5483.87,mag_end
!2025-09-16_Multi_Spcon_J1_J2_Con1,2025-09-16 14:21:50,2,5486.36,mag_start
!2025-09-16_Multi_Spcon_J1_J2_Con1,2025-09-16 14:21:50,2,5486.78,mag_end
!2025-09-16_Multi_Spcon_J1_J2_Con1,2025-09-16 14:21:50,2,5487.17,mag_start
!2025-09-16_Multi_Spcon_J1_J2_Con1,2025-09-16 14:21:50,2,5489.56,mag_end
!2025-09-16_Multi_Spcon_J1_J2_Con1,2025-09-16 14:21:50,2,5489.65,mag_start
!2025-09-16_Multi_Spcon_J1_J2_Con1,2025-09-16 14:21:50,2,5489.91,mag_end
!2025-09-16_Multi_Spcon_J1_J2_Con1,2025-09-16 14:21:50,2,5490.17,mag_start
!2025-09-16_Multi_Spcon_J1_J2_Con1,2025-09-16 14:21:50,2,5490.66,mag_end
!2025-09-16_Multi_Spcon_J1_J2_Con1,2025-09-16 14:21:50,2,5490.93,mag_start
!2025-09-16_Multi_Spcon_J1_J2_Con1,2025-09-16 14:21:50,2,5491.26,mag_end
!2025-09-16_Multi_Spcon_J1_J2_Con1,2025-09-16 14:21:50,2,5491.30,mag_start
!2025-09-16_Multi_Spcon_J1_J2_Con1,2025-09-16 14:21:50,2,5491.38,mag_end
!2025-09-16_Multi_Spcon_J1_J2_Con1,2025-09-16 14:21:50,2,5491.48,mag_start
!2025-09-16_Multi_Spcon_J1_J2_Con1,2025-09-16 14:21:50,2,5491.52,mag_end
!2025-09-16_Multi_Spcon_J1_J2_Con1,2025-09-16 14:21:50,2,5504.01,mag_start
!2025-09-16_Multi_Spcon_J1_J2_Con1,2025-09-16 14:21:50,2,5505.93,mag_end
!2025-09-16_Multi_Spcon_J1_J2_Con1,2025-09-16 14:21:50,2,5505.96,mag_start
!2025-09-16_Multi_Spcon_J1_J2_Con1,2025-09-16 14:21:50,2,5506.67,mag_end
!2025-09-16_Multi_Spcon_J1_J2_Con1,2025-09-16 14:21:50,2,5507.15,mag_start
!2025-09-16_Multi_Spcon_J1_J2_Con1,2025-09-16 14:21:50,2,5507.78,mag_end
!2025-09-16_Multi_Spcon_J1_J2_Con1,2025-09-16 14:21:50,2,5508.41,mag_start
!2025-09-16_Multi_Spcon_J1_J2_Con1,2025-09-16 14:21:50,2,5509.21,mag_end
!2025-09-16_Multi_Spcon_J1_J2_Con1,2025-09-16 14:21:50,2,5510.30,mag_start
!2025-09-16_Multi_Spcon_J1_J2_Con1,2025-09-16 14:21:50,2,5510.52,mag_end
!2025-09-16_Multi_Spcon_J1_J2_Con1,2025-09-16 14:21:50,2,5510.71,mag_start
!2025-09-16_Multi_Spcon_J1_J2_Con1,2025-09-16 14:21:50,2,5511.28,mag_end
!2025-09-16_Multi_Spcon_J1_J2_Con1,2025-09-16 14:21:50,2,5532.31,mag_start
!2025-09-16_Multi_Spcon_J1_J2_Con1,2025-09-16 14:21:50,2,5532.51,mag_end
!2025-09-16_Multi_Spcon_J1_J2_Con1,2025-09-16 14:21:50,2,5539.90,mag_start
!2025-09-16_Multi_Spcon_J1_J2_Con1,2025-09-16 14:21:50,2,5540.20,mag_end
!2025-09-16_Multi_Spcon_J1_J2_Con1,2025-09-16 14:21:50,2,5550.90,mag_start
!2025-09-16_Multi_Spcon_J1_J2_Con1,2025-09-16 14:21:50,2,5551.34,mag_end
!2025-09-16_Multi_Spcon_J1_J2_Con1,2025-09-16 14:21:50,2,5551.51,mag_start
!2025-09-16_Multi_Spcon_J1_J2_Con1,2025-09-16 14:21:50,2,5551.85,mag_end
!2025-09-16_Multi_Spcon_J1_J2_Con1,2025-09-16 14:21:50,2,5552.16,mag_start
!2025-09-16_Multi_Spcon_J1_J2_Con1,2025-09-16 14:21:50,2,5552.54,mag_end
!2025-09-16_Multi_Spcon_J1_J2_Con1,2025-09-16 14:21:50,2,5556.18,mag_start
!2025-09-16_Multi_Spcon_J1_J2_Con1,2025-09-16 14:21:50,2,5556.72,mag_end
!2025-09-16_Multi_Spcon_J1_J2_Con1,2025-09-16 14:21:50,2,5562.25,mag_start
!2025-09-16_Multi_Spcon_J1_J2_Con1,2025-09-16 14:21:50,2,5562.27,mag_end
!2025-09-16_Multi_Spcon_J1_J2_Con1,2025-09-16 14:21:50,2,5562.31,mag_start
!2025-09-16_Multi_Spcon_J1_J2_Con1,2025-09-16 14:21:50,2,5562.34,mag_end
!2025-09-17_Multi_Spcon_J1_J2_Con2,2025-09-17 10:23:15,1,50.29,mag_start
!2025-09-17_Multi_Spcon_J1_J2_Con2,2025-09-17 10:23:15,1,50.38,mag_end
!2025-09-17_Multi_Spcon_J1_J2_Con2,2025-09-17 10:23:15,1,50.57,mag_start
!2025-09-17_Multi_Spcon_J1_J2_Con2,2025-09-17 10:23:15,1,50.86,mag_end
!2025-09-17_Multi_Spcon_J1_J2_Con2,2025-09-17 10:23:15,1,51.65,mag_start
!2025-09-17_Multi_Spcon_J1_J2_Con2,2025-09-17 10:23:15,1,53.18,mag_end
!2025-09-17_Multi_Spcon_J1_J2_Con2,2025-09-17 10:23:15,1,53.23,mag_start
!2025-09-17_Multi_Spcon_J1_J2_Con2,2025-09-17 10:23:15,1,53.25,mag_end
!2025-09-17_Multi_Spcon_J1_J2_Con2,2025-09-17 10:23:15,1,53.26,mag_start
!2025-09-17_Multi_Spcon_J1_J2_Con2,2025-09-17 10:23:15,1,53.69,mag_end
!2025-09-17_Multi_Spcon_J1_J2_Con2,2025-09-17 10:23:15,1,54.06,mag_start
!2025-09-17_Multi_Spcon_J1_J2_Con2,2025-09-17 10:23:15,1,54.08,mag_end
!2025-09-17_Multi_Spcon_J1_J2_Con2,2025-09-17 10:23:15,1,54.30,mag_start
!2025-09-17_Multi_Spcon_J1_J2_Con2,2025-09-17 10:23:15,1,54.59,mag_end
!2025-09-17_Multi_Spcon_J1_J2_Con2,2025-09-17 10:23:15,1,62.14,mag_start
!2025-09-17_Multi_Spcon_J1_J2_Con2,2025-09-17 10:23:15,1,62.43,mag_end
!2025-09-17_Multi_Spcon_J1_J2_Con2,2025-09-17 10:23:15,1,63.24,mag_start
!2025-09-17_Multi_Spcon_J1_J2_Con2,2025-09-17 10:23:15,1,63.42,mag_end
!2025-09-17_Multi_Spcon_J1_J2_Con2,2025-09-17 10:23:15,1,63.47,mag_start
!2025-09-17_Multi_Spcon_J1_J2_Con2,2025-09-17 10:23:15,1,63.52,mag_end
!2025-09-17_Multi_Spcon_J1_J2_Con2,2025-09-17 10:23:15,1,63.62,mag_start
!2025-09-17_Multi_Spcon_J1_J2_Con2,2025-09-17 10:23:15,1,64.17,mag_end
!2025-09-17_Multi_Spcon_J1_J2_Con2,2025-09-17 10:23:15,1,71.24,mag_start
!2025-09-17_Multi_Spcon_J1_J2_Con2,2025-09-17 10:23:15,1,71.46,mag_end
!2025-09-17_Multi_Spcon_J1_J2_Con2,2025-09-17 10:23:15,1,71.58,mag_start
!2025-09-17_Multi_Spcon_J1_J2_Con2,2025-09-17 10:23:15,1,75.58,mag_end
!2025-09-17_Multi_Spcon_J1_J2_Con2,2025-09-17 10:23:15,1,85.38,mag_start
!2025-09-17_Multi_Spcon_J1_J2_Con2,2025-09-17 10:23:15,1,86.15,mag_end
!2025-09-17_Multi_Spcon_J1_J2_Con2,2025-09-17 10:23:15,1,88.97,mag_start
!2025-09-17_Multi_Spcon_J1_J2_Con2,2025-09-17 10:23:15,1,89.01,mag_end
!2025-09-17_Multi_Spcon_J1_J2_Con2,2025-09-17 10:23:15,1,117.86,mag_start
!2025-09-17_Multi_Spcon_J1_J2_Con2,2025-09-17 10:23:15,1,117.95,mag_end
!2025-09-17_Multi_Spcon_J1_J2_Con2,2025-09-17 10:23:15,1,120.17,mag_start
!2025-09-17_Multi_Spcon_J1_J2_Con2,2025-09-17 10:23:15,1,120.21,mag_end
!2025-09-17_Multi_Spcon_J1_J2_Con2,2025-09-17 10:23:15,1,141.40,mag_start
!2025-09-17_Multi_Spcon_J1_J2_Con2,2025-09-17 10:23:15,1,141.59,mag_end
!2025-09-17_Multi_Spcon_J1_J2_Con2,2025-09-17 10:23:15,1,141.81,mag_start
!2025-09-17_Multi_Spcon_J1_J2_Con2,2025-09-17 10:23:15,1,141.91,mag_end
!2025-09-17_Multi_Spcon_J1_J2_Con2,2025-09-17 10:23:15,1,141.99,mag_start
!2025-09-17_Multi_Spcon_J1_J2_Con2,2025-09-17 10:23:15,1,142.39,mag_end
!2025-09-17_Multi_Spcon_J1_J2_Con2,2025-09-17 10:23:15,1,142.45,mag_start
!2025-09-17_Multi_Spcon_J1_J2_Con2,2025-09-17 10:23:15,1,142.86,mag_end
!2025-09-17_Multi_Spcon_J1_J2_Con2,2025-09-17 10:23:15,1,143.18,mag_start
!2025-09-17_Multi_Spcon_J1_J2_Con2,2025-09-17 10:23:15,1,143.33,mag_end
!2025-09-17_Multi_Spcon_J1_J2_Con2,2025-09-17 10:23:15,1,272.72,lowT_start
!2025-09-17_Multi_Spcon_J1_J2_Con2,2025-09-17 10:23:15,1,282.72,lowT_end
!2025-09-17_Multi_Spcon_J1_J2_Con2,2025-09-17 10:23:15,1,282.72,pelD_start
!2025-09-17_Multi_Spcon_J1_J2_Con2,2025-09-17 10:23:15,1,282.73,pelD_end
!2025-09-17_Multi_Spcon_J1_J2_Con2,2025-09-17 10:23:15,1,282.92,pelD_start
!2025-09-17_Multi_Spcon_J1_J2_Con2,2025-09-17 10:23:15,1,282.93,pelD_end
!2025-09-17_Multi_Spcon_J1_J2_Con2,2025-09-17 10:23:15,1,287.41,mag_start
!2025-09-17_Multi_Spcon_J1_J2_Con2,2025-09-17 10:23:15,1,287.56,mag_end
!2025-09-17_Multi_Spcon_J1_J2_Con2,2025-09-17 10:23:15,1,287.97,mag_start
!2025-09-17_Multi_Spcon_J1_J2_Con2,2025-09-17 10:23:15,1,288.64,mag_end
!2025-09-17_Multi_Spcon_J1_J2_Con2,2025-09-17 10:23:15,1,288.77,mag_start
!2025-09-17_Multi_Spcon_J1_J2_Con2,2025-09-17 10:23:15,1,288.88,mag_end
!2025-09-17_Multi_Spcon_J1_J2_Con2,2025-09-17 10:23:15,1,289.04,mag_start
!2025-09-17_Multi_Spcon_J1_J2_Con2,2025-09-17 10:23:15,1,289.11,mag_end
!2025-09-17_Multi_Spcon_J1_J2_Con2,2025-09-17 10:23:15,1,289.17,mag_start
!2025-09-17_Multi_Spcon_J1_J2_Con2,2025-09-17 10:23:15,1,290.64,mag_end
!2025-09-17_Multi_Spcon_J1_J2_Con2,2025-09-17 10:23:15,1,334.75,mag_start
!2025-09-17_Multi_Spcon_J1_J2_Con2,2025-09-17 10:23:15,1,334.86,mag_end
!2025-09-17_Multi_Spcon_J1_J2_Con2,2025-09-17 10:23:15,1,335.08,mag_start
!2025-09-17_Multi_Spcon_J1_J2_Con2,2025-09-17 10:23:15,1,335.09,mag_end
!2025-09-17_Multi_Spcon_J1_J2_Con2,2025-09-17 10:23:15,1,335.34,mag_start
!2025-09-17_Multi_Spcon_J1_J2_Con2,2025-09-17 10:23:15,1,335.35,mag_end
!2025-09-17_Multi_Spcon_J1_J2_Con2,2025-09-17 10:23:15,1,335.69,mag_start
!2025-09-17_Multi_Spcon_J1_J2_Con2,2025-09-17 10:23:15,1,335.88,mag_end
!2025-09-17_Multi_Spcon_J1_J2_Con2,2025-09-17 10:23:15,1,345.44,mag_start
!2025-09-17_Multi_Spcon_J1_J2_Con2,2025-09-17 10:23:15,1,345.46,mag_end
!2025-09-17_Multi_Spcon_J1_J2_Con2,2025-09-17 10:23:15,1,345.65,mag_start
!2025-09-17_Multi_Spcon_J1_J2_Con2,2025-09-17 10:23:15,1,345.81,mag_end
!2025-09-17_Multi_Spcon_J1_J2_Con2,2025-09-17 10:23:15,1,345.82,mag_start
!2025-09-17_Multi_Spcon_J1_J2_Con2,2025-09-17 10:23:15,1,346.33,mag_end
!2025-09-17_Multi_Spcon_J1_J2_Con2,2025-09-17 10:23:15,1,383.59,mag_start
!2025-09-17_Multi_Spcon_J1_J2_Con2,2025-09-17 10:23:15,1,383.94,mag_end
!2025-09-17_Multi_Spcon_J1_J2_Con2,2025-09-17 10:23:15,1,405.80,mag_start
!2025-09-17_Multi_Spcon_J1_J2_Con2,2025-09-17 10:23:15,1,409.21,mag_end
!2025-09-17_Multi_Spcon_J1_J2_Con2,2025-09-17 10:23:15,1,424.52,mag_start
!2025-09-17_Multi_Spcon_J1_J2_Con2,2025-09-17 10:23:15,1,424.58,mag_end
!2025-09-17_Multi_Spcon_J1_J2_Con2,2025-09-17 10:23:15,1,425.82,mag_start
!2025-09-17_Multi_Spcon_J1_J2_Con2,2025-09-17 10:23:15,1,425.83,mag_end
!2025-09-17_Multi_Spcon_J1_J2_Con2,2025-09-17 10:23:15,1,426.95,mag_start
!2025-09-17_Multi_Spcon_J1_J2_Con2,2025-09-17 10:23:15,1,427.01,mag_end
!2025-09-17_Multi_Spcon_J1_J2_Con2,2025-09-17 10:23:15,1,427.02,mag_start
!2025-09-17_Multi_Spcon_J1_J2_Con2,2025-09-17 10:23:15,1,427.36,mag_end
!2025-09-17_Multi_Spcon_J1_J2_Con2,2025-09-17 10:23:15,1,427.69,mag_start
!2025-09-17_Multi_Spcon_J1_J2_Con2,2025-09-17 10:23:15,1,427.75,mag_end
!2025-09-17_Multi_Spcon_J1_J2_Con2,2025-09-17 10:23:15,1,427.81,mag_start
!2025-09-17_Multi_Spcon_J1_J2_Con2,2025-09-17 10:23:15,1,428.73,mag_end
!2025-09-17_Multi_Spcon_J1_J2_Con2,2025-09-17 10:23:15,1,428.88,mag_start
!2025-09-17_Multi_Spcon_J1_J2_Con2,2025-09-17 10:23:15,1,429.32,mag_end
!2025-09-17_Multi_Spcon_J1_J2_Con2,2025-09-17 10:23:15,1,442.62,noise_start
!2025-09-17_Multi_Spcon_J1_J2_Con2,2025-09-17 10:23:15,1,452.62,noise_end
!2025-09-17_Multi_Spcon_J1_J2_Con2,2025-09-17 10:23:15,1,604.07,mag_start
!2025-09-17_Multi_Spcon_J1_J2_Con2,2025-09-17 10:23:15,1,604.12,mag_end
!2025-09-17_Multi_Spcon_J1_J2_Con2,2025-09-17 10:23:15,1,604.08,noise_start
!2025-09-17_Multi_Spcon_J1_J2_Con2,2025-09-17 10:23:15,1,614.08,noise_end
!2025-09-17_Multi_Spcon_J1_J2_Con2,2025-09-17 10:23:15,1,760.18,lowT_start
!2025-09-17_Multi_Spcon_J1_J2_Con2,2025-09-17 10:23:15,1,770.18,lowT_end
!2025-09-17_Multi_Spcon_J1_J2_Con2,2025-09-17 10:23:15,1,770.18,pelD_start
!2025-09-17_Multi_Spcon_J1_J2_Con2,2025-09-17 10:23:15,1,770.19,pelD_end
!2025-09-17_Multi_Spcon_J1_J2_Con2,2025-09-17 10:23:15,1,770.38,pelD_start
!2025-09-17_Multi_Spcon_J1_J2_Con2,2025-09-17 10:23:15,1,770.39,pelD_end
!2025-09-17_Multi_Spcon_J1_J2_Con2,2025-09-17 10:23:15,1,794.62,mag_start
!2025-09-17_Multi_Spcon_J1_J2_Con2,2025-09-17 10:23:15,1,794.84,mag_end
!2025-09-17_Multi_Spcon_J1_J2_Con2,2025-09-17 10:23:15,1,795.05,mag_start
!2025-09-17_Multi_Spcon_J1_J2_Con2,2025-09-17 10:23:15,1,795.20,mag_end
!2025-09-17_Multi_Spcon_J1_J2_Con2,2025-09-17 10:23:15,1,795.62,mag_start
!2025-09-17_Multi_Spcon_J1_J2_Con2,2025-09-17 10:23:15,1,795.68,mag_end
!2025-09-17_Multi_Spcon_J1_J2_Con2,2025-09-17 10:23:15,1,795.69,mag_start
!2025-09-17_Multi_Spcon_J1_J2_Con2,2025-09-17 10:23:15,1,795.71,mag_end
!2025-09-17_Multi_Spcon_J1_J2_Con2,2025-09-17 10:23:15,1,795.81,mag_start
!2025-09-17_Multi_Spcon_J1_J2_Con2,2025-09-17 10:23:15,1,802.08,mag_end
!2025-09-17_Multi_Spcon_J1_J2_Con2,2025-09-17 10:23:15,1,802.16,mag_start
!2025-09-17_Multi_Spcon_J1_J2_Con2,2025-09-17 10:23:15,1,802.17,mag_end
!2025-09-17_Multi_Spcon_J1_J2_Con2,2025-09-17 10:23:15,1,802.25,mag_start
!2025-09-17_Multi_Spcon_J1_J2_Con2,2025-09-17 10:23:15,1,803.55,mag_end
!2025-09-17_Multi_Spcon_J1_J2_Con2,2025-09-17 10:23:15,1,804.17,mag_start
!2025-09-17_Multi_Spcon_J1_J2_Con2,2025-09-17 10:23:15,1,804.20,mag_end
!2025-09-17_Multi_Spcon_J1_J2_Con2,2025-09-17 10:23:15,1,804.38,mag_start
!2025-09-17_Multi_Spcon_J1_J2_Con2,2025-09-17 10:23:15,1,806.55,mag_end
!2025-09-17_Multi_Spcon_J1_J2_Con2,2025-09-17 10:23:15,1,820.83,mag_start
!2025-09-17_Multi_Spcon_J1_J2_Con2,2025-09-17 10:23:15,1,822.43,mag_end
!2025-09-17_Multi_Spcon_J1_J2_Con2,2025-09-17 10:23:15,1,822.91,mag_start
!2025-09-17_Multi_Spcon_J1_J2_Con2,2025-09-17 10:23:15,1,827.95,mag_end
!2025-09-17_Multi_Spcon_J1_J2_Con2,2025-09-17 10:23:15,1,829.63,mag_start
!2025-09-17_Multi_Spcon_J1_J2_Con2,2025-09-17 10:23:15,1,830.64,mag_end
!2025-09-17_Multi_Spcon_J1_J2_Con2,2025-09-17 10:23:15,1,830.79,mag_start
!2025-09-17_Multi_Spcon_J1_J2_Con2,2025-09-17 10:23:15,1,835.89,mag_end
!2025-09-17_Multi_Spcon_J1_J2_Con2,2025-09-17 10:23:15,1,846.01,mag_start
!2025-09-17_Multi_Spcon_J1_J2_Con2,2025-09-17 10:23:15,1,846.05,mag_end
!2025-09-17_Multi_Spcon_J1_J2_Con2,2025-09-17 10:23:15,1,846.19,mag_start
!2025-09-17_Multi_Spcon_J1_J2_Con2,2025-09-17 10:23:15,1,846.42,mag_end
!2025-09-17_Multi_Spcon_J1_J2_Con2,2025-09-17 10:23:15,1,847.09,mag_start
!2025-09-17_Multi_Spcon_J1_J2_Con2,2025-09-17 10:23:15,1,849.32,mag_end
!2025-09-17_Multi_Spcon_J1_J2_Con2,2025-09-17 10:23:15,1,849.34,mag_start
!2025-09-17_Multi_Spcon_J1_J2_Con2,2025-09-17 10:23:15,1,849.67,mag_end
!2025-09-17_Multi_Spcon_J1_J2_Con2,2025-09-17 10:23:15,1,870.64,mag_start
!2025-09-17_Multi_Spcon_J1_J2_Con2,2025-09-17 10:23:15,1,870.97,mag_end
!2025-09-17_Multi_Spcon_J1_J2_Con2,2025-09-17 10:23:15,1,873.08,mag_start
!2025-09-17_Multi_Spcon_J1_J2_Con2,2025-09-17 10:23:15,1,873.33,mag_end
!2025-09-17_Multi_Spcon_J1_J2_Con2,2025-09-17 10:23:15,1,879.98,mag_start
!2025-09-17_Multi_Spcon_J1_J2_Con2,2025-09-17 10:23:15,1,881.21,mag_end
!2025-09-17_Multi_Spcon_J1_J2_Con2,2025-09-17 10:23:15,1,881.37,mag_start
!2025-09-17_Multi_Spcon_J1_J2_Con2,2025-09-17 10:23:15,1,881.52,mag_end
!2025-09-17_Multi_Spcon_J1_J2_Con2,2025-09-17 10:23:15,1,882.04,mag_start
!2025-09-17_Multi_Spcon_J1_J2_Con2,2025-09-17 10:23:15,1,882.22,mag_end
!2025-09-17_Multi_Spcon_J1_J2_Con2,2025-09-17 10:23:15,1,882.40,mag_start
!2025-09-17_Multi_Spcon_J1_J2_Con2,2025-09-17 10:23:15,1,885.63,mag_end
!2025-09-17_Multi_Spcon_J1_J2_Con2,2025-09-17 10:23:15,1,893.79,mag_start
!2025-09-17_Multi_Spcon_J1_J2_Con2,2025-09-17 10:23:15,1,894.32,mag_end
!2025-09-17_Multi_Spcon_J1_J2_Con2,2025-09-17 10:23:15,1,910.62,mag_start
!2025-09-17_Multi_Spcon_J1_J2_Con2,2025-09-17 10:23:15,1,910.69,mag_end
!2025-09-17_Multi_Spcon_J1_J2_Con2,2025-09-17 10:23:15,1,914.60,noise_start
!2025-09-17_Multi_Spcon_J1_J2_Con2,2025-09-17 10:23:15,1,924.60,noise_end
!2025-09-17_Multi_Spcon_J1_J2_Con2,2025-09-17 10:23:15,1,1090.85,lowT_start
!2025-09-17_Multi_Spcon_J1_J2_Con2,2025-09-17 10:23:15,1,1100.85,lowT_end
!2025-09-17_Multi_Spcon_J1_J2_Con2,2025-09-17 10:23:15,1,1093.07,mag_start
!2025-09-17_Multi_Spcon_J1_J2_Con2,2025-09-17 10:23:15,1,1093.33,mag_end
!2025-09-17_Multi_Spcon_J1_J2_Con2,2025-09-17 10:23:15,1,1094.41,mag_start
!2025-09-17_Multi_Spcon_J1_J2_Con2,2025-09-17 10:23:15,1,1095.54,mag_end
!2025-09-17_Multi_Spcon_J1_J2_Con2,2025-09-17 10:23:15,1,1100.85,pelD_start
!2025-09-17_Multi_Spcon_J1_J2_Con2,2025-09-17 10:23:15,1,1100.86,pelD_end
!2025-09-17_Multi_Spcon_J1_J2_Con2,2025-09-17 10:23:15,1,1101.05,pelD_start
!2025-09-17_Multi_Spcon_J1_J2_Con2,2025-09-17 10:23:15,1,1101.06,pelD_end
!2025-09-17_Multi_Spcon_J1_J2_Con2,2025-09-17 10:23:15,1,1120.54,mag_start
!2025-09-17_Multi_Spcon_J1_J2_Con2,2025-09-17 10:23:15,1,1122.73,mag_end
!2025-09-17_Multi_Spcon_J1_J2_Con2,2025-09-17 10:23:15,1,1124.96,mag_start
!2025-09-17_Multi_Spcon_J1_J2_Con2,2025-09-17 10:23:15,1,1125.12,mag_end
!2025-09-17_Multi_Spcon_J1_J2_Con2,2025-09-17 10:23:15,1,1125.28,mag_start
!2025-09-17_Multi_Spcon_J1_J2_Con2,2025-09-17 10:23:15,1,1126.81,mag_end
!2025-09-17_Multi_Spcon_J1_J2_Con2,2025-09-17 10:23:15,1,1127.04,mag_start
!2025-09-17_Multi_Spcon_J1_J2_Con2,2025-09-17 10:23:15,1,1127.47,mag_end
!2025-09-17_Multi_Spcon_J1_J2_Con2,2025-09-17 10:23:15,1,1128.50,mag_start
!2025-09-17_Multi_Spcon_J1_J2_Con2,2025-09-17 10:23:15,1,1139.56,mag_end
!2025-09-17_Multi_Spcon_J1_J2_Con2,2025-09-17 10:23:15,1,1150.04,mag_start
!2025-09-17_Multi_Spcon_J1_J2_Con2,2025-09-17 10:23:15,1,1150.07,mag_end
!2025-09-17_Multi_Spcon_J1_J2_Con2,2025-09-17 10:23:15,1,1150.17,mag_start
!2025-09-17_Multi_Spcon_J1_J2_Con2,2025-09-17 10:23:15,1,1150.25,mag_end
!2025-09-17_Multi_Spcon_J1_J2_Con2,2025-09-17 10:23:15,1,1150.39,mag_start
!2025-09-17_Multi_Spcon_J1_J2_Con2,2025-09-17 10:23:15,1,1151.91,mag_end
!2025-09-17_Multi_Spcon_J1_J2_Con2,2025-09-17 10:23:15,1,1151.95,mag_start
!2025-09-17_Multi_Spcon_J1_J2_Con2,2025-09-17 10:23:15,1,1151.99,mag_end
!2025-09-17_Multi_Spcon_J1_J2_Con2,2025-09-17 10:23:15,1,1155.44,mag_start
!2025-09-17_Multi_Spcon_J1_J2_Con2,2025-09-17 10:23:15,1,1155.49,mag_end
!2025-09-17_Multi_Spcon_J1_J2_Con2,2025-09-17 10:23:15,1,1155.53,mag_start
!2025-09-17_Multi_Spcon_J1_J2_Con2,2025-09-17 10:23:15,1,1156.04,mag_end
!2025-09-17_Multi_Spcon_J1_J2_Con2,2025-09-17 10:23:15,1,1156.43,mag_start
!2025-09-17_Multi_Spcon_J1_J2_Con2,2025-09-17 10:23:15,1,1156.85,mag_end
!2025-09-17_Multi_Spcon_J1_J2_Con2,2025-09-17 10:23:15,1,1177.44,mag_start
!2025-09-17_Multi_Spcon_J1_J2_Con2,2025-09-17 10:23:15,1,1177.51,mag_end
!2025-09-17_Multi_Spcon_J1_J2_Con2,2025-09-17 10:23:15,1,1177.56,mag_start
!2025-09-17_Multi_Spcon_J1_J2_Con2,2025-09-17 10:23:15,1,1177.76,mag_end
!2025-09-17_Multi_Spcon_J1_J2_Con2,2025-09-17 10:23:15,1,1178.11,mag_start
!2025-09-17_Multi_Spcon_J1_J2_Con2,2025-09-17 10:23:15,1,1178.70,mag_end
!2025-09-17_Multi_Spcon_J1_J2_Con2,2025-09-17 10:23:15,1,1179.39,mag_start
!2025-09-17_Multi_Spcon_J1_J2_Con2,2025-09-17 10:23:15,1,1182.08,mag_end
!2025-09-17_Multi_Spcon_J1_J2_Con2,2025-09-17 10:23:15,1,1182.13,mag_start
!2025-09-17_Multi_Spcon_J1_J2_Con2,2025-09-17 10:23:15,1,1182.27,mag_end
!2025-09-17_Multi_Spcon_J1_J2_Con2,2025-09-17 10:23:15,1,1191.27,mag_start
!2025-09-17_Multi_Spcon_J1_J2_Con2,2025-09-17 10:23:15,1,1191.28,mag_end
!2025-09-17_Multi_Spcon_J1_J2_Con2,2025-09-17 10:23:15,1,1210.28,mag_start
!2025-09-17_Multi_Spcon_J1_J2_Con2,2025-09-17 10:23:15,1,1210.59,mag_end
!2025-09-17_Multi_Spcon_J1_J2_Con2,2025-09-17 10:23:15,1,1210.96,mag_start
!2025-09-17_Multi_Spcon_J1_J2_Con2,2025-09-17 10:23:15,1,1211.40,mag_end
!2025-09-17_Multi_Spcon_J1_J2_Con2,2025-09-17 10:23:15,1,1227.91,mag_start
!2025-09-17_Multi_Spcon_J1_J2_Con2,2025-09-17 10:23:15,1,1227.97,mag_end
!2025-09-17_Multi_Spcon_J1_J2_Con2,2025-09-17 10:23:15,1,1228.03,mag_start
!2025-09-17_Multi_Spcon_J1_J2_Con2,2025-09-17 10:23:15,1,1228.09,mag_end
!2025-09-17_Multi_Spcon_J1_J2_Con2,2025-09-17 10:23:15,1,1228.18,mag_start
!2025-09-17_Multi_Spcon_J1_J2_Con2,2025-09-17 10:23:15,1,1228.21,mag_end
!2025-09-17_Multi_Spcon_J1_J2_Con2,2025-09-17 10:23:15,1,1228.26,mag_start
!2025-09-17_Multi_Spcon_J1_J2_Con2,2025-09-17 10:23:15,1,1228.48,mag_end
!2025-09-17_Multi_Spcon_J1_J2_Con2,2025-09-17 10:23:15,1,1228.54,mag_start
!2025-09-17_Multi_Spcon_J1_J2_Con2,2025-09-17 10:23:15,1,1232.47,mag_end
!2025-09-17_Multi_Spcon_J1_J2_Con2,2025-09-17 10:23:15,1,1232.73,mag_start
!2025-09-17_Multi_Spcon_J1_J2_Con2,2025-09-17 10:23:15,1,1233.54,mag_end
!2025-09-17_Multi_Spcon_J1_J2_Con2,2025-09-17 10:23:15,1,1233.64,mag_start
!2025-09-17_Multi_Spcon_J1_J2_Con2,2025-09-17 10:23:15,1,1233.68,mag_end
!2025-09-17_Multi_Spcon_J1_J2_Con2,2025-09-17 10:23:15,1,1233.92,mag_start
!2025-09-17_Multi_Spcon_J1_J2_Con2,2025-09-17 10:23:15,1,1234.22,mag_end
!2025-09-17_Multi_Spcon_J1_J2_Con2,2025-09-17 10:23:15,1,1234.33,mag_start
!2025-09-17_Multi_Spcon_J1_J2_Con2,2025-09-17 10:23:15,1,1234.64,mag_end
!2025-09-17_Multi_Spcon_J1_J2_Con2,2025-09-17 10:23:15,1,1235.14,mag_start
!2025-09-17_Multi_Spcon_J1_J2_Con2,2025-09-17 10:23:15,1,1235.71,mag_end
!2025-09-17_Multi_Spcon_J1_J2_Con2,2025-09-17 10:23:15,1,1237.07,mag_start
!2025-09-17_Multi_Spcon_J1_J2_Con2,2025-09-17 10:23:15,1,1237.17,mag_end
!2025-09-17_Multi_Spcon_J1_J2_Con2,2025-09-17 10:23:15,1,1237.61,mag_start
!2025-09-17_Multi_Spcon_J1_J2_Con2,2025-09-17 10:23:15,1,1239.49,mag_end
!2025-09-17_Multi_Spcon_J1_J2_Con2,2025-09-17 10:23:15,1,1251.22,lowT_start
!2025-09-17_Multi_Spcon_J1_J2_Con2,2025-09-17 10:23:15,1,1261.22,lowT_end
!2025-09-17_Multi_Spcon_J1_J2_Con2,2025-09-17 10:23:15,1,1258.62,mag_start
!2025-09-17_Multi_Spcon_J1_J2_Con2,2025-09-17 10:23:15,1,1261.78,mag_end
!2025-09-17_Multi_Spcon_J1_J2_Con2,2025-09-17 10:23:15,1,1261.22,pelD_start
!2025-09-17_Multi_Spcon_J1_J2_Con2,2025-09-17 10:23:15,1,1261.23,pelD_end
!2025-09-17_Multi_Spcon_J1_J2_Con2,2025-09-17 10:23:15,1,1261.42,pelD_start
!2025-09-17_Multi_Spcon_J1_J2_Con2,2025-09-17 10:23:15,1,1261.43,pelD_end
!2025-09-17_Multi_Spcon_J1_J2_Con2,2025-09-17 10:23:15,1,1263.42,mag_start
!2025-09-17_Multi_Spcon_J1_J2_Con2,2025-09-17 10:23:15,1,1264.83,mag_end
!2025-09-17_Multi_Spcon_J1_J2_Con2,2025-09-17 10:23:15,1,1265.24,mag_start
!2025-09-17_Multi_Spcon_J1_J2_Con2,2025-09-17 10:23:15,1,1265.25,mag_end
!2025-09-17_Multi_Spcon_J1_J2_Con2,2025-09-17 10:23:15,1,1265.33,mag_start
!2025-09-17_Multi_Spcon_J1_J2_Con2,2025-09-17 10:23:15,1,1266.27,mag_end
!2025-09-17_Multi_Spcon_J1_J2_Con2,2025-09-17 10:23:15,1,1266.90,mag_start
!2025-09-17_Multi_Spcon_J1_J2_Con2,2025-09-17 10:23:15,1,1267.11,mag_end
!2025-09-17_Multi_Spcon_J1_J2_Con2,2025-09-17 10:23:15,1,1267.12,mag_start
!2025-09-17_Multi_Spcon_J1_J2_Con2,2025-09-17 10:23:15,1,1267.28,mag_end
!2025-09-17_Multi_Spcon_J1_J2_Con2,2025-09-17 10:23:15,1,1270.87,mag_start
!2025-09-17_Multi_Spcon_J1_J2_Con2,2025-09-17 10:23:15,1,1272.56,mag_end
!2025-09-17_Multi_Spcon_J1_J2_Con2,2025-09-17 10:23:15,1,1273.15,mag_start
!2025-09-17_Multi_Spcon_J1_J2_Con2,2025-09-17 10:23:15,1,1273.24,mag_end
!2025-09-17_Multi_Spcon_J1_J2_Con2,2025-09-17 10:23:15,1,1276.15,mag_start
!2025-09-17_Multi_Spcon_J1_J2_Con2,2025-09-17 10:23:15,1,1280.88,mag_end
!2025-09-17_Multi_Spcon_J1_J2_Con2,2025-09-17 10:23:15,1,1284.91,mag_start
!2025-09-17_Multi_Spcon_J1_J2_Con2,2025-09-17 10:23:15,1,1289.86,mag_end
!2025-09-17_Multi_Spcon_J1_J2_Con2,2025-09-17 10:23:15,1,1299.12,mag_start
!2025-09-17_Multi_Spcon_J1_J2_Con2,2025-09-17 10:23:15,1,1301.86,mag_end
!2025-09-17_Multi_Spcon_J1_J2_Con2,2025-09-17 10:23:15,1,1316.99,mag_start
!2025-09-17_Multi_Spcon_J1_J2_Con2,2025-09-17 10:23:15,1,1317.02,mag_end
!2025-09-17_Multi_Spcon_J1_J2_Con2,2025-09-17 10:23:15,1,1317.09,mag_start
!2025-09-17_Multi_Spcon_J1_J2_Con2,2025-09-17 10:23:15,1,1317.12,mag_end
!2025-09-17_Multi_Spcon_J1_J2_Con2,2025-09-17 10:23:15,1,1317.64,mag_start
!2025-09-17_Multi_Spcon_J1_J2_Con2,2025-09-17 10:23:15,1,1318.70,mag_end
!2025-09-17_Multi_Spcon_J1_J2_Con2,2025-09-17 10:23:15,1,1319.13,mag_start
!2025-09-17_Multi_Spcon_J1_J2_Con2,2025-09-17 10:23:15,1,1322.55,mag_end
!2025-09-17_Multi_Spcon_J1_J2_Con2,2025-09-17 10:23:15,1,1330.76,mag_start
!2025-09-17_Multi_Spcon_J1_J2_Con2,2025-09-17 10:23:15,1,1333.90,mag_end
!2025-09-17_Multi_Spcon_J1_J2_Con2,2025-09-17 10:23:15,1,1333.92,mag_start
!2025-09-17_Multi_Spcon_J1_J2_Con2,2025-09-17 10:23:15,1,1333.94,mag_end
!2025-09-17_Multi_Spcon_J1_J2_Con2,2025-09-17 10:23:15,1,1351.57,mag_start
!2025-09-17_Multi_Spcon_J1_J2_Con2,2025-09-17 10:23:15,1,1353.24,mag_end
!2025-09-17_Multi_Spcon_J1_J2_Con2,2025-09-17 10:23:15,1,1353.26,mag_start
!2025-09-17_Multi_Spcon_J1_J2_Con2,2025-09-17 10:23:15,1,1353.29,mag_end
!2025-09-17_Multi_Spcon_J1_J2_Con2,2025-09-17 10:23:15,1,1353.49,mag_start
!2025-09-17_Multi_Spcon_J1_J2_Con2,2025-09-17 10:23:15,1,1353.54,mag_end
!2025-09-17_Multi_Spcon_J1_J2_Con2,2025-09-17 10:23:15,1,1353.59,mag_start
!2025-09-17_Multi_Spcon_J1_J2_Con2,2025-09-17 10:23:15,1,1353.68,mag_end
!2025-09-17_Multi_Spcon_J1_J2_Con2,2025-09-17 10:23:15,1,1353.83,mag_start
!2025-09-17_Multi_Spcon_J1_J2_Con2,2025-09-17 10:23:15,1,1353.97,mag_end
!2025-09-17_Multi_Spcon_J1_J2_Con2,2025-09-17 10:23:15,1,1354.81,mag_start
!2025-09-17_Multi_Spcon_J1_J2_Con2,2025-09-17 10:23:15,1,1355.08,mag_end
!2025-09-17_Multi_Spcon_J1_J2_Con2,2025-09-17 10:23:15,1,1400.07,mag_start
!2025-09-17_Multi_Spcon_J1_J2_Con2,2025-09-17 10:23:15,1,1400.25,mag_end
!2025-09-17_Multi_Spcon_J1_J2_Con2,2025-09-17 10:23:15,1,1400.50,mag_start
!2025-09-17_Multi_Spcon_J1_J2_Con2,2025-09-17 10:23:15,1,1400.96,mag_end
!2025-09-17_Multi_Spcon_J1_J2_Con2,2025-09-17 10:23:15,1,1401.15,mag_start
!2025-09-17_Multi_Spcon_J1_J2_Con2,2025-09-17 10:23:15,1,1401.21,mag_end
!2025-09-17_Multi_Spcon_J1_J2_Con2,2025-09-17 10:23:15,1,1411.99,noise_start
!2025-09-17_Multi_Spcon_J1_J2_Con2,2025-09-17 10:23:15,1,1421.99,noise_end
!2025-09-17_Multi_Spcon_J1_J2_Con2,2025-09-17 10:23:15,1,1413.02,mag_start
!2025-09-17_Multi_Spcon_J1_J2_Con2,2025-09-17 10:23:15,1,1413.28,mag_end
!2025-09-17_Multi_Spcon_J1_J2_Con2,2025-09-17 10:23:15,1,1413.36,mag_start
!2025-09-17_Multi_Spcon_J1_J2_Con2,2025-09-17 10:23:15,1,1413.61,mag_end
!2025-09-17_Multi_Spcon_J1_J2_Con2,2025-09-17 10:23:15,1,1416.30,mag_start
!2025-09-17_Multi_Spcon_J1_J2_Con2,2025-09-17 10:23:15,1,1416.41,mag_end
!2025-09-17_Multi_Spcon_J1_J2_Con2,2025-09-17 10:23:15,1,1417.13,mag_start
!2025-09-17_Multi_Spcon_J1_J2_Con2,2025-09-17 10:23:15,1,1419.86,mag_end
!2025-09-17_Multi_Spcon_J1_J2_Con2,2025-09-17 10:23:15,1,1420.09,mag_start
!2025-09-17_Multi_Spcon_J1_J2_Con2,2025-09-17 10:23:15,1,1420.88,mag_end
!2025-09-17_Multi_Spcon_J1_J2_Con2,2025-09-17 10:23:15,1,1428.32,mag_start
!2025-09-17_Multi_Spcon_J1_J2_Con2,2025-09-17 10:23:15,1,1428.41,mag_end
!2025-09-17_Multi_Spcon_J1_J2_Con2,2025-09-17 10:23:15,1,1565.91,lowT_start
!2025-09-17_Multi_Spcon_J1_J2_Con2,2025-09-17 10:23:15,1,1575.91,lowT_end
!2025-09-17_Multi_Spcon_J1_J2_Con2,2025-09-17 10:23:15,1,1575.91,pelD_start
!2025-09-17_Multi_Spcon_J1_J2_Con2,2025-09-17 10:23:15,1,1575.92,pelD_end
!2025-09-17_Multi_Spcon_J1_J2_Con2,2025-09-17 10:23:15,1,1576.11,pelD_start
!2025-09-17_Multi_Spcon_J1_J2_Con2,2025-09-17 10:23:15,1,1576.12,pelD_end
!2025-09-17_Multi_Spcon_J1_J2_Con2,2025-09-17 10:23:15,1,1585.83,mag_start
!2025-09-17_Multi_Spcon_J1_J2_Con2,2025-09-17 10:23:15,1,1588.03,mag_end
!2025-09-17_Multi_Spcon_J1_J2_Con2,2025-09-17 10:23:15,1,1599.95,mag_start
!2025-09-17_Multi_Spcon_J1_J2_Con2,2025-09-17 10:23:15,1,1599.96,mag_end
!2025-09-17_Multi_Spcon_J1_J2_Con2,2025-09-17 10:23:15,1,1600.03,mag_start
!2025-09-17_Multi_Spcon_J1_J2_Con2,2025-09-17 10:23:15,1,1603.00,mag_end
!2025-09-17_Multi_Spcon_J1_J2_Con2,2025-09-17 10:23:15,1,1608.58,mag_start
!2025-09-17_Multi_Spcon_J1_J2_Con2,2025-09-17 10:23:15,1,1609.22,mag_end
!2025-09-17_Multi_Spcon_J1_J2_Con2,2025-09-17 10:23:15,1,1609.74,mag_start
!2025-09-17_Multi_Spcon_J1_J2_Con2,2025-09-17 10:23:15,1,1610.76,mag_end
!2025-09-17_Multi_Spcon_J1_J2_Con2,2025-09-17 10:23:15,1,1610.77,mag_start
!2025-09-17_Multi_Spcon_J1_J2_Con2,2025-09-17 10:23:15,1,1611.09,mag_end
!2025-09-17_Multi_Spcon_J1_J2_Con2,2025-09-17 10:23:15,1,1611.12,mag_start
!2025-09-17_Multi_Spcon_J1_J2_Con2,2025-09-17 10:23:15,1,1611.13,mag_end
!2025-09-17_Multi_Spcon_J1_J2_Con2,2025-09-17 10:23:15,1,1611.19,mag_start
!2025-09-17_Multi_Spcon_J1_J2_Con2,2025-09-17 10:23:15,1,1612.80,mag_end
!2025-09-17_Multi_Spcon_J1_J2_Con2,2025-09-17 10:23:15,1,1625.66,mag_start
!2025-09-17_Multi_Spcon_J1_J2_Con2,2025-09-17 10:23:15,1,1625.91,mag_end
!2025-09-17_Multi_Spcon_J1_J2_Con2,2025-09-17 10:23:15,1,1626.99,mag_start
!2025-09-17_Multi_Spcon_J1_J2_Con2,2025-09-17 10:23:15,1,1627.33,mag_end
!2025-09-17_Multi_Spcon_J1_J2_Con2,2025-09-17 10:23:15,1,1669.01,mag_start
!2025-09-17_Multi_Spcon_J1_J2_Con2,2025-09-17 10:23:15,1,1669.18,mag_end
!2025-09-17_Multi_Spcon_J1_J2_Con2,2025-09-17 10:23:15,1,1669.72,mag_start
!2025-09-17_Multi_Spcon_J1_J2_Con2,2025-09-17 10:23:15,1,1669.77,mag_end
!2025-09-17_Multi_Spcon_J1_J2_Con2,2025-09-17 10:23:15,1,1669.83,mag_start
!2025-09-17_Multi_Spcon_J1_J2_Con2,2025-09-17 10:23:15,1,1669.89,mag_end
!2025-09-17_Multi_Spcon_J1_J2_Con2,2025-09-17 10:23:15,1,1670.25,mag_start
!2025-09-17_Multi_Spcon_J1_J2_Con2,2025-09-17 10:23:15,1,1670.43,mag_end
!2025-09-17_Multi_Spcon_J1_J2_Con2,2025-09-17 10:23:15,1,1701.23,mag_start
!2025-09-17_Multi_Spcon_J1_J2_Con2,2025-09-17 10:23:15,1,1701.59,mag_end
!2025-09-17_Multi_Spcon_J1_J2_Con2,2025-09-17 10:23:15,1,1720.19,mag_start
!2025-09-17_Multi_Spcon_J1_J2_Con2,2025-09-17 10:23:15,1,1720.55,mag_end
!2025-09-17_Multi_Spcon_J1_J2_Con2,2025-09-17 10:23:15,1,1720.56,mag_start
!2025-09-17_Multi_Spcon_J1_J2_Con2,2025-09-17 10:23:15,1,1721.69,mag_end
!2025-09-17_Multi_Spcon_J1_J2_Con2,2025-09-17 10:23:15,1,1731.14,mag_start
!2025-09-17_Multi_Spcon_J1_J2_Con2,2025-09-17 10:23:15,1,1731.15,mag_end
!2025-09-17_Multi_Spcon_J1_J2_Con2,2025-09-17 10:23:15,1,1731.27,mag_start
!2025-09-17_Multi_Spcon_J1_J2_Con2,2025-09-17 10:23:15,1,1731.69,mag_end
!2025-09-17_Multi_Spcon_J1_J2_Con2,2025-09-17 10:23:15,1,1731.95,mag_start
!2025-09-17_Multi_Spcon_J1_J2_Con2,2025-09-17 10:23:15,1,1732.25,mag_end
!2025-09-17_Multi_Spcon_J1_J2_Con2,2025-09-17 10:23:15,1,1732.27,mag_start
!2025-09-17_Multi_Spcon_J1_J2_Con2,2025-09-17 10:23:15,1,1732.83,mag_end
!2025-09-17_Multi_Spcon_J1_J2_Con2,2025-09-17 10:23:15,1,1738.99,noise_start
!2025-09-17_Multi_Spcon_J1_J2_Con2,2025-09-17 10:23:15,1,1748.99,noise_end
!2025-09-17_Multi_Spcon_J1_J2_Con2,2025-09-17 10:23:15,1,1805.86,mag_start
!2025-09-17_Multi_Spcon_J1_J2_Con2,2025-09-17 10:23:15,1,1805.91,mag_end
!2025-09-17_Multi_Spcon_J1_J2_Con2,2025-09-17 10:23:15,1,1807.26,mag_start
!2025-09-17_Multi_Spcon_J1_J2_Con2,2025-09-17 10:23:15,1,1807.29,mag_end
!2025-09-17_Multi_Spcon_J1_J2_Con2,2025-09-17 10:23:15,1,1900.06,noise_start
!2025-09-17_Multi_Spcon_J1_J2_Con2,2025-09-17 10:23:15,1,1910.06,noise_end
!2025-09-17_Multi_Spcon_J1_J2_Con2,2025-09-17 10:23:15,1,2063.01,lowT_start
!2025-09-17_Multi_Spcon_J1_J2_Con2,2025-09-17 10:23:15,1,2073.01,lowT_end
!2025-09-17_Multi_Spcon_J1_J2_Con2,2025-09-17 10:23:15,1,2073.01,pelD_start
!2025-09-17_Multi_Spcon_J1_J2_Con2,2025-09-17 10:23:15,1,2073.02,pelD_end
!2025-09-17_Multi_Spcon_J1_J2_Con2,2025-09-17 10:23:15,1,2073.21,pelD_start
!2025-09-17_Multi_Spcon_J1_J2_Con2,2025-09-17 10:23:15,1,2073.22,pelD_end
!2025-09-17_Multi_Spcon_J1_J2_Con2,2025-09-17 10:23:15,1,2075.08,mag_start
!2025-09-17_Multi_Spcon_J1_J2_Con2,2025-09-17 10:23:15,1,2075.19,mag_end
!2025-09-17_Multi_Spcon_J1_J2_Con2,2025-09-17 10:23:15,1,2075.22,mag_start
!2025-09-17_Multi_Spcon_J1_J2_Con2,2025-09-17 10:23:15,1,2078.58,mag_end
!2025-09-17_Multi_Spcon_J1_J2_Con2,2025-09-17 10:23:15,1,2094.08,mag_start
!2025-09-17_Multi_Spcon_J1_J2_Con2,2025-09-17 10:23:15,1,2094.65,mag_end
!2025-09-17_Multi_Spcon_J1_J2_Con2,2025-09-17 10:23:15,1,2095.25,mag_start
!2025-09-17_Multi_Spcon_J1_J2_Con2,2025-09-17 10:23:15,1,2096.50,mag_end
!2025-09-17_Multi_Spcon_J1_J2_Con2,2025-09-17 10:23:15,1,2097.06,mag_start
!2025-09-17_Multi_Spcon_J1_J2_Con2,2025-09-17 10:23:15,1,2100.65,mag_end
!2025-09-17_Multi_Spcon_J1_J2_Con2,2025-09-17 10:23:15,1,2220.20,noise_start
!2025-09-17_Multi_Spcon_J1_J2_Con2,2025-09-17 10:23:15,1,2230.20,noise_end
!2025-09-17_Multi_Spcon_J1_J2_Con2,2025-09-17 10:23:15,1,2222.26,mag_start
!2025-09-17_Multi_Spcon_J1_J2_Con2,2025-09-17 10:23:15,1,2222.89,mag_end
!2025-09-17_Multi_Spcon_J1_J2_Con2,2025-09-17 10:23:15,1,2238.81,mag_start
!2025-09-17_Multi_Spcon_J1_J2_Con2,2025-09-17 10:23:15,1,2238.84,mag_end
!2025-09-17_Multi_Spcon_J1_J2_Con2,2025-09-17 10:23:15,1,2238.86,mag_start
!2025-09-17_Multi_Spcon_J1_J2_Con2,2025-09-17 10:23:15,1,2239.41,mag_end
!2025-09-17_Multi_Spcon_J1_J2_Con2,2025-09-17 10:23:15,1,2259.44,mag_start
!2025-09-17_Multi_Spcon_J1_J2_Con2,2025-09-17 10:23:15,1,2259.46,mag_end
!2025-09-17_Multi_Spcon_J1_J2_Con2,2025-09-17 10:23:15,1,2325.29,mag_start
!2025-09-17_Multi_Spcon_J1_J2_Con2,2025-09-17 10:23:15,1,2325.36,mag_end
!2025-09-17_Multi_Spcon_J1_J2_Con2,2025-09-17 10:23:15,1,2325.38,mag_start
!2025-09-17_Multi_Spcon_J1_J2_Con2,2025-09-17 10:23:15,1,2325.46,mag_end
!2025-09-17_Multi_Spcon_J1_J2_Con2,2025-09-17 10:23:15,1,2326.29,mag_start
!2025-09-17_Multi_Spcon_J1_J2_Con2,2025-09-17 10:23:15,1,2326.64,mag_end
!2025-09-17_Multi_Spcon_J1_J2_Con2,2025-09-17 10:23:15,1,2334.29,mag_start
!2025-09-17_Multi_Spcon_J1_J2_Con2,2025-09-17 10:23:15,1,2334.30,mag_end
!2025-09-17_Multi_Spcon_J1_J2_Con2,2025-09-17 10:23:15,1,2369.88,mag_start
!2025-09-17_Multi_Spcon_J1_J2_Con2,2025-09-17 10:23:15,1,2369.94,mag_end
!2025-09-17_Multi_Spcon_J1_J2_Con2,2025-09-17 10:23:15,1,2369.95,mag_start
!2025-09-17_Multi_Spcon_J1_J2_Con2,2025-09-17 10:23:15,1,2370.08,mag_end
!2025-09-17_Multi_Spcon_J1_J2_Con2,2025-09-17 10:23:15,1,2371.41,mag_start
!2025-09-17_Multi_Spcon_J1_J2_Con2,2025-09-17 10:23:15,1,2371.45,mag_end
!2025-09-17_Multi_Spcon_J1_J2_Con2,2025-09-17 10:23:15,1,2374.22,lowT_start
!2025-09-17_Multi_Spcon_J1_J2_Con2,2025-09-17 10:23:15,1,2384.22,lowT_end
!2025-09-17_Multi_Spcon_J1_J2_Con2,2025-09-17 10:23:15,1,2384.22,pelD_start
!2025-09-17_Multi_Spcon_J1_J2_Con2,2025-09-17 10:23:15,1,2384.23,pelD_end
!2025-09-17_Multi_Spcon_J1_J2_Con2,2025-09-17 10:23:15,1,2384.42,pelD_start
!2025-09-17_Multi_Spcon_J1_J2_Con2,2025-09-17 10:23:15,1,2384.43,pelD_end
!2025-09-17_Multi_Spcon_J1_J2_Con2,2025-09-17 10:23:15,1,2392.14,mag_start
!2025-09-17_Multi_Spcon_J1_J2_Con2,2025-09-17 10:23:15,1,2392.61,mag_end
!2025-09-17_Multi_Spcon_J1_J2_Con2,2025-09-17 10:23:15,1,2392.65,mag_start
!2025-09-17_Multi_Spcon_J1_J2_Con2,2025-09-17 10:23:15,1,2392.71,mag_end
!2025-09-17_Multi_Spcon_J1_J2_Con2,2025-09-17 10:23:15,1,2393.20,mag_start
!2025-09-17_Multi_Spcon_J1_J2_Con2,2025-09-17 10:23:15,1,2393.30,mag_end
!2025-09-17_Multi_Spcon_J1_J2_Con2,2025-09-17 10:23:15,1,2393.60,mag_start
!2025-09-17_Multi_Spcon_J1_J2_Con2,2025-09-17 10:23:15,1,2397.56,mag_end
!2025-09-17_Multi_Spcon_J1_J2_Con2,2025-09-17 10:23:15,1,2397.72,mag_start
!2025-09-17_Multi_Spcon_J1_J2_Con2,2025-09-17 10:23:15,1,2397.95,mag_end
!2025-09-17_Multi_Spcon_J1_J2_Con2,2025-09-17 10:23:15,1,2398.30,mag_start
!2025-09-17_Multi_Spcon_J1_J2_Con2,2025-09-17 10:23:15,1,2398.64,mag_end
!2025-09-17_Multi_Spcon_J1_J2_Con2,2025-09-17 10:23:15,1,2399.81,mag_start
!2025-09-17_Multi_Spcon_J1_J2_Con2,2025-09-17 10:23:15,1,2400.02,mag_end
!2025-09-17_Multi_Spcon_J1_J2_Con2,2025-09-17 10:23:15,1,2400.39,mag_start
!2025-09-17_Multi_Spcon_J1_J2_Con2,2025-09-17 10:23:15,1,2400.78,mag_end
!2025-09-17_Multi_Spcon_J1_J2_Con2,2025-09-17 10:23:15,1,2400.87,mag_start
!2025-09-17_Multi_Spcon_J1_J2_Con2,2025-09-17 10:23:15,1,2401.07,mag_end
!2025-09-17_Multi_Spcon_J1_J2_Con2,2025-09-17 10:23:15,1,2401.34,mag_start
!2025-09-17_Multi_Spcon_J1_J2_Con2,2025-09-17 10:23:15,1,2401.37,mag_end
!2025-09-17_Multi_Spcon_J1_J2_Con2,2025-09-17 10:23:15,1,2401.54,mag_start
!2025-09-17_Multi_Spcon_J1_J2_Con2,2025-09-17 10:23:15,1,2402.02,mag_end
!2025-09-17_Multi_Spcon_J1_J2_Con2,2025-09-17 10:23:15,1,2402.11,mag_start
!2025-09-17_Multi_Spcon_J1_J2_Con2,2025-09-17 10:23:15,1,2402.54,mag_end
!2025-09-17_Multi_Spcon_J1_J2_Con2,2025-09-17 10:23:15,1,2402.66,mag_start
!2025-09-17_Multi_Spcon_J1_J2_Con2,2025-09-17 10:23:15,1,2403.43,mag_end
!2025-09-17_Multi_Spcon_J1_J2_Con2,2025-09-17 10:23:15,1,2403.60,mag_start
!2025-09-17_Multi_Spcon_J1_J2_Con2,2025-09-17 10:23:15,1,2403.93,mag_end
!2025-09-17_Multi_Spcon_J1_J2_Con2,2025-09-17 10:23:15,1,2404.79,mag_start
!2025-09-17_Multi_Spcon_J1_J2_Con2,2025-09-17 10:23:15,1,2405.17,mag_end
!2025-09-17_Multi_Spcon_J1_J2_Con2,2025-09-17 10:23:15,1,2405.40,mag_start
!2025-09-17_Multi_Spcon_J1_J2_Con2,2025-09-17 10:23:15,1,2407.21,mag_end
!2025-09-17_Multi_Spcon_J1_J2_Con2,2025-09-17 10:23:15,1,2407.27,mag_start
!2025-09-17_Multi_Spcon_J1_J2_Con2,2025-09-17 10:23:15,1,2407.47,mag_end
!2025-09-17_Multi_Spcon_J1_J2_Con2,2025-09-17 10:23:15,1,2407.50,mag_start
!2025-09-17_Multi_Spcon_J1_J2_Con2,2025-09-17 10:23:15,1,2408.40,mag_end
!2025-09-17_Multi_Spcon_J1_J2_Con2,2025-09-17 10:23:15,1,2408.45,mag_start
!2025-09-17_Multi_Spcon_J1_J2_Con2,2025-09-17 10:23:15,1,2408.60,mag_end
!2025-09-17_Multi_Spcon_J1_J2_Con2,2025-09-17 10:23:15,1,2408.64,mag_start
!2025-09-17_Multi_Spcon_J1_J2_Con2,2025-09-17 10:23:15,1,2409.31,mag_end
!2025-09-17_Multi_Spcon_J1_J2_Con2,2025-09-17 10:23:15,1,2409.44,mag_start
!2025-09-17_Multi_Spcon_J1_J2_Con2,2025-09-17 10:23:15,1,2409.65,mag_end
!2025-09-17_Multi_Spcon_J1_J2_Con2,2025-09-17 10:23:15,1,2415.82,mag_start
!2025-09-17_Multi_Spcon_J1_J2_Con2,2025-09-17 10:23:15,1,2415.88,mag_end
!2025-09-17_Multi_Spcon_J1_J2_Con2,2025-09-17 10:23:15,1,2415.91,mag_start
!2025-09-17_Multi_Spcon_J1_J2_Con2,2025-09-17 10:23:15,1,2415.97,mag_end
!2025-09-17_Multi_Spcon_J1_J2_Con2,2025-09-17 10:23:15,1,2416.03,mag_start
!2025-09-17_Multi_Spcon_J1_J2_Con2,2025-09-17 10:23:15,1,2416.62,mag_end
!2025-09-17_Multi_Spcon_J1_J2_Con2,2025-09-17 10:23:15,1,2416.86,mag_start
!2025-09-17_Multi_Spcon_J1_J2_Con2,2025-09-17 10:23:15,1,2416.95,mag_end
!2025-09-17_Multi_Spcon_J1_J2_Con2,2025-09-17 10:23:15,1,2418.76,mag_start
!2025-09-17_Multi_Spcon_J1_J2_Con2,2025-09-17 10:23:15,1,2419.12,mag_end
!2025-09-17_Multi_Spcon_J1_J2_Con2,2025-09-17 10:23:15,1,2419.52,mag_start
!2025-09-17_Multi_Spcon_J1_J2_Con2,2025-09-17 10:23:15,1,2419.65,mag_end
!2025-09-17_Multi_Spcon_J1_J2_Con2,2025-09-17 10:23:15,1,2434.90,mag_start
!2025-09-17_Multi_Spcon_J1_J2_Con2,2025-09-17 10:23:15,1,2435.05,mag_end
!2025-09-17_Multi_Spcon_J1_J2_Con2,2025-09-17 10:23:15,1,2435.28,mag_start
!2025-09-17_Multi_Spcon_J1_J2_Con2,2025-09-17 10:23:15,1,2435.71,mag_end
!2025-09-17_Multi_Spcon_J1_J2_Con2,2025-09-17 10:23:15,1,2435.73,mag_start
!2025-09-17_Multi_Spcon_J1_J2_Con2,2025-09-17 10:23:15,1,2435.78,mag_end
!2025-09-17_Multi_Spcon_J1_J2_Con2,2025-09-17 10:23:15,1,2436.05,mag_start
!2025-09-17_Multi_Spcon_J1_J2_Con2,2025-09-17 10:23:15,1,2440.61,mag_end
!2025-09-17_Multi_Spcon_J1_J2_Con2,2025-09-17 10:23:15,1,2440.69,mag_start
!2025-09-17_Multi_Spcon_J1_J2_Con2,2025-09-17 10:23:15,1,2440.70,mag_end
!2025-09-17_Multi_Spcon_J1_J2_Con2,2025-09-17 10:23:15,1,2440.90,mag_start
!2025-09-17_Multi_Spcon_J1_J2_Con2,2025-09-17 10:23:15,1,2441.08,mag_end
!2025-09-17_Multi_Spcon_J1_J2_Con2,2025-09-17 10:23:15,1,2441.10,mag_start
!2025-09-17_Multi_Spcon_J1_J2_Con2,2025-09-17 10:23:15,1,2441.43,mag_end
!2025-09-17_Multi_Spcon_J1_J2_Con2,2025-09-17 10:23:15,1,2441.49,mag_start
!2025-09-17_Multi_Spcon_J1_J2_Con2,2025-09-17 10:23:15,1,2441.55,mag_end
!2025-09-17_Multi_Spcon_J1_J2_Con2,2025-09-17 10:23:15,1,2441.88,mag_start
!2025-09-17_Multi_Spcon_J1_J2_Con2,2025-09-17 10:23:15,1,2441.90,mag_end
!2025-09-17_Multi_Spcon_J1_J2_Con2,2025-09-17 10:23:15,1,2441.99,mag_start
!2025-09-17_Multi_Spcon_J1_J2_Con2,2025-09-17 10:23:15,1,2442.00,mag_end
!2025-09-17_Multi_Spcon_J1_J2_Con2,2025-09-17 10:23:15,1,2448.10,mag_start
!2025-09-17_Multi_Spcon_J1_J2_Con2,2025-09-17 10:23:15,1,2448.26,mag_end
!2025-09-17_Multi_Spcon_J1_J2_Con2,2025-09-17 10:23:15,1,2478.97,mag_start
!2025-09-17_Multi_Spcon_J1_J2_Con2,2025-09-17 10:23:15,1,2479.02,mag_end
!2025-09-17_Multi_Spcon_J1_J2_Con2,2025-09-17 10:23:15,1,2479.42,mag_start
!2025-09-17_Multi_Spcon_J1_J2_Con2,2025-09-17 10:23:15,1,2480.55,mag_end
!2025-09-17_Multi_Spcon_J1_J2_Con2,2025-09-17 10:23:15,1,2484.55,mag_start
!2025-09-17_Multi_Spcon_J1_J2_Con2,2025-09-17 10:23:15,1,2484.96,mag_end
!2025-09-17_Multi_Spcon_J1_J2_Con2,2025-09-17 10:23:15,1,2486.46,mag_start
!2025-09-17_Multi_Spcon_J1_J2_Con2,2025-09-17 10:23:15,1,2486.63,mag_end
!2025-09-17_Multi_Spcon_J1_J2_Con2,2025-09-17 10:23:15,1,2486.76,mag_start
!2025-09-17_Multi_Spcon_J1_J2_Con2,2025-09-17 10:23:15,1,2489.51,mag_end
!2025-09-17_Multi_Spcon_J1_J2_Con2,2025-09-17 10:23:15,1,2514.52,mag_start
!2025-09-17_Multi_Spcon_J1_J2_Con2,2025-09-17 10:23:15,1,2514.72,mag_end
!2025-09-17_Multi_Spcon_J1_J2_Con2,2025-09-17 10:23:15,1,2516.08,mag_start
!2025-09-17_Multi_Spcon_J1_J2_Con2,2025-09-17 10:23:15,1,2516.12,mag_end
!2025-09-17_Multi_Spcon_J1_J2_Con2,2025-09-17 10:23:15,1,2516.39,mag_start
!2025-09-17_Multi_Spcon_J1_J2_Con2,2025-09-17 10:23:15,1,2516.57,mag_end
!2025-09-17_Multi_Spcon_J1_J2_Con2,2025-09-17 10:23:15,1,2516.73,mag_start
!2025-09-17_Multi_Spcon_J1_J2_Con2,2025-09-17 10:23:15,1,2516.78,mag_end
!2025-09-17_Multi_Spcon_J1_J2_Con2,2025-09-17 10:23:15,1,2523.65,mag_start
!2025-09-17_Multi_Spcon_J1_J2_Con2,2025-09-17 10:23:15,1,2523.66,mag_end
!2025-09-17_Multi_Spcon_J1_J2_Con2,2025-09-17 10:23:15,1,2524.65,mag_start
!2025-09-17_Multi_Spcon_J1_J2_Con2,2025-09-17 10:23:15,1,2524.86,mag_end
!2025-09-17_Multi_Spcon_J1_J2_Con2,2025-09-17 10:23:15,1,2524.93,mag_start
!2025-09-17_Multi_Spcon_J1_J2_Con2,2025-09-17 10:23:15,1,2525.33,mag_end
!2025-09-17_Multi_Spcon_J1_J2_Con2,2025-09-17 10:23:15,1,2529.63,lowT_start
!2025-09-17_Multi_Spcon_J1_J2_Con2,2025-09-17 10:23:15,1,2539.63,lowT_end
!2025-09-17_Multi_Spcon_J1_J2_Con2,2025-09-17 10:23:15,1,2535.68,mag_start
!2025-09-17_Multi_Spcon_J1_J2_Con2,2025-09-17 10:23:15,1,2535.69,mag_end
!2025-09-17_Multi_Spcon_J1_J2_Con2,2025-09-17 10:23:15,1,2539.63,pelD_start
!2025-09-17_Multi_Spcon_J1_J2_Con2,2025-09-17 10:23:15,1,2539.64,pelD_end
!2025-09-17_Multi_Spcon_J1_J2_Con2,2025-09-17 10:23:15,1,2539.83,pelD_start
!2025-09-17_Multi_Spcon_J1_J2_Con2,2025-09-17 10:23:15,1,2539.84,pelD_end
!2025-09-17_Multi_Spcon_J1_J2_Con2,2025-09-17 10:23:15,1,2542.91,mag_start
!2025-09-17_Multi_Spcon_J1_J2_Con2,2025-09-17 10:23:15,1,2543.62,mag_end
!2025-09-17_Multi_Spcon_J1_J2_Con2,2025-09-17 10:23:15,1,2543.63,mag_start
!2025-09-17_Multi_Spcon_J1_J2_Con2,2025-09-17 10:23:15,1,2544.47,mag_end
!2025-09-17_Multi_Spcon_J1_J2_Con2,2025-09-17 10:23:15,1,2544.57,mag_start
!2025-09-17_Multi_Spcon_J1_J2_Con2,2025-09-17 10:23:15,1,2545.85,mag_end
!2025-09-17_Multi_Spcon_J1_J2_Con2,2025-09-17 10:23:15,1,2546.18,mag_start
!2025-09-17_Multi_Spcon_J1_J2_Con2,2025-09-17 10:23:15,1,2546.57,mag_end
!2025-09-17_Multi_Spcon_J1_J2_Con2,2025-09-17 10:23:15,1,2546.59,mag_start
!2025-09-17_Multi_Spcon_J1_J2_Con2,2025-09-17 10:23:15,1,2547.56,mag_end
!2025-09-17_Multi_Spcon_J1_J2_Con2,2025-09-17 10:23:15,1,2549.82,mag_start
!2025-09-17_Multi_Spcon_J1_J2_Con2,2025-09-17 10:23:15,1,2550.28,mag_end
!2025-09-17_Multi_Spcon_J1_J2_Con2,2025-09-17 10:23:15,1,2550.38,mag_start
!2025-09-17_Multi_Spcon_J1_J2_Con2,2025-09-17 10:23:15,1,2558.35,mag_end
!2025-09-17_Multi_Spcon_J1_J2_Con2,2025-09-17 10:23:15,1,2558.38,mag_start
!2025-09-17_Multi_Spcon_J1_J2_Con2,2025-09-17 10:23:15,1,2558.40,mag_end
!2025-09-17_Multi_Spcon_J1_J2_Con2,2025-09-17 10:23:15,1,2558.44,mag_start
!2025-09-17_Multi_Spcon_J1_J2_Con2,2025-09-17 10:23:15,1,2558.69,mag_end
!2025-09-17_Multi_Spcon_J1_J2_Con2,2025-09-17 10:23:15,1,2559.06,mag_start
!2025-09-17_Multi_Spcon_J1_J2_Con2,2025-09-17 10:23:15,1,2561.64,mag_end
!2025-09-17_Multi_Spcon_J1_J2_Con2,2025-09-17 10:23:15,1,2562.07,mag_start
!2025-09-17_Multi_Spcon_J1_J2_Con2,2025-09-17 10:23:15,1,2563.86,mag_end
!2025-09-17_Multi_Spcon_J1_J2_Con2,2025-09-17 10:23:15,1,2566.83,mag_start
!2025-09-17_Multi_Spcon_J1_J2_Con2,2025-09-17 10:23:15,1,2567.84,mag_end
!2025-09-17_Multi_Spcon_J1_J2_Con2,2025-09-17 10:23:15,1,2568.00,mag_start
!2025-09-17_Multi_Spcon_J1_J2_Con2,2025-09-17 10:23:15,1,2569.80,mag_end
!2025-09-17_Multi_Spcon_J1_J2_Con2,2025-09-17 10:23:15,1,2574.18,mag_start
!2025-09-17_Multi_Spcon_J1_J2_Con2,2025-09-17 10:23:15,1,2574.22,mag_end
!2025-09-17_Multi_Spcon_J1_J2_Con2,2025-09-17 10:23:15,1,2576.26,mag_start
!2025-09-17_Multi_Spcon_J1_J2_Con2,2025-09-17 10:23:15,1,2576.29,mag_end
!2025-09-17_Multi_Spcon_J1_J2_Con2,2025-09-17 10:23:15,1,2576.54,mag_start
!2025-09-17_Multi_Spcon_J1_J2_Con2,2025-09-17 10:23:15,1,2577.36,mag_end
!2025-09-17_Multi_Spcon_J1_J2_Con2,2025-09-17 10:23:15,1,2586.03,mag_start
!2025-09-17_Multi_Spcon_J1_J2_Con2,2025-09-17 10:23:15,1,2586.90,mag_end
!2025-09-17_Multi_Spcon_J1_J2_Con2,2025-09-17 10:23:15,1,2616.61,mag_start
!2025-09-17_Multi_Spcon_J1_J2_Con2,2025-09-17 10:23:15,1,2616.82,mag_end
!2025-09-17_Multi_Spcon_J1_J2_Con2,2025-09-17 10:23:15,1,2642.57,mag_start
!2025-09-17_Multi_Spcon_J1_J2_Con2,2025-09-17 10:23:15,1,2643.42,mag_end
!2025-09-17_Multi_Spcon_J1_J2_Con2,2025-09-17 10:23:15,1,2693.65,mag_start
!2025-09-17_Multi_Spcon_J1_J2_Con2,2025-09-17 10:23:15,1,2693.68,mag_end
!2025-09-17_Multi_Spcon_J1_J2_Con2,2025-09-17 10:23:15,1,2709.45,noise_start
!2025-09-17_Multi_Spcon_J1_J2_Con2,2025-09-17 10:23:15,1,2719.45,noise_end
!2025-09-17_Multi_Spcon_J1_J2_Con2,2025-09-17 10:23:15,1,2736.03,mag_start
!2025-09-17_Multi_Spcon_J1_J2_Con2,2025-09-17 10:23:15,1,2736.38,mag_end
!2025-09-17_Multi_Spcon_J1_J2_Con2,2025-09-17 10:23:15,1,2783.33,mag_start
!2025-09-17_Multi_Spcon_J1_J2_Con2,2025-09-17 10:23:15,1,2783.34,mag_end
!2025-09-17_Multi_Spcon_J1_J2_Con2,2025-09-17 10:23:15,1,2814.28,mag_start
!2025-09-17_Multi_Spcon_J1_J2_Con2,2025-09-17 10:23:15,1,2814.29,mag_end
!2025-09-17_Multi_Spcon_J1_J2_Con2,2025-09-17 10:23:15,1,2868.87,mag_start
!2025-09-17_Multi_Spcon_J1_J2_Con2,2025-09-17 10:23:15,1,2868.88,mag_end
!2025-09-17_Multi_Spcon_J1_J2_Con2,2025-09-17 10:23:15,1,2870.22,lowT_start
!2025-09-17_Multi_Spcon_J1_J2_Con2,2025-09-17 10:23:15,1,2880.22,lowT_end
!2025-09-17_Multi_Spcon_J1_J2_Con2,2025-09-17 10:23:15,1,2880.22,pelD_start
!2025-09-17_Multi_Spcon_J1_J2_Con2,2025-09-17 10:23:15,1,2880.23,pelD_end
!2025-09-17_Multi_Spcon_J1_J2_Con2,2025-09-17 10:23:15,1,2880.42,pelD_start
!2025-09-17_Multi_Spcon_J1_J2_Con2,2025-09-17 10:23:15,1,2880.43,pelD_end
!2025-09-17_Multi_Spcon_J1_J2_Con2,2025-09-17 10:23:15,1,2883.08,mag_start
!2025-09-17_Multi_Spcon_J1_J2_Con2,2025-09-17 10:23:15,1,2883.12,mag_end
!2025-09-17_Multi_Spcon_J1_J2_Con2,2025-09-17 10:23:15,1,2883.82,mag_start
!2025-09-17_Multi_Spcon_J1_J2_Con2,2025-09-17 10:23:15,1,2884.10,mag_end
!2025-09-17_Multi_Spcon_J1_J2_Con2,2025-09-17 10:23:15,1,2884.32,mag_start
!2025-09-17_Multi_Spcon_J1_J2_Con2,2025-09-17 10:23:15,1,2884.53,mag_end
!2025-09-17_Multi_Spcon_J1_J2_Con2,2025-09-17 10:23:15,1,2885.09,mag_start
!2025-09-17_Multi_Spcon_J1_J2_Con2,2025-09-17 10:23:15,1,2885.15,mag_end
!2025-09-17_Multi_Spcon_J1_J2_Con2,2025-09-17 10:23:15,1,2886.06,mag_start
!2025-09-17_Multi_Spcon_J1_J2_Con2,2025-09-17 10:23:15,1,2887.84,mag_end
!2025-09-17_Multi_Spcon_J1_J2_Con2,2025-09-17 10:23:15,1,2889.63,mag_start
!2025-09-17_Multi_Spcon_J1_J2_Con2,2025-09-17 10:23:15,1,2891.35,mag_end
!2025-09-17_Multi_Spcon_J1_J2_Con2,2025-09-17 10:23:15,1,2891.55,mag_start
!2025-09-17_Multi_Spcon_J1_J2_Con2,2025-09-17 10:23:15,1,2891.61,mag_end
!2025-09-17_Multi_Spcon_J1_J2_Con2,2025-09-17 10:23:15,1,2897.60,mag_start
!2025-09-17_Multi_Spcon_J1_J2_Con2,2025-09-17 10:23:15,1,2897.75,mag_end
!2025-09-17_Multi_Spcon_J1_J2_Con2,2025-09-17 10:23:15,1,2898.02,mag_start
!2025-09-17_Multi_Spcon_J1_J2_Con2,2025-09-17 10:23:15,1,2898.82,mag_end
!2025-09-17_Multi_Spcon_J1_J2_Con2,2025-09-17 10:23:15,1,2899.37,mag_start
!2025-09-17_Multi_Spcon_J1_J2_Con2,2025-09-17 10:23:15,1,2899.47,mag_end
!2025-09-17_Multi_Spcon_J1_J2_Con2,2025-09-17 10:23:15,1,2899.51,mag_start
!2025-09-17_Multi_Spcon_J1_J2_Con2,2025-09-17 10:23:15,1,2903.11,mag_end
!2025-09-17_Multi_Spcon_J1_J2_Con2,2025-09-17 10:23:15,1,2903.32,mag_start
!2025-09-17_Multi_Spcon_J1_J2_Con2,2025-09-17 10:23:15,1,2906.30,mag_end
!2025-09-17_Multi_Spcon_J1_J2_Con2,2025-09-17 10:23:15,1,2906.32,mag_start
!2025-09-17_Multi_Spcon_J1_J2_Con2,2025-09-17 10:23:15,1,2906.41,mag_end
!2025-09-17_Multi_Spcon_J1_J2_Con2,2025-09-17 10:23:15,1,2906.49,mag_start
!2025-09-17_Multi_Spcon_J1_J2_Con2,2025-09-17 10:23:15,1,2906.82,mag_end
!2025-09-17_Multi_Spcon_J1_J2_Con2,2025-09-17 10:23:15,1,2906.98,mag_start
!2025-09-17_Multi_Spcon_J1_J2_Con2,2025-09-17 10:23:15,1,2907.43,mag_end
!2025-09-17_Multi_Spcon_J1_J2_Con2,2025-09-17 10:23:15,1,2907.89,mag_start
!2025-09-17_Multi_Spcon_J1_J2_Con2,2025-09-17 10:23:15,1,2907.92,mag_end
!2025-09-17_Multi_Spcon_J1_J2_Con2,2025-09-17 10:23:15,1,2908.07,mag_start
!2025-09-17_Multi_Spcon_J1_J2_Con2,2025-09-17 10:23:15,1,2908.17,mag_end
!2025-09-17_Multi_Spcon_J1_J2_Con2,2025-09-17 10:23:15,1,2956.28,mag_start
!2025-09-17_Multi_Spcon_J1_J2_Con2,2025-09-17 10:23:15,1,2956.29,mag_end
!2025-09-17_Multi_Spcon_J1_J2_Con2,2025-09-17 10:23:15,1,2956.36,mag_start
!2025-09-17_Multi_Spcon_J1_J2_Con2,2025-09-17 10:23:15,1,2956.38,mag_end
!2025-09-17_Multi_Spcon_J1_J2_Con2,2025-09-17 10:23:15,1,2958.00,mag_start
!2025-09-17_Multi_Spcon_J1_J2_Con2,2025-09-17 10:23:15,1,2958.01,mag_end
!2025-09-17_Multi_Spcon_J1_J2_Con2,2025-09-17 10:23:15,1,2958.55,mag_start
!2025-09-17_Multi_Spcon_J1_J2_Con2,2025-09-17 10:23:15,1,2958.88,mag_end
!2025-09-17_Multi_Spcon_J1_J2_Con2,2025-09-17 10:23:15,1,2959.25,mag_start
!2025-09-17_Multi_Spcon_J1_J2_Con2,2025-09-17 10:23:15,1,2959.58,mag_end
!2025-09-17_Multi_Spcon_J1_J2_Con2,2025-09-17 10:23:15,1,2979.35,mag_start
!2025-09-17_Multi_Spcon_J1_J2_Con2,2025-09-17 10:23:15,1,2979.36,mag_end
!2025-09-17_Multi_Spcon_J1_J2_Con2,2025-09-17 10:23:15,1,2979.40,mag_start
!2025-09-17_Multi_Spcon_J1_J2_Con2,2025-09-17 10:23:15,1,2979.41,mag_end
!2025-09-17_Multi_Spcon_J1_J2_Con2,2025-09-17 10:23:15,1,2979.42,mag_start
!2025-09-17_Multi_Spcon_J1_J2_Con2,2025-09-17 10:23:15,1,2979.43,mag_end
!2025-09-17_Multi_Spcon_J1_J2_Con2,2025-09-17 10:23:15,1,3021.06,noise_start
!2025-09-17_Multi_Spcon_J1_J2_Con2,2025-09-17 10:23:15,1,3031.06,noise_end
!2025-09-17_Multi_Spcon_J1_J2_Con2,2025-09-17 10:23:15,1,3175.38,noise_start
!2025-09-17_Multi_Spcon_J1_J2_Con2,2025-09-17 10:23:15,1,3185.38,noise_end
!2025-09-17_Multi_Spcon_J1_J2_Con2,2025-09-17 10:23:15,1,3332.37,lowT_start
!2025-09-17_Multi_Spcon_J1_J2_Con2,2025-09-17 10:23:15,1,3342.37,lowT_end
!2025-09-17_Multi_Spcon_J1_J2_Con2,2025-09-17 10:23:15,1,3342.37,pelD_start
!2025-09-17_Multi_Spcon_J1_J2_Con2,2025-09-17 10:23:15,1,3342.38,pelD_end
!2025-09-17_Multi_Spcon_J1_J2_Con2,2025-09-17 10:23:15,1,3342.57,pelD_start
!2025-09-17_Multi_Spcon_J1_J2_Con2,2025-09-17 10:23:15,1,3342.58,pelD_end
!2025-09-17_Multi_Spcon_J1_J2_Con2,2025-09-17 10:23:15,1,3344.31,mag_start
!2025-09-17_Multi_Spcon_J1_J2_Con2,2025-09-17 10:23:15,1,3344.78,mag_end
!2025-09-17_Multi_Spcon_J1_J2_Con2,2025-09-17 10:23:15,1,3348.21,mag_start
!2025-09-17_Multi_Spcon_J1_J2_Con2,2025-09-17 10:23:15,1,3349.76,mag_end
!2025-09-17_Multi_Spcon_J1_J2_Con2,2025-09-17 10:23:15,1,3349.84,mag_start
!2025-09-17_Multi_Spcon_J1_J2_Con2,2025-09-17 10:23:15,1,3350.13,mag_end
!2025-09-17_Multi_Spcon_J1_J2_Con2,2025-09-17 10:23:15,1,3350.58,mag_start
!2025-09-17_Multi_Spcon_J1_J2_Con2,2025-09-17 10:23:15,1,3356.33,mag_end
!2025-09-17_Multi_Spcon_J1_J2_Con2,2025-09-17 10:23:15,1,3368.87,mag_start
!2025-09-17_Multi_Spcon_J1_J2_Con2,2025-09-17 10:23:15,1,3368.96,mag_end
!2025-09-17_Multi_Spcon_J1_J2_Con2,2025-09-17 10:23:15,1,3369.02,mag_start
!2025-09-17_Multi_Spcon_J1_J2_Con2,2025-09-17 10:23:15,1,3369.50,mag_end
!2025-09-17_Multi_Spcon_J1_J2_Con2,2025-09-17 10:23:15,1,3369.73,mag_start
!2025-09-17_Multi_Spcon_J1_J2_Con2,2025-09-17 10:23:15,1,3369.87,mag_end
!2025-09-17_Multi_Spcon_J1_J2_Con2,2025-09-17 10:23:15,1,3371.48,mag_start
!2025-09-17_Multi_Spcon_J1_J2_Con2,2025-09-17 10:23:15,1,3372.02,mag_end
!2025-09-17_Multi_Spcon_J1_J2_Con2,2025-09-17 10:23:15,1,3380.19,mag_start
!2025-09-17_Multi_Spcon_J1_J2_Con2,2025-09-17 10:23:15,1,3380.86,mag_end
!2025-09-17_Multi_Spcon_J1_J2_Con2,2025-09-17 10:23:15,1,3380.90,mag_start
!2025-09-17_Multi_Spcon_J1_J2_Con2,2025-09-17 10:23:15,1,3381.38,mag_end
!2025-09-17_Multi_Spcon_J1_J2_Con2,2025-09-17 10:23:15,1,3389.90,mag_start
!2025-09-17_Multi_Spcon_J1_J2_Con2,2025-09-17 10:23:15,1,3390.05,mag_end
!2025-09-17_Multi_Spcon_J1_J2_Con2,2025-09-17 10:23:15,1,3421.89,mag_start
!2025-09-17_Multi_Spcon_J1_J2_Con2,2025-09-17 10:23:15,1,3422.69,mag_end
!2025-09-17_Multi_Spcon_J1_J2_Con2,2025-09-17 10:23:15,1,3425.89,mag_start
!2025-09-17_Multi_Spcon_J1_J2_Con2,2025-09-17 10:23:15,1,3426.39,mag_end
!2025-09-17_Multi_Spcon_J1_J2_Con2,2025-09-17 10:23:15,1,3426.44,mag_start
!2025-09-17_Multi_Spcon_J1_J2_Con2,2025-09-17 10:23:15,1,3426.48,mag_end
!2025-09-17_Multi_Spcon_J1_J2_Con2,2025-09-17 10:23:15,1,3426.60,mag_start
!2025-09-17_Multi_Spcon_J1_J2_Con2,2025-09-17 10:23:15,1,3432.77,mag_end
!2025-09-17_Multi_Spcon_J1_J2_Con2,2025-09-17 10:23:15,1,3432.84,mag_start
!2025-09-17_Multi_Spcon_J1_J2_Con2,2025-09-17 10:23:15,1,3434.66,mag_end
!2025-09-17_Multi_Spcon_J1_J2_Con2,2025-09-17 10:23:15,1,3437.81,mag_start
!2025-09-17_Multi_Spcon_J1_J2_Con2,2025-09-17 10:23:15,1,3437.83,mag_end
!2025-09-17_Multi_Spcon_J1_J2_Con2,2025-09-17 10:23:15,1,3437.91,mag_start
!2025-09-17_Multi_Spcon_J1_J2_Con2,2025-09-17 10:23:15,1,3437.98,mag_end
!2025-09-17_Multi_Spcon_J1_J2_Con2,2025-09-17 10:23:15,1,3438.72,mag_start
!2025-09-17_Multi_Spcon_J1_J2_Con2,2025-09-17 10:23:15,1,3441.04,mag_end
!2025-09-17_Multi_Spcon_J1_J2_Con2,2025-09-17 10:23:15,1,3471.79,mag_start
!2025-09-17_Multi_Spcon_J1_J2_Con2,2025-09-17 10:23:15,1,3471.93,mag_end
!2025-09-17_Multi_Spcon_J1_J2_Con2,2025-09-17 10:23:15,1,3472.49,mag_start
!2025-09-17_Multi_Spcon_J1_J2_Con2,2025-09-17 10:23:15,1,3472.70,mag_end
!2025-09-17_Multi_Spcon_J1_J2_Con2,2025-09-17 10:23:15,1,3510.81,noise_start
!2025-09-17_Multi_Spcon_J1_J2_Con2,2025-09-17 10:23:15,1,3520.81,noise_end
!2025-09-17_Multi_Spcon_J1_J2_Con2,2025-09-17 10:23:15,1,3640.41,mag_start
!2025-09-17_Multi_Spcon_J1_J2_Con2,2025-09-17 10:23:15,1,3640.78,mag_end
!2025-09-17_Multi_Spcon_J1_J2_Con2,2025-09-17 10:23:15,1,3659.37,lowT_start
!2025-09-17_Multi_Spcon_J1_J2_Con2,2025-09-17 10:23:15,1,3669.37,lowT_end
!2025-09-17_Multi_Spcon_J1_J2_Con2,2025-09-17 10:23:15,1,3669.37,pelD_start
!2025-09-17_Multi_Spcon_J1_J2_Con2,2025-09-17 10:23:15,1,3669.38,pelD_end
!2025-09-17_Multi_Spcon_J1_J2_Con2,2025-09-17 10:23:15,1,3669.57,pelD_start
!2025-09-17_Multi_Spcon_J1_J2_Con2,2025-09-17 10:23:15,1,3669.58,pelD_end
!2025-09-17_Multi_Spcon_J1_J2_Con2,2025-09-17 10:23:15,1,3672.86,mag_start
!2025-09-17_Multi_Spcon_J1_J2_Con2,2025-09-17 10:23:15,1,3674.61,mag_end
!2025-09-17_Multi_Spcon_J1_J2_Con2,2025-09-17 10:23:15,1,3674.62,mag_start
!2025-09-17_Multi_Spcon_J1_J2_Con2,2025-09-17 10:23:15,1,3674.64,mag_end
!2025-09-17_Multi_Spcon_J1_J2_Con2,2025-09-17 10:23:15,1,3674.68,mag_start
!2025-09-17_Multi_Spcon_J1_J2_Con2,2025-09-17 10:23:15,1,3675.70,mag_end
!2025-09-17_Multi_Spcon_J1_J2_Con2,2025-09-17 10:23:15,1,3675.89,mag_start
!2025-09-17_Multi_Spcon_J1_J2_Con2,2025-09-17 10:23:15,1,3676.01,mag_end
!2025-09-17_Multi_Spcon_J1_J2_Con2,2025-09-17 10:23:15,1,3821.34,lowT_start
!2025-09-17_Multi_Spcon_J1_J2_Con2,2025-09-17 10:23:15,1,3831.34,lowT_end
!2025-09-17_Multi_Spcon_J1_J2_Con2,2025-09-17 10:23:15,1,3831.34,pelD_start
!2025-09-17_Multi_Spcon_J1_J2_Con2,2025-09-17 10:23:15,1,3831.35,pelD_end
!2025-09-17_Multi_Spcon_J1_J2_Con2,2025-09-17 10:23:15,1,3831.54,pelD_start
!2025-09-17_Multi_Spcon_J1_J2_Con2,2025-09-17 10:23:15,1,3831.55,pelD_end
!2025-09-17_Multi_Spcon_J1_J2_Con2,2025-09-17 10:23:15,1,3833.74,mag_start
!2025-09-17_Multi_Spcon_J1_J2_Con2,2025-09-17 10:23:15,1,3838.53,mag_end
!2025-09-17_Multi_Spcon_J1_J2_Con2,2025-09-17 10:23:15,1,3859.87,mag_start
!2025-09-17_Multi_Spcon_J1_J2_Con2,2025-09-17 10:23:15,1,3860.06,mag_end
!2025-09-17_Multi_Spcon_J1_J2_Con2,2025-09-17 10:23:15,1,3860.08,mag_start
!2025-09-17_Multi_Spcon_J1_J2_Con2,2025-09-17 10:23:15,1,3860.14,mag_end
!2025-09-17_Multi_Spcon_J1_J2_Con2,2025-09-17 10:23:15,1,3860.22,mag_start
!2025-09-17_Multi_Spcon_J1_J2_Con2,2025-09-17 10:23:15,1,3860.36,mag_end
!2025-09-17_Multi_Spcon_J1_J2_Con2,2025-09-17 10:23:15,1,3860.43,mag_start
!2025-09-17_Multi_Spcon_J1_J2_Con2,2025-09-17 10:23:15,1,3860.44,mag_end
!2025-09-17_Multi_Spcon_J1_J2_Con2,2025-09-17 10:23:15,1,3860.51,mag_start
!2025-09-17_Multi_Spcon_J1_J2_Con2,2025-09-17 10:23:15,1,3860.55,mag_end
!2025-09-17_Multi_Spcon_J1_J2_Con2,2025-09-17 10:23:15,1,3860.66,mag_start
!2025-09-17_Multi_Spcon_J1_J2_Con2,2025-09-17 10:23:15,1,3860.67,mag_end
!2025-09-17_Multi_Spcon_J1_J2_Con2,2025-09-17 10:23:15,1,3860.69,mag_start
!2025-09-17_Multi_Spcon_J1_J2_Con2,2025-09-17 10:23:15,1,3860.71,mag_end
!2025-09-17_Multi_Spcon_J1_J2_Con2,2025-09-17 10:23:15,1,3860.85,mag_start
!2025-09-17_Multi_Spcon_J1_J2_Con2,2025-09-17 10:23:15,1,3860.90,mag_end
!2025-09-17_Multi_Spcon_J1_J2_Con2,2025-09-17 10:23:15,1,3860.94,mag_start
!2025-09-17_Multi_Spcon_J1_J2_Con2,2025-09-17 10:23:15,1,3861.03,mag_end
!2025-09-17_Multi_Spcon_J1_J2_Con2,2025-09-17 10:23:15,1,3861.04,mag_start
!2025-09-17_Multi_Spcon_J1_J2_Con2,2025-09-17 10:23:15,1,3861.84,mag_end
!2025-09-17_Multi_Spcon_J1_J2_Con2,2025-09-17 10:23:15,1,3864.02,mag_start
!2025-09-17_Multi_Spcon_J1_J2_Con2,2025-09-17 10:23:15,1,3864.29,mag_end
!2025-09-17_Multi_Spcon_J1_J2_Con2,2025-09-17 10:23:15,1,3864.88,mag_start
!2025-09-17_Multi_Spcon_J1_J2_Con2,2025-09-17 10:23:15,1,3864.96,mag_end
!2025-09-17_Multi_Spcon_J1_J2_Con2,2025-09-17 10:23:15,1,3865.12,mag_start
!2025-09-17_Multi_Spcon_J1_J2_Con2,2025-09-17 10:23:15,1,3866.94,mag_end
!2025-09-17_Multi_Spcon_J1_J2_Con2,2025-09-17 10:23:15,1,3866.99,mag_start
!2025-09-17_Multi_Spcon_J1_J2_Con2,2025-09-17 10:23:15,1,3867.04,mag_end
!2025-09-17_Multi_Spcon_J1_J2_Con2,2025-09-17 10:23:15,1,3867.17,mag_start
!2025-09-17_Multi_Spcon_J1_J2_Con2,2025-09-17 10:23:15,1,3867.19,mag_end
!2025-09-17_Multi_Spcon_J1_J2_Con2,2025-09-17 10:23:15,1,3867.20,mag_start
!2025-09-17_Multi_Spcon_J1_J2_Con2,2025-09-17 10:23:15,1,3867.46,mag_end
!2025-09-17_Multi_Spcon_J1_J2_Con2,2025-09-17 10:23:15,1,3867.85,mag_start
!2025-09-17_Multi_Spcon_J1_J2_Con2,2025-09-17 10:23:15,1,3869.99,mag_end
!2025-09-17_Multi_Spcon_J1_J2_Con2,2025-09-17 10:23:15,1,3870.83,mag_start
!2025-09-17_Multi_Spcon_J1_J2_Con2,2025-09-17 10:23:15,1,3870.85,mag_end
!2025-09-17_Multi_Spcon_J1_J2_Con2,2025-09-17 10:23:15,1,3870.99,mag_start
!2025-09-17_Multi_Spcon_J1_J2_Con2,2025-09-17 10:23:15,1,3871.45,mag_end
!2025-09-17_Multi_Spcon_J1_J2_Con2,2025-09-17 10:23:15,1,3871.46,mag_start
!2025-09-17_Multi_Spcon_J1_J2_Con2,2025-09-17 10:23:15,1,3871.50,mag_end
!2025-09-17_Multi_Spcon_J1_J2_Con2,2025-09-17 10:23:15,1,3876.00,mag_start
!2025-09-17_Multi_Spcon_J1_J2_Con2,2025-09-17 10:23:15,1,3876.32,mag_end
!2025-09-17_Multi_Spcon_J1_J2_Con2,2025-09-17 10:23:15,1,3876.33,mag_start
!2025-09-17_Multi_Spcon_J1_J2_Con2,2025-09-17 10:23:15,1,3876.61,mag_end
!2025-09-17_Multi_Spcon_J1_J2_Con2,2025-09-17 10:23:15,1,3877.22,mag_start
!2025-09-17_Multi_Spcon_J1_J2_Con2,2025-09-17 10:23:15,1,3877.64,mag_end
!2025-09-17_Multi_Spcon_J1_J2_Con2,2025-09-17 10:23:15,1,3877.71,mag_start
!2025-09-17_Multi_Spcon_J1_J2_Con2,2025-09-17 10:23:15,1,3878.04,mag_end
!2025-09-17_Multi_Spcon_J1_J2_Con2,2025-09-17 10:23:15,1,3878.79,mag_start
!2025-09-17_Multi_Spcon_J1_J2_Con2,2025-09-17 10:23:15,1,3878.96,mag_end
!2025-09-17_Multi_Spcon_J1_J2_Con2,2025-09-17 10:23:15,1,3878.99,mag_start
!2025-09-17_Multi_Spcon_J1_J2_Con2,2025-09-17 10:23:15,1,3879.02,mag_end
!2025-09-17_Multi_Spcon_J1_J2_Con2,2025-09-17 10:23:15,1,3879.73,mag_start
!2025-09-17_Multi_Spcon_J1_J2_Con2,2025-09-17 10:23:15,1,3879.86,mag_end
!2025-09-17_Multi_Spcon_J1_J2_Con2,2025-09-17 10:23:15,1,3880.18,mag_start
!2025-09-17_Multi_Spcon_J1_J2_Con2,2025-09-17 10:23:15,1,3880.65,mag_end
!2025-09-17_Multi_Spcon_J1_J2_Con2,2025-09-17 10:23:15,1,3897.20,mag_start
!2025-09-17_Multi_Spcon_J1_J2_Con2,2025-09-17 10:23:15,1,3897.46,mag_end
!2025-09-17_Multi_Spcon_J1_J2_Con2,2025-09-17 10:23:15,1,3897.59,mag_start
!2025-09-17_Multi_Spcon_J1_J2_Con2,2025-09-17 10:23:15,1,3900.86,mag_end
!2025-09-17_Multi_Spcon_J1_J2_Con2,2025-09-17 10:23:15,1,3900.88,mag_start
!2025-09-17_Multi_Spcon_J1_J2_Con2,2025-09-17 10:23:15,1,3901.01,mag_end
!2025-09-17_Multi_Spcon_J1_J2_Con2,2025-09-17 10:23:15,1,3901.05,mag_start
!2025-09-17_Multi_Spcon_J1_J2_Con2,2025-09-17 10:23:15,1,3904.10,mag_end
!2025-09-17_Multi_Spcon_J1_J2_Con2,2025-09-17 10:23:15,1,3912.88,mag_start
!2025-09-17_Multi_Spcon_J1_J2_Con2,2025-09-17 10:23:15,1,3912.98,mag_end
!2025-09-17_Multi_Spcon_J1_J2_Con2,2025-09-17 10:23:15,1,3913.01,mag_start
!2025-09-17_Multi_Spcon_J1_J2_Con2,2025-09-17 10:23:15,1,3913.18,mag_end
!2025-09-17_Multi_Spcon_J1_J2_Con2,2025-09-17 10:23:15,1,3913.30,mag_start
!2025-09-17_Multi_Spcon_J1_J2_Con2,2025-09-17 10:23:15,1,3913.31,mag_end
!2025-09-17_Multi_Spcon_J1_J2_Con2,2025-09-17 10:23:15,1,3913.84,mag_start
!2025-09-17_Multi_Spcon_J1_J2_Con2,2025-09-17 10:23:15,1,3914.00,mag_end
!2025-09-17_Multi_Spcon_J1_J2_Con2,2025-09-17 10:23:15,1,3926.47,mag_start
!2025-09-17_Multi_Spcon_J1_J2_Con2,2025-09-17 10:23:15,1,3927.57,mag_end
!2025-09-17_Multi_Spcon_J1_J2_Con2,2025-09-17 10:23:15,1,3940.28,mag_start
!2025-09-17_Multi_Spcon_J1_J2_Con2,2025-09-17 10:23:15,1,3940.35,mag_end
!2025-09-17_Multi_Spcon_J1_J2_Con2,2025-09-17 10:23:15,1,3971.35,mag_start
!2025-09-17_Multi_Spcon_J1_J2_Con2,2025-09-17 10:23:15,1,3971.94,mag_end
!2025-09-17_Multi_Spcon_J1_J2_Con2,2025-09-17 10:23:15,1,3972.01,mag_start
!2025-09-17_Multi_Spcon_J1_J2_Con2,2025-09-17 10:23:15,1,3972.29,mag_end
!2025-09-17_Multi_Spcon_J1_J2_Con2,2025-09-17 10:23:15,1,3972.37,mag_start
!2025-09-17_Multi_Spcon_J1_J2_Con2,2025-09-17 10:23:15,1,3977.48,mag_end
!2025-09-17_Multi_Spcon_J1_J2_Con2,2025-09-17 10:23:15,1,3998.29,noise_start
!2025-09-17_Multi_Spcon_J1_J2_Con2,2025-09-17 10:23:15,1,4008.29,noise_end
!2025-09-17_Multi_Spcon_J1_J2_Con2,2025-09-17 10:23:15,1,4163.33,lowT_start
!2025-09-17_Multi_Spcon_J1_J2_Con2,2025-09-17 10:23:15,1,4173.33,lowT_end
!2025-09-17_Multi_Spcon_J1_J2_Con2,2025-09-17 10:23:15,1,4173.33,pelD_start
!2025-09-17_Multi_Spcon_J1_J2_Con2,2025-09-17 10:23:15,1,4173.34,pelD_end
!2025-09-17_Multi_Spcon_J1_J2_Con2,2025-09-17 10:23:15,1,4173.53,pelD_start
!2025-09-17_Multi_Spcon_J1_J2_Con2,2025-09-17 10:23:15,1,4173.54,pelD_end
!2025-09-17_Multi_Spcon_J1_J2_Con2,2025-09-17 10:23:15,1,4177.84,mag_start
!2025-09-17_Multi_Spcon_J1_J2_Con2,2025-09-17 10:23:15,1,4178.29,mag_end
!2025-09-17_Multi_Spcon_J1_J2_Con2,2025-09-17 10:23:15,1,4182.37,mag_start
!2025-09-17_Multi_Spcon_J1_J2_Con2,2025-09-17 10:23:15,1,4182.41,mag_end
!2025-09-17_Multi_Spcon_J1_J2_Con2,2025-09-17 10:23:15,1,4182.49,mag_start
!2025-09-17_Multi_Spcon_J1_J2_Con2,2025-09-17 10:23:15,1,4182.75,mag_end
!2025-09-17_Multi_Spcon_J1_J2_Con2,2025-09-17 10:23:15,1,4182.80,mag_start
!2025-09-17_Multi_Spcon_J1_J2_Con2,2025-09-17 10:23:15,1,4182.84,mag_end
!2025-09-17_Multi_Spcon_J1_J2_Con2,2025-09-17 10:23:15,1,4183.05,mag_start
!2025-09-17_Multi_Spcon_J1_J2_Con2,2025-09-17 10:23:15,1,4183.07,mag_end
!2025-09-17_Multi_Spcon_J1_J2_Con2,2025-09-17 10:23:15,1,4183.47,mag_start
!2025-09-17_Multi_Spcon_J1_J2_Con2,2025-09-17 10:23:15,1,4184.06,mag_end
!2025-09-17_Multi_Spcon_J1_J2_Con2,2025-09-17 10:23:15,1,4184.14,mag_start
!2025-09-17_Multi_Spcon_J1_J2_Con2,2025-09-17 10:23:15,1,4184.16,mag_end
!2025-09-17_Multi_Spcon_J1_J2_Con2,2025-09-17 10:23:15,1,4184.25,mag_start
!2025-09-17_Multi_Spcon_J1_J2_Con2,2025-09-17 10:23:15,1,4184.78,mag_end
!2025-09-17_Multi_Spcon_J1_J2_Con2,2025-09-17 10:23:15,1,4247.64,mag_start
!2025-09-17_Multi_Spcon_J1_J2_Con2,2025-09-17 10:23:15,1,4248.05,mag_end
!2025-09-17_Multi_Spcon_J1_J2_Con2,2025-09-17 10:23:15,1,4248.40,mag_start
!2025-09-17_Multi_Spcon_J1_J2_Con2,2025-09-17 10:23:15,1,4249.47,mag_end
!2025-09-17_Multi_Spcon_J1_J2_Con2,2025-09-17 10:23:15,1,4249.56,mag_start
!2025-09-17_Multi_Spcon_J1_J2_Con2,2025-09-17 10:23:15,1,4249.86,mag_end
!2025-09-17_Multi_Spcon_J1_J2_Con2,2025-09-17 10:23:15,1,4249.89,mag_start
!2025-09-17_Multi_Spcon_J1_J2_Con2,2025-09-17 10:23:15,1,4251.15,mag_end
!2025-09-17_Multi_Spcon_J1_J2_Con2,2025-09-17 10:23:15,1,4257.63,mag_start
!2025-09-17_Multi_Spcon_J1_J2_Con2,2025-09-17 10:23:15,1,4258.03,mag_end
!2025-09-17_Multi_Spcon_J1_J2_Con2,2025-09-17 10:23:15,1,4258.48,mag_start
!2025-09-17_Multi_Spcon_J1_J2_Con2,2025-09-17 10:23:15,1,4258.50,mag_end
!2025-09-17_Multi_Spcon_J1_J2_Con2,2025-09-17 10:23:15,1,4283.37,mag_start
!2025-09-17_Multi_Spcon_J1_J2_Con2,2025-09-17 10:23:15,1,4283.66,mag_end
!2025-09-17_Multi_Spcon_J1_J2_Con2,2025-09-17 10:23:15,1,4292.04,mag_start
!2025-09-17_Multi_Spcon_J1_J2_Con2,2025-09-17 10:23:15,1,4292.06,mag_end
!2025-09-17_Multi_Spcon_J1_J2_Con2,2025-09-17 10:23:15,1,4292.13,mag_start
!2025-09-17_Multi_Spcon_J1_J2_Con2,2025-09-17 10:23:15,1,4292.68,mag_end
!2025-09-17_Multi_Spcon_J1_J2_Con2,2025-09-17 10:23:15,1,4302.75,noise_start
!2025-09-17_Multi_Spcon_J1_J2_Con2,2025-09-17 10:23:15,1,4312.75,noise_end
!2025-09-17_Multi_Spcon_J1_J2_Con2,2025-09-17 10:23:15,1,4312.88,mag_start
!2025-09-17_Multi_Spcon_J1_J2_Con2,2025-09-17 10:23:15,1,4312.91,mag_end
!2025-09-17_Multi_Spcon_J1_J2_Con2,2025-09-17 10:23:15,1,4312.93,mag_start
!2025-09-17_Multi_Spcon_J1_J2_Con2,2025-09-17 10:23:15,1,4313.07,mag_end
!2025-09-17_Multi_Spcon_J1_J2_Con2,2025-09-17 10:23:15,1,4313.10,mag_start
!2025-09-17_Multi_Spcon_J1_J2_Con2,2025-09-17 10:23:15,1,4313.26,mag_end
!2025-09-17_Multi_Spcon_J1_J2_Con2,2025-09-17 10:23:15,1,4373.94,mag_start
!2025-09-17_Multi_Spcon_J1_J2_Con2,2025-09-17 10:23:15,1,4374.23,mag_end
!2025-09-17_Multi_Spcon_J1_J2_Con2,2025-09-17 10:23:15,1,4374.26,mag_start
!2025-09-17_Multi_Spcon_J1_J2_Con2,2025-09-17 10:23:15,1,4374.92,mag_end
!2025-09-17_Multi_Spcon_J1_J2_Con2,2025-09-17 10:23:15,1,4375.06,mag_start
!2025-09-17_Multi_Spcon_J1_J2_Con2,2025-09-17 10:23:15,1,4375.18,mag_end
!2025-09-17_Multi_Spcon_J1_J2_Con2,2025-09-17 10:23:15,1,4465.11,noise_start
!2025-09-17_Multi_Spcon_J1_J2_Con2,2025-09-17 10:23:15,1,4475.11,noise_end
!2025-09-17_Multi_Spcon_J1_J2_Con2,2025-09-17 10:23:15,1,4643.55,lowT_start
!2025-09-17_Multi_Spcon_J1_J2_Con2,2025-09-17 10:23:15,1,4653.55,lowT_end
!2025-09-17_Multi_Spcon_J1_J2_Con2,2025-09-17 10:23:15,1,4653.55,pelD_start
!2025-09-17_Multi_Spcon_J1_J2_Con2,2025-09-17 10:23:15,1,4653.56,pelD_end
!2025-09-17_Multi_Spcon_J1_J2_Con2,2025-09-17 10:23:15,1,4653.75,pelD_start
!2025-09-17_Multi_Spcon_J1_J2_Con2,2025-09-17 10:23:15,1,4653.76,pelD_end
!2025-09-17_Multi_Spcon_J1_J2_Con2,2025-09-17 10:23:15,1,4657.31,mag_start
!2025-09-17_Multi_Spcon_J1_J2_Con2,2025-09-17 10:23:15,1,4658.86,mag_end
!2025-09-17_Multi_Spcon_J1_J2_Con2,2025-09-17 10:23:15,1,4658.87,mag_start
!2025-09-17_Multi_Spcon_J1_J2_Con2,2025-09-17 10:23:15,1,4658.90,mag_end
!2025-09-17_Multi_Spcon_J1_J2_Con2,2025-09-17 10:23:15,1,4658.96,mag_start
!2025-09-17_Multi_Spcon_J1_J2_Con2,2025-09-17 10:23:15,1,4659.08,mag_end
!2025-09-17_Multi_Spcon_J1_J2_Con2,2025-09-17 10:23:15,1,4675.92,mag_start
!2025-09-17_Multi_Spcon_J1_J2_Con2,2025-09-17 10:23:15,1,4678.78,mag_end
!2025-09-17_Multi_Spcon_J1_J2_Con2,2025-09-17 10:23:15,1,4678.84,mag_start
!2025-09-17_Multi_Spcon_J1_J2_Con2,2025-09-17 10:23:15,1,4681.12,mag_end
!2025-09-17_Multi_Spcon_J1_J2_Con2,2025-09-17 10:23:15,1,4681.56,mag_start
!2025-09-17_Multi_Spcon_J1_J2_Con2,2025-09-17 10:23:15,1,4681.61,mag_end
!2025-09-17_Multi_Spcon_J1_J2_Con2,2025-09-17 10:23:15,1,4682.12,mag_start
!2025-09-17_Multi_Spcon_J1_J2_Con2,2025-09-17 10:23:15,1,4684.71,mag_end
!2025-09-17_Multi_Spcon_J1_J2_Con2,2025-09-17 10:23:15,1,4701.41,mag_start
!2025-09-17_Multi_Spcon_J1_J2_Con2,2025-09-17 10:23:15,1,4701.57,mag_end
!2025-09-17_Multi_Spcon_J1_J2_Con2,2025-09-17 10:23:15,1,4725.83,mag_start
!2025-09-17_Multi_Spcon_J1_J2_Con2,2025-09-17 10:23:15,1,4725.85,mag_end
!2025-09-17_Multi_Spcon_J1_J2_Con2,2025-09-17 10:23:15,1,4734.62,mag_start
!2025-09-17_Multi_Spcon_J1_J2_Con2,2025-09-17 10:23:15,1,4734.80,mag_end
!2025-09-17_Multi_Spcon_J1_J2_Con2,2025-09-17 10:23:15,1,4737.06,mag_start
!2025-09-17_Multi_Spcon_J1_J2_Con2,2025-09-17 10:23:15,1,4738.45,mag_end
!2025-09-17_Multi_Spcon_J1_J2_Con2,2025-09-17 10:23:15,1,4756.67,mag_start
!2025-09-17_Multi_Spcon_J1_J2_Con2,2025-09-17 10:23:15,1,4756.77,mag_end
!2025-09-17_Multi_Spcon_J1_J2_Con2,2025-09-17 10:23:15,1,4790.33,noise_start
!2025-09-17_Multi_Spcon_J1_J2_Con2,2025-09-17 10:23:15,1,4800.33,noise_end
!2025-09-17_Multi_Spcon_J1_J2_Con2,2025-09-17 10:23:15,1,4825.73,mag_start
!2025-09-17_Multi_Spcon_J1_J2_Con2,2025-09-17 10:23:15,1,4825.84,mag_end
!2025-09-17_Multi_Spcon_J1_J2_Con2,2025-09-17 10:23:15,1,4825.94,mag_start
!2025-09-17_Multi_Spcon_J1_J2_Con2,2025-09-17 10:23:15,1,4826.07,mag_end
!2025-09-17_Multi_Spcon_J1_J2_Con2,2025-09-17 10:23:15,1,4830.70,mag_start
!2025-09-17_Multi_Spcon_J1_J2_Con2,2025-09-17 10:23:15,1,4830.71,mag_end
!2025-09-17_Multi_Spcon_J1_J2_Con2,2025-09-17 10:23:15,1,4888.11,mag_start
!2025-09-17_Multi_Spcon_J1_J2_Con2,2025-09-17 10:23:15,1,4888.72,mag_end
!2025-09-17_Multi_Spcon_J1_J2_Con2,2025-09-17 10:23:15,1,4888.99,mag_start
!2025-09-17_Multi_Spcon_J1_J2_Con2,2025-09-17 10:23:15,1,4889.40,mag_end
!2025-09-17_Multi_Spcon_J1_J2_Con2,2025-09-17 10:23:15,1,4890.31,mag_start
!2025-09-17_Multi_Spcon_J1_J2_Con2,2025-09-17 10:23:15,1,4892.57,mag_end
!2025-09-17_Multi_Spcon_J1_J2_Con2,2025-09-17 10:23:15,1,4892.68,mag_start
!2025-09-17_Multi_Spcon_J1_J2_Con2,2025-09-17 10:23:15,1,4892.78,mag_end
!2025-09-17_Multi_Spcon_J1_J2_Con2,2025-09-17 10:23:15,1,4893.67,mag_start
!2025-09-17_Multi_Spcon_J1_J2_Con2,2025-09-17 10:23:15,1,4893.94,mag_end
!2025-09-17_Multi_Spcon_J1_J2_Con2,2025-09-17 10:23:15,1,4894.09,mag_start
!2025-09-17_Multi_Spcon_J1_J2_Con2,2025-09-17 10:23:15,1,4897.47,mag_end
!2025-09-17_Multi_Spcon_J1_J2_Con2,2025-09-17 10:23:15,1,4903.65,mag_start
!2025-09-17_Multi_Spcon_J1_J2_Con2,2025-09-17 10:23:15,1,4903.69,mag_end
!2025-09-17_Multi_Spcon_J1_J2_Con2,2025-09-17 10:23:15,1,4903.90,mag_start
!2025-09-17_Multi_Spcon_J1_J2_Con2,2025-09-17 10:23:15,1,4904.10,mag_end
!2025-09-17_Multi_Spcon_J1_J2_Con2,2025-09-17 10:23:15,1,4904.41,mag_start
!2025-09-17_Multi_Spcon_J1_J2_Con2,2025-09-17 10:23:15,1,4904.97,mag_end
!2025-09-17_Multi_Spcon_J1_J2_Con2,2025-09-17 10:23:15,1,4905.06,mag_start
!2025-09-17_Multi_Spcon_J1_J2_Con2,2025-09-17 10:23:15,1,4905.15,mag_end
!2025-09-17_Multi_Spcon_J1_J2_Con2,2025-09-17 10:23:15,1,4905.23,mag_start
!2025-09-17_Multi_Spcon_J1_J2_Con2,2025-09-17 10:23:15,1,4905.25,mag_end
!2025-09-17_Multi_Spcon_J1_J2_Con2,2025-09-17 10:23:15,1,4905.73,mag_start
!2025-09-17_Multi_Spcon_J1_J2_Con2,2025-09-17 10:23:15,1,4906.22,mag_end
!2025-09-17_Multi_Spcon_J1_J2_Con2,2025-09-17 10:23:15,1,4906.26,mag_start
!2025-09-17_Multi_Spcon_J1_J2_Con2,2025-09-17 10:23:15,1,4906.29,mag_end
!2025-09-17_Multi_Spcon_J1_J2_Con2,2025-09-17 10:23:15,1,4906.32,mag_start
!2025-09-17_Multi_Spcon_J1_J2_Con2,2025-09-17 10:23:15,1,4907.38,mag_end
!2025-09-17_Multi_Spcon_J1_J2_Con2,2025-09-17 10:23:15,1,4907.44,mag_start
!2025-09-17_Multi_Spcon_J1_J2_Con2,2025-09-17 10:23:15,1,4907.54,mag_end
!2025-09-17_Multi_Spcon_J1_J2_Con2,2025-09-17 10:23:15,1,4908.38,mag_start
!2025-09-17_Multi_Spcon_J1_J2_Con2,2025-09-17 10:23:15,1,4910.13,mag_end
!2025-09-17_Multi_Spcon_J1_J2_Con2,2025-09-17 10:23:15,1,4910.23,mag_start
!2025-09-17_Multi_Spcon_J1_J2_Con2,2025-09-17 10:23:15,1,4910.41,mag_end
!2025-09-17_Multi_Spcon_J1_J2_Con2,2025-09-17 10:23:15,1,4966.49,lowT_start
!2025-09-17_Multi_Spcon_J1_J2_Con2,2025-09-17 10:23:15,1,4976.49,lowT_end
!2025-09-17_Multi_Spcon_J1_J2_Con2,2025-09-17 10:23:15,1,4976.49,pelD_start
!2025-09-17_Multi_Spcon_J1_J2_Con2,2025-09-17 10:23:15,1,4976.50,pelD_end
!2025-09-17_Multi_Spcon_J1_J2_Con2,2025-09-17 10:23:15,1,4976.69,pelD_start
!2025-09-17_Multi_Spcon_J1_J2_Con2,2025-09-17 10:23:15,1,4976.70,pelD_end
!2025-09-17_Multi_Spcon_J1_J2_Con2,2025-09-17 10:23:15,1,4978.31,mag_start
!2025-09-17_Multi_Spcon_J1_J2_Con2,2025-09-17 10:23:15,1,4978.56,mag_end
!2025-09-17_Multi_Spcon_J1_J2_Con2,2025-09-17 10:23:15,1,4978.65,mag_start
!2025-09-17_Multi_Spcon_J1_J2_Con2,2025-09-17 10:23:15,1,4981.82,mag_end
!2025-09-17_Multi_Spcon_J1_J2_Con2,2025-09-17 10:23:15,1,4992.12,mag_start
!2025-09-17_Multi_Spcon_J1_J2_Con2,2025-09-17 10:23:15,1,4995.09,mag_end
!2025-09-17_Multi_Spcon_J1_J2_Con2,2025-09-17 10:23:15,1,4998.51,mag_start
!2025-09-17_Multi_Spcon_J1_J2_Con2,2025-09-17 10:23:15,1,5001.60,mag_end
!2025-09-17_Multi_Spcon_J1_J2_Con2,2025-09-17 10:23:15,1,5024.97,mag_start
!2025-09-17_Multi_Spcon_J1_J2_Con2,2025-09-17 10:23:15,1,5025.10,mag_end
!2025-09-17_Multi_Spcon_J1_J2_Con2,2025-09-17 10:23:15,1,5025.13,mag_start
!2025-09-17_Multi_Spcon_J1_J2_Con2,2025-09-17 10:23:15,1,5025.18,mag_end
!2025-09-17_Multi_Spcon_J1_J2_Con2,2025-09-17 10:23:15,1,5025.42,mag_start
!2025-09-17_Multi_Spcon_J1_J2_Con2,2025-09-17 10:23:15,1,5025.54,mag_end
!2025-09-17_Multi_Spcon_J1_J2_Con2,2025-09-17 10:23:15,1,5041.89,mag_start
!2025-09-17_Multi_Spcon_J1_J2_Con2,2025-09-17 10:23:15,1,5042.18,mag_end
!2025-09-17_Multi_Spcon_J1_J2_Con2,2025-09-17 10:23:15,1,5042.58,mag_start
!2025-09-17_Multi_Spcon_J1_J2_Con2,2025-09-17 10:23:15,1,5042.75,mag_end
!2025-09-17_Multi_Spcon_J1_J2_Con2,2025-09-17 10:23:15,1,5043.27,mag_start
!2025-09-17_Multi_Spcon_J1_J2_Con2,2025-09-17 10:23:15,1,5044.65,mag_end
!2025-09-17_Multi_Spcon_J1_J2_Con2,2025-09-17 10:23:15,1,5044.74,mag_start
!2025-09-17_Multi_Spcon_J1_J2_Con2,2025-09-17 10:23:15,1,5044.85,mag_end
!2025-09-17_Multi_Spcon_J1_J2_Con2,2025-09-17 10:23:15,1,5074.93,mag_start
!2025-09-17_Multi_Spcon_J1_J2_Con2,2025-09-17 10:23:15,1,5075.06,mag_end
!2025-09-17_Multi_Spcon_J1_J2_Con2,2025-09-17 10:23:15,1,5122.99,lowT_start
!2025-09-17_Multi_Spcon_J1_J2_Con2,2025-09-17 10:23:15,1,5132.99,lowT_end
!2025-09-17_Multi_Spcon_J1_J2_Con2,2025-09-17 10:23:15,1,5132.99,pelD_start
!2025-09-17_Multi_Spcon_J1_J2_Con2,2025-09-17 10:23:15,1,5133.00,pelD_end
!2025-09-17_Multi_Spcon_J1_J2_Con2,2025-09-17 10:23:15,1,5133.19,pelD_start
!2025-09-17_Multi_Spcon_J1_J2_Con2,2025-09-17 10:23:15,1,5133.20,pelD_end
!2025-09-17_Multi_Spcon_J1_J2_Con2,2025-09-17 10:23:15,1,5138.95,mag_start
!2025-09-17_Multi_Spcon_J1_J2_Con2,2025-09-17 10:23:15,1,5139.91,mag_end
!2025-09-17_Multi_Spcon_J1_J2_Con2,2025-09-17 10:23:15,1,5140.33,mag_start
!2025-09-17_Multi_Spcon_J1_J2_Con2,2025-09-17 10:23:15,1,5140.34,mag_end
!2025-09-17_Multi_Spcon_J1_J2_Con2,2025-09-17 10:23:15,1,5140.37,mag_start
!2025-09-17_Multi_Spcon_J1_J2_Con2,2025-09-17 10:23:15,1,5142.78,mag_end
!2025-09-17_Multi_Spcon_J1_J2_Con2,2025-09-17 10:23:15,1,5143.07,mag_start
!2025-09-17_Multi_Spcon_J1_J2_Con2,2025-09-17 10:23:15,1,5144.46,mag_end
!2025-09-17_Multi_Spcon_J1_J2_Con2,2025-09-17 10:23:15,1,5145.01,mag_start
!2025-09-17_Multi_Spcon_J1_J2_Con2,2025-09-17 10:23:15,1,5148.83,mag_end
!2025-09-17_Multi_Spcon_J1_J2_Con2,2025-09-17 10:23:15,1,5149.17,mag_start
!2025-09-17_Multi_Spcon_J1_J2_Con2,2025-09-17 10:23:15,1,5149.31,mag_end
!2025-09-17_Multi_Spcon_J1_J2_Con2,2025-09-17 10:23:15,1,5151.14,mag_start
!2025-09-17_Multi_Spcon_J1_J2_Con2,2025-09-17 10:23:15,1,5151.24,mag_end
!2025-09-17_Multi_Spcon_J1_J2_Con2,2025-09-17 10:23:15,1,5151.31,mag_start
!2025-09-17_Multi_Spcon_J1_J2_Con2,2025-09-17 10:23:15,1,5153.71,mag_end
!2025-09-17_Multi_Spcon_J1_J2_Con2,2025-09-17 10:23:15,1,5154.06,mag_start
!2025-09-17_Multi_Spcon_J1_J2_Con2,2025-09-17 10:23:15,1,5157.44,mag_end
!2025-09-17_Multi_Spcon_J1_J2_Con2,2025-09-17 10:23:15,1,5158.35,mag_start
!2025-09-17_Multi_Spcon_J1_J2_Con2,2025-09-17 10:23:15,1,5158.43,mag_end
!2025-09-17_Multi_Spcon_J1_J2_Con2,2025-09-17 10:23:15,1,5158.59,mag_start
!2025-09-17_Multi_Spcon_J1_J2_Con2,2025-09-17 10:23:15,1,5158.65,mag_end
!2025-09-17_Multi_Spcon_J1_J2_Con2,2025-09-17 10:23:15,1,5158.69,mag_start
!2025-09-17_Multi_Spcon_J1_J2_Con2,2025-09-17 10:23:15,1,5158.77,mag_end
!2025-09-17_Multi_Spcon_J1_J2_Con2,2025-09-17 10:23:15,1,5158.99,mag_start
!2025-09-17_Multi_Spcon_J1_J2_Con2,2025-09-17 10:23:15,1,5159.84,mag_end
!2025-09-17_Multi_Spcon_J1_J2_Con2,2025-09-17 10:23:15,1,5163.94,mag_start
!2025-09-17_Multi_Spcon_J1_J2_Con2,2025-09-17 10:23:15,1,5163.96,mag_end
!2025-09-17_Multi_Spcon_J1_J2_Con2,2025-09-17 10:23:15,1,5164.00,mag_start
!2025-09-17_Multi_Spcon_J1_J2_Con2,2025-09-17 10:23:15,1,5164.53,mag_end
!2025-09-17_Multi_Spcon_J1_J2_Con2,2025-09-17 10:23:15,1,5164.89,mag_start
!2025-09-17_Multi_Spcon_J1_J2_Con2,2025-09-17 10:23:15,1,5165.25,mag_end
!2025-09-17_Multi_Spcon_J1_J2_Con2,2025-09-17 10:23:15,1,5165.53,mag_start
!2025-09-17_Multi_Spcon_J1_J2_Con2,2025-09-17 10:23:15,1,5165.59,mag_end
!2025-09-17_Multi_Spcon_J1_J2_Con2,2025-09-17 10:23:15,1,5165.62,mag_start
!2025-09-17_Multi_Spcon_J1_J2_Con2,2025-09-17 10:23:15,1,5167.02,mag_end
!2025-09-17_Multi_Spcon_J1_J2_Con2,2025-09-17 10:23:15,1,5168.76,mag_start
!2025-09-17_Multi_Spcon_J1_J2_Con2,2025-09-17 10:23:15,1,5169.14,mag_end
!2025-09-17_Multi_Spcon_J1_J2_Con2,2025-09-17 10:23:15,1,5169.25,mag_start
!2025-09-17_Multi_Spcon_J1_J2_Con2,2025-09-17 10:23:15,1,5174.33,mag_end
!2025-09-17_Multi_Spcon_J1_J2_Con2,2025-09-17 10:23:15,1,5281.08,noise_start
!2025-09-17_Multi_Spcon_J1_J2_Con2,2025-09-17 10:23:15,1,5291.08,noise_end
!2025-09-17_Multi_Spcon_J1_J2_Con2,2025-09-17 10:23:15,1,5294.39,mag_start
!2025-09-17_Multi_Spcon_J1_J2_Con2,2025-09-17 10:23:15,1,5294.48,mag_end
!2025-09-17_Multi_Spcon_J1_J2_Con2,2025-09-17 10:23:15,1,5353.98,mag_start
!2025-09-17_Multi_Spcon_J1_J2_Con2,2025-09-17 10:23:15,1,5354.09,mag_end
!2025-09-17_Multi_Spcon_J1_J2_Con2,2025-09-17 10:23:15,1,5360.32,mag_start
!2025-09-17_Multi_Spcon_J1_J2_Con2,2025-09-17 10:23:15,1,5360.37,mag_end
!2025-09-17_Multi_Spcon_J1_J2_Con2,2025-09-17 10:23:15,1,5360.45,mag_start
!2025-09-17_Multi_Spcon_J1_J2_Con2,2025-09-17 10:23:15,1,5360.90,mag_end
!2025-09-17_Multi_Spcon_J1_J2_Con2,2025-09-17 10:23:15,1,5361.62,mag_start
!2025-09-17_Multi_Spcon_J1_J2_Con2,2025-09-17 10:23:15,1,5361.66,mag_end
!2025-09-17_Multi_Spcon_J1_J2_Con2,2025-09-17 10:23:15,1,5361.69,mag_start
!2025-09-17_Multi_Spcon_J1_J2_Con2,2025-09-17 10:23:15,1,5361.91,mag_end
!2025-09-17_Multi_Spcon_J1_J2_Con2,2025-09-17 10:23:15,1,5421.78,mag_start
!2025-09-17_Multi_Spcon_J1_J2_Con2,2025-09-17 10:23:15,1,5422.79,mag_end
!2025-09-17_Multi_Spcon_J1_J2_Con2,2025-09-17 10:23:15,1,5422.80,mag_start
!2025-09-17_Multi_Spcon_J1_J2_Con2,2025-09-17 10:23:15,1,5422.94,mag_end
!2025-09-17_Multi_Spcon_J1_J2_Con2,2025-09-17 13:32:55,2,58.03,mag_start
!2025-09-17_Multi_Spcon_J1_J2_Con2,2025-09-17 13:32:55,2,58.11,mag_end
!2025-09-17_Multi_Spcon_J1_J2_Con2,2025-09-17 13:32:55,2,58.19,mag_start
!2025-09-17_Multi_Spcon_J1_J2_Con2,2025-09-17 13:32:55,2,58.83,mag_end
!2025-09-17_Multi_Spcon_J1_J2_Con2,2025-09-17 13:32:55,2,263.89,lowT_start
!2025-09-17_Multi_Spcon_J1_J2_Con2,2025-09-17 13:32:55,2,273.89,lowT_end
!2025-09-17_Multi_Spcon_J1_J2_Con2,2025-09-17 13:32:55,2,334.80,mag_start
!2025-09-17_Multi_Spcon_J1_J2_Con2,2025-09-17 13:32:55,2,335.23,mag_end
!2025-09-17_Multi_Spcon_J1_J2_Con2,2025-09-17 13:32:55,2,335.46,mag_start
!2025-09-17_Multi_Spcon_J1_J2_Con2,2025-09-17 13:32:55,2,336.15,mag_end
!2025-09-17_Multi_Spcon_J1_J2_Con2,2025-09-17 13:32:55,2,342.82,mag_start
!2025-09-17_Multi_Spcon_J1_J2_Con2,2025-09-17 13:32:55,2,343.20,mag_end
!2025-09-17_Multi_Spcon_J1_J2_Con2,2025-09-17 13:32:55,2,426.25,noise_start
!2025-09-17_Multi_Spcon_J1_J2_Con2,2025-09-17 13:32:55,2,436.25,noise_end
!2025-09-17_Multi_Spcon_J1_J2_Con2,2025-09-17 13:32:55,2,436.25,pelD_start
!2025-09-17_Multi_Spcon_J1_J2_Con2,2025-09-17 13:32:55,2,436.26,pelD_end
!2025-09-17_Multi_Spcon_J1_J2_Con2,2025-09-17 13:32:55,2,436.45,pelD_start
!2025-09-17_Multi_Spcon_J1_J2_Con2,2025-09-17 13:32:55,2,436.46,pelD_end
!2025-09-17_Multi_Spcon_J1_J2_Con2,2025-09-17 13:32:55,2,445.97,mag_start
!2025-09-17_Multi_Spcon_J1_J2_Con2,2025-09-17 13:32:55,2,450.02,mag_end
!2025-09-17_Multi_Spcon_J1_J2_Con2,2025-09-17 13:32:55,2,463.92,mag_start
!2025-09-17_Multi_Spcon_J1_J2_Con2,2025-09-17 13:32:55,2,465.16,mag_end
!2025-09-17_Multi_Spcon_J1_J2_Con2,2025-09-17 13:32:55,2,480.31,mag_start
!2025-09-17_Multi_Spcon_J1_J2_Con2,2025-09-17 13:32:55,2,481.03,mag_end
!2025-09-17_Multi_Spcon_J1_J2_Con2,2025-09-17 13:32:55,2,481.38,mag_start
!2025-09-17_Multi_Spcon_J1_J2_Con2,2025-09-17 13:32:55,2,481.48,mag_end
!2025-09-17_Multi_Spcon_J1_J2_Con2,2025-09-17 13:32:55,2,481.78,mag_start
!2025-09-17_Multi_Spcon_J1_J2_Con2,2025-09-17 13:32:55,2,483.04,mag_end
!2025-09-17_Multi_Spcon_J1_J2_Con2,2025-09-17 13:32:55,2,483.69,mag_start
!2025-09-17_Multi_Spcon_J1_J2_Con2,2025-09-17 13:32:55,2,484.59,mag_end
!2025-09-17_Multi_Spcon_J1_J2_Con2,2025-09-17 13:32:55,2,494.08,mag_start
!2025-09-17_Multi_Spcon_J1_J2_Con2,2025-09-17 13:32:55,2,494.58,mag_end
!2025-09-17_Multi_Spcon_J1_J2_Con2,2025-09-17 13:32:55,2,494.71,mag_start
!2025-09-17_Multi_Spcon_J1_J2_Con2,2025-09-17 13:32:55,2,495.35,mag_end
!2025-09-17_Multi_Spcon_J1_J2_Con2,2025-09-17 13:32:55,2,495.47,mag_start
!2025-09-17_Multi_Spcon_J1_J2_Con2,2025-09-17 13:32:55,2,498.20,mag_end
!2025-09-17_Multi_Spcon_J1_J2_Con2,2025-09-17 13:32:55,2,515.21,mag_start
!2025-09-17_Multi_Spcon_J1_J2_Con2,2025-09-17 13:32:55,2,515.42,mag_end
!2025-09-17_Multi_Spcon_J1_J2_Con2,2025-09-17 13:32:55,2,515.43,mag_start
!2025-09-17_Multi_Spcon_J1_J2_Con2,2025-09-17 13:32:55,2,515.78,mag_end
!2025-09-17_Multi_Spcon_J1_J2_Con2,2025-09-17 13:32:55,2,516.87,mag_start
!2025-09-17_Multi_Spcon_J1_J2_Con2,2025-09-17 13:32:55,2,517.58,mag_end
!2025-09-17_Multi_Spcon_J1_J2_Con2,2025-09-17 13:32:55,2,519.64,mag_start
!2025-09-17_Multi_Spcon_J1_J2_Con2,2025-09-17 13:32:55,2,520.19,mag_end
!2025-09-17_Multi_Spcon_J1_J2_Con2,2025-09-17 13:32:55,2,520.21,mag_start
!2025-09-17_Multi_Spcon_J1_J2_Con2,2025-09-17 13:32:55,2,521.67,mag_end
!2025-09-17_Multi_Spcon_J1_J2_Con2,2025-09-17 13:32:55,2,522.03,mag_start
!2025-09-17_Multi_Spcon_J1_J2_Con2,2025-09-17 13:32:55,2,522.04,mag_end
!2025-09-17_Multi_Spcon_J1_J2_Con2,2025-09-17 13:32:55,2,522.10,mag_start
!2025-09-17_Multi_Spcon_J1_J2_Con2,2025-09-17 13:32:55,2,522.52,mag_end
!2025-09-17_Multi_Spcon_J1_J2_Con2,2025-09-17 13:32:55,2,522.83,mag_start
!2025-09-17_Multi_Spcon_J1_J2_Con2,2025-09-17 13:32:55,2,523.18,mag_end
!2025-09-17_Multi_Spcon_J1_J2_Con2,2025-09-17 13:32:55,2,523.73,mag_start
!2025-09-17_Multi_Spcon_J1_J2_Con2,2025-09-17 13:32:55,2,525.15,mag_end
!2025-09-17_Multi_Spcon_J1_J2_Con2,2025-09-17 13:32:55,2,533.88,mag_start
!2025-09-17_Multi_Spcon_J1_J2_Con2,2025-09-17 13:32:55,2,534.31,mag_end
!2025-09-17_Multi_Spcon_J1_J2_Con2,2025-09-17 13:32:55,2,556.85,mag_start
!2025-09-17_Multi_Spcon_J1_J2_Con2,2025-09-17 13:32:55,2,556.91,mag_end
!2025-09-17_Multi_Spcon_J1_J2_Con2,2025-09-17 13:32:55,2,562.88,mag_start
!2025-09-17_Multi_Spcon_J1_J2_Con2,2025-09-17 13:32:55,2,563.48,mag_end
!2025-09-17_Multi_Spcon_J1_J2_Con2,2025-09-17 13:32:55,2,563.57,mag_start
!2025-09-17_Multi_Spcon_J1_J2_Con2,2025-09-17 13:32:55,2,564.34,mag_end
!2025-09-17_Multi_Spcon_J1_J2_Con2,2025-09-17 13:32:55,2,564.64,mag_start
!2025-09-17_Multi_Spcon_J1_J2_Con2,2025-09-17 13:32:55,2,564.66,mag_end
!2025-09-17_Multi_Spcon_J1_J2_Con2,2025-09-17 13:32:55,2,568.49,mag_start
!2025-09-17_Multi_Spcon_J1_J2_Con2,2025-09-17 13:32:55,2,568.52,mag_end
!2025-09-17_Multi_Spcon_J1_J2_Con2,2025-09-17 13:32:55,2,568.54,mag_start
!2025-09-17_Multi_Spcon_J1_J2_Con2,2025-09-17 13:32:55,2,568.59,mag_end
!2025-09-17_Multi_Spcon_J1_J2_Con2,2025-09-17 13:32:55,2,568.68,mag_start
!2025-09-17_Multi_Spcon_J1_J2_Con2,2025-09-17 13:32:55,2,568.75,mag_end
!2025-09-17_Multi_Spcon_J1_J2_Con2,2025-09-17 13:32:55,2,569.32,mag_start
!2025-09-17_Multi_Spcon_J1_J2_Con2,2025-09-17 13:32:55,2,569.40,mag_end
!2025-09-17_Multi_Spcon_J1_J2_Con2,2025-09-17 13:32:55,2,569.47,mag_start
!2025-09-17_Multi_Spcon_J1_J2_Con2,2025-09-17 13:32:55,2,569.62,mag_end
!2025-09-17_Multi_Spcon_J1_J2_Con2,2025-09-17 13:32:55,2,569.89,mag_start
!2025-09-17_Multi_Spcon_J1_J2_Con2,2025-09-17 13:32:55,2,570.11,mag_end
!2025-09-17_Multi_Spcon_J1_J2_Con2,2025-09-17 13:32:55,2,570.19,mag_start
!2025-09-17_Multi_Spcon_J1_J2_Con2,2025-09-17 13:32:55,2,570.79,mag_end
!2025-09-17_Multi_Spcon_J1_J2_Con2,2025-09-17 13:32:55,2,570.94,mag_start
!2025-09-17_Multi_Spcon_J1_J2_Con2,2025-09-17 13:32:55,2,572.15,mag_end
!2025-09-17_Multi_Spcon_J1_J2_Con2,2025-09-17 13:32:55,2,572.63,mag_start
!2025-09-17_Multi_Spcon_J1_J2_Con2,2025-09-17 13:32:55,2,572.87,mag_end
!2025-09-17_Multi_Spcon_J1_J2_Con2,2025-09-17 13:32:55,2,604.03,mag_start
!2025-09-17_Multi_Spcon_J1_J2_Con2,2025-09-17 13:32:55,2,604.15,mag_end
!2025-09-17_Multi_Spcon_J1_J2_Con2,2025-09-17 13:32:55,2,604.69,noise_start
!2025-09-17_Multi_Spcon_J1_J2_Con2,2025-09-17 13:32:55,2,614.69,noise_end
!2025-09-17_Multi_Spcon_J1_J2_Con2,2025-09-17 13:32:55,2,609.03,mag_start
!2025-09-17_Multi_Spcon_J1_J2_Con2,2025-09-17 13:32:55,2,609.06,mag_end
!2025-09-17_Multi_Spcon_J1_J2_Con2,2025-09-17 13:32:55,2,609.33,mag_start
!2025-09-17_Multi_Spcon_J1_J2_Con2,2025-09-17 13:32:55,2,609.57,mag_end
!2025-09-17_Multi_Spcon_J1_J2_Con2,2025-09-17 13:32:55,2,609.59,mag_start
!2025-09-17_Multi_Spcon_J1_J2_Con2,2025-09-17 13:32:55,2,610.04,mag_end
!2025-09-17_Multi_Spcon_J1_J2_Con2,2025-09-17 13:32:55,2,611.40,mag_start
!2025-09-17_Multi_Spcon_J1_J2_Con2,2025-09-17 13:32:55,2,611.56,mag_end
!2025-09-17_Multi_Spcon_J1_J2_Con2,2025-09-17 13:32:55,2,611.86,mag_start
!2025-09-17_Multi_Spcon_J1_J2_Con2,2025-09-17 13:32:55,2,612.35,mag_end
!2025-09-17_Multi_Spcon_J1_J2_Con2,2025-09-17 13:32:55,2,612.59,mag_start
!2025-09-17_Multi_Spcon_J1_J2_Con2,2025-09-17 13:32:55,2,613.16,mag_end
!2025-09-17_Multi_Spcon_J1_J2_Con2,2025-09-17 13:32:55,2,613.38,mag_start
!2025-09-17_Multi_Spcon_J1_J2_Con2,2025-09-17 13:32:55,2,613.65,mag_end
!2025-09-17_Multi_Spcon_J1_J2_Con2,2025-09-17 13:32:55,2,614.69,pelD_start
!2025-09-17_Multi_Spcon_J1_J2_Con2,2025-09-17 13:32:55,2,614.70,pelD_end
!2025-09-17_Multi_Spcon_J1_J2_Con2,2025-09-17 13:32:55,2,614.89,pelD_start
!2025-09-17_Multi_Spcon_J1_J2_Con2,2025-09-17 13:32:55,2,614.90,pelD_end
!2025-09-17_Multi_Spcon_J1_J2_Con2,2025-09-17 13:32:55,2,662.47,mag_start
!2025-09-17_Multi_Spcon_J1_J2_Con2,2025-09-17 13:32:55,2,665.75,mag_end
!2025-09-17_Multi_Spcon_J1_J2_Con2,2025-09-17 13:32:55,2,665.86,mag_start
!2025-09-17_Multi_Spcon_J1_J2_Con2,2025-09-17 13:32:55,2,666.17,mag_end
!2025-09-17_Multi_Spcon_J1_J2_Con2,2025-09-17 13:32:55,2,666.23,mag_start
!2025-09-17_Multi_Spcon_J1_J2_Con2,2025-09-17 13:32:55,2,668.92,mag_end
!2025-09-17_Multi_Spcon_J1_J2_Con2,2025-09-17 13:32:55,2,686.11,mag_start
!2025-09-17_Multi_Spcon_J1_J2_Con2,2025-09-17 13:32:55,2,686.14,mag_end
!2025-09-17_Multi_Spcon_J1_J2_Con2,2025-09-17 13:32:55,2,686.63,mag_start
!2025-09-17_Multi_Spcon_J1_J2_Con2,2025-09-17 13:32:55,2,686.70,mag_end
!2025-09-17_Multi_Spcon_J1_J2_Con2,2025-09-17 13:32:55,2,686.91,mag_start
!2025-09-17_Multi_Spcon_J1_J2_Con2,2025-09-17 13:32:55,2,687.00,mag_end
!2025-09-17_Multi_Spcon_J1_J2_Con2,2025-09-17 13:32:55,2,687.40,mag_start
!2025-09-17_Multi_Spcon_J1_J2_Con2,2025-09-17 13:32:55,2,687.79,mag_end
!2025-09-17_Multi_Spcon_J1_J2_Con2,2025-09-17 13:32:55,2,688.42,mag_start
!2025-09-17_Multi_Spcon_J1_J2_Con2,2025-09-17 13:32:55,2,688.60,mag_end
!2025-09-17_Multi_Spcon_J1_J2_Con2,2025-09-17 13:32:55,2,688.66,mag_start
!2025-09-17_Multi_Spcon_J1_J2_Con2,2025-09-17 13:32:55,2,689.52,mag_end
!2025-09-17_Multi_Spcon_J1_J2_Con2,2025-09-17 13:32:55,2,689.54,mag_start
!2025-09-17_Multi_Spcon_J1_J2_Con2,2025-09-17 13:32:55,2,690.27,mag_end
!2025-09-17_Multi_Spcon_J1_J2_Con2,2025-09-17 13:32:55,2,690.72,mag_start
!2025-09-17_Multi_Spcon_J1_J2_Con2,2025-09-17 13:32:55,2,692.57,mag_end
!2025-09-17_Multi_Spcon_J1_J2_Con2,2025-09-17 13:32:55,2,716.13,mag_start
!2025-09-17_Multi_Spcon_J1_J2_Con2,2025-09-17 13:32:55,2,716.28,mag_end
!2025-09-17_Multi_Spcon_J1_J2_Con2,2025-09-17 13:32:55,2,716.34,mag_start
!2025-09-17_Multi_Spcon_J1_J2_Con2,2025-09-17 13:32:55,2,716.38,mag_end
!2025-09-17_Multi_Spcon_J1_J2_Con2,2025-09-17 13:32:55,2,716.65,mag_start
!2025-09-17_Multi_Spcon_J1_J2_Con2,2025-09-17 13:32:55,2,716.67,mag_end
!2025-09-17_Multi_Spcon_J1_J2_Con2,2025-09-17 13:32:55,2,716.72,mag_start
!2025-09-17_Multi_Spcon_J1_J2_Con2,2025-09-17 13:32:55,2,717.24,mag_end
!2025-09-17_Multi_Spcon_J1_J2_Con2,2025-09-17 13:32:55,2,719.18,mag_start
!2025-09-17_Multi_Spcon_J1_J2_Con2,2025-09-17 13:32:55,2,719.41,mag_end
!2025-09-17_Multi_Spcon_J1_J2_Con2,2025-09-17 13:32:55,2,720.09,mag_start
!2025-09-17_Multi_Spcon_J1_J2_Con2,2025-09-17 13:32:55,2,721.01,mag_end
!2025-09-17_Multi_Spcon_J1_J2_Con2,2025-09-17 13:32:55,2,722.23,mag_start
!2025-09-17_Multi_Spcon_J1_J2_Con2,2025-09-17 13:32:55,2,722.26,mag_end
!2025-09-17_Multi_Spcon_J1_J2_Con2,2025-09-17 13:32:55,2,722.57,mag_start
!2025-09-17_Multi_Spcon_J1_J2_Con2,2025-09-17 13:32:55,2,723.40,mag_end
!2025-09-17_Multi_Spcon_J1_J2_Con2,2025-09-17 13:32:55,2,727.21,mag_start
!2025-09-17_Multi_Spcon_J1_J2_Con2,2025-09-17 13:32:55,2,727.40,mag_end
!2025-09-17_Multi_Spcon_J1_J2_Con2,2025-09-17 13:32:55,2,727.64,mag_start
!2025-09-17_Multi_Spcon_J1_J2_Con2,2025-09-17 13:32:55,2,728.98,mag_end
!2025-09-17_Multi_Spcon_J1_J2_Con2,2025-09-17 13:32:55,2,729.02,mag_start
!2025-09-17_Multi_Spcon_J1_J2_Con2,2025-09-17 13:32:55,2,729.94,mag_end
!2025-09-17_Multi_Spcon_J1_J2_Con2,2025-09-17 13:32:55,2,752.46,mag_start
!2025-09-17_Multi_Spcon_J1_J2_Con2,2025-09-17 13:32:55,2,752.58,mag_end
!2025-09-17_Multi_Spcon_J1_J2_Con2,2025-09-17 13:32:55,2,753.71,mag_start
!2025-09-17_Multi_Spcon_J1_J2_Con2,2025-09-17 13:32:55,2,753.86,mag_end
!2025-09-17_Multi_Spcon_J1_J2_Con2,2025-09-17 13:32:55,2,758.99,mag_start
!2025-09-17_Multi_Spcon_J1_J2_Con2,2025-09-17 13:32:55,2,759.66,mag_end
!2025-09-17_Multi_Spcon_J1_J2_Con2,2025-09-17 13:32:55,2,759.94,mag_start
!2025-09-17_Multi_Spcon_J1_J2_Con2,2025-09-17 13:32:55,2,759.95,mag_end
!2025-09-17_Multi_Spcon_J1_J2_Con2,2025-09-17 13:32:55,2,773.90,lowT_start
!2025-09-17_Multi_Spcon_J1_J2_Con2,2025-09-17 13:32:55,2,783.90,lowT_end
!2025-09-17_Multi_Spcon_J1_J2_Con2,2025-09-17 13:32:55,2,792.82,mag_start
!2025-09-17_Multi_Spcon_J1_J2_Con2,2025-09-17 13:32:55,2,794.25,mag_end
!2025-09-17_Multi_Spcon_J1_J2_Con2,2025-09-17 13:32:55,2,819.74,mag_start
!2025-09-17_Multi_Spcon_J1_J2_Con2,2025-09-17 13:32:55,2,819.76,mag_end
!2025-09-17_Multi_Spcon_J1_J2_Con2,2025-09-17 13:32:55,2,832.05,mag_start
!2025-09-17_Multi_Spcon_J1_J2_Con2,2025-09-17 13:32:55,2,832.17,mag_end
!2025-09-17_Multi_Spcon_J1_J2_Con2,2025-09-17 13:32:55,2,832.21,mag_start
!2025-09-17_Multi_Spcon_J1_J2_Con2,2025-09-17 13:32:55,2,833.16,mag_end
!2025-09-17_Multi_Spcon_J1_J2_Con2,2025-09-17 13:32:55,2,833.17,mag_start
!2025-09-17_Multi_Spcon_J1_J2_Con2,2025-09-17 13:32:55,2,833.25,mag_end
!2025-09-17_Multi_Spcon_J1_J2_Con2,2025-09-17 13:32:55,2,833.34,mag_start
!2025-09-17_Multi_Spcon_J1_J2_Con2,2025-09-17 13:32:55,2,833.82,mag_end
!2025-09-17_Multi_Spcon_J1_J2_Con2,2025-09-17 13:32:55,2,834.13,mag_start
!2025-09-17_Multi_Spcon_J1_J2_Con2,2025-09-17 13:32:55,2,834.74,mag_end
!2025-09-17_Multi_Spcon_J1_J2_Con2,2025-09-17 13:32:55,2,854.40,mag_start
!2025-09-17_Multi_Spcon_J1_J2_Con2,2025-09-17 13:32:55,2,854.46,mag_end
!2025-09-17_Multi_Spcon_J1_J2_Con2,2025-09-17 13:32:55,2,856.23,mag_start
!2025-09-17_Multi_Spcon_J1_J2_Con2,2025-09-17 13:32:55,2,856.53,mag_end
!2025-09-17_Multi_Spcon_J1_J2_Con2,2025-09-17 13:32:55,2,856.55,mag_start
!2025-09-17_Multi_Spcon_J1_J2_Con2,2025-09-17 13:32:55,2,856.61,mag_end
!2025-09-17_Multi_Spcon_J1_J2_Con2,2025-09-17 13:32:55,2,913.93,noise_start
!2025-09-17_Multi_Spcon_J1_J2_Con2,2025-09-17 13:32:55,2,923.93,noise_end
!2025-09-17_Multi_Spcon_J1_J2_Con2,2025-09-17 13:32:55,2,918.03,mag_start
!2025-09-17_Multi_Spcon_J1_J2_Con2,2025-09-17 13:32:55,2,918.10,mag_end
!2025-09-17_Multi_Spcon_J1_J2_Con2,2025-09-17 13:32:55,2,918.12,mag_start
!2025-09-17_Multi_Spcon_J1_J2_Con2,2025-09-17 13:32:55,2,918.19,mag_end
!2025-09-17_Multi_Spcon_J1_J2_Con2,2025-09-17 13:32:55,2,919.13,mag_start
!2025-09-17_Multi_Spcon_J1_J2_Con2,2025-09-17 13:32:55,2,919.63,mag_end
!2025-09-17_Multi_Spcon_J1_J2_Con2,2025-09-17 13:32:55,2,923.93,pelD_start
!2025-09-17_Multi_Spcon_J1_J2_Con2,2025-09-17 13:32:55,2,923.94,pelD_end
!2025-09-17_Multi_Spcon_J1_J2_Con2,2025-09-17 13:32:55,2,924.13,pelD_start
!2025-09-17_Multi_Spcon_J1_J2_Con2,2025-09-17 13:32:55,2,924.14,pelD_end
!2025-09-17_Multi_Spcon_J1_J2_Con2,2025-09-17 13:32:55,2,928.64,mag_start
!2025-09-17_Multi_Spcon_J1_J2_Con2,2025-09-17 13:32:55,2,928.68,mag_end
!2025-09-17_Multi_Spcon_J1_J2_Con2,2025-09-17 13:32:55,2,928.95,mag_start
!2025-09-17_Multi_Spcon_J1_J2_Con2,2025-09-17 13:32:55,2,932.57,mag_end
!2025-09-17_Multi_Spcon_J1_J2_Con2,2025-09-17 13:32:55,2,956.36,mag_start
!2025-09-17_Multi_Spcon_J1_J2_Con2,2025-09-17 13:32:55,2,957.74,mag_end
!2025-09-17_Multi_Spcon_J1_J2_Con2,2025-09-17 13:32:55,2,971.80,mag_start
!2025-09-17_Multi_Spcon_J1_J2_Con2,2025-09-17 13:32:55,2,973.13,mag_end
!2025-09-17_Multi_Spcon_J1_J2_Con2,2025-09-17 13:32:55,2,973.93,mag_start
!2025-09-17_Multi_Spcon_J1_J2_Con2,2025-09-17 13:32:55,2,974.57,mag_end
!2025-09-17_Multi_Spcon_J1_J2_Con2,2025-09-17 13:32:55,2,988.22,mag_start
!2025-09-17_Multi_Spcon_J1_J2_Con2,2025-09-17 13:32:55,2,989.70,mag_end
!2025-09-17_Multi_Spcon_J1_J2_Con2,2025-09-17 13:32:55,2,990.49,mag_start
!2025-09-17_Multi_Spcon_J1_J2_Con2,2025-09-17 13:32:55,2,991.32,mag_end
!2025-09-17_Multi_Spcon_J1_J2_Con2,2025-09-17 13:32:55,2,991.74,mag_start
!2025-09-17_Multi_Spcon_J1_J2_Con2,2025-09-17 13:32:55,2,991.83,mag_end
!2025-09-17_Multi_Spcon_J1_J2_Con2,2025-09-17 13:32:55,2,991.84,mag_start
!2025-09-17_Multi_Spcon_J1_J2_Con2,2025-09-17 13:32:55,2,992.96,mag_end
!2025-09-17_Multi_Spcon_J1_J2_Con2,2025-09-17 13:32:55,2,993.57,mag_start
!2025-09-17_Multi_Spcon_J1_J2_Con2,2025-09-17 13:32:55,2,993.67,mag_end
!2025-09-17_Multi_Spcon_J1_J2_Con2,2025-09-17 13:32:55,2,999.79,mag_start
!2025-09-17_Multi_Spcon_J1_J2_Con2,2025-09-17 13:32:55,2,999.91,mag_end
!2025-09-17_Multi_Spcon_J1_J2_Con2,2025-09-17 13:32:55,2,999.94,mag_start
!2025-09-17_Multi_Spcon_J1_J2_Con2,2025-09-17 13:32:55,2,1000.85,mag_end
!2025-09-17_Multi_Spcon_J1_J2_Con2,2025-09-17 13:32:55,2,1081.55,lowT_start
!2025-09-17_Multi_Spcon_J1_J2_Con2,2025-09-17 13:32:55,2,1091.55,lowT_end
!2025-09-17_Multi_Spcon_J1_J2_Con2,2025-09-17 13:32:55,2,1245.90,lowT_start
!2025-09-17_Multi_Spcon_J1_J2_Con2,2025-09-17 13:32:55,2,1255.90,lowT_end
!2025-09-17_Multi_Spcon_J1_J2_Con2,2025-09-17 13:32:55,2,1395.15,mag_start
!2025-09-17_Multi_Spcon_J1_J2_Con2,2025-09-17 13:32:55,2,1395.21,mag_end
!2025-09-17_Multi_Spcon_J1_J2_Con2,2025-09-17 13:32:55,2,1395.22,mag_start
!2025-09-17_Multi_Spcon_J1_J2_Con2,2025-09-17 13:32:55,2,1395.38,mag_end
!2025-09-17_Multi_Spcon_J1_J2_Con2,2025-09-17 13:32:55,2,1395.62,mag_start
!2025-09-17_Multi_Spcon_J1_J2_Con2,2025-09-17 13:32:55,2,1396.14,mag_end
!2025-09-17_Multi_Spcon_J1_J2_Con2,2025-09-17 13:32:55,2,1397.99,mag_start
!2025-09-17_Multi_Spcon_J1_J2_Con2,2025-09-17 13:32:55,2,1398.52,mag_end
!2025-09-17_Multi_Spcon_J1_J2_Con2,2025-09-17 13:32:55,2,1416.90,noise_start
!2025-09-17_Multi_Spcon_J1_J2_Con2,2025-09-17 13:32:55,2,1426.90,noise_end
!2025-09-17_Multi_Spcon_J1_J2_Con2,2025-09-17 13:32:55,2,1426.90,pelD_start
!2025-09-17_Multi_Spcon_J1_J2_Con2,2025-09-17 13:32:55,2,1426.91,pelD_end
!2025-09-17_Multi_Spcon_J1_J2_Con2,2025-09-17 13:32:55,2,1427.10,pelD_start
!2025-09-17_Multi_Spcon_J1_J2_Con2,2025-09-17 13:32:55,2,1427.11,pelD_end
!2025-09-17_Multi_Spcon_J1_J2_Con2,2025-09-17 13:32:55,2,1427.30,mag_start
!2025-09-17_Multi_Spcon_J1_J2_Con2,2025-09-17 13:32:55,2,1427.53,mag_end
!2025-09-17_Multi_Spcon_J1_J2_Con2,2025-09-17 13:32:55,2,1430.91,mag_start
!2025-09-17_Multi_Spcon_J1_J2_Con2,2025-09-17 13:32:55,2,1430.95,mag_end
!2025-09-17_Multi_Spcon_J1_J2_Con2,2025-09-17 13:32:55,2,1431.48,mag_start
!2025-09-17_Multi_Spcon_J1_J2_Con2,2025-09-17 13:32:55,2,1433.24,mag_end
!2025-09-17_Multi_Spcon_J1_J2_Con2,2025-09-17 13:32:55,2,1445.62,mag_start
!2025-09-17_Multi_Spcon_J1_J2_Con2,2025-09-17 13:32:55,2,1446.48,mag_end
!2025-09-17_Multi_Spcon_J1_J2_Con2,2025-09-17 13:32:55,2,1450.06,mag_start
!2025-09-17_Multi_Spcon_J1_J2_Con2,2025-09-17 13:32:55,2,1450.23,mag_end
!2025-09-17_Multi_Spcon_J1_J2_Con2,2025-09-17 13:32:55,2,1450.68,mag_start
!2025-09-17_Multi_Spcon_J1_J2_Con2,2025-09-17 13:32:55,2,1452.94,mag_end
!2025-09-17_Multi_Spcon_J1_J2_Con2,2025-09-17 13:32:55,2,1464.93,mag_start
!2025-09-17_Multi_Spcon_J1_J2_Con2,2025-09-17 13:32:55,2,1464.97,mag_end
!2025-09-17_Multi_Spcon_J1_J2_Con2,2025-09-17 13:32:55,2,1465.05,mag_start
!2025-09-17_Multi_Spcon_J1_J2_Con2,2025-09-17 13:32:55,2,1465.08,mag_end
!2025-09-17_Multi_Spcon_J1_J2_Con2,2025-09-17 13:32:55,2,1465.17,mag_start
!2025-09-17_Multi_Spcon_J1_J2_Con2,2025-09-17 13:32:55,2,1466.76,mag_end
!2025-09-17_Multi_Spcon_J1_J2_Con2,2025-09-17 13:32:55,2,1468.98,mag_start
!2025-09-17_Multi_Spcon_J1_J2_Con2,2025-09-17 13:32:55,2,1472.10,mag_end
!2025-09-17_Multi_Spcon_J1_J2_Con2,2025-09-17 13:32:55,2,1482.04,mag_start
!2025-09-17_Multi_Spcon_J1_J2_Con2,2025-09-17 13:32:55,2,1482.07,mag_end
!2025-09-17_Multi_Spcon_J1_J2_Con2,2025-09-17 13:32:55,2,1482.77,mag_start
!2025-09-17_Multi_Spcon_J1_J2_Con2,2025-09-17 13:32:55,2,1482.81,mag_end
!2025-09-17_Multi_Spcon_J1_J2_Con2,2025-09-17 13:32:55,2,1482.94,mag_start
!2025-09-17_Multi_Spcon_J1_J2_Con2,2025-09-17 13:32:55,2,1482.95,mag_end
!2025-09-17_Multi_Spcon_J1_J2_Con2,2025-09-17 13:32:55,2,1485.69,mag_start
!2025-09-17_Multi_Spcon_J1_J2_Con2,2025-09-17 13:32:55,2,1485.78,mag_end
!2025-09-17_Multi_Spcon_J1_J2_Con2,2025-09-17 13:32:55,2,1487.23,mag_start
!2025-09-17_Multi_Spcon_J1_J2_Con2,2025-09-17 13:32:55,2,1487.34,mag_end
!2025-09-17_Multi_Spcon_J1_J2_Con2,2025-09-17 13:32:55,2,1487.44,mag_start
!2025-09-17_Multi_Spcon_J1_J2_Con2,2025-09-17 13:32:55,2,1487.47,mag_end
!2025-09-17_Multi_Spcon_J1_J2_Con2,2025-09-17 13:32:55,2,1513.83,mag_start
!2025-09-17_Multi_Spcon_J1_J2_Con2,2025-09-17 13:32:55,2,1513.86,mag_end
!2025-09-17_Multi_Spcon_J1_J2_Con2,2025-09-17 13:32:55,2,1513.93,mag_start
!2025-09-17_Multi_Spcon_J1_J2_Con2,2025-09-17 13:32:55,2,1514.22,mag_end
!2025-09-17_Multi_Spcon_J1_J2_Con2,2025-09-17 13:32:55,2,1527.66,mag_start
!2025-09-17_Multi_Spcon_J1_J2_Con2,2025-09-17 13:32:55,2,1528.56,mag_end
!2025-09-17_Multi_Spcon_J1_J2_Con2,2025-09-17 13:32:55,2,1530.17,mag_start
!2025-09-17_Multi_Spcon_J1_J2_Con2,2025-09-17 13:32:55,2,1530.28,mag_end
!2025-09-17_Multi_Spcon_J1_J2_Con2,2025-09-17 13:32:55,2,1530.35,mag_start
!2025-09-17_Multi_Spcon_J1_J2_Con2,2025-09-17 13:32:55,2,1533.10,mag_end
!2025-09-17_Multi_Spcon_J1_J2_Con2,2025-09-17 13:32:55,2,1538.65,mag_start
!2025-09-17_Multi_Spcon_J1_J2_Con2,2025-09-17 13:32:55,2,1538.84,mag_end
!2025-09-17_Multi_Spcon_J1_J2_Con2,2025-09-17 13:32:55,2,1542.85,mag_start
!2025-09-17_Multi_Spcon_J1_J2_Con2,2025-09-17 13:32:55,2,1542.88,mag_end
!2025-09-17_Multi_Spcon_J1_J2_Con2,2025-09-17 13:32:55,2,1562.02,mag_start
!2025-09-17_Multi_Spcon_J1_J2_Con2,2025-09-17 13:32:55,2,1562.57,mag_end
!2025-09-17_Multi_Spcon_J1_J2_Con2,2025-09-17 13:32:55,2,1582.13,lowT_start
!2025-09-17_Multi_Spcon_J1_J2_Con2,2025-09-17 13:32:55,2,1592.13,lowT_end
!2025-09-17_Multi_Spcon_J1_J2_Con2,2025-09-17 13:32:55,2,1677.69,mag_start
!2025-09-17_Multi_Spcon_J1_J2_Con2,2025-09-17 13:32:55,2,1677.77,mag_end
!2025-09-17_Multi_Spcon_J1_J2_Con2,2025-09-17 13:32:55,2,1690.89,mag_start
!2025-09-17_Multi_Spcon_J1_J2_Con2,2025-09-17 13:32:55,2,1691.16,mag_end
!2025-09-17_Multi_Spcon_J1_J2_Con2,2025-09-17 13:32:55,2,1693.82,mag_start
!2025-09-17_Multi_Spcon_J1_J2_Con2,2025-09-17 13:32:55,2,1694.16,mag_end
!2025-09-17_Multi_Spcon_J1_J2_Con2,2025-09-17 13:32:55,2,1694.33,mag_start
!2025-09-17_Multi_Spcon_J1_J2_Con2,2025-09-17 13:32:55,2,1694.49,mag_end
!2025-09-17_Multi_Spcon_J1_J2_Con2,2025-09-17 13:32:55,2,1729.60,noise_start
!2025-09-17_Multi_Spcon_J1_J2_Con2,2025-09-17 13:32:55,2,1739.60,noise_end
!2025-09-17_Multi_Spcon_J1_J2_Con2,2025-09-17 13:32:55,2,1739.60,pelD_start
!2025-09-17_Multi_Spcon_J1_J2_Con2,2025-09-17 13:32:55,2,1739.61,pelD_end
!2025-09-17_Multi_Spcon_J1_J2_Con2,2025-09-17 13:32:55,2,1739.80,pelD_start
!2025-09-17_Multi_Spcon_J1_J2_Con2,2025-09-17 13:32:55,2,1739.81,pelD_end
!2025-09-17_Multi_Spcon_J1_J2_Con2,2025-09-17 13:32:55,2,1753.36,mag_start
!2025-09-17_Multi_Spcon_J1_J2_Con2,2025-09-17 13:32:55,2,1754.10,mag_end
!2025-09-17_Multi_Spcon_J1_J2_Con2,2025-09-17 13:32:55,2,1765.63,mag_start
!2025-09-17_Multi_Spcon_J1_J2_Con2,2025-09-17 13:32:55,2,1766.95,mag_end
!2025-09-17_Multi_Spcon_J1_J2_Con2,2025-09-17 13:32:55,2,1776.89,mag_start
!2025-09-17_Multi_Spcon_J1_J2_Con2,2025-09-17 13:32:55,2,1778.40,mag_end
!2025-09-17_Multi_Spcon_J1_J2_Con2,2025-09-17 13:32:55,2,1788.43,mag_start
!2025-09-17_Multi_Spcon_J1_J2_Con2,2025-09-17 13:32:55,2,1788.76,mag_end
!2025-09-17_Multi_Spcon_J1_J2_Con2,2025-09-17 13:32:55,2,1806.09,mag_start
!2025-09-17_Multi_Spcon_J1_J2_Con2,2025-09-17 13:32:55,2,1806.31,mag_end
!2025-09-17_Multi_Spcon_J1_J2_Con2,2025-09-17 13:32:55,2,1809.40,mag_start
!2025-09-17_Multi_Spcon_J1_J2_Con2,2025-09-17 13:32:55,2,1809.61,mag_end
!2025-09-17_Multi_Spcon_J1_J2_Con2,2025-09-17 13:32:55,2,1813.19,mag_start
!2025-09-17_Multi_Spcon_J1_J2_Con2,2025-09-17 13:32:55,2,1813.27,mag_end
!2025-09-17_Multi_Spcon_J1_J2_Con2,2025-09-17 13:32:55,2,1816.06,mag_start
!2025-09-17_Multi_Spcon_J1_J2_Con2,2025-09-17 13:32:55,2,1816.24,mag_end
!2025-09-17_Multi_Spcon_J1_J2_Con2,2025-09-17 13:32:55,2,1816.34,mag_start
!2025-09-17_Multi_Spcon_J1_J2_Con2,2025-09-17 13:32:55,2,1816.39,mag_end
!2025-09-17_Multi_Spcon_J1_J2_Con2,2025-09-17 13:32:55,2,1902.38,noise_start
!2025-09-17_Multi_Spcon_J1_J2_Con2,2025-09-17 13:32:55,2,1912.38,noise_end
!2025-09-17_Multi_Spcon_J1_J2_Con2,2025-09-17 13:32:55,2,1912.38,pelD_start
!2025-09-17_Multi_Spcon_J1_J2_Con2,2025-09-17 13:32:55,2,1912.39,pelD_end
!2025-09-17_Multi_Spcon_J1_J2_Con2,2025-09-17 13:32:55,2,1912.58,pelD_start
!2025-09-17_Multi_Spcon_J1_J2_Con2,2025-09-17 13:32:55,2,1912.59,pelD_end
!2025-09-17_Multi_Spcon_J1_J2_Con2,2025-09-17 13:32:55,2,1934.12,mag_start
!2025-09-17_Multi_Spcon_J1_J2_Con2,2025-09-17 13:32:55,2,1934.20,mag_end
!2025-09-17_Multi_Spcon_J1_J2_Con2,2025-09-17 13:32:55,2,1934.27,mag_start
!2025-09-17_Multi_Spcon_J1_J2_Con2,2025-09-17 13:32:55,2,1935.28,mag_end
!2025-09-17_Multi_Spcon_J1_J2_Con2,2025-09-17 13:32:55,2,1944.65,mag_start
!2025-09-17_Multi_Spcon_J1_J2_Con2,2025-09-17 13:32:55,2,1946.47,mag_end
!2025-09-17_Multi_Spcon_J1_J2_Con2,2025-09-17 13:32:55,2,1956.18,mag_start
!2025-09-17_Multi_Spcon_J1_J2_Con2,2025-09-17 13:32:55,2,1957.37,mag_end
!2025-09-17_Multi_Spcon_J1_J2_Con2,2025-09-17 13:32:55,2,1957.56,mag_start
!2025-09-17_Multi_Spcon_J1_J2_Con2,2025-09-17 13:32:55,2,1959.85,mag_end
!2025-09-17_Multi_Spcon_J1_J2_Con2,2025-09-17 13:32:55,2,1959.90,mag_start
!2025-09-17_Multi_Spcon_J1_J2_Con2,2025-09-17 13:32:55,2,1959.92,mag_end
!2025-09-17_Multi_Spcon_J1_J2_Con2,2025-09-17 13:32:55,2,1960.01,mag_start
!2025-09-17_Multi_Spcon_J1_J2_Con2,2025-09-17 13:32:55,2,1960.08,mag_end
!2025-09-17_Multi_Spcon_J1_J2_Con2,2025-09-17 13:32:55,2,1960.16,mag_start
!2025-09-17_Multi_Spcon_J1_J2_Con2,2025-09-17 13:32:55,2,1960.17,mag_end
!2025-09-17_Multi_Spcon_J1_J2_Con2,2025-09-17 13:32:55,2,1969.08,mag_start
!2025-09-17_Multi_Spcon_J1_J2_Con2,2025-09-17 13:32:55,2,1969.19,mag_end
!2025-09-17_Multi_Spcon_J1_J2_Con2,2025-09-17 13:32:55,2,1969.88,mag_start
!2025-09-17_Multi_Spcon_J1_J2_Con2,2025-09-17 13:32:55,2,1970.01,mag_end
!2025-09-17_Multi_Spcon_J1_J2_Con2,2025-09-17 13:32:55,2,1970.21,mag_start
!2025-09-17_Multi_Spcon_J1_J2_Con2,2025-09-17 13:32:55,2,1970.53,mag_end
!2025-09-17_Multi_Spcon_J1_J2_Con2,2025-09-17 13:32:55,2,1979.87,mag_start
!2025-09-17_Multi_Spcon_J1_J2_Con2,2025-09-17 13:32:55,2,1979.94,mag_end
!2025-09-17_Multi_Spcon_J1_J2_Con2,2025-09-17 13:32:55,2,1979.98,mag_start
!2025-09-17_Multi_Spcon_J1_J2_Con2,2025-09-17 13:32:55,2,1980.50,mag_end
!2025-09-17_Multi_Spcon_J1_J2_Con2,2025-09-17 13:32:55,2,1983.25,mag_start
!2025-09-17_Multi_Spcon_J1_J2_Con2,2025-09-17 13:32:55,2,1983.32,mag_end
!2025-09-17_Multi_Spcon_J1_J2_Con2,2025-09-17 13:32:55,2,1983.62,mag_start
!2025-09-17_Multi_Spcon_J1_J2_Con2,2025-09-17 13:32:55,2,1983.85,mag_end
!2025-09-17_Multi_Spcon_J1_J2_Con2,2025-09-17 13:32:55,2,2058.29,lowT_start
!2025-09-17_Multi_Spcon_J1_J2_Con2,2025-09-17 13:32:55,2,2068.29,lowT_end
!2025-09-17_Multi_Spcon_J1_J2_Con2,2025-09-17 13:32:55,2,2118.60,mag_start
!2025-09-17_Multi_Spcon_J1_J2_Con2,2025-09-17 13:32:55,2,2118.69,mag_end
!2025-09-17_Multi_Spcon_J1_J2_Con2,2025-09-17 13:32:55,2,2119.02,mag_start
!2025-09-17_Multi_Spcon_J1_J2_Con2,2025-09-17 13:32:55,2,2119.35,mag_end
!2025-09-17_Multi_Spcon_J1_J2_Con2,2025-09-17 13:32:55,2,2119.51,mag_start
!2025-09-17_Multi_Spcon_J1_J2_Con2,2025-09-17 13:32:55,2,2119.96,mag_end
!2025-09-17_Multi_Spcon_J1_J2_Con2,2025-09-17 13:32:55,2,2214.49,noise_start
!2025-09-17_Multi_Spcon_J1_J2_Con2,2025-09-17 13:32:55,2,2224.49,noise_end
!2025-09-17_Multi_Spcon_J1_J2_Con2,2025-09-17 13:32:55,2,2224.49,pelD_start
!2025-09-17_Multi_Spcon_J1_J2_Con2,2025-09-17 13:32:55,2,2224.50,pelD_end
!2025-09-17_Multi_Spcon_J1_J2_Con2,2025-09-17 13:32:55,2,2224.69,pelD_start
!2025-09-17_Multi_Spcon_J1_J2_Con2,2025-09-17 13:32:55,2,2224.70,pelD_end
!2025-09-17_Multi_Spcon_J1_J2_Con2,2025-09-17 13:32:55,2,2246.70,mag_start
!2025-09-17_Multi_Spcon_J1_J2_Con2,2025-09-17 13:32:55,2,2246.78,mag_end
!2025-09-17_Multi_Spcon_J1_J2_Con2,2025-09-17 13:32:55,2,2246.84,mag_start
!2025-09-17_Multi_Spcon_J1_J2_Con2,2025-09-17 13:32:55,2,2251.83,mag_end
!2025-09-17_Multi_Spcon_J1_J2_Con2,2025-09-17 13:32:55,2,2261.20,mag_start
!2025-09-17_Multi_Spcon_J1_J2_Con2,2025-09-17 13:32:55,2,2262.32,mag_end
!2025-09-17_Multi_Spcon_J1_J2_Con2,2025-09-17 13:32:55,2,2270.87,mag_start
!2025-09-17_Multi_Spcon_J1_J2_Con2,2025-09-17 13:32:55,2,2270.92,mag_end
!2025-09-17_Multi_Spcon_J1_J2_Con2,2025-09-17 13:32:55,2,2270.98,mag_start
!2025-09-17_Multi_Spcon_J1_J2_Con2,2025-09-17 13:32:55,2,2271.76,mag_end
!2025-09-17_Multi_Spcon_J1_J2_Con2,2025-09-17 13:32:55,2,2272.42,mag_start
!2025-09-17_Multi_Spcon_J1_J2_Con2,2025-09-17 13:32:55,2,2272.48,mag_end
!2025-09-17_Multi_Spcon_J1_J2_Con2,2025-09-17 13:32:55,2,2272.52,mag_start
!2025-09-17_Multi_Spcon_J1_J2_Con2,2025-09-17 13:32:55,2,2272.62,mag_end
!2025-09-17_Multi_Spcon_J1_J2_Con2,2025-09-17 13:32:55,2,2273.05,mag_start
!2025-09-17_Multi_Spcon_J1_J2_Con2,2025-09-17 13:32:55,2,2273.28,mag_end
!2025-09-17_Multi_Spcon_J1_J2_Con2,2025-09-17 13:32:55,2,2292.97,mag_start
!2025-09-17_Multi_Spcon_J1_J2_Con2,2025-09-17 13:32:55,2,2293.60,mag_end
!2025-09-17_Multi_Spcon_J1_J2_Con2,2025-09-17 13:32:55,2,2293.61,mag_start
!2025-09-17_Multi_Spcon_J1_J2_Con2,2025-09-17 13:32:55,2,2293.65,mag_end
!2025-09-17_Multi_Spcon_J1_J2_Con2,2025-09-17 13:32:55,2,2293.79,mag_start
!2025-09-17_Multi_Spcon_J1_J2_Con2,2025-09-17 13:32:55,2,2294.05,mag_end
!2025-09-17_Multi_Spcon_J1_J2_Con2,2025-09-17 13:32:55,2,2294.29,mag_start
!2025-09-17_Multi_Spcon_J1_J2_Con2,2025-09-17 13:32:55,2,2294.50,mag_end
!2025-09-17_Multi_Spcon_J1_J2_Con2,2025-09-17 13:32:55,2,2294.76,mag_start
!2025-09-17_Multi_Spcon_J1_J2_Con2,2025-09-17 13:32:55,2,2295.06,mag_end
!2025-09-17_Multi_Spcon_J1_J2_Con2,2025-09-17 13:32:55,2,2342.47,mag_start
!2025-09-17_Multi_Spcon_J1_J2_Con2,2025-09-17 13:32:55,2,2342.71,mag_end
!2025-09-17_Multi_Spcon_J1_J2_Con2,2025-09-17 13:32:55,2,2342.89,mag_start
!2025-09-17_Multi_Spcon_J1_J2_Con2,2025-09-17 13:32:55,2,2343.33,mag_end
!2025-09-17_Multi_Spcon_J1_J2_Con2,2025-09-17 13:32:55,2,2380.42,lowT_start
!2025-09-17_Multi_Spcon_J1_J2_Con2,2025-09-17 13:32:55,2,2390.42,lowT_end
!2025-09-17_Multi_Spcon_J1_J2_Con2,2025-09-17 13:32:55,2,2437.44,mag_start
!2025-09-17_Multi_Spcon_J1_J2_Con2,2025-09-17 13:32:55,2,2437.50,mag_end
!2025-09-17_Multi_Spcon_J1_J2_Con2,2025-09-17 13:32:55,2,2438.71,mag_start
!2025-09-17_Multi_Spcon_J1_J2_Con2,2025-09-17 13:32:55,2,2438.75,mag_end
!2025-09-17_Multi_Spcon_J1_J2_Con2,2025-09-17 13:32:55,2,2438.83,mag_start
!2025-09-17_Multi_Spcon_J1_J2_Con2,2025-09-17 13:32:55,2,2438.86,mag_end
!2025-09-17_Multi_Spcon_J1_J2_Con2,2025-09-17 13:32:55,2,2439.04,mag_start
!2025-09-17_Multi_Spcon_J1_J2_Con2,2025-09-17 13:32:55,2,2439.08,mag_end
!2025-09-17_Multi_Spcon_J1_J2_Con2,2025-09-17 13:32:55,2,2439.12,mag_start
!2025-09-17_Multi_Spcon_J1_J2_Con2,2025-09-17 13:32:55,2,2439.21,mag_end
!2025-09-17_Multi_Spcon_J1_J2_Con2,2025-09-17 13:32:55,2,2441.50,mag_start
!2025-09-17_Multi_Spcon_J1_J2_Con2,2025-09-17 13:32:55,2,2441.58,mag_end
!2025-09-17_Multi_Spcon_J1_J2_Con2,2025-09-17 13:32:55,2,2442.00,mag_start
!2025-09-17_Multi_Spcon_J1_J2_Con2,2025-09-17 13:32:55,2,2442.01,mag_end
!2025-09-17_Multi_Spcon_J1_J2_Con2,2025-09-17 13:32:55,2,2442.02,mag_start
!2025-09-17_Multi_Spcon_J1_J2_Con2,2025-09-17 13:32:55,2,2442.03,mag_end
!2025-09-17_Multi_Spcon_J1_J2_Con2,2025-09-17 13:32:55,2,2448.44,mag_start
!2025-09-17_Multi_Spcon_J1_J2_Con2,2025-09-17 13:32:55,2,2448.92,mag_end
!2025-09-17_Multi_Spcon_J1_J2_Con2,2025-09-17 13:32:55,2,2530.67,lowT_start
!2025-09-17_Multi_Spcon_J1_J2_Con2,2025-09-17 13:32:55,2,2540.67,lowT_end
!2025-09-17_Multi_Spcon_J1_J2_Con2,2025-09-17 13:32:55,2,2707.72,noise_start
!2025-09-17_Multi_Spcon_J1_J2_Con2,2025-09-17 13:32:55,2,2717.72,noise_end
!2025-09-17_Multi_Spcon_J1_J2_Con2,2025-09-17 13:32:55,2,2717.72,pelD_start
!2025-09-17_Multi_Spcon_J1_J2_Con2,2025-09-17 13:32:55,2,2717.73,pelD_end
!2025-09-17_Multi_Spcon_J1_J2_Con2,2025-09-17 13:32:55,2,2717.92,pelD_start
!2025-09-17_Multi_Spcon_J1_J2_Con2,2025-09-17 13:32:55,2,2717.93,pelD_end
!2025-09-17_Multi_Spcon_J1_J2_Con2,2025-09-17 13:32:55,2,2809.26,mag_start
!2025-09-17_Multi_Spcon_J1_J2_Con2,2025-09-17 13:32:55,2,2813.71,mag_end
!2025-09-17_Multi_Spcon_J1_J2_Con2,2025-09-17 13:32:55,2,2824.80,mag_start
!2025-09-17_Multi_Spcon_J1_J2_Con2,2025-09-17 13:32:55,2,2824.85,mag_end
!2025-09-17_Multi_Spcon_J1_J2_Con2,2025-09-17 13:32:55,2,2825.04,mag_start
!2025-09-17_Multi_Spcon_J1_J2_Con2,2025-09-17 13:32:55,2,2825.16,mag_end
!2025-09-17_Multi_Spcon_J1_J2_Con2,2025-09-17 13:32:55,2,2825.18,mag_start
!2025-09-17_Multi_Spcon_J1_J2_Con2,2025-09-17 13:32:55,2,2826.44,mag_end
!2025-09-17_Multi_Spcon_J1_J2_Con2,2025-09-17 13:32:55,2,2836.40,mag_start
!2025-09-17_Multi_Spcon_J1_J2_Con2,2025-09-17 13:32:55,2,2836.41,mag_end
!2025-09-17_Multi_Spcon_J1_J2_Con2,2025-09-17 13:32:55,2,2836.45,mag_start
!2025-09-17_Multi_Spcon_J1_J2_Con2,2025-09-17 13:32:55,2,2839.03,mag_end
!2025-09-17_Multi_Spcon_J1_J2_Con2,2025-09-17 13:32:55,2,2839.25,mag_start
!2025-09-17_Multi_Spcon_J1_J2_Con2,2025-09-17 13:32:55,2,2841.90,mag_end
!2025-09-17_Multi_Spcon_J1_J2_Con2,2025-09-17 13:32:55,2,2842.15,mag_start
!2025-09-17_Multi_Spcon_J1_J2_Con2,2025-09-17 13:32:55,2,2842.51,mag_end
!2025-09-17_Multi_Spcon_J1_J2_Con2,2025-09-17 13:32:55,2,2842.79,mag_start
!2025-09-17_Multi_Spcon_J1_J2_Con2,2025-09-17 13:32:55,2,2842.81,mag_end
!2025-09-17_Multi_Spcon_J1_J2_Con2,2025-09-17 13:32:55,2,2842.86,mag_start
!2025-09-17_Multi_Spcon_J1_J2_Con2,2025-09-17 13:32:55,2,2843.12,mag_end
!2025-09-17_Multi_Spcon_J1_J2_Con2,2025-09-17 13:32:55,2,2845.02,mag_start
!2025-09-17_Multi_Spcon_J1_J2_Con2,2025-09-17 13:32:55,2,2845.03,mag_end
!2025-09-17_Multi_Spcon_J1_J2_Con2,2025-09-17 13:32:55,2,2847.95,mag_start
!2025-09-17_Multi_Spcon_J1_J2_Con2,2025-09-17 13:32:55,2,2848.57,mag_end
!2025-09-17_Multi_Spcon_J1_J2_Con2,2025-09-17 13:32:55,2,2864.22,mag_start
!2025-09-17_Multi_Spcon_J1_J2_Con2,2025-09-17 13:32:55,2,2864.32,mag_end
!2025-09-17_Multi_Spcon_J1_J2_Con2,2025-09-17 13:32:55,2,2871.47,lowT_start
!2025-09-17_Multi_Spcon_J1_J2_Con2,2025-09-17 13:32:55,2,2881.47,lowT_end
!2025-09-17_Multi_Spcon_J1_J2_Con2,2025-09-17 13:32:55,2,2892.24,mag_start
!2025-09-17_Multi_Spcon_J1_J2_Con2,2025-09-17 13:32:55,2,2892.35,mag_end
!2025-09-17_Multi_Spcon_J1_J2_Con2,2025-09-17 13:32:55,2,2892.46,mag_start
!2025-09-17_Multi_Spcon_J1_J2_Con2,2025-09-17 13:32:55,2,2892.73,mag_end
!2025-09-17_Multi_Spcon_J1_J2_Con2,2025-09-17 13:32:55,2,2895.43,mag_start
!2025-09-17_Multi_Spcon_J1_J2_Con2,2025-09-17 13:32:55,2,2895.82,mag_end
!2025-09-17_Multi_Spcon_J1_J2_Con2,2025-09-17 13:32:55,2,2946.60,mag_start
!2025-09-17_Multi_Spcon_J1_J2_Con2,2025-09-17 13:32:55,2,2947.91,mag_end
!2025-09-17_Multi_Spcon_J1_J2_Con2,2025-09-17 13:32:55,2,2971.34,mag_start
!2025-09-17_Multi_Spcon_J1_J2_Con2,2025-09-17 13:32:55,2,2971.37,mag_end
!2025-09-17_Multi_Spcon_J1_J2_Con2,2025-09-17 13:32:55,2,2971.61,mag_start
!2025-09-17_Multi_Spcon_J1_J2_Con2,2025-09-17 13:32:55,2,2972.32,mag_end
!2025-09-17_Multi_Spcon_J1_J2_Con2,2025-09-17 13:32:55,2,3002.41,mag_start
!2025-09-17_Multi_Spcon_J1_J2_Con2,2025-09-17 13:32:55,2,3002.97,mag_end
!2025-09-17_Multi_Spcon_J1_J2_Con2,2025-09-17 13:32:55,2,3023.01,noise_start
!2025-09-17_Multi_Spcon_J1_J2_Con2,2025-09-17 13:32:55,2,3033.01,noise_end
!2025-09-17_Multi_Spcon_J1_J2_Con2,2025-09-17 13:32:55,2,3033.01,pelD_start
!2025-09-17_Multi_Spcon_J1_J2_Con2,2025-09-17 13:32:55,2,3033.02,pelD_end
!2025-09-17_Multi_Spcon_J1_J2_Con2,2025-09-17 13:32:55,2,3033.21,pelD_start
!2025-09-17_Multi_Spcon_J1_J2_Con2,2025-09-17 13:32:55,2,3033.22,pelD_end
!2025-09-17_Multi_Spcon_J1_J2_Con2,2025-09-17 13:32:55,2,3040.34,mag_start
!2025-09-17_Multi_Spcon_J1_J2_Con2,2025-09-17 13:32:55,2,3041.01,mag_end
!2025-09-17_Multi_Spcon_J1_J2_Con2,2025-09-17 13:32:55,2,3048.76,mag_start
!2025-09-17_Multi_Spcon_J1_J2_Con2,2025-09-17 13:32:55,2,3050.34,mag_end
!2025-09-17_Multi_Spcon_J1_J2_Con2,2025-09-17 13:32:55,2,3059.31,mag_start
!2025-09-17_Multi_Spcon_J1_J2_Con2,2025-09-17 13:32:55,2,3059.68,mag_end
!2025-09-17_Multi_Spcon_J1_J2_Con2,2025-09-17 13:32:55,2,3060.34,mag_start
!2025-09-17_Multi_Spcon_J1_J2_Con2,2025-09-17 13:32:55,2,3060.78,mag_end
!2025-09-17_Multi_Spcon_J1_J2_Con2,2025-09-17 13:32:55,2,3060.86,mag_start
!2025-09-17_Multi_Spcon_J1_J2_Con2,2025-09-17 13:32:55,2,3060.89,mag_end
!2025-09-17_Multi_Spcon_J1_J2_Con2,2025-09-17 13:32:55,2,3061.29,mag_start
!2025-09-17_Multi_Spcon_J1_J2_Con2,2025-09-17 13:32:55,2,3061.30,mag_end
!2025-09-17_Multi_Spcon_J1_J2_Con2,2025-09-17 13:32:55,2,3075.03,mag_start
!2025-09-17_Multi_Spcon_J1_J2_Con2,2025-09-17 13:32:55,2,3075.16,mag_end
!2025-09-17_Multi_Spcon_J1_J2_Con2,2025-09-17 13:32:55,2,3075.21,mag_start
!2025-09-17_Multi_Spcon_J1_J2_Con2,2025-09-17 13:32:55,2,3075.25,mag_end
!2025-09-17_Multi_Spcon_J1_J2_Con2,2025-09-17 13:32:55,2,3075.28,mag_start
!2025-09-17_Multi_Spcon_J1_J2_Con2,2025-09-17 13:32:55,2,3075.98,mag_end
!2025-09-17_Multi_Spcon_J1_J2_Con2,2025-09-17 13:32:55,2,3094.53,mag_start
!2025-09-17_Multi_Spcon_J1_J2_Con2,2025-09-17 13:32:55,2,3094.62,mag_end
!2025-09-17_Multi_Spcon_J1_J2_Con2,2025-09-17 13:32:55,2,3101.25,mag_start
!2025-09-17_Multi_Spcon_J1_J2_Con2,2025-09-17 13:32:55,2,3101.94,mag_end
!2025-09-17_Multi_Spcon_J1_J2_Con2,2025-09-17 13:32:55,2,3102.04,mag_start
!2025-09-17_Multi_Spcon_J1_J2_Con2,2025-09-17 13:32:55,2,3102.13,mag_end
!2025-09-17_Multi_Spcon_J1_J2_Con2,2025-09-17 13:32:55,2,3102.34,mag_start
!2025-09-17_Multi_Spcon_J1_J2_Con2,2025-09-17 13:32:55,2,3102.65,mag_end
!2025-09-17_Multi_Spcon_J1_J2_Con2,2025-09-17 13:32:55,2,3128.88,mag_start
!2025-09-17_Multi_Spcon_J1_J2_Con2,2025-09-17 13:32:55,2,3128.94,mag_end
!2025-09-17_Multi_Spcon_J1_J2_Con2,2025-09-17 13:32:55,2,3128.95,mag_start
!2025-09-17_Multi_Spcon_J1_J2_Con2,2025-09-17 13:32:55,2,3129.05,mag_end
!2025-09-17_Multi_Spcon_J1_J2_Con2,2025-09-17 13:32:55,2,3155.31,mag_start
!2025-09-17_Multi_Spcon_J1_J2_Con2,2025-09-17 13:32:55,2,3155.62,mag_end
!2025-09-17_Multi_Spcon_J1_J2_Con2,2025-09-17 13:32:55,2,3156.03,mag_start
!2025-09-17_Multi_Spcon_J1_J2_Con2,2025-09-17 13:32:55,2,3156.06,mag_end
!2025-09-17_Multi_Spcon_J1_J2_Con2,2025-09-17 13:32:55,2,3156.30,mag_start
!2025-09-17_Multi_Spcon_J1_J2_Con2,2025-09-17 13:32:55,2,3156.89,mag_end
!2025-09-17_Multi_Spcon_J1_J2_Con2,2025-09-17 13:32:55,2,3167.47,mag_start
!2025-09-17_Multi_Spcon_J1_J2_Con2,2025-09-17 13:32:55,2,3167.54,mag_end
!2025-09-17_Multi_Spcon_J1_J2_Con2,2025-09-17 13:32:55,2,3167.57,mag_start
!2025-09-17_Multi_Spcon_J1_J2_Con2,2025-09-17 13:32:55,2,3167.67,mag_end
!2025-09-17_Multi_Spcon_J1_J2_Con2,2025-09-17 13:32:55,2,3167.87,mag_start
!2025-09-17_Multi_Spcon_J1_J2_Con2,2025-09-17 13:32:55,2,3167.92,mag_end
!2025-09-17_Multi_Spcon_J1_J2_Con2,2025-09-17 13:32:55,2,3179.69,mag_start
!2025-09-17_Multi_Spcon_J1_J2_Con2,2025-09-17 13:32:55,2,3179.85,mag_end
!2025-09-17_Multi_Spcon_J1_J2_Con2,2025-09-17 13:32:55,2,3179.99,mag_start
!2025-09-17_Multi_Spcon_J1_J2_Con2,2025-09-17 13:32:55,2,3180.03,mag_end
!2025-09-17_Multi_Spcon_J1_J2_Con2,2025-09-17 13:32:55,2,3197.98,noise_start
!2025-09-17_Multi_Spcon_J1_J2_Con2,2025-09-17 13:32:55,2,3207.98,noise_end
!2025-09-17_Multi_Spcon_J1_J2_Con2,2025-09-17 13:32:55,2,3207.98,pelD_start
!2025-09-17_Multi_Spcon_J1_J2_Con2,2025-09-17 13:32:55,2,3207.99,pelD_end
!2025-09-17_Multi_Spcon_J1_J2_Con2,2025-09-17 13:32:55,2,3208.18,pelD_start
!2025-09-17_Multi_Spcon_J1_J2_Con2,2025-09-17 13:32:55,2,3208.19,pelD_end
!2025-09-17_Multi_Spcon_J1_J2_Con2,2025-09-17 13:32:55,2,3218.50,mag_start
!2025-09-17_Multi_Spcon_J1_J2_Con2,2025-09-17 13:32:55,2,3219.79,mag_end
!2025-09-17_Multi_Spcon_J1_J2_Con2,2025-09-17 13:32:55,2,3225.86,mag_start
!2025-09-17_Multi_Spcon_J1_J2_Con2,2025-09-17 13:32:55,2,3225.94,mag_end
!2025-09-17_Multi_Spcon_J1_J2_Con2,2025-09-17 13:32:55,2,3226.02,mag_start
!2025-09-17_Multi_Spcon_J1_J2_Con2,2025-09-17 13:32:55,2,3229.63,mag_end
!2025-09-17_Multi_Spcon_J1_J2_Con2,2025-09-17 13:32:55,2,3238.23,mag_start
!2025-09-17_Multi_Spcon_J1_J2_Con2,2025-09-17 13:32:55,2,3238.29,mag_end
!2025-09-17_Multi_Spcon_J1_J2_Con2,2025-09-17 13:32:55,2,3245.48,mag_start
!2025-09-17_Multi_Spcon_J1_J2_Con2,2025-09-17 13:32:55,2,3245.75,mag_end
!2025-09-17_Multi_Spcon_J1_J2_Con2,2025-09-17 13:32:55,2,3245.78,mag_start
!2025-09-17_Multi_Spcon_J1_J2_Con2,2025-09-17 13:32:55,2,3246.03,mag_end
!2025-09-17_Multi_Spcon_J1_J2_Con2,2025-09-17 13:32:55,2,3246.70,mag_start
!2025-09-17_Multi_Spcon_J1_J2_Con2,2025-09-17 13:32:55,2,3246.80,mag_end
!2025-09-17_Multi_Spcon_J1_J2_Con2,2025-09-17 13:32:55,2,3280.37,mag_start
!2025-09-17_Multi_Spcon_J1_J2_Con2,2025-09-17 13:32:55,2,3280.63,mag_end
!2025-09-17_Multi_Spcon_J1_J2_Con2,2025-09-17 13:32:55,2,3301.20,mag_start
!2025-09-17_Multi_Spcon_J1_J2_Con2,2025-09-17 13:32:55,2,3301.56,mag_end
!2025-09-17_Multi_Spcon_J1_J2_Con2,2025-09-17 13:32:55,2,3301.73,mag_start
!2025-09-17_Multi_Spcon_J1_J2_Con2,2025-09-17 13:32:55,2,3302.18,mag_end
!2025-09-17_Multi_Spcon_J1_J2_Con2,2025-09-17 13:32:55,2,3358.55,lowT_start
!2025-09-17_Multi_Spcon_J1_J2_Con2,2025-09-17 13:32:55,2,3368.55,lowT_end
!2025-09-17_Multi_Spcon_J1_J2_Con2,2025-09-17 13:32:55,2,3373.45,mag_start
!2025-09-17_Multi_Spcon_J1_J2_Con2,2025-09-17 13:32:55,2,3373.56,mag_end
!2025-09-17_Multi_Spcon_J1_J2_Con2,2025-09-17 13:32:55,2,3373.89,mag_start
!2025-09-17_Multi_Spcon_J1_J2_Con2,2025-09-17 13:32:55,2,3373.96,mag_end
!2025-09-17_Multi_Spcon_J1_J2_Con2,2025-09-17 13:32:55,2,3387.09,mag_start
!2025-09-17_Multi_Spcon_J1_J2_Con2,2025-09-17 13:32:55,2,3387.57,mag_end
!2025-09-17_Multi_Spcon_J1_J2_Con2,2025-09-17 13:32:55,2,3425.00,mag_start
!2025-09-17_Multi_Spcon_J1_J2_Con2,2025-09-17 13:32:55,2,3425.14,mag_end
!2025-09-17_Multi_Spcon_J1_J2_Con2,2025-09-17 13:32:55,2,3425.46,mag_start
!2025-09-17_Multi_Spcon_J1_J2_Con2,2025-09-17 13:32:55,2,3425.86,mag_end
!2025-09-17_Multi_Spcon_J1_J2_Con2,2025-09-17 13:32:55,2,3440.49,mag_start
!2025-09-17_Multi_Spcon_J1_J2_Con2,2025-09-17 13:32:55,2,3440.50,mag_end
!2025-09-17_Multi_Spcon_J1_J2_Con2,2025-09-17 13:32:55,2,3440.53,mag_start
!2025-09-17_Multi_Spcon_J1_J2_Con2,2025-09-17 13:32:55,2,3440.62,mag_end
!2025-09-17_Multi_Spcon_J1_J2_Con2,2025-09-17 13:32:55,2,3441.68,mag_start
!2025-09-17_Multi_Spcon_J1_J2_Con2,2025-09-17 13:32:55,2,3441.86,mag_end
!2025-09-17_Multi_Spcon_J1_J2_Con2,2025-09-17 13:32:55,2,3446.51,mag_start
!2025-09-17_Multi_Spcon_J1_J2_Con2,2025-09-17 13:32:55,2,3447.53,mag_end
!2025-09-17_Multi_Spcon_J1_J2_Con2,2025-09-17 13:32:55,2,3449.31,mag_start
!2025-09-17_Multi_Spcon_J1_J2_Con2,2025-09-17 13:32:55,2,3451.08,mag_end
!2025-09-17_Multi_Spcon_J1_J2_Con2,2025-09-17 13:32:55,2,3453.41,mag_start
!2025-09-17_Multi_Spcon_J1_J2_Con2,2025-09-17 13:32:55,2,3457.60,mag_end
!2025-09-17_Multi_Spcon_J1_J2_Con2,2025-09-17 13:32:55,2,3460.17,mag_start
!2025-09-17_Multi_Spcon_J1_J2_Con2,2025-09-17 13:32:55,2,3460.92,mag_end
!2025-09-17_Multi_Spcon_J1_J2_Con2,2025-09-17 13:32:55,2,3463.84,mag_start
!2025-09-17_Multi_Spcon_J1_J2_Con2,2025-09-17 13:32:55,2,3463.88,mag_end
!2025-09-17_Multi_Spcon_J1_J2_Con2,2025-09-17 13:32:55,2,3512.42,mag_start
!2025-09-17_Multi_Spcon_J1_J2_Con2,2025-09-17 13:32:55,2,3513.70,mag_end
!2025-09-17_Multi_Spcon_J1_J2_Con2,2025-09-17 13:32:55,2,3513.07,noise_start
!2025-09-17_Multi_Spcon_J1_J2_Con2,2025-09-17 13:32:55,2,3523.07,noise_end
!2025-09-17_Multi_Spcon_J1_J2_Con2,2025-09-17 13:32:55,2,3513.77,mag_start
!2025-09-17_Multi_Spcon_J1_J2_Con2,2025-09-17 13:32:55,2,3513.96,mag_end
!2025-09-17_Multi_Spcon_J1_J2_Con2,2025-09-17 13:32:55,2,3523.07,pelD_start
!2025-09-17_Multi_Spcon_J1_J2_Con2,2025-09-17 13:32:55,2,3523.08,pelD_end
!2025-09-17_Multi_Spcon_J1_J2_Con2,2025-09-17 13:32:55,2,3523.27,pelD_start
!2025-09-17_Multi_Spcon_J1_J2_Con2,2025-09-17 13:32:55,2,3523.28,pelD_end
!2025-09-17_Multi_Spcon_J1_J2_Con2,2025-09-17 13:32:55,2,3544.51,mag_start
!2025-09-17_Multi_Spcon_J1_J2_Con2,2025-09-17 13:32:55,2,3545.52,mag_end
!2025-09-17_Multi_Spcon_J1_J2_Con2,2025-09-17 13:32:55,2,3552.05,mag_start
!2025-09-17_Multi_Spcon_J1_J2_Con2,2025-09-17 13:32:55,2,3554.48,mag_end
!2025-09-17_Multi_Spcon_J1_J2_Con2,2025-09-17 13:32:55,2,3564.83,mag_start
!2025-09-17_Multi_Spcon_J1_J2_Con2,2025-09-17 13:32:55,2,3564.98,mag_end
!2025-09-17_Multi_Spcon_J1_J2_Con2,2025-09-17 13:32:55,2,3565.19,mag_start
!2025-09-17_Multi_Spcon_J1_J2_Con2,2025-09-17 13:32:55,2,3565.59,mag_end
!2025-09-17_Multi_Spcon_J1_J2_Con2,2025-09-17 13:32:55,2,3565.98,mag_start
!2025-09-17_Multi_Spcon_J1_J2_Con2,2025-09-17 13:32:55,2,3566.21,mag_end
!2025-09-17_Multi_Spcon_J1_J2_Con2,2025-09-17 13:32:55,2,3566.60,mag_start
!2025-09-17_Multi_Spcon_J1_J2_Con2,2025-09-17 13:32:55,2,3569.38,mag_end
!2025-09-17_Multi_Spcon_J1_J2_Con2,2025-09-17 13:32:55,2,3573.47,mag_start
!2025-09-17_Multi_Spcon_J1_J2_Con2,2025-09-17 13:32:55,2,3574.47,mag_end
!2025-09-17_Multi_Spcon_J1_J2_Con2,2025-09-17 13:32:55,2,3584.06,mag_start
!2025-09-17_Multi_Spcon_J1_J2_Con2,2025-09-17 13:32:55,2,3584.12,mag_end
!2025-09-17_Multi_Spcon_J1_J2_Con2,2025-09-17 13:32:55,2,3584.16,mag_start
!2025-09-17_Multi_Spcon_J1_J2_Con2,2025-09-17 13:32:55,2,3584.21,mag_end
!2025-09-17_Multi_Spcon_J1_J2_Con2,2025-09-17 13:32:55,2,3584.38,mag_start
!2025-09-17_Multi_Spcon_J1_J2_Con2,2025-09-17 13:32:55,2,3584.72,mag_end
!2025-09-17_Multi_Spcon_J1_J2_Con2,2025-09-17 13:32:55,2,3586.03,mag_start
!2025-09-17_Multi_Spcon_J1_J2_Con2,2025-09-17 13:32:55,2,3586.37,mag_end
!2025-09-17_Multi_Spcon_J1_J2_Con2,2025-09-17 13:32:55,2,3598.49,mag_start
!2025-09-17_Multi_Spcon_J1_J2_Con2,2025-09-17 13:32:55,2,3598.72,mag_end
!2025-09-17_Multi_Spcon_J1_J2_Con2,2025-09-17 13:32:55,2,3622.98,mag_start
!2025-09-17_Multi_Spcon_J1_J2_Con2,2025-09-17 13:32:55,2,3623.57,mag_end
!2025-09-17_Multi_Spcon_J1_J2_Con2,2025-09-17 13:32:55,2,3634.39,mag_start
!2025-09-17_Multi_Spcon_J1_J2_Con2,2025-09-17 13:32:55,2,3634.51,mag_end
!2025-09-17_Multi_Spcon_J1_J2_Con2,2025-09-17 13:32:55,2,3634.70,mag_start
!2025-09-17_Multi_Spcon_J1_J2_Con2,2025-09-17 13:32:55,2,3634.92,mag_end
!2025-09-17_Multi_Spcon_J1_J2_Con2,2025-09-17 13:32:55,2,3634.95,mag_start
!2025-09-17_Multi_Spcon_J1_J2_Con2,2025-09-17 13:32:55,2,3635.03,mag_end
!2025-09-17_Multi_Spcon_J1_J2_Con2,2025-09-17 13:32:55,2,3658.88,mag_start
!2025-09-17_Multi_Spcon_J1_J2_Con2,2025-09-17 13:32:55,2,3660.53,mag_end
!2025-09-17_Multi_Spcon_J1_J2_Con2,2025-09-17 13:32:55,2,3662.62,lowT_start
!2025-09-17_Multi_Spcon_J1_J2_Con2,2025-09-17 13:32:55,2,3672.62,lowT_end
!2025-09-17_Multi_Spcon_J1_J2_Con2,2025-09-17 13:32:55,2,3726.71,mag_start
!2025-09-17_Multi_Spcon_J1_J2_Con2,2025-09-17 13:32:55,2,3726.73,mag_end
!2025-09-17_Multi_Spcon_J1_J2_Con2,2025-09-17 13:32:55,2,3838.55,mag_start
!2025-09-17_Multi_Spcon_J1_J2_Con2,2025-09-17 13:32:55,2,3839.11,mag_end
!2025-09-17_Multi_Spcon_J1_J2_Con2,2025-09-17 13:32:55,2,3839.76,lowT_start
!2025-09-17_Multi_Spcon_J1_J2_Con2,2025-09-17 13:32:55,2,3849.76,lowT_end
!2025-09-17_Multi_Spcon_J1_J2_Con2,2025-09-17 13:32:55,2,3905.29,mag_start
!2025-09-17_Multi_Spcon_J1_J2_Con2,2025-09-17 13:32:55,2,3905.79,mag_end
!2025-09-17_Multi_Spcon_J1_J2_Con2,2025-09-17 13:32:55,2,3937.40,mag_start
!2025-09-17_Multi_Spcon_J1_J2_Con2,2025-09-17 13:32:55,2,3937.73,mag_end
!2025-09-17_Multi_Spcon_J1_J2_Con2,2025-09-17 13:32:55,2,3962.52,mag_start
!2025-09-17_Multi_Spcon_J1_J2_Con2,2025-09-17 13:32:55,2,3962.72,mag_end
!2025-09-17_Multi_Spcon_J1_J2_Con2,2025-09-17 13:32:55,2,3985.34,noise_start
!2025-09-17_Multi_Spcon_J1_J2_Con2,2025-09-17 13:32:55,2,3995.34,noise_end
!2025-09-17_Multi_Spcon_J1_J2_Con2,2025-09-17 13:32:55,2,3995.34,pelD_start
!2025-09-17_Multi_Spcon_J1_J2_Con2,2025-09-17 13:32:55,2,3995.35,pelD_end
!2025-09-17_Multi_Spcon_J1_J2_Con2,2025-09-17 13:32:55,2,3995.54,pelD_start
!2025-09-17_Multi_Spcon_J1_J2_Con2,2025-09-17 13:32:55,2,3995.55,pelD_end
!2025-09-17_Multi_Spcon_J1_J2_Con2,2025-09-17 13:32:55,2,4023.78,mag_start
!2025-09-17_Multi_Spcon_J1_J2_Con2,2025-09-17 13:32:55,2,4023.90,mag_end
!2025-09-17_Multi_Spcon_J1_J2_Con2,2025-09-17 13:32:55,2,4027.17,mag_start
!2025-09-17_Multi_Spcon_J1_J2_Con2,2025-09-17 13:32:55,2,4029.59,mag_end
!2025-09-17_Multi_Spcon_J1_J2_Con2,2025-09-17 13:32:55,2,4039.59,mag_start
!2025-09-17_Multi_Spcon_J1_J2_Con2,2025-09-17 13:32:55,2,4040.38,mag_end
!2025-09-17_Multi_Spcon_J1_J2_Con2,2025-09-17 13:32:55,2,4040.92,mag_start
!2025-09-17_Multi_Spcon_J1_J2_Con2,2025-09-17 13:32:55,2,4040.97,mag_end
!2025-09-17_Multi_Spcon_J1_J2_Con2,2025-09-17 13:32:55,2,4041.00,mag_start
!2025-09-17_Multi_Spcon_J1_J2_Con2,2025-09-17 13:32:55,2,4041.04,mag_end
!2025-09-17_Multi_Spcon_J1_J2_Con2,2025-09-17 13:32:55,2,4041.09,mag_start
!2025-09-17_Multi_Spcon_J1_J2_Con2,2025-09-17 13:32:55,2,4042.83,mag_end
!2025-09-17_Multi_Spcon_J1_J2_Con2,2025-09-17 13:32:55,2,4043.35,mag_start
!2025-09-17_Multi_Spcon_J1_J2_Con2,2025-09-17 13:32:55,2,4043.38,mag_end
!2025-09-17_Multi_Spcon_J1_J2_Con2,2025-09-17 13:32:55,2,4043.57,mag_start
!2025-09-17_Multi_Spcon_J1_J2_Con2,2025-09-17 13:32:55,2,4044.55,mag_end
!2025-09-17_Multi_Spcon_J1_J2_Con2,2025-09-17 13:32:55,2,4045.33,mag_start
!2025-09-17_Multi_Spcon_J1_J2_Con2,2025-09-17 13:32:55,2,4045.34,mag_end
!2025-09-17_Multi_Spcon_J1_J2_Con2,2025-09-17 13:32:55,2,4045.46,mag_start
!2025-09-17_Multi_Spcon_J1_J2_Con2,2025-09-17 13:32:55,2,4046.22,mag_end
!2025-09-17_Multi_Spcon_J1_J2_Con2,2025-09-17 13:32:55,2,4046.27,mag_start
!2025-09-17_Multi_Spcon_J1_J2_Con2,2025-09-17 13:32:55,2,4047.05,mag_end
!2025-09-17_Multi_Spcon_J1_J2_Con2,2025-09-17 13:32:55,2,4047.64,mag_start
!2025-09-17_Multi_Spcon_J1_J2_Con2,2025-09-17 13:32:55,2,4047.68,mag_end
!2025-09-17_Multi_Spcon_J1_J2_Con2,2025-09-17 13:32:55,2,4047.69,mag_start
!2025-09-17_Multi_Spcon_J1_J2_Con2,2025-09-17 13:32:55,2,4048.08,mag_end
!2025-09-17_Multi_Spcon_J1_J2_Con2,2025-09-17 13:32:55,2,4048.65,mag_start
!2025-09-17_Multi_Spcon_J1_J2_Con2,2025-09-17 13:32:55,2,4050.36,mag_end
!2025-09-17_Multi_Spcon_J1_J2_Con2,2025-09-17 13:32:55,2,4051.27,mag_start
!2025-09-17_Multi_Spcon_J1_J2_Con2,2025-09-17 13:32:55,2,4051.91,mag_end
!2025-09-17_Multi_Spcon_J1_J2_Con2,2025-09-17 13:32:55,2,4053.82,mag_start
!2025-09-17_Multi_Spcon_J1_J2_Con2,2025-09-17 13:32:55,2,4053.98,mag_end
!2025-09-17_Multi_Spcon_J1_J2_Con2,2025-09-17 13:32:55,2,4054.00,mag_start
!2025-09-17_Multi_Spcon_J1_J2_Con2,2025-09-17 13:32:55,2,4054.27,mag_end
!2025-09-17_Multi_Spcon_J1_J2_Con2,2025-09-17 13:32:55,2,4054.72,mag_start
!2025-09-17_Multi_Spcon_J1_J2_Con2,2025-09-17 13:32:55,2,4054.88,mag_end
!2025-09-17_Multi_Spcon_J1_J2_Con2,2025-09-17 13:32:55,2,4055.11,mag_start
!2025-09-17_Multi_Spcon_J1_J2_Con2,2025-09-17 13:32:55,2,4055.13,mag_end
!2025-09-17_Multi_Spcon_J1_J2_Con2,2025-09-17 13:32:55,2,4055.18,mag_start
!2025-09-17_Multi_Spcon_J1_J2_Con2,2025-09-17 13:32:55,2,4055.73,mag_end
!2025-09-17_Multi_Spcon_J1_J2_Con2,2025-09-17 13:32:55,2,4058.70,mag_start
!2025-09-17_Multi_Spcon_J1_J2_Con2,2025-09-17 13:32:55,2,4058.84,mag_end
!2025-09-17_Multi_Spcon_J1_J2_Con2,2025-09-17 13:32:55,2,4059.15,mag_start
!2025-09-17_Multi_Spcon_J1_J2_Con2,2025-09-17 13:32:55,2,4059.33,mag_end
!2025-09-17_Multi_Spcon_J1_J2_Con2,2025-09-17 13:32:55,2,4059.64,mag_start
!2025-09-17_Multi_Spcon_J1_J2_Con2,2025-09-17 13:32:55,2,4060.01,mag_end
!2025-09-17_Multi_Spcon_J1_J2_Con2,2025-09-17 13:32:55,2,4060.30,mag_start
!2025-09-17_Multi_Spcon_J1_J2_Con2,2025-09-17 13:32:55,2,4060.78,mag_end
!2025-09-17_Multi_Spcon_J1_J2_Con2,2025-09-17 13:32:55,2,4061.79,mag_start
!2025-09-17_Multi_Spcon_J1_J2_Con2,2025-09-17 13:32:55,2,4061.86,mag_end
!2025-09-17_Multi_Spcon_J1_J2_Con2,2025-09-17 13:32:55,2,4062.36,mag_start
!2025-09-17_Multi_Spcon_J1_J2_Con2,2025-09-17 13:32:55,2,4063.26,mag_end
!2025-09-17_Multi_Spcon_J1_J2_Con2,2025-09-17 13:32:55,2,4065.73,mag_start
!2025-09-17_Multi_Spcon_J1_J2_Con2,2025-09-17 13:32:55,2,4065.86,mag_end
!2025-09-17_Multi_Spcon_J1_J2_Con2,2025-09-17 13:32:55,2,4066.02,mag_start
!2025-09-17_Multi_Spcon_J1_J2_Con2,2025-09-17 13:32:55,2,4066.09,mag_end
!2025-09-17_Multi_Spcon_J1_J2_Con2,2025-09-17 13:32:55,2,4066.11,mag_start
!2025-09-17_Multi_Spcon_J1_J2_Con2,2025-09-17 13:32:55,2,4066.57,mag_end
!2025-09-17_Multi_Spcon_J1_J2_Con2,2025-09-17 13:32:55,2,4069.00,mag_start
!2025-09-17_Multi_Spcon_J1_J2_Con2,2025-09-17 13:32:55,2,4069.07,mag_end
!2025-09-17_Multi_Spcon_J1_J2_Con2,2025-09-17 13:32:55,2,4069.43,mag_start
!2025-09-17_Multi_Spcon_J1_J2_Con2,2025-09-17 13:32:55,2,4069.50,mag_end
!2025-09-17_Multi_Spcon_J1_J2_Con2,2025-09-17 13:32:55,2,4071.37,mag_start
!2025-09-17_Multi_Spcon_J1_J2_Con2,2025-09-17 13:32:55,2,4071.51,mag_end
!2025-09-17_Multi_Spcon_J1_J2_Con2,2025-09-17 13:32:55,2,4071.55,mag_start
!2025-09-17_Multi_Spcon_J1_J2_Con2,2025-09-17 13:32:55,2,4071.71,mag_end
!2025-09-17_Multi_Spcon_J1_J2_Con2,2025-09-17 13:32:55,2,4071.87,mag_start
!2025-09-17_Multi_Spcon_J1_J2_Con2,2025-09-17 13:32:55,2,4077.98,mag_end
!2025-09-17_Multi_Spcon_J1_J2_Con2,2025-09-17 13:32:55,2,4125.70,mag_start
!2025-09-17_Multi_Spcon_J1_J2_Con2,2025-09-17 13:32:55,2,4125.86,mag_end
!2025-09-17_Multi_Spcon_J1_J2_Con2,2025-09-17 13:32:55,2,4144.88,mag_start
!2025-09-17_Multi_Spcon_J1_J2_Con2,2025-09-17 13:32:55,2,4144.98,mag_end
!2025-09-17_Multi_Spcon_J1_J2_Con2,2025-09-17 13:32:55,2,4156.83,lowT_start
!2025-09-17_Multi_Spcon_J1_J2_Con2,2025-09-17 13:32:55,2,4166.83,lowT_end
!2025-09-17_Multi_Spcon_J1_J2_Con2,2025-09-17 13:32:55,2,4249.49,mag_start
!2025-09-17_Multi_Spcon_J1_J2_Con2,2025-09-17 13:32:55,2,4249.72,mag_end
!2025-09-17_Multi_Spcon_J1_J2_Con2,2025-09-17 13:32:55,2,4329.51,noise_start
!2025-09-17_Multi_Spcon_J1_J2_Con2,2025-09-17 13:32:55,2,4339.51,noise_end
!2025-09-17_Multi_Spcon_J1_J2_Con2,2025-09-17 13:32:55,2,4339.51,pelD_start
!2025-09-17_Multi_Spcon_J1_J2_Con2,2025-09-17 13:32:55,2,4339.52,pelD_end
!2025-09-17_Multi_Spcon_J1_J2_Con2,2025-09-17 13:32:55,2,4339.71,pelD_start
!2025-09-17_Multi_Spcon_J1_J2_Con2,2025-09-17 13:32:55,2,4339.72,pelD_end
!2025-09-17_Multi_Spcon_J1_J2_Con2,2025-09-17 13:32:55,2,4376.05,mag_start
!2025-09-17_Multi_Spcon_J1_J2_Con2,2025-09-17 13:32:55,2,4377.34,mag_end
!2025-09-17_Multi_Spcon_J1_J2_Con2,2025-09-17 13:32:55,2,4384.16,mag_start
!2025-09-17_Multi_Spcon_J1_J2_Con2,2025-09-17 13:32:55,2,4387.08,mag_end
!2025-09-17_Multi_Spcon_J1_J2_Con2,2025-09-17 13:32:55,2,4396.78,mag_start
!2025-09-17_Multi_Spcon_J1_J2_Con2,2025-09-17 13:32:55,2,4397.01,mag_end
!2025-09-17_Multi_Spcon_J1_J2_Con2,2025-09-17 13:32:55,2,4397.13,mag_start
!2025-09-17_Multi_Spcon_J1_J2_Con2,2025-09-17 13:32:55,2,4397.25,mag_end
!2025-09-17_Multi_Spcon_J1_J2_Con2,2025-09-17 13:32:55,2,4397.26,mag_start
!2025-09-17_Multi_Spcon_J1_J2_Con2,2025-09-17 13:32:55,2,4397.38,mag_end
!2025-09-17_Multi_Spcon_J1_J2_Con2,2025-09-17 13:32:55,2,4397.41,mag_start
!2025-09-17_Multi_Spcon_J1_J2_Con2,2025-09-17 13:32:55,2,4398.65,mag_end
!2025-09-17_Multi_Spcon_J1_J2_Con2,2025-09-17 13:32:55,2,4400.41,mag_start
!2025-09-17_Multi_Spcon_J1_J2_Con2,2025-09-17 13:32:55,2,4400.53,mag_end
!2025-09-17_Multi_Spcon_J1_J2_Con2,2025-09-17 13:32:55,2,4400.54,mag_start
!2025-09-17_Multi_Spcon_J1_J2_Con2,2025-09-17 13:32:55,2,4400.63,mag_end
!2025-09-17_Multi_Spcon_J1_J2_Con2,2025-09-17 13:32:55,2,4400.86,mag_start
!2025-09-17_Multi_Spcon_J1_J2_Con2,2025-09-17 13:32:55,2,4401.41,mag_end
!2025-09-17_Multi_Spcon_J1_J2_Con2,2025-09-17 13:32:55,2,4402.32,mag_start
!2025-09-17_Multi_Spcon_J1_J2_Con2,2025-09-17 13:32:55,2,4403.51,mag_end
!2025-09-17_Multi_Spcon_J1_J2_Con2,2025-09-17 13:32:55,2,4403.90,mag_start
!2025-09-17_Multi_Spcon_J1_J2_Con2,2025-09-17 13:32:55,2,4404.09,mag_end
!2025-09-17_Multi_Spcon_J1_J2_Con2,2025-09-17 13:32:55,2,4421.74,mag_start
!2025-09-17_Multi_Spcon_J1_J2_Con2,2025-09-17 13:32:55,2,4421.98,mag_end
!2025-09-17_Multi_Spcon_J1_J2_Con2,2025-09-17 13:32:55,2,4472.41,noise_start
!2025-09-17_Multi_Spcon_J1_J2_Con2,2025-09-17 13:32:55,2,4482.41,noise_end
!2025-09-17_Multi_Spcon_J1_J2_Con2,2025-09-17 13:32:55,2,4482.41,pelD_start
!2025-09-17_Multi_Spcon_J1_J2_Con2,2025-09-17 13:32:55,2,4482.42,pelD_end
!2025-09-17_Multi_Spcon_J1_J2_Con2,2025-09-17 13:32:55,2,4482.61,pelD_start
!2025-09-17_Multi_Spcon_J1_J2_Con2,2025-09-17 13:32:55,2,4482.62,pelD_end
!2025-09-17_Multi_Spcon_J1_J2_Con2,2025-09-17 13:32:55,2,4487.21,mag_start
!2025-09-17_Multi_Spcon_J1_J2_Con2,2025-09-17 13:32:55,2,4489.13,mag_end
!2025-09-17_Multi_Spcon_J1_J2_Con2,2025-09-17 13:32:55,2,4489.17,mag_start
!2025-09-17_Multi_Spcon_J1_J2_Con2,2025-09-17 13:32:55,2,4489.35,mag_end
!2025-09-17_Multi_Spcon_J1_J2_Con2,2025-09-17 13:32:55,2,4490.31,mag_start
!2025-09-17_Multi_Spcon_J1_J2_Con2,2025-09-17 13:32:55,2,4492.49,mag_end
!2025-09-17_Multi_Spcon_J1_J2_Con2,2025-09-17 13:32:55,2,4499.00,mag_start
!2025-09-17_Multi_Spcon_J1_J2_Con2,2025-09-17 13:32:55,2,4499.16,mag_end
!2025-09-17_Multi_Spcon_J1_J2_Con2,2025-09-17 13:32:55,2,4499.21,mag_start
!2025-09-17_Multi_Spcon_J1_J2_Con2,2025-09-17 13:32:55,2,4499.93,mag_end
!2025-09-17_Multi_Spcon_J1_J2_Con2,2025-09-17 13:32:55,2,4500.39,mag_start
!2025-09-17_Multi_Spcon_J1_J2_Con2,2025-09-17 13:32:55,2,4504.19,mag_end
!2025-09-17_Multi_Spcon_J1_J2_Con2,2025-09-17 13:32:55,2,4514.87,mag_start
!2025-09-17_Multi_Spcon_J1_J2_Con2,2025-09-17 13:32:55,2,4515.30,mag_end
!2025-09-17_Multi_Spcon_J1_J2_Con2,2025-09-17 13:32:55,2,4552.96,mag_start
!2025-09-17_Multi_Spcon_J1_J2_Con2,2025-09-17 13:32:55,2,4553.80,mag_end
!2025-09-17_Multi_Spcon_J1_J2_Con2,2025-09-17 13:32:55,2,4581.61,mag_start
!2025-09-17_Multi_Spcon_J1_J2_Con2,2025-09-17 13:32:55,2,4582.22,mag_end
!2025-09-17_Multi_Spcon_J1_J2_Con2,2025-09-17 13:32:55,2,4637.55,lowT_start
!2025-09-17_Multi_Spcon_J1_J2_Con2,2025-09-17 13:32:55,2,4647.55,lowT_end
!2025-09-17_Multi_Spcon_J1_J2_Con2,2025-09-17 13:32:55,2,4643.46,mag_start
!2025-09-17_Multi_Spcon_J1_J2_Con2,2025-09-17 13:32:55,2,4643.52,mag_end
!2025-09-17_Multi_Spcon_J1_J2_Con2,2025-09-17 13:32:55,2,4643.65,mag_start
!2025-09-17_Multi_Spcon_J1_J2_Con2,2025-09-17 13:32:55,2,4644.57,mag_end
!2025-09-17_Multi_Spcon_J1_J2_Con2,2025-09-17 13:32:55,2,4666.69,mag_start
!2025-09-17_Multi_Spcon_J1_J2_Con2,2025-09-17 13:32:55,2,4668.38,mag_end
!2025-09-17_Multi_Spcon_J1_J2_Con2,2025-09-17 13:32:55,2,4668.58,mag_start
!2025-09-17_Multi_Spcon_J1_J2_Con2,2025-09-17 13:32:55,2,4668.69,mag_end
!2025-09-17_Multi_Spcon_J1_J2_Con2,2025-09-17 13:32:55,2,4671.71,mag_start
!2025-09-17_Multi_Spcon_J1_J2_Con2,2025-09-17 13:32:55,2,4673.86,mag_end
!2025-09-17_Multi_Spcon_J1_J2_Con2,2025-09-17 13:32:55,2,4681.09,mag_start
!2025-09-17_Multi_Spcon_J1_J2_Con2,2025-09-17 13:32:55,2,4681.26,mag_end
!2025-09-17_Multi_Spcon_J1_J2_Con2,2025-09-17 13:32:55,2,4681.46,mag_start
!2025-09-17_Multi_Spcon_J1_J2_Con2,2025-09-17 13:32:55,2,4681.86,mag_end
!2025-09-17_Multi_Spcon_J1_J2_Con2,2025-09-17 13:32:55,2,4795.64,noise_start
!2025-09-17_Multi_Spcon_J1_J2_Con2,2025-09-17 13:32:55,2,4805.64,noise_end
!2025-09-17_Multi_Spcon_J1_J2_Con2,2025-09-17 13:32:55,2,4805.64,pelD_start
!2025-09-17_Multi_Spcon_J1_J2_Con2,2025-09-17 13:32:55,2,4805.65,pelD_end
!2025-09-17_Multi_Spcon_J1_J2_Con2,2025-09-17 13:32:55,2,4805.84,pelD_start
!2025-09-17_Multi_Spcon_J1_J2_Con2,2025-09-17 13:32:55,2,4805.85,pelD_end
!2025-09-17_Multi_Spcon_J1_J2_Con2,2025-09-17 13:32:55,2,4816.94,mag_start
!2025-09-17_Multi_Spcon_J1_J2_Con2,2025-09-17 13:32:55,2,4817.88,mag_end
!2025-09-17_Multi_Spcon_J1_J2_Con2,2025-09-17 13:32:55,2,4819.65,mag_start
!2025-09-17_Multi_Spcon_J1_J2_Con2,2025-09-17 13:32:55,2,4821.54,mag_end
!2025-09-17_Multi_Spcon_J1_J2_Con2,2025-09-17 13:32:55,2,4832.06,mag_start
!2025-09-17_Multi_Spcon_J1_J2_Con2,2025-09-17 13:32:55,2,4832.83,mag_end
!2025-09-17_Multi_Spcon_J1_J2_Con2,2025-09-17 13:32:55,2,4834.04,mag_start
!2025-09-17_Multi_Spcon_J1_J2_Con2,2025-09-17 13:32:55,2,4834.26,mag_end
!2025-09-17_Multi_Spcon_J1_J2_Con2,2025-09-17 13:32:55,2,4834.63,mag_start
!2025-09-17_Multi_Spcon_J1_J2_Con2,2025-09-17 13:32:55,2,4834.93,mag_end
!2025-09-17_Multi_Spcon_J1_J2_Con2,2025-09-17 13:32:55,2,4837.10,mag_start
!2025-09-17_Multi_Spcon_J1_J2_Con2,2025-09-17 13:32:55,2,4837.18,mag_end
!2025-09-17_Multi_Spcon_J1_J2_Con2,2025-09-17 13:32:55,2,4837.46,mag_start
!2025-09-17_Multi_Spcon_J1_J2_Con2,2025-09-17 13:32:55,2,4838.65,mag_end
!2025-09-17_Multi_Spcon_J1_J2_Con2,2025-09-17 13:32:55,2,4839.05,mag_start
!2025-09-17_Multi_Spcon_J1_J2_Con2,2025-09-17 13:32:55,2,4840.67,mag_end
!2025-09-17_Multi_Spcon_J1_J2_Con2,2025-09-17 13:32:55,2,4840.86,mag_start
!2025-09-17_Multi_Spcon_J1_J2_Con2,2025-09-17 13:32:55,2,4840.99,mag_end
!2025-09-17_Multi_Spcon_J1_J2_Con2,2025-09-17 13:32:55,2,4841.03,mag_start
!2025-09-17_Multi_Spcon_J1_J2_Con2,2025-09-17 13:32:55,2,4841.56,mag_end
!2025-09-17_Multi_Spcon_J1_J2_Con2,2025-09-17 13:32:55,2,4841.72,mag_start
!2025-09-17_Multi_Spcon_J1_J2_Con2,2025-09-17 13:32:55,2,4842.16,mag_end
!2025-09-17_Multi_Spcon_J1_J2_Con2,2025-09-17 13:32:55,2,4960.08,lowT_start
!2025-09-17_Multi_Spcon_J1_J2_Con2,2025-09-17 13:32:55,2,4970.08,lowT_end
!2025-09-17_Multi_Spcon_J1_J2_Con2,2025-09-17 13:32:55,2,5118.87,lowT_start
!2025-09-17_Multi_Spcon_J1_J2_Con2,2025-09-17 13:32:55,2,5128.87,lowT_end
!2025-09-17_Multi_Spcon_J1_J2_Con2,2025-09-17 13:32:55,2,5287.88,noise_start
!2025-09-17_Multi_Spcon_J1_J2_Con2,2025-09-17 13:32:55,2,5297.88,noise_end
!2025-09-17_Multi_Spcon_J1_J2_Con2,2025-09-17 13:32:55,2,5297.88,pelD_start
!2025-09-17_Multi_Spcon_J1_J2_Con2,2025-09-17 13:32:55,2,5297.89,pelD_end
!2025-09-17_Multi_Spcon_J1_J2_Con2,2025-09-17 13:32:55,2,5298.08,pelD_start
!2025-09-17_Multi_Spcon_J1_J2_Con2,2025-09-17 13:32:55,2,5298.09,pelD_end
!2025-09-17_Multi_Spcon_J1_J2_Con2,2025-09-17 13:32:55,2,5352.29,mag_start
!2025-09-17_Multi_Spcon_J1_J2_Con2,2025-09-17 13:32:55,2,5352.30,mag_end
!2025-09-17_Multi_Spcon_J1_J2_Con2,2025-09-17 13:32:55,2,5352.46,mag_start
!2025-09-17_Multi_Spcon_J1_J2_Con2,2025-09-17 13:32:55,2,5353.53,mag_end
!2025-09-17_Multi_Spcon_J1_J2_Con2,2025-09-17 13:32:55,2,5359.83,mag_start
!2025-09-17_Multi_Spcon_J1_J2_Con2,2025-09-17 13:32:55,2,5363.10,mag_end
!2025-09-17_Multi_Spcon_J1_J2_Con2,2025-09-17 13:32:55,2,5363.55,mag_start
!2025-09-17_Multi_Spcon_J1_J2_Con2,2025-09-17 13:32:55,2,5363.94,mag_end
!2025-09-17_Multi_Spcon_J1_J2_Con2,2025-09-17 13:32:55,2,5364.25,mag_start
!2025-09-17_Multi_Spcon_J1_J2_Con2,2025-09-17 13:32:55,2,5365.06,mag_end
!2025-09-17_Multi_Spcon_J1_J2_Con2,2025-09-17 13:32:55,2,5365.55,mag_start
!2025-09-17_Multi_Spcon_J1_J2_Con2,2025-09-17 13:32:55,2,5365.71,mag_end
!2025-09-17_Multi_Spcon_J1_J2_Con2,2025-09-17 13:32:55,2,5365.95,mag_start
!2025-09-17_Multi_Spcon_J1_J2_Con2,2025-09-17 13:32:55,2,5366.94,mag_end
!2025-09-17_Multi_Spcon_J1_J2_Con2,2025-09-17 13:32:55,2,5367.02,mag_start
!2025-09-17_Multi_Spcon_J1_J2_Con2,2025-09-17 13:32:55,2,5367.72,mag_end
!2025-09-17_Multi_Spcon_J1_J2_Con2,2025-09-17 13:32:55,2,5368.99,mag_start
!2025-09-17_Multi_Spcon_J1_J2_Con2,2025-09-17 13:32:55,2,5369.04,mag_end
!2025-09-17_Multi_Spcon_J1_J2_Con2,2025-09-17 13:32:55,2,5369.08,mag_start
!2025-09-17_Multi_Spcon_J1_J2_Con2,2025-09-17 13:32:55,2,5369.99,mag_end
!2025-09-17_Multi_Spcon_J1_J2_Con2,2025-09-17 13:32:55,2,5370.19,mag_start
!2025-09-17_Multi_Spcon_J1_J2_Con2,2025-09-17 13:32:55,2,5370.80,mag_end
!2025-09-17_Multi_Spcon_J1_J2_Con2,2025-09-17 13:32:55,2,5370.82,mag_start
!2025-09-17_Multi_Spcon_J1_J2_Con2,2025-09-17 13:32:55,2,5371.08,mag_end
!2025-09-17_Multi_Spcon_J1_J2_Con2,2025-09-17 13:32:55,2,5378.75,mag_start
!2025-09-17_Multi_Spcon_J1_J2_Con2,2025-09-17 13:32:55,2,5378.83,mag_end
!2025-09-17_Multi_Spcon_J1_J2_Con2,2025-09-17 13:32:55,2,5378.91,mag_start
!2025-09-17_Multi_Spcon_J1_J2_Con2,2025-09-17 13:32:55,2,5378.95,mag_end
!2025-09-17_Multi_Spcon_J1_J2_Con2,2025-09-17 13:32:55,2,5378.98,mag_start
!2025-09-17_Multi_Spcon_J1_J2_Con2,2025-09-17 13:32:55,2,5381.22,mag_end
!2025-09-17_Multi_Spcon_J1_J2_Con2,2025-09-17 13:32:55,2,5381.58,mag_start
!2025-09-17_Multi_Spcon_J1_J2_Con2,2025-09-17 13:32:55,2,5381.67,mag_end
!2025-09-17_Multi_Spcon_J1_J2_Con2,2025-09-17 13:32:55,2,5381.71,mag_start
!2025-09-17_Multi_Spcon_J1_J2_Con2,2025-09-17 13:32:55,2,5381.72,mag_end
!2025-09-17_Multi_Spcon_J1_J2_Con2,2025-09-17 13:32:55,2,5381.79,mag_start
!2025-09-17_Multi_Spcon_J1_J2_Con2,2025-09-17 13:32:55,2,5382.52,mag_end
!2025-09-17_Multi_Spcon_J1_J2_Con2,2025-09-17 13:32:55,2,5383.00,mag_start
!2025-09-17_Multi_Spcon_J1_J2_Con2,2025-09-17 13:32:55,2,5383.39,mag_end
!2025-09-17_Multi_Spcon_J1_J2_Con2,2025-09-17 13:32:55,2,5383.58,mag_start
!2025-09-17_Multi_Spcon_J1_J2_Con2,2025-09-17 13:32:55,2,5383.75,mag_end
!2025-09-17_Multi_Spcon_J1_J2_Con2,2025-09-17 13:32:55,2,5386.58,mag_start
!2025-09-17_Multi_Spcon_J1_J2_Con2,2025-09-17 13:32:55,2,5387.28,mag_end
!2025-09-17_Multi_Spcon_J1_J2_Con2,2025-09-17 13:32:55,2,5387.31,mag_start
!2025-09-17_Multi_Spcon_J1_J2_Con2,2025-09-17 13:32:55,2,5387.92,mag_end
!2025-09-17_Multi_Spcon_J1_J2_Con2,2025-09-17 13:32:55,2,5389.61,mag_start
!2025-09-17_Multi_Spcon_J1_J2_Con2,2025-09-17 13:32:55,2,5389.73,mag_end
!2025-09-17_Multi_Spcon_J1_J2_Con2,2025-09-17 13:32:55,2,5389.74,mag_start
!2025-09-17_Multi_Spcon_J1_J2_Con2,2025-09-17 13:32:55,2,5389.75,mag_end
!2025-09-17_Multi_Spcon_J1_J2_Con2,2025-09-17 13:32:55,2,5389.76,mag_start
!2025-09-17_Multi_Spcon_J1_J2_Con2,2025-09-17 13:32:55,2,5390.32,mag_end
!2025-09-17_Multi_Spcon_J1_J2_Con2,2025-09-17 13:32:55,2,5391.44,mag_start
!2025-09-17_Multi_Spcon_J1_J2_Con2,2025-09-17 13:32:55,2,5393.86,mag_end
!2025-09-17_Multi_Spcon_J1_J2_Con2,2025-09-17 13:32:55,2,5393.91,mag_start
!2025-09-17_Multi_Spcon_J1_J2_Con2,2025-09-17 13:32:55,2,5394.91,mag_end
!2025-09-17_Multi_Spcon_J1_J2_Con2,2025-09-17 13:32:55,2,5408.35,mag_start
!2025-09-17_Multi_Spcon_J1_J2_Con2,2025-09-17 13:32:55,2,5408.51,mag_end
!2025-09-17_Multi_Spcon_J1_J2_Con2,2025-09-17 13:32:55,2,5409.41,mag_start
!2025-09-17_Multi_Spcon_J1_J2_Con2,2025-09-17 13:32:55,2,5411.27,mag_end
!2025-09-17_Multi_Spcon_J1_J2_Con2,2025-09-17 13:32:55,2,5413.21,mag_start
!2025-09-17_Multi_Spcon_J1_J2_Con2,2025-09-17 13:32:55,2,5414.60,mag_end
!2025-09-18_Multi_Spcon_J2_Con3,2025-09-18 13:20:47,2,59.43,mag_start
!2025-09-18_Multi_Spcon_J2_Con3,2025-09-18 13:20:47,2,59.59,mag_end
!2025-09-18_Multi_Spcon_J2_Con3,2025-09-18 13:20:47,2,218.38,mag_start
!2025-09-18_Multi_Spcon_J2_Con3,2025-09-18 13:20:47,2,218.43,mag_end
!2025-09-18_Multi_Spcon_J2_Con3,2025-09-18 13:20:47,2,218.50,mag_start
!2025-09-18_Multi_Spcon_J2_Con3,2025-09-18 13:20:47,2,218.54,mag_end
!2025-09-18_Multi_Spcon_J2_Con3,2025-09-18 13:20:47,2,274.37,lowT_start
!2025-09-18_Multi_Spcon_J2_Con3,2025-09-18 13:20:47,2,284.37,lowT_end
!2025-09-18_Multi_Spcon_J2_Con3,2025-09-18 13:20:47,2,302.87,mag_start
!2025-09-18_Multi_Spcon_J2_Con3,2025-09-18 13:20:47,2,302.93,mag_end
!2025-09-18_Multi_Spcon_J2_Con3,2025-09-18 13:20:47,2,305.10,mag_start
!2025-09-18_Multi_Spcon_J2_Con3,2025-09-18 13:20:47,2,305.12,mag_end
!2025-09-18_Multi_Spcon_J2_Con3,2025-09-18 13:20:47,2,342.10,mag_start
!2025-09-18_Multi_Spcon_J2_Con3,2025-09-18 13:20:47,2,342.12,mag_end
!2025-09-18_Multi_Spcon_J2_Con3,2025-09-18 13:20:47,2,342.90,mag_start
!2025-09-18_Multi_Spcon_J2_Con3,2025-09-18 13:20:47,2,342.98,mag_end
!2025-09-18_Multi_Spcon_J2_Con3,2025-09-18 13:20:47,2,343.29,mag_start
!2025-09-18_Multi_Spcon_J2_Con3,2025-09-18 13:20:47,2,343.34,mag_end
!2025-09-18_Multi_Spcon_J2_Con3,2025-09-18 13:20:47,2,410.58,mag_start
!2025-09-18_Multi_Spcon_J2_Con3,2025-09-18 13:20:47,2,410.65,mag_end
!2025-09-18_Multi_Spcon_J2_Con3,2025-09-18 13:20:47,2,410.67,mag_start
!2025-09-18_Multi_Spcon_J2_Con3,2025-09-18 13:20:47,2,410.75,mag_end
!2025-09-18_Multi_Spcon_J2_Con3,2025-09-18 13:20:47,2,443.28,noise_start
!2025-09-18_Multi_Spcon_J2_Con3,2025-09-18 13:20:47,2,453.28,noise_end
!2025-09-18_Multi_Spcon_J2_Con3,2025-09-18 13:20:47,2,453.28,pelD_start
!2025-09-18_Multi_Spcon_J2_Con3,2025-09-18 13:20:47,2,453.29,pelD_end
!2025-09-18_Multi_Spcon_J2_Con3,2025-09-18 13:20:47,2,453.48,pelD_start
!2025-09-18_Multi_Spcon_J2_Con3,2025-09-18 13:20:47,2,453.49,pelD_end
!2025-09-18_Multi_Spcon_J2_Con3,2025-09-18 13:20:47,2,457.33,mag_start
!2025-09-18_Multi_Spcon_J2_Con3,2025-09-18 13:20:47,2,457.34,mag_end
!2025-09-18_Multi_Spcon_J2_Con3,2025-09-18 13:20:47,2,457.37,mag_start
!2025-09-18_Multi_Spcon_J2_Con3,2025-09-18 13:20:47,2,457.40,mag_end
!2025-09-18_Multi_Spcon_J2_Con3,2025-09-18 13:20:47,2,457.71,mag_start
!2025-09-18_Multi_Spcon_J2_Con3,2025-09-18 13:20:47,2,458.96,mag_end
!2025-09-18_Multi_Spcon_J2_Con3,2025-09-18 13:20:47,2,459.45,mag_start
!2025-09-18_Multi_Spcon_J2_Con3,2025-09-18 13:20:47,2,459.89,mag_end
!2025-09-18_Multi_Spcon_J2_Con3,2025-09-18 13:20:47,2,460.18,mag_start
!2025-09-18_Multi_Spcon_J2_Con3,2025-09-18 13:20:47,2,460.22,mag_end
!2025-09-18_Multi_Spcon_J2_Con3,2025-09-18 13:20:47,2,460.30,mag_start
!2025-09-18_Multi_Spcon_J2_Con3,2025-09-18 13:20:47,2,462.16,mag_end
!2025-09-18_Multi_Spcon_J2_Con3,2025-09-18 13:20:47,2,471.45,mag_start
!2025-09-18_Multi_Spcon_J2_Con3,2025-09-18 13:20:47,2,472.75,mag_end
!2025-09-18_Multi_Spcon_J2_Con3,2025-09-18 13:20:47,2,478.59,mag_start
!2025-09-18_Multi_Spcon_J2_Con3,2025-09-18 13:20:47,2,480.12,mag_end
!2025-09-18_Multi_Spcon_J2_Con3,2025-09-18 13:20:47,2,507.07,mag_start
!2025-09-18_Multi_Spcon_J2_Con3,2025-09-18 13:20:47,2,507.23,mag_end
!2025-09-18_Multi_Spcon_J2_Con3,2025-09-18 13:20:47,2,507.28,mag_start
!2025-09-18_Multi_Spcon_J2_Con3,2025-09-18 13:20:47,2,507.37,mag_end
!2025-09-18_Multi_Spcon_J2_Con3,2025-09-18 13:20:47,2,507.38,mag_start
!2025-09-18_Multi_Spcon_J2_Con3,2025-09-18 13:20:47,2,507.50,mag_end
!2025-09-18_Multi_Spcon_J2_Con3,2025-09-18 13:20:47,2,507.54,mag_start
!2025-09-18_Multi_Spcon_J2_Con3,2025-09-18 13:20:47,2,507.56,mag_end
!2025-09-18_Multi_Spcon_J2_Con3,2025-09-18 13:20:47,2,508.21,mag_start
!2025-09-18_Multi_Spcon_J2_Con3,2025-09-18 13:20:47,2,508.44,mag_end
!2025-09-18_Multi_Spcon_J2_Con3,2025-09-18 13:20:47,2,603.02,mag_start
!2025-09-18_Multi_Spcon_J2_Con3,2025-09-18 13:20:47,2,603.08,mag_end
!2025-09-18_Multi_Spcon_J2_Con3,2025-09-18 13:20:47,2,603.10,mag_start
!2025-09-18_Multi_Spcon_J2_Con3,2025-09-18 13:20:47,2,603.17,mag_end
!2025-09-18_Multi_Spcon_J2_Con3,2025-09-18 13:20:47,2,607.53,noise_start
!2025-09-18_Multi_Spcon_J2_Con3,2025-09-18 13:20:47,2,617.53,noise_end
!2025-09-18_Multi_Spcon_J2_Con3,2025-09-18 13:20:47,2,617.53,pelD_start
!2025-09-18_Multi_Spcon_J2_Con3,2025-09-18 13:20:47,2,617.54,pelD_end
!2025-09-18_Multi_Spcon_J2_Con3,2025-09-18 13:20:47,2,617.73,pelD_start
!2025-09-18_Multi_Spcon_J2_Con3,2025-09-18 13:20:47,2,617.74,pelD_end
!2025-09-18_Multi_Spcon_J2_Con3,2025-09-18 13:20:47,2,623.25,mag_start
!2025-09-18_Multi_Spcon_J2_Con3,2025-09-18 13:20:47,2,623.27,mag_end
!2025-09-18_Multi_Spcon_J2_Con3,2025-09-18 13:20:47,2,623.36,mag_start
!2025-09-18_Multi_Spcon_J2_Con3,2025-09-18 13:20:47,2,623.53,mag_end
!2025-09-18_Multi_Spcon_J2_Con3,2025-09-18 13:20:47,2,623.55,mag_start
!2025-09-18_Multi_Spcon_J2_Con3,2025-09-18 13:20:47,2,624.40,mag_end
!2025-09-18_Multi_Spcon_J2_Con3,2025-09-18 13:20:47,2,629.52,mag_start
!2025-09-18_Multi_Spcon_J2_Con3,2025-09-18 13:20:47,2,630.19,mag_end
!2025-09-18_Multi_Spcon_J2_Con3,2025-09-18 13:20:47,2,641.36,mag_start
!2025-09-18_Multi_Spcon_J2_Con3,2025-09-18 13:20:47,2,641.51,mag_end
!2025-09-18_Multi_Spcon_J2_Con3,2025-09-18 13:20:47,2,642.23,mag_start
!2025-09-18_Multi_Spcon_J2_Con3,2025-09-18 13:20:47,2,642.36,mag_end
!2025-09-18_Multi_Spcon_J2_Con3,2025-09-18 13:20:47,2,646.09,mag_start
!2025-09-18_Multi_Spcon_J2_Con3,2025-09-18 13:20:47,2,646.59,mag_end
!2025-09-18_Multi_Spcon_J2_Con3,2025-09-18 13:20:47,2,647.17,mag_start
!2025-09-18_Multi_Spcon_J2_Con3,2025-09-18 13:20:47,2,647.30,mag_end
!2025-09-18_Multi_Spcon_J2_Con3,2025-09-18 13:20:47,2,647.37,mag_start
!2025-09-18_Multi_Spcon_J2_Con3,2025-09-18 13:20:47,2,647.49,mag_end
!2025-09-18_Multi_Spcon_J2_Con3,2025-09-18 13:20:47,2,652.28,mag_start
!2025-09-18_Multi_Spcon_J2_Con3,2025-09-18 13:20:47,2,652.49,mag_end
!2025-09-18_Multi_Spcon_J2_Con3,2025-09-18 13:20:47,2,652.58,mag_start
!2025-09-18_Multi_Spcon_J2_Con3,2025-09-18 13:20:47,2,652.84,mag_end
!2025-09-18_Multi_Spcon_J2_Con3,2025-09-18 13:20:47,2,652.93,mag_start
!2025-09-18_Multi_Spcon_J2_Con3,2025-09-18 13:20:47,2,652.97,mag_end
!2025-09-18_Multi_Spcon_J2_Con3,2025-09-18 13:20:47,2,652.99,mag_start
!2025-09-18_Multi_Spcon_J2_Con3,2025-09-18 13:20:47,2,653.80,mag_end
!2025-09-18_Multi_Spcon_J2_Con3,2025-09-18 13:20:47,2,684.50,mag_start
!2025-09-18_Multi_Spcon_J2_Con3,2025-09-18 13:20:47,2,684.55,mag_end
!2025-09-18_Multi_Spcon_J2_Con3,2025-09-18 13:20:47,2,684.58,mag_start
!2025-09-18_Multi_Spcon_J2_Con3,2025-09-18 13:20:47,2,686.11,mag_end
!2025-09-18_Multi_Spcon_J2_Con3,2025-09-18 13:20:47,2,700.34,mag_start
!2025-09-18_Multi_Spcon_J2_Con3,2025-09-18 13:20:47,2,700.88,mag_end
!2025-09-18_Multi_Spcon_J2_Con3,2025-09-18 13:20:47,2,721.94,mag_start
!2025-09-18_Multi_Spcon_J2_Con3,2025-09-18 13:20:47,2,722.23,mag_end
!2025-09-18_Multi_Spcon_J2_Con3,2025-09-18 13:20:47,2,722.34,mag_start
!2025-09-18_Multi_Spcon_J2_Con3,2025-09-18 13:20:47,2,722.43,mag_end
!2025-09-18_Multi_Spcon_J2_Con3,2025-09-18 13:20:47,2,738.05,mag_start
!2025-09-18_Multi_Spcon_J2_Con3,2025-09-18 13:20:47,2,738.11,mag_end
!2025-09-18_Multi_Spcon_J2_Con3,2025-09-18 13:20:47,2,757.88,lowT_start
!2025-09-18_Multi_Spcon_J2_Con3,2025-09-18 13:20:47,2,767.88,lowT_end
!2025-09-18_Multi_Spcon_J2_Con3,2025-09-18 13:20:47,2,928.58,noise_start
!2025-09-18_Multi_Spcon_J2_Con3,2025-09-18 13:20:47,2,938.58,noise_end
!2025-09-18_Multi_Spcon_J2_Con3,2025-09-18 13:20:47,2,938.58,pelD_start
!2025-09-18_Multi_Spcon_J2_Con3,2025-09-18 13:20:47,2,938.59,pelD_end
!2025-09-18_Multi_Spcon_J2_Con3,2025-09-18 13:20:47,2,938.78,pelD_start
!2025-09-18_Multi_Spcon_J2_Con3,2025-09-18 13:20:47,2,938.79,pelD_end
!2025-09-18_Multi_Spcon_J2_Con3,2025-09-18 13:20:47,2,1082.70,lowT_start
!2025-09-18_Multi_Spcon_J2_Con3,2025-09-18 13:20:47,2,1092.70,lowT_end
!2025-09-18_Multi_Spcon_J2_Con3,2025-09-18 13:20:47,2,1254.09,lowT_start
!2025-09-18_Multi_Spcon_J2_Con3,2025-09-18 13:20:47,2,1264.09,lowT_end
!2025-09-18_Multi_Spcon_J2_Con3,2025-09-18 13:20:47,2,1403.64,noise_start
!2025-09-18_Multi_Spcon_J2_Con3,2025-09-18 13:20:47,2,1413.64,noise_end
!2025-09-18_Multi_Spcon_J2_Con3,2025-09-18 13:20:47,2,1413.64,pelD_start
!2025-09-18_Multi_Spcon_J2_Con3,2025-09-18 13:20:47,2,1413.65,pelD_end
!2025-09-18_Multi_Spcon_J2_Con3,2025-09-18 13:20:47,2,1413.84,pelD_start
!2025-09-18_Multi_Spcon_J2_Con3,2025-09-18 13:20:47,2,1413.85,pelD_end
!2025-09-18_Multi_Spcon_J2_Con3,2025-09-18 13:20:47,2,1583.17,lowT_start
!2025-09-18_Multi_Spcon_J2_Con3,2025-09-18 13:20:47,2,1593.17,lowT_end
!2025-09-18_Multi_Spcon_J2_Con3,2025-09-18 13:20:47,2,1724.68,noise_start
!2025-09-18_Multi_Spcon_J2_Con3,2025-09-18 13:20:47,2,1734.68,noise_end
!2025-09-18_Multi_Spcon_J2_Con3,2025-09-18 13:20:47,2,1734.68,pelD_start
!2025-09-18_Multi_Spcon_J2_Con3,2025-09-18 13:20:47,2,1734.69,pelD_end
!2025-09-18_Multi_Spcon_J2_Con3,2025-09-18 13:20:47,2,1734.88,pelD_start
!2025-09-18_Multi_Spcon_J2_Con3,2025-09-18 13:20:47,2,1734.89,pelD_end
!2025-09-18_Multi_Spcon_J2_Con3,2025-09-18 13:20:47,2,1894.58,noise_start
!2025-09-18_Multi_Spcon_J2_Con3,2025-09-18 13:20:47,2,1904.58,noise_end
!2025-09-18_Multi_Spcon_J2_Con3,2025-09-18 13:20:47,2,1904.58,pelD_start
!2025-09-18_Multi_Spcon_J2_Con3,2025-09-18 13:20:47,2,1904.59,pelD_end
!2025-09-18_Multi_Spcon_J2_Con3,2025-09-18 13:20:47,2,1904.78,pelD_start
!2025-09-18_Multi_Spcon_J2_Con3,2025-09-18 13:20:47,2,1904.79,pelD_end
!2025-09-18_Multi_Spcon_J2_Con3,2025-09-18 13:20:47,2,2058.52,lowT_start
!2025-09-18_Multi_Spcon_J2_Con3,2025-09-18 13:20:47,2,2068.52,lowT_end
!2025-09-18_Multi_Spcon_J2_Con3,2025-09-18 13:20:47,2,2218.89,noise_start
!2025-09-18_Multi_Spcon_J2_Con3,2025-09-18 13:20:47,2,2228.89,noise_end
!2025-09-18_Multi_Spcon_J2_Con3,2025-09-18 13:20:47,2,2228.89,pelD_start
!2025-09-18_Multi_Spcon_J2_Con3,2025-09-18 13:20:47,2,2228.90,pelD_end
!2025-09-18_Multi_Spcon_J2_Con3,2025-09-18 13:20:47,2,2229.09,pelD_start
!2025-09-18_Multi_Spcon_J2_Con3,2025-09-18 13:20:47,2,2229.10,pelD_end
!2025-09-18_Multi_Spcon_J2_Con3,2025-09-18 13:20:47,2,2359.24,mag_start
!2025-09-18_Multi_Spcon_J2_Con3,2025-09-18 13:20:47,2,2359.29,mag_end
!2025-09-18_Multi_Spcon_J2_Con3,2025-09-18 13:20:47,2,2379.86,lowT_start
!2025-09-18_Multi_Spcon_J2_Con3,2025-09-18 13:20:47,2,2389.86,lowT_end
!2025-09-18_Multi_Spcon_J2_Con3,2025-09-18 13:20:47,2,2544.60,lowT_start
!2025-09-18_Multi_Spcon_J2_Con3,2025-09-18 13:20:47,2,2554.60,lowT_end
!2025-09-18_Multi_Spcon_J2_Con3,2025-09-18 13:20:47,2,2691.97,noise_start
!2025-09-18_Multi_Spcon_J2_Con3,2025-09-18 13:20:47,2,2701.97,noise_end
!2025-09-18_Multi_Spcon_J2_Con3,2025-09-18 13:20:47,2,2701.97,pelD_start
!2025-09-18_Multi_Spcon_J2_Con3,2025-09-18 13:20:47,2,2701.98,pelD_end
!2025-09-18_Multi_Spcon_J2_Con3,2025-09-18 13:20:47,2,2702.17,pelD_start
!2025-09-18_Multi_Spcon_J2_Con3,2025-09-18 13:20:47,2,2702.18,pelD_end
!2025-09-18_Multi_Spcon_J2_Con3,2025-09-18 13:20:47,2,2854.43,lowT_start
!2025-09-18_Multi_Spcon_J2_Con3,2025-09-18 13:20:47,2,2864.43,lowT_end
!2025-09-18_Multi_Spcon_J2_Con3,2025-09-18 13:20:47,2,3015.49,noise_start
!2025-09-18_Multi_Spcon_J2_Con3,2025-09-18 13:20:47,2,3025.49,noise_end
!2025-09-18_Multi_Spcon_J2_Con3,2025-09-18 13:20:47,2,3025.49,pelD_start
!2025-09-18_Multi_Spcon_J2_Con3,2025-09-18 13:20:47,2,3025.50,pelD_end
!2025-09-18_Multi_Spcon_J2_Con3,2025-09-18 13:20:47,2,3025.69,pelD_start
!2025-09-18_Multi_Spcon_J2_Con3,2025-09-18 13:20:47,2,3025.70,pelD_end
!2025-09-18_Multi_Spcon_J2_Con3,2025-09-18 13:20:47,2,3191.55,noise_start
!2025-09-18_Multi_Spcon_J2_Con3,2025-09-18 13:20:47,2,3201.55,noise_end
!2025-09-18_Multi_Spcon_J2_Con3,2025-09-18 13:20:47,2,3201.55,pelD_start
!2025-09-18_Multi_Spcon_J2_Con3,2025-09-18 13:20:47,2,3201.56,pelD_end
!2025-09-18_Multi_Spcon_J2_Con3,2025-09-18 13:20:47,2,3201.75,pelD_start
!2025-09-18_Multi_Spcon_J2_Con3,2025-09-18 13:20:47,2,3201.76,pelD_end
!2025-09-18_Multi_Spcon_J2_Con3,2025-09-18 13:20:47,2,3356.48,lowT_start
!2025-09-18_Multi_Spcon_J2_Con3,2025-09-18 13:20:47,2,3366.48,lowT_end
!2025-09-18_Multi_Spcon_J2_Con3,2025-09-18 13:20:47,2,3509.61,noise_start
!2025-09-18_Multi_Spcon_J2_Con3,2025-09-18 13:20:47,2,3519.61,noise_end
!2025-09-18_Multi_Spcon_J2_Con3,2025-09-18 13:20:47,2,3511.11,mag_start
!2025-09-18_Multi_Spcon_J2_Con3,2025-09-18 13:20:47,2,3511.83,mag_end
!2025-09-18_Multi_Spcon_J2_Con3,2025-09-18 13:20:47,2,3518.44,mag_start
!2025-09-18_Multi_Spcon_J2_Con3,2025-09-18 13:20:47,2,3518.85,mag_end
!2025-09-18_Multi_Spcon_J2_Con3,2025-09-18 13:20:47,2,3519.61,pelD_start
!2025-09-18_Multi_Spcon_J2_Con3,2025-09-18 13:20:47,2,3519.62,pelD_end
!2025-09-18_Multi_Spcon_J2_Con3,2025-09-18 13:20:47,2,3519.81,pelD_start
!2025-09-18_Multi_Spcon_J2_Con3,2025-09-18 13:20:47,2,3519.82,pelD_end
!2025-09-18_Multi_Spcon_J2_Con3,2025-09-18 13:20:47,2,3521.28,mag_start
!2025-09-18_Multi_Spcon_J2_Con3,2025-09-18 13:20:47,2,3521.87,mag_end
!2025-09-18_Multi_Spcon_J2_Con3,2025-09-18 13:20:47,2,3523.25,mag_start
!2025-09-18_Multi_Spcon_J2_Con3,2025-09-18 13:20:47,2,3523.29,mag_end
!2025-09-18_Multi_Spcon_J2_Con3,2025-09-18 13:20:47,2,3523.37,mag_start
!2025-09-18_Multi_Spcon_J2_Con3,2025-09-18 13:20:47,2,3523.78,mag_end
!2025-09-18_Multi_Spcon_J2_Con3,2025-09-18 13:20:47,2,3527.47,mag_start
!2025-09-18_Multi_Spcon_J2_Con3,2025-09-18 13:20:47,2,3528.67,mag_end
!2025-09-18_Multi_Spcon_J2_Con3,2025-09-18 13:20:47,2,3535.98,mag_start
!2025-09-18_Multi_Spcon_J2_Con3,2025-09-18 13:20:47,2,3537.33,mag_end
!2025-09-18_Multi_Spcon_J2_Con3,2025-09-18 13:20:47,2,3542.86,mag_start
!2025-09-18_Multi_Spcon_J2_Con3,2025-09-18 13:20:47,2,3542.91,mag_end
!2025-09-18_Multi_Spcon_J2_Con3,2025-09-18 13:20:47,2,3542.94,mag_start
!2025-09-18_Multi_Spcon_J2_Con3,2025-09-18 13:20:47,2,3543.52,mag_end
!2025-09-18_Multi_Spcon_J2_Con3,2025-09-18 13:20:47,2,3582.96,mag_start
!2025-09-18_Multi_Spcon_J2_Con3,2025-09-18 13:20:47,2,3584.08,mag_end
!2025-09-18_Multi_Spcon_J2_Con3,2025-09-18 13:20:47,2,3588.18,mag_start
!2025-09-18_Multi_Spcon_J2_Con3,2025-09-18 13:20:47,2,3590.67,mag_end
!2025-09-18_Multi_Spcon_J2_Con3,2025-09-18 13:20:47,2,3609.89,mag_start
!2025-09-18_Multi_Spcon_J2_Con3,2025-09-18 13:20:47,2,3610.70,mag_end
!2025-09-18_Multi_Spcon_J2_Con3,2025-09-18 13:20:47,2,3625.73,mag_start
!2025-09-18_Multi_Spcon_J2_Con3,2025-09-18 13:20:47,2,3626.83,mag_end
!2025-09-18_Multi_Spcon_J2_Con3,2025-09-18 13:20:47,2,3631.07,mag_start
!2025-09-18_Multi_Spcon_J2_Con3,2025-09-18 13:20:47,2,3631.84,mag_end
!2025-09-18_Multi_Spcon_J2_Con3,2025-09-18 13:20:47,2,3642.35,mag_start
!2025-09-18_Multi_Spcon_J2_Con3,2025-09-18 13:20:47,2,3642.55,mag_end
!2025-09-18_Multi_Spcon_J2_Con3,2025-09-18 13:20:47,2,3642.57,mag_start
!2025-09-18_Multi_Spcon_J2_Con3,2025-09-18 13:20:47,2,3643.78,mag_end
!2025-09-18_Multi_Spcon_J2_Con3,2025-09-18 13:20:47,2,3658.30,mag_start
!2025-09-18_Multi_Spcon_J2_Con3,2025-09-18 13:20:47,2,3658.33,mag_end
!2025-09-18_Multi_Spcon_J2_Con3,2025-09-18 13:20:47,2,3658.41,mag_start
!2025-09-18_Multi_Spcon_J2_Con3,2025-09-18 13:20:47,2,3659.56,mag_end
!2025-09-18_Multi_Spcon_J2_Con3,2025-09-18 13:20:47,2,3665.81,lowT_start
!2025-09-18_Multi_Spcon_J2_Con3,2025-09-18 13:20:47,2,3675.81,lowT_end
!2025-09-18_Multi_Spcon_J2_Con3,2025-09-18 13:20:47,2,3668.87,mag_start
!2025-09-18_Multi_Spcon_J2_Con3,2025-09-18 13:20:47,2,3669.94,mag_end
!2025-09-18_Multi_Spcon_J2_Con3,2025-09-18 13:20:47,2,3682.65,mag_start
!2025-09-18_Multi_Spcon_J2_Con3,2025-09-18 13:20:47,2,3684.16,mag_end
!2025-09-18_Multi_Spcon_J2_Con3,2025-09-18 13:20:47,2,3684.20,mag_start
!2025-09-18_Multi_Spcon_J2_Con3,2025-09-18 13:20:47,2,3684.24,mag_end
!2025-09-18_Multi_Spcon_J2_Con3,2025-09-18 13:20:47,2,3688.67,mag_start
!2025-09-18_Multi_Spcon_J2_Con3,2025-09-18 13:20:47,2,3689.25,mag_end
!2025-09-18_Multi_Spcon_J2_Con3,2025-09-18 13:20:47,2,3689.70,mag_start
!2025-09-18_Multi_Spcon_J2_Con3,2025-09-18 13:20:47,2,3690.50,mag_end
!2025-09-18_Multi_Spcon_J2_Con3,2025-09-18 13:20:47,2,3691.42,mag_start
!2025-09-18_Multi_Spcon_J2_Con3,2025-09-18 13:20:47,2,3692.15,mag_end
!2025-09-18_Multi_Spcon_J2_Con3,2025-09-18 13:20:47,2,3697.40,mag_start
!2025-09-18_Multi_Spcon_J2_Con3,2025-09-18 13:20:47,2,3697.55,mag_end
!2025-09-18_Multi_Spcon_J2_Con3,2025-09-18 13:20:47,2,3699.45,mag_start
!2025-09-18_Multi_Spcon_J2_Con3,2025-09-18 13:20:47,2,3699.46,mag_end
!2025-09-18_Multi_Spcon_J2_Con3,2025-09-18 13:20:47,2,3702.92,mag_start
!2025-09-18_Multi_Spcon_J2_Con3,2025-09-18 13:20:47,2,3702.93,mag_end
!2025-09-18_Multi_Spcon_J2_Con3,2025-09-18 13:20:47,2,3702.97,mag_start
!2025-09-18_Multi_Spcon_J2_Con3,2025-09-18 13:20:47,2,3703.06,mag_end
!2025-09-18_Multi_Spcon_J2_Con3,2025-09-18 13:20:47,2,3703.14,mag_start
!2025-09-18_Multi_Spcon_J2_Con3,2025-09-18 13:20:47,2,3703.19,mag_end
!2025-09-18_Multi_Spcon_J2_Con3,2025-09-18 13:20:47,2,3703.22,mag_start
!2025-09-18_Multi_Spcon_J2_Con3,2025-09-18 13:20:47,2,3703.54,mag_end
!2025-09-18_Multi_Spcon_J2_Con3,2025-09-18 13:20:47,2,3703.55,mag_start
!2025-09-18_Multi_Spcon_J2_Con3,2025-09-18 13:20:47,2,3703.56,mag_end
!2025-09-18_Multi_Spcon_J2_Con3,2025-09-18 13:20:47,2,3711.40,mag_start
!2025-09-18_Multi_Spcon_J2_Con3,2025-09-18 13:20:47,2,3711.56,mag_end
!2025-09-18_Multi_Spcon_J2_Con3,2025-09-18 13:20:47,2,3711.85,mag_start
!2025-09-18_Multi_Spcon_J2_Con3,2025-09-18 13:20:47,2,3711.88,mag_end
!2025-09-18_Multi_Spcon_J2_Con3,2025-09-18 13:20:47,2,3711.97,mag_start
!2025-09-18_Multi_Spcon_J2_Con3,2025-09-18 13:20:47,2,3712.49,mag_end
!2025-09-18_Multi_Spcon_J2_Con3,2025-09-18 13:20:47,2,3713.80,mag_start
!2025-09-18_Multi_Spcon_J2_Con3,2025-09-18 13:20:47,2,3713.87,mag_end
!2025-09-18_Multi_Spcon_J2_Con3,2025-09-18 13:20:47,2,3713.94,mag_start
!2025-09-18_Multi_Spcon_J2_Con3,2025-09-18 13:20:47,2,3713.98,mag_end
!2025-09-18_Multi_Spcon_J2_Con3,2025-09-18 13:20:47,2,3714.44,mag_start
!2025-09-18_Multi_Spcon_J2_Con3,2025-09-18 13:20:47,2,3714.93,mag_end
!2025-09-18_Multi_Spcon_J2_Con3,2025-09-18 13:20:47,2,3715.16,mag_start
!2025-09-18_Multi_Spcon_J2_Con3,2025-09-18 13:20:47,2,3715.30,mag_end
!2025-09-18_Multi_Spcon_J2_Con3,2025-09-18 13:20:47,2,3724.96,mag_start
!2025-09-18_Multi_Spcon_J2_Con3,2025-09-18 13:20:47,2,3725.12,mag_end
!2025-09-18_Multi_Spcon_J2_Con3,2025-09-18 13:20:47,2,3728.36,mag_start
!2025-09-18_Multi_Spcon_J2_Con3,2025-09-18 13:20:47,2,3728.43,mag_end
!2025-09-18_Multi_Spcon_J2_Con3,2025-09-18 13:20:47,2,3731.19,mag_start
!2025-09-18_Multi_Spcon_J2_Con3,2025-09-18 13:20:47,2,3731.36,mag_end
!2025-09-18_Multi_Spcon_J2_Con3,2025-09-18 13:20:47,2,3732.93,mag_start
!2025-09-18_Multi_Spcon_J2_Con3,2025-09-18 13:20:47,2,3733.09,mag_end
!2025-09-18_Multi_Spcon_J2_Con3,2025-09-18 13:20:47,2,3738.75,mag_start
!2025-09-18_Multi_Spcon_J2_Con3,2025-09-18 13:20:47,2,3740.27,mag_end
!2025-09-18_Multi_Spcon_J2_Con3,2025-09-18 13:20:47,2,3742.62,mag_start
!2025-09-18_Multi_Spcon_J2_Con3,2025-09-18 13:20:47,2,3743.08,mag_end
!2025-09-18_Multi_Spcon_J2_Con3,2025-09-18 13:20:47,2,3758.82,mag_start
!2025-09-18_Multi_Spcon_J2_Con3,2025-09-18 13:20:47,2,3758.90,mag_end
!2025-09-18_Multi_Spcon_J2_Con3,2025-09-18 13:20:47,2,3759.30,mag_start
!2025-09-18_Multi_Spcon_J2_Con3,2025-09-18 13:20:47,2,3760.20,mag_end
!2025-09-18_Multi_Spcon_J2_Con3,2025-09-18 13:20:47,2,3760.25,mag_start
!2025-09-18_Multi_Spcon_J2_Con3,2025-09-18 13:20:47,2,3760.96,mag_end
!2025-09-18_Multi_Spcon_J2_Con3,2025-09-18 13:20:47,2,3768.18,mag_start
!2025-09-18_Multi_Spcon_J2_Con3,2025-09-18 13:20:47,2,3769.03,mag_end
!2025-09-18_Multi_Spcon_J2_Con3,2025-09-18 13:20:47,2,3771.89,mag_start
!2025-09-18_Multi_Spcon_J2_Con3,2025-09-18 13:20:47,2,3772.59,mag_end
!2025-09-18_Multi_Spcon_J2_Con3,2025-09-18 13:20:47,2,3773.47,mag_start
!2025-09-18_Multi_Spcon_J2_Con3,2025-09-18 13:20:47,2,3774.87,mag_end
!2025-09-18_Multi_Spcon_J2_Con3,2025-09-18 13:20:47,2,3790.75,mag_start
!2025-09-18_Multi_Spcon_J2_Con3,2025-09-18 13:20:47,2,3791.31,mag_end
!2025-09-18_Multi_Spcon_J2_Con3,2025-09-18 13:20:47,2,3791.45,mag_start
!2025-09-18_Multi_Spcon_J2_Con3,2025-09-18 13:20:47,2,3791.69,mag_end
!2025-09-18_Multi_Spcon_J2_Con3,2025-09-18 13:20:47,2,3793.19,mag_start
!2025-09-18_Multi_Spcon_J2_Con3,2025-09-18 13:20:47,2,3794.32,mag_end
!2025-09-18_Multi_Spcon_J2_Con3,2025-09-18 13:20:47,2,3794.47,mag_start
!2025-09-18_Multi_Spcon_J2_Con3,2025-09-18 13:20:47,2,3794.85,mag_end
!2025-09-18_Multi_Spcon_J2_Con3,2025-09-18 13:20:47,2,3795.42,mag_start
!2025-09-18_Multi_Spcon_J2_Con3,2025-09-18 13:20:47,2,3796.44,mag_end
!2025-09-18_Multi_Spcon_J2_Con3,2025-09-18 13:20:47,2,3810.26,mag_start
!2025-09-18_Multi_Spcon_J2_Con3,2025-09-18 13:20:47,2,3812.17,mag_end
!2025-09-18_Multi_Spcon_J2_Con3,2025-09-18 13:20:47,2,3814.89,mag_start
!2025-09-18_Multi_Spcon_J2_Con3,2025-09-18 13:20:47,2,3815.22,mag_end
!2025-09-18_Multi_Spcon_J2_Con3,2025-09-18 13:20:47,2,3816.20,mag_start
!2025-09-18_Multi_Spcon_J2_Con3,2025-09-18 13:20:47,2,3817.18,mag_end
!2025-09-18_Multi_Spcon_J2_Con3,2025-09-18 13:20:47,2,3819.55,mag_start
!2025-09-18_Multi_Spcon_J2_Con3,2025-09-18 13:20:47,2,3819.59,mag_end
!2025-09-18_Multi_Spcon_J2_Con3,2025-09-18 13:20:47,2,3819.64,mag_start
!2025-09-18_Multi_Spcon_J2_Con3,2025-09-18 13:20:47,2,3822.26,mag_end
!2025-09-18_Multi_Spcon_J2_Con3,2025-09-18 13:20:47,2,3831.04,lowT_start
!2025-09-18_Multi_Spcon_J2_Con3,2025-09-18 13:20:47,2,3841.04,lowT_end
!2025-09-18_Multi_Spcon_J2_Con3,2025-09-18 13:20:47,2,3837.98,mag_start
!2025-09-18_Multi_Spcon_J2_Con3,2025-09-18 13:20:47,2,3839.75,mag_end
!2025-09-18_Multi_Spcon_J2_Con3,2025-09-18 13:20:47,2,3855.69,mag_start
!2025-09-18_Multi_Spcon_J2_Con3,2025-09-18 13:20:47,2,3858.92,mag_end
!2025-09-18_Multi_Spcon_J2_Con3,2025-09-18 13:20:47,2,3879.88,mag_start
!2025-09-18_Multi_Spcon_J2_Con3,2025-09-18 13:20:47,2,3880.99,mag_end
!2025-09-18_Multi_Spcon_J2_Con3,2025-09-18 13:20:47,2,3881.00,mag_start
!2025-09-18_Multi_Spcon_J2_Con3,2025-09-18 13:20:47,2,3881.05,mag_end
!2025-09-18_Multi_Spcon_J2_Con3,2025-09-18 13:20:47,2,3881.32,mag_start
!2025-09-18_Multi_Spcon_J2_Con3,2025-09-18 13:20:47,2,3881.89,mag_end
!2025-09-18_Multi_Spcon_J2_Con3,2025-09-18 13:20:47,2,3882.24,mag_start
!2025-09-18_Multi_Spcon_J2_Con3,2025-09-18 13:20:47,2,3882.47,mag_end
!2025-09-18_Multi_Spcon_J2_Con3,2025-09-18 13:20:47,2,3882.57,mag_start
!2025-09-18_Multi_Spcon_J2_Con3,2025-09-18 13:20:47,2,3883.69,mag_end
!2025-09-18_Multi_Spcon_J2_Con3,2025-09-18 13:20:47,2,3887.75,mag_start
!2025-09-18_Multi_Spcon_J2_Con3,2025-09-18 13:20:47,2,3887.85,mag_end
!2025-09-18_Multi_Spcon_J2_Con3,2025-09-18 13:20:47,2,3890.81,mag_start
!2025-09-18_Multi_Spcon_J2_Con3,2025-09-18 13:20:47,2,3891.39,mag_end
!2025-09-18_Multi_Spcon_J2_Con3,2025-09-18 13:20:47,2,3896.42,mag_start
!2025-09-18_Multi_Spcon_J2_Con3,2025-09-18 13:20:47,2,3896.61,mag_end
!2025-09-18_Multi_Spcon_J2_Con3,2025-09-18 13:20:47,2,3897.86,mag_start
!2025-09-18_Multi_Spcon_J2_Con3,2025-09-18 13:20:47,2,3897.94,mag_end
!2025-09-18_Multi_Spcon_J2_Con3,2025-09-18 13:20:47,2,3897.95,mag_start
!2025-09-18_Multi_Spcon_J2_Con3,2025-09-18 13:20:47,2,3898.14,mag_end
!2025-09-18_Multi_Spcon_J2_Con3,2025-09-18 13:20:47,2,3898.20,mag_start
!2025-09-18_Multi_Spcon_J2_Con3,2025-09-18 13:20:47,2,3898.25,mag_end
!2025-09-18_Multi_Spcon_J2_Con3,2025-09-18 13:20:47,2,3898.30,mag_start
!2025-09-18_Multi_Spcon_J2_Con3,2025-09-18 13:20:47,2,3898.82,mag_end
!2025-09-18_Multi_Spcon_J2_Con3,2025-09-18 13:20:47,2,3899.25,mag_start
!2025-09-18_Multi_Spcon_J2_Con3,2025-09-18 13:20:47,2,3900.70,mag_end
!2025-09-18_Multi_Spcon_J2_Con3,2025-09-18 13:20:47,2,3904.04,mag_start
!2025-09-18_Multi_Spcon_J2_Con3,2025-09-18 13:20:47,2,3904.25,mag_end
!2025-09-18_Multi_Spcon_J2_Con3,2025-09-18 13:20:47,2,3914.59,mag_start
!2025-09-18_Multi_Spcon_J2_Con3,2025-09-18 13:20:47,2,3915.04,mag_end
!2025-09-18_Multi_Spcon_J2_Con3,2025-09-18 13:20:47,2,3918.45,mag_start
!2025-09-18_Multi_Spcon_J2_Con3,2025-09-18 13:20:47,2,3918.65,mag_end
!2025-09-18_Multi_Spcon_J2_Con3,2025-09-18 13:20:47,2,3918.81,mag_start
!2025-09-18_Multi_Spcon_J2_Con3,2025-09-18 13:20:47,2,3919.43,mag_end
!2025-09-18_Multi_Spcon_J2_Con3,2025-09-18 13:20:47,2,3919.98,mag_start
!2025-09-18_Multi_Spcon_J2_Con3,2025-09-18 13:20:47,2,3920.24,mag_end
!2025-09-18_Multi_Spcon_J2_Con3,2025-09-18 13:20:47,2,3920.28,mag_start
!2025-09-18_Multi_Spcon_J2_Con3,2025-09-18 13:20:47,2,3920.53,mag_end
!2025-09-18_Multi_Spcon_J2_Con3,2025-09-18 13:20:47,2,3926.74,mag_start
!2025-09-18_Multi_Spcon_J2_Con3,2025-09-18 13:20:47,2,3927.37,mag_end
!2025-09-18_Multi_Spcon_J2_Con3,2025-09-18 13:20:47,2,3927.49,mag_start
!2025-09-18_Multi_Spcon_J2_Con3,2025-09-18 13:20:47,2,3927.72,mag_end
!2025-09-18_Multi_Spcon_J2_Con3,2025-09-18 13:20:47,2,3928.16,mag_start
!2025-09-18_Multi_Spcon_J2_Con3,2025-09-18 13:20:47,2,3928.87,mag_end
!2025-09-18_Multi_Spcon_J2_Con3,2025-09-18 13:20:47,2,3934.46,mag_start
!2025-09-18_Multi_Spcon_J2_Con3,2025-09-18 13:20:47,2,3935.10,mag_end
!2025-09-18_Multi_Spcon_J2_Con3,2025-09-18 13:20:47,2,3935.12,mag_start
!2025-09-18_Multi_Spcon_J2_Con3,2025-09-18 13:20:47,2,3935.24,mag_end
!2025-09-18_Multi_Spcon_J2_Con3,2025-09-18 13:20:47,2,3944.97,mag_start
!2025-09-18_Multi_Spcon_J2_Con3,2025-09-18 13:20:47,2,3945.03,mag_end
!2025-09-18_Multi_Spcon_J2_Con3,2025-09-18 13:20:47,2,3945.06,mag_start
!2025-09-18_Multi_Spcon_J2_Con3,2025-09-18 13:20:47,2,3945.13,mag_end
!2025-09-18_Multi_Spcon_J2_Con3,2025-09-18 13:20:47,2,3945.56,mag_start
!2025-09-18_Multi_Spcon_J2_Con3,2025-09-18 13:20:47,2,3946.46,mag_end
!2025-09-18_Multi_Spcon_J2_Con3,2025-09-18 13:20:47,2,3962.92,mag_start
!2025-09-18_Multi_Spcon_J2_Con3,2025-09-18 13:20:47,2,3965.02,mag_end
!2025-09-18_Multi_Spcon_J2_Con3,2025-09-18 13:20:47,2,3965.30,mag_start
!2025-09-18_Multi_Spcon_J2_Con3,2025-09-18 13:20:47,2,3969.12,mag_end
!2025-09-18_Multi_Spcon_J2_Con3,2025-09-18 13:20:47,2,4007.49,noise_start
!2025-09-18_Multi_Spcon_J2_Con3,2025-09-18 13:20:47,2,4017.49,noise_end
!2025-09-18_Multi_Spcon_J2_Con3,2025-09-18 13:20:47,2,4017.49,pelD_start
!2025-09-18_Multi_Spcon_J2_Con3,2025-09-18 13:20:47,2,4017.50,pelD_end
!2025-09-18_Multi_Spcon_J2_Con3,2025-09-18 13:20:47,2,4017.69,pelD_start
!2025-09-18_Multi_Spcon_J2_Con3,2025-09-18 13:20:47,2,4017.70,pelD_end
!2025-09-18_Multi_Spcon_J2_Con3,2025-09-18 13:20:47,2,4029.78,mag_start
!2025-09-18_Multi_Spcon_J2_Con3,2025-09-18 13:20:47,2,4029.80,mag_end
!2025-09-18_Multi_Spcon_J2_Con3,2025-09-18 13:20:47,2,4030.33,mag_start
!2025-09-18_Multi_Spcon_J2_Con3,2025-09-18 13:20:47,2,4031.28,mag_end
!2025-09-18_Multi_Spcon_J2_Con3,2025-09-18 13:20:47,2,4031.32,mag_start
!2025-09-18_Multi_Spcon_J2_Con3,2025-09-18 13:20:47,2,4031.34,mag_end
!2025-09-18_Multi_Spcon_J2_Con3,2025-09-18 13:20:47,2,4031.37,mag_start
!2025-09-18_Multi_Spcon_J2_Con3,2025-09-18 13:20:47,2,4033.94,mag_end
!2025-09-18_Multi_Spcon_J2_Con3,2025-09-18 13:20:47,2,4034.03,mag_start
!2025-09-18_Multi_Spcon_J2_Con3,2025-09-18 13:20:47,2,4034.05,mag_end
!2025-09-18_Multi_Spcon_J2_Con3,2025-09-18 13:20:47,2,4038.62,mag_start
!2025-09-18_Multi_Spcon_J2_Con3,2025-09-18 13:20:47,2,4038.73,mag_end
!2025-09-18_Multi_Spcon_J2_Con3,2025-09-18 13:20:47,2,4038.87,mag_start
!2025-09-18_Multi_Spcon_J2_Con3,2025-09-18 13:20:47,2,4038.94,mag_end
!2025-09-18_Multi_Spcon_J2_Con3,2025-09-18 13:20:47,2,4040.80,mag_start
!2025-09-18_Multi_Spcon_J2_Con3,2025-09-18 13:20:47,2,4040.84,mag_end
!2025-09-18_Multi_Spcon_J2_Con3,2025-09-18 13:20:47,2,4040.95,mag_start
!2025-09-18_Multi_Spcon_J2_Con3,2025-09-18 13:20:47,2,4040.97,mag_end
!2025-09-18_Multi_Spcon_J2_Con3,2025-09-18 13:20:47,2,4041.48,mag_start
!2025-09-18_Multi_Spcon_J2_Con3,2025-09-18 13:20:47,2,4041.58,mag_end
!2025-09-18_Multi_Spcon_J2_Con3,2025-09-18 13:20:47,2,4041.60,mag_start
!2025-09-18_Multi_Spcon_J2_Con3,2025-09-18 13:20:47,2,4041.62,mag_end
!2025-09-18_Multi_Spcon_J2_Con3,2025-09-18 13:20:47,2,4041.67,mag_start
!2025-09-18_Multi_Spcon_J2_Con3,2025-09-18 13:20:47,2,4041.71,mag_end
!2025-09-18_Multi_Spcon_J2_Con3,2025-09-18 13:20:47,2,4043.93,mag_start
!2025-09-18_Multi_Spcon_J2_Con3,2025-09-18 13:20:47,2,4044.06,mag_end
!2025-09-18_Multi_Spcon_J2_Con3,2025-09-18 13:20:47,2,4047.85,mag_start
!2025-09-18_Multi_Spcon_J2_Con3,2025-09-18 13:20:47,2,4047.87,mag_end
!2025-09-18_Multi_Spcon_J2_Con3,2025-09-18 13:20:47,2,4048.05,mag_start
!2025-09-18_Multi_Spcon_J2_Con3,2025-09-18 13:20:47,2,4048.78,mag_end
!2025-09-18_Multi_Spcon_J2_Con3,2025-09-18 13:20:47,2,4049.07,mag_start
!2025-09-18_Multi_Spcon_J2_Con3,2025-09-18 13:20:47,2,4049.65,mag_end
!2025-09-18_Multi_Spcon_J2_Con3,2025-09-18 13:20:47,2,4053.03,mag_start
!2025-09-18_Multi_Spcon_J2_Con3,2025-09-18 13:20:47,2,4053.06,mag_end
!2025-09-18_Multi_Spcon_J2_Con3,2025-09-18 13:20:47,2,4053.72,mag_start
!2025-09-18_Multi_Spcon_J2_Con3,2025-09-18 13:20:47,2,4053.89,mag_end
!2025-09-18_Multi_Spcon_J2_Con3,2025-09-18 13:20:47,2,4056.87,mag_start
!2025-09-18_Multi_Spcon_J2_Con3,2025-09-18 13:20:47,2,4056.98,mag_end
!2025-09-18_Multi_Spcon_J2_Con3,2025-09-18 13:20:47,2,4059.54,mag_start
!2025-09-18_Multi_Spcon_J2_Con3,2025-09-18 13:20:47,2,4059.63,mag_end
!2025-09-18_Multi_Spcon_J2_Con3,2025-09-18 13:20:47,2,4066.53,mag_start
!2025-09-18_Multi_Spcon_J2_Con3,2025-09-18 13:20:47,2,4066.57,mag_end
!2025-09-18_Multi_Spcon_J2_Con3,2025-09-18 13:20:47,2,4066.58,mag_start
!2025-09-18_Multi_Spcon_J2_Con3,2025-09-18 13:20:47,2,4067.49,mag_end
!2025-09-18_Multi_Spcon_J2_Con3,2025-09-18 13:20:47,2,4082.15,mag_start
!2025-09-18_Multi_Spcon_J2_Con3,2025-09-18 13:20:47,2,4082.24,mag_end
!2025-09-18_Multi_Spcon_J2_Con3,2025-09-18 13:20:47,2,4088.19,mag_start
!2025-09-18_Multi_Spcon_J2_Con3,2025-09-18 13:20:47,2,4088.22,mag_end
!2025-09-18_Multi_Spcon_J2_Con3,2025-09-18 13:20:47,2,4092.04,mag_start
!2025-09-18_Multi_Spcon_J2_Con3,2025-09-18 13:20:47,2,4092.87,mag_end
!2025-09-18_Multi_Spcon_J2_Con3,2025-09-18 13:20:47,2,4093.31,mag_start
!2025-09-18_Multi_Spcon_J2_Con3,2025-09-18 13:20:47,2,4093.47,mag_end
!2025-09-18_Multi_Spcon_J2_Con3,2025-09-18 13:20:47,2,4095.85,mag_start
!2025-09-18_Multi_Spcon_J2_Con3,2025-09-18 13:20:47,2,4096.05,mag_end
!2025-09-18_Multi_Spcon_J2_Con3,2025-09-18 13:20:47,2,4096.33,mag_start
!2025-09-18_Multi_Spcon_J2_Con3,2025-09-18 13:20:47,2,4096.44,mag_end
!2025-09-18_Multi_Spcon_J2_Con3,2025-09-18 13:20:47,2,4097.95,mag_start
!2025-09-18_Multi_Spcon_J2_Con3,2025-09-18 13:20:47,2,4098.54,mag_end
!2025-09-18_Multi_Spcon_J2_Con3,2025-09-18 13:20:47,2,4103.16,mag_start
!2025-09-18_Multi_Spcon_J2_Con3,2025-09-18 13:20:47,2,4103.25,mag_end
!2025-09-18_Multi_Spcon_J2_Con3,2025-09-18 13:20:47,2,4103.40,mag_start
!2025-09-18_Multi_Spcon_J2_Con3,2025-09-18 13:20:47,2,4104.03,mag_end
!2025-09-18_Multi_Spcon_J2_Con3,2025-09-18 13:20:47,2,4110.91,mag_start
!2025-09-18_Multi_Spcon_J2_Con3,2025-09-18 13:20:47,2,4110.96,mag_end
!2025-09-18_Multi_Spcon_J2_Con3,2025-09-18 13:20:47,2,4111.86,mag_start
!2025-09-18_Multi_Spcon_J2_Con3,2025-09-18 13:20:47,2,4112.15,mag_end
!2025-09-18_Multi_Spcon_J2_Con3,2025-09-18 13:20:47,2,4114.42,mag_start
!2025-09-18_Multi_Spcon_J2_Con3,2025-09-18 13:20:47,2,4115.79,mag_end
!2025-09-18_Multi_Spcon_J2_Con3,2025-09-18 13:20:47,2,4115.81,mag_start
!2025-09-18_Multi_Spcon_J2_Con3,2025-09-18 13:20:47,2,4115.83,mag_end
!2025-09-18_Multi_Spcon_J2_Con3,2025-09-18 13:20:47,2,4119.10,mag_start
!2025-09-18_Multi_Spcon_J2_Con3,2025-09-18 13:20:47,2,4121.74,mag_end
!2025-09-18_Multi_Spcon_J2_Con3,2025-09-18 13:20:47,2,4125.56,mag_start
!2025-09-18_Multi_Spcon_J2_Con3,2025-09-18 13:20:47,2,4126.16,mag_end
!2025-09-18_Multi_Spcon_J2_Con3,2025-09-18 13:20:47,2,4126.59,mag_start
!2025-09-18_Multi_Spcon_J2_Con3,2025-09-18 13:20:47,2,4126.73,mag_end
!2025-09-18_Multi_Spcon_J2_Con3,2025-09-18 13:20:47,2,4128.24,mag_start
!2025-09-18_Multi_Spcon_J2_Con3,2025-09-18 13:20:47,2,4130.55,mag_end
!2025-09-18_Multi_Spcon_J2_Con3,2025-09-18 13:20:47,2,4164.59,lowT_start
!2025-09-18_Multi_Spcon_J2_Con3,2025-09-18 13:20:47,2,4174.59,lowT_end
!2025-09-18_Multi_Spcon_J2_Con3,2025-09-18 13:20:47,2,4189.71,mag_start
!2025-09-18_Multi_Spcon_J2_Con3,2025-09-18 13:20:47,2,4192.32,mag_end
!2025-09-18_Multi_Spcon_J2_Con3,2025-09-18 13:20:47,2,4200.52,mag_start
!2025-09-18_Multi_Spcon_J2_Con3,2025-09-18 13:20:47,2,4200.76,mag_end
!2025-09-18_Multi_Spcon_J2_Con3,2025-09-18 13:20:47,2,4200.79,mag_start
!2025-09-18_Multi_Spcon_J2_Con3,2025-09-18 13:20:47,2,4201.23,mag_end
!2025-09-18_Multi_Spcon_J2_Con3,2025-09-18 13:20:47,2,4221.25,mag_start
!2025-09-18_Multi_Spcon_J2_Con3,2025-09-18 13:20:47,2,4221.28,mag_end
!2025-09-18_Multi_Spcon_J2_Con3,2025-09-18 13:20:47,2,4243.53,mag_start
!2025-09-18_Multi_Spcon_J2_Con3,2025-09-18 13:20:47,2,4243.60,mag_end
!2025-09-18_Multi_Spcon_J2_Con3,2025-09-18 13:20:47,2,4243.64,mag_start
!2025-09-18_Multi_Spcon_J2_Con3,2025-09-18 13:20:47,2,4243.69,mag_end
!2025-09-18_Multi_Spcon_J2_Con3,2025-09-18 13:20:47,2,4243.71,mag_start
!2025-09-18_Multi_Spcon_J2_Con3,2025-09-18 13:20:47,2,4244.71,mag_end
!2025-09-18_Multi_Spcon_J2_Con3,2025-09-18 13:20:47,2,4273.07,mag_start
!2025-09-18_Multi_Spcon_J2_Con3,2025-09-18 13:20:47,2,4273.13,mag_end
!2025-09-18_Multi_Spcon_J2_Con3,2025-09-18 13:20:47,2,4273.26,mag_start
!2025-09-18_Multi_Spcon_J2_Con3,2025-09-18 13:20:47,2,4273.79,mag_end
!2025-09-18_Multi_Spcon_J2_Con3,2025-09-18 13:20:47,2,4297.84,mag_start
!2025-09-18_Multi_Spcon_J2_Con3,2025-09-18 13:20:47,2,4297.93,mag_end
!2025-09-18_Multi_Spcon_J2_Con3,2025-09-18 13:20:47,2,4297.98,mag_start
!2025-09-18_Multi_Spcon_J2_Con3,2025-09-18 13:20:47,2,4299.37,mag_end
!2025-09-18_Multi_Spcon_J2_Con3,2025-09-18 13:20:47,2,4309.00,mag_start
!2025-09-18_Multi_Spcon_J2_Con3,2025-09-18 13:20:47,2,4310.56,mag_end
!2025-09-18_Multi_Spcon_J2_Con3,2025-09-18 13:20:47,2,4312.35,noise_start
!2025-09-18_Multi_Spcon_J2_Con3,2025-09-18 13:20:47,2,4322.35,noise_end
!2025-09-18_Multi_Spcon_J2_Con3,2025-09-18 13:20:47,2,4312.41,mag_start
!2025-09-18_Multi_Spcon_J2_Con3,2025-09-18 13:20:47,2,4314.38,mag_end
!2025-09-18_Multi_Spcon_J2_Con3,2025-09-18 13:20:47,2,4322.35,pelD_start
!2025-09-18_Multi_Spcon_J2_Con3,2025-09-18 13:20:47,2,4322.36,pelD_end
!2025-09-18_Multi_Spcon_J2_Con3,2025-09-18 13:20:47,2,4322.55,pelD_start
!2025-09-18_Multi_Spcon_J2_Con3,2025-09-18 13:20:47,2,4322.56,pelD_end
!2025-09-18_Multi_Spcon_J2_Con3,2025-09-18 13:20:47,2,4329.10,mag_start
!2025-09-18_Multi_Spcon_J2_Con3,2025-09-18 13:20:47,2,4329.13,mag_end
!2025-09-18_Multi_Spcon_J2_Con3,2025-09-18 13:20:47,2,4329.20,mag_start
!2025-09-18_Multi_Spcon_J2_Con3,2025-09-18 13:20:47,2,4329.27,mag_end
!2025-09-18_Multi_Spcon_J2_Con3,2025-09-18 13:20:47,2,4335.80,mag_start
!2025-09-18_Multi_Spcon_J2_Con3,2025-09-18 13:20:47,2,4336.17,mag_end
!2025-09-18_Multi_Spcon_J2_Con3,2025-09-18 13:20:47,2,4340.86,mag_start
!2025-09-18_Multi_Spcon_J2_Con3,2025-09-18 13:20:47,2,4342.58,mag_end
!2025-09-18_Multi_Spcon_J2_Con3,2025-09-18 13:20:47,2,4353.73,mag_start
!2025-09-18_Multi_Spcon_J2_Con3,2025-09-18 13:20:47,2,4353.82,mag_end
!2025-09-18_Multi_Spcon_J2_Con3,2025-09-18 13:20:47,2,4353.83,mag_start
!2025-09-18_Multi_Spcon_J2_Con3,2025-09-18 13:20:47,2,4356.80,mag_end
!2025-09-18_Multi_Spcon_J2_Con3,2025-09-18 13:20:47,2,4365.63,mag_start
!2025-09-18_Multi_Spcon_J2_Con3,2025-09-18 13:20:47,2,4365.96,mag_end
!2025-09-18_Multi_Spcon_J2_Con3,2025-09-18 13:20:47,2,4366.25,mag_start
!2025-09-18_Multi_Spcon_J2_Con3,2025-09-18 13:20:47,2,4366.96,mag_end
!2025-09-18_Multi_Spcon_J2_Con3,2025-09-18 13:20:47,2,4366.98,mag_start
!2025-09-18_Multi_Spcon_J2_Con3,2025-09-18 13:20:47,2,4368.74,mag_end
!2025-09-18_Multi_Spcon_J2_Con3,2025-09-18 13:20:47,2,4370.77,mag_start
!2025-09-18_Multi_Spcon_J2_Con3,2025-09-18 13:20:47,2,4372.99,mag_end
!2025-09-18_Multi_Spcon_J2_Con3,2025-09-18 13:20:47,2,4377.38,mag_start
!2025-09-18_Multi_Spcon_J2_Con3,2025-09-18 13:20:47,2,4381.58,mag_end
!2025-09-18_Multi_Spcon_J2_Con3,2025-09-18 13:20:47,2,4383.05,mag_start
!2025-09-18_Multi_Spcon_J2_Con3,2025-09-18 13:20:47,2,4384.53,mag_end
!2025-09-18_Multi_Spcon_J2_Con3,2025-09-18 13:20:47,2,4385.76,mag_start
!2025-09-18_Multi_Spcon_J2_Con3,2025-09-18 13:20:47,2,4385.86,mag_end
!2025-09-18_Multi_Spcon_J2_Con3,2025-09-18 13:20:47,2,4385.90,mag_start
!2025-09-18_Multi_Spcon_J2_Con3,2025-09-18 13:20:47,2,4385.97,mag_end
!2025-09-18_Multi_Spcon_J2_Con3,2025-09-18 13:20:47,2,4388.70,mag_start
!2025-09-18_Multi_Spcon_J2_Con3,2025-09-18 13:20:47,2,4388.91,mag_end
!2025-09-18_Multi_Spcon_J2_Con3,2025-09-18 13:20:47,2,4389.16,mag_start
!2025-09-18_Multi_Spcon_J2_Con3,2025-09-18 13:20:47,2,4389.38,mag_end
!2025-09-18_Multi_Spcon_J2_Con3,2025-09-18 13:20:47,2,4394.95,mag_start
!2025-09-18_Multi_Spcon_J2_Con3,2025-09-18 13:20:47,2,4395.41,mag_end
!2025-09-18_Multi_Spcon_J2_Con3,2025-09-18 13:20:47,2,4395.44,mag_start
!2025-09-18_Multi_Spcon_J2_Con3,2025-09-18 13:20:47,2,4395.48,mag_end
!2025-09-18_Multi_Spcon_J2_Con3,2025-09-18 13:20:47,2,4441.77,mag_start
!2025-09-18_Multi_Spcon_J2_Con3,2025-09-18 13:20:47,2,4443.45,mag_end
!2025-09-18_Multi_Spcon_J2_Con3,2025-09-18 13:20:47,2,4449.27,mag_start
!2025-09-18_Multi_Spcon_J2_Con3,2025-09-18 13:20:47,2,4449.61,mag_end
!2025-09-18_Multi_Spcon_J2_Con3,2025-09-18 13:20:47,2,4454.10,mag_start
!2025-09-18_Multi_Spcon_J2_Con3,2025-09-18 13:20:47,2,4454.45,mag_end
!2025-09-18_Multi_Spcon_J2_Con3,2025-09-18 13:20:47,2,4454.56,mag_start
!2025-09-18_Multi_Spcon_J2_Con3,2025-09-18 13:20:47,2,4454.60,mag_end
!2025-09-18_Multi_Spcon_J2_Con3,2025-09-18 13:20:47,2,4454.65,mag_start
!2025-09-18_Multi_Spcon_J2_Con3,2025-09-18 13:20:47,2,4454.89,mag_end
!2025-09-18_Multi_Spcon_J2_Con3,2025-09-18 13:20:47,2,4455.51,mag_start
!2025-09-18_Multi_Spcon_J2_Con3,2025-09-18 13:20:47,2,4455.53,mag_end
!2025-09-18_Multi_Spcon_J2_Con3,2025-09-18 13:20:47,2,4455.72,mag_start
!2025-09-18_Multi_Spcon_J2_Con3,2025-09-18 13:20:47,2,4456.30,mag_end
!2025-09-18_Multi_Spcon_J2_Con3,2025-09-18 13:20:47,2,4462.27,mag_start
!2025-09-18_Multi_Spcon_J2_Con3,2025-09-18 13:20:47,2,4463.46,mag_end
!2025-09-18_Multi_Spcon_J2_Con3,2025-09-18 13:20:47,2,4463.93,mag_start
!2025-09-18_Multi_Spcon_J2_Con3,2025-09-18 13:20:47,2,4463.96,mag_end
!2025-09-18_Multi_Spcon_J2_Con3,2025-09-18 13:20:47,2,4464.09,mag_start
!2025-09-18_Multi_Spcon_J2_Con3,2025-09-18 13:20:47,2,4465.05,mag_end
!2025-09-18_Multi_Spcon_J2_Con3,2025-09-18 13:20:47,2,4472.57,mag_start
!2025-09-18_Multi_Spcon_J2_Con3,2025-09-18 13:20:47,2,4472.75,mag_end
!2025-09-18_Multi_Spcon_J2_Con3,2025-09-18 13:20:47,2,4472.90,mag_start
!2025-09-18_Multi_Spcon_J2_Con3,2025-09-18 13:20:47,2,4473.16,mag_end
!2025-09-18_Multi_Spcon_J2_Con3,2025-09-18 13:20:47,2,4478.66,mag_start
!2025-09-18_Multi_Spcon_J2_Con3,2025-09-18 13:20:47,2,4478.70,mag_end
!2025-09-18_Multi_Spcon_J2_Con3,2025-09-18 13:20:47,2,4479.87,noise_start
!2025-09-18_Multi_Spcon_J2_Con3,2025-09-18 13:20:47,2,4489.87,noise_end
!2025-09-18_Multi_Spcon_J2_Con3,2025-09-18 13:20:47,2,4485.45,mag_start
!2025-09-18_Multi_Spcon_J2_Con3,2025-09-18 13:20:47,2,4485.46,mag_end
!2025-09-18_Multi_Spcon_J2_Con3,2025-09-18 13:20:47,2,4485.50,mag_start
!2025-09-18_Multi_Spcon_J2_Con3,2025-09-18 13:20:47,2,4485.53,mag_end
!2025-09-18_Multi_Spcon_J2_Con3,2025-09-18 13:20:47,2,4486.56,mag_start
!2025-09-18_Multi_Spcon_J2_Con3,2025-09-18 13:20:47,2,4486.61,mag_end
!2025-09-18_Multi_Spcon_J2_Con3,2025-09-18 13:20:47,2,4489.87,pelD_start
!2025-09-18_Multi_Spcon_J2_Con3,2025-09-18 13:20:47,2,4489.88,pelD_end
!2025-09-18_Multi_Spcon_J2_Con3,2025-09-18 13:20:47,2,4490.07,pelD_start
!2025-09-18_Multi_Spcon_J2_Con3,2025-09-18 13:20:47,2,4490.08,pelD_end
!2025-09-18_Multi_Spcon_J2_Con3,2025-09-18 13:20:47,2,4501.78,mag_start
!2025-09-18_Multi_Spcon_J2_Con3,2025-09-18 13:20:47,2,4501.79,mag_end
!2025-09-18_Multi_Spcon_J2_Con3,2025-09-18 13:20:47,2,4502.05,mag_start
!2025-09-18_Multi_Spcon_J2_Con3,2025-09-18 13:20:47,2,4503.07,mag_end
!2025-09-18_Multi_Spcon_J2_Con3,2025-09-18 13:20:47,2,4513.46,mag_start
!2025-09-18_Multi_Spcon_J2_Con3,2025-09-18 13:20:47,2,4513.47,mag_end
!2025-09-18_Multi_Spcon_J2_Con3,2025-09-18 13:20:47,2,4515.14,mag_start
!2025-09-18_Multi_Spcon_J2_Con3,2025-09-18 13:20:47,2,4518.16,mag_end
!2025-09-18_Multi_Spcon_J2_Con3,2025-09-18 13:20:47,2,4528.69,mag_start
!2025-09-18_Multi_Spcon_J2_Con3,2025-09-18 13:20:47,2,4528.71,mag_end
!2025-09-18_Multi_Spcon_J2_Con3,2025-09-18 13:20:47,2,4528.77,mag_start
!2025-09-18_Multi_Spcon_J2_Con3,2025-09-18 13:20:47,2,4528.85,mag_end
!2025-09-18_Multi_Spcon_J2_Con3,2025-09-18 13:20:47,2,4528.89,mag_start
!2025-09-18_Multi_Spcon_J2_Con3,2025-09-18 13:20:47,2,4529.41,mag_end
!2025-09-18_Multi_Spcon_J2_Con3,2025-09-18 13:20:47,2,4529.43,mag_start
!2025-09-18_Multi_Spcon_J2_Con3,2025-09-18 13:20:47,2,4529.97,mag_end
!2025-09-18_Multi_Spcon_J2_Con3,2025-09-18 13:20:47,2,4531.33,mag_start
!2025-09-18_Multi_Spcon_J2_Con3,2025-09-18 13:20:47,2,4531.40,mag_end
!2025-09-18_Multi_Spcon_J2_Con3,2025-09-18 13:20:47,2,4531.51,mag_start
!2025-09-18_Multi_Spcon_J2_Con3,2025-09-18 13:20:47,2,4532.24,mag_end
!2025-09-18_Multi_Spcon_J2_Con3,2025-09-18 13:20:47,2,4532.27,mag_start
!2025-09-18_Multi_Spcon_J2_Con3,2025-09-18 13:20:47,2,4533.99,mag_end
!2025-09-18_Multi_Spcon_J2_Con3,2025-09-18 13:20:47,2,4543.83,mag_start
!2025-09-18_Multi_Spcon_J2_Con3,2025-09-18 13:20:47,2,4544.05,mag_end
!2025-09-18_Multi_Spcon_J2_Con3,2025-09-18 13:20:47,2,4548.99,mag_start
!2025-09-18_Multi_Spcon_J2_Con3,2025-09-18 13:20:47,2,4549.01,mag_end
!2025-09-18_Multi_Spcon_J2_Con3,2025-09-18 13:20:47,2,4550.82,mag_start
!2025-09-18_Multi_Spcon_J2_Con3,2025-09-18 13:20:47,2,4551.08,mag_end
!2025-09-18_Multi_Spcon_J2_Con3,2025-09-18 13:20:47,2,4551.29,mag_start
!2025-09-18_Multi_Spcon_J2_Con3,2025-09-18 13:20:47,2,4551.30,mag_end
!2025-09-18_Multi_Spcon_J2_Con3,2025-09-18 13:20:47,2,4551.43,mag_start
!2025-09-18_Multi_Spcon_J2_Con3,2025-09-18 13:20:47,2,4551.45,mag_end
!2025-09-18_Multi_Spcon_J2_Con3,2025-09-18 13:20:47,2,4551.49,mag_start
!2025-09-18_Multi_Spcon_J2_Con3,2025-09-18 13:20:47,2,4551.50,mag_end
!2025-09-18_Multi_Spcon_J2_Con3,2025-09-18 13:20:47,2,4551.81,mag_start
!2025-09-18_Multi_Spcon_J2_Con3,2025-09-18 13:20:47,2,4551.86,mag_end
!2025-09-18_Multi_Spcon_J2_Con3,2025-09-18 13:20:47,2,4551.98,mag_start
!2025-09-18_Multi_Spcon_J2_Con3,2025-09-18 13:20:47,2,4553.17,mag_end
!2025-09-18_Multi_Spcon_J2_Con3,2025-09-18 13:20:47,2,4553.34,mag_start
!2025-09-18_Multi_Spcon_J2_Con3,2025-09-18 13:20:47,2,4553.35,mag_end
!2025-09-18_Multi_Spcon_J2_Con3,2025-09-18 13:20:47,2,4553.47,mag_start
!2025-09-18_Multi_Spcon_J2_Con3,2025-09-18 13:20:47,2,4556.53,mag_end
!2025-09-18_Multi_Spcon_J2_Con3,2025-09-18 13:20:47,2,4561.59,mag_start
!2025-09-18_Multi_Spcon_J2_Con3,2025-09-18 13:20:47,2,4562.22,mag_end
!2025-09-18_Multi_Spcon_J2_Con3,2025-09-18 13:20:47,2,4562.91,mag_start
!2025-09-18_Multi_Spcon_J2_Con3,2025-09-18 13:20:47,2,4563.28,mag_end
!2025-09-18_Multi_Spcon_J2_Con3,2025-09-18 13:20:47,2,4567.69,mag_start
!2025-09-18_Multi_Spcon_J2_Con3,2025-09-18 13:20:47,2,4567.71,mag_end
!2025-09-18_Multi_Spcon_J2_Con3,2025-09-18 13:20:47,2,4567.74,mag_start
!2025-09-18_Multi_Spcon_J2_Con3,2025-09-18 13:20:47,2,4569.53,mag_end
!2025-09-18_Multi_Spcon_J2_Con3,2025-09-18 13:20:47,2,4569.71,mag_start
!2025-09-18_Multi_Spcon_J2_Con3,2025-09-18 13:20:47,2,4569.90,mag_end
!2025-09-18_Multi_Spcon_J2_Con3,2025-09-18 13:20:47,2,4569.94,mag_start
!2025-09-18_Multi_Spcon_J2_Con3,2025-09-18 13:20:47,2,4570.03,mag_end
!2025-09-18_Multi_Spcon_J2_Con3,2025-09-18 13:20:47,2,4570.26,mag_start
!2025-09-18_Multi_Spcon_J2_Con3,2025-09-18 13:20:47,2,4570.39,mag_end
!2025-09-18_Multi_Spcon_J2_Con3,2025-09-18 13:20:47,2,4572.90,mag_start
!2025-09-18_Multi_Spcon_J2_Con3,2025-09-18 13:20:47,2,4575.04,mag_end
!2025-09-18_Multi_Spcon_J2_Con3,2025-09-18 13:20:47,2,4621.93,mag_start
!2025-09-18_Multi_Spcon_J2_Con3,2025-09-18 13:20:47,2,4622.19,mag_end
!2025-09-18_Multi_Spcon_J2_Con3,2025-09-18 13:20:47,2,4622.26,mag_start
!2025-09-18_Multi_Spcon_J2_Con3,2025-09-18 13:20:47,2,4622.87,mag_end
!2025-09-18_Multi_Spcon_J2_Con3,2025-09-18 13:20:47,2,4630.50,mag_start
!2025-09-18_Multi_Spcon_J2_Con3,2025-09-18 13:20:47,2,4631.06,mag_end
!2025-09-18_Multi_Spcon_J2_Con3,2025-09-18 13:20:47,2,4636.26,mag_start
!2025-09-18_Multi_Spcon_J2_Con3,2025-09-18 13:20:47,2,4636.40,mag_end
!2025-09-18_Multi_Spcon_J2_Con3,2025-09-18 13:20:47,2,4636.43,mag_start
!2025-09-18_Multi_Spcon_J2_Con3,2025-09-18 13:20:47,2,4636.44,mag_end
!2025-09-18_Multi_Spcon_J2_Con3,2025-09-18 13:20:47,2,4646.00,lowT_start
!2025-09-18_Multi_Spcon_J2_Con3,2025-09-18 13:20:47,2,4656.00,lowT_end
!2025-09-18_Multi_Spcon_J2_Con3,2025-09-18 13:20:47,2,4655.37,mag_start
!2025-09-18_Multi_Spcon_J2_Con3,2025-09-18 13:20:47,2,4655.98,mag_end
!2025-09-18_Multi_Spcon_J2_Con3,2025-09-18 13:20:47,2,4730.91,mag_start
!2025-09-18_Multi_Spcon_J2_Con3,2025-09-18 13:20:47,2,4731.76,mag_end
!2025-09-18_Multi_Spcon_J2_Con3,2025-09-18 13:20:47,2,4752.76,mag_start
!2025-09-18_Multi_Spcon_J2_Con3,2025-09-18 13:20:47,2,4753.11,mag_end
!2025-09-18_Multi_Spcon_J2_Con3,2025-09-18 13:20:47,2,4786.87,mag_start
!2025-09-18_Multi_Spcon_J2_Con3,2025-09-18 13:20:47,2,4788.33,mag_end
!2025-09-18_Multi_Spcon_J2_Con3,2025-09-18 13:20:47,2,4794.95,noise_start
!2025-09-18_Multi_Spcon_J2_Con3,2025-09-18 13:20:47,2,4804.95,noise_end
!2025-09-18_Multi_Spcon_J2_Con3,2025-09-18 13:20:47,2,4797.99,mag_start
!2025-09-18_Multi_Spcon_J2_Con3,2025-09-18 13:20:47,2,4798.48,mag_end
!2025-09-18_Multi_Spcon_J2_Con3,2025-09-18 13:20:47,2,4798.93,mag_start
!2025-09-18_Multi_Spcon_J2_Con3,2025-09-18 13:20:47,2,4799.22,mag_end
!2025-09-18_Multi_Spcon_J2_Con3,2025-09-18 13:20:47,2,4804.95,pelD_start
!2025-09-18_Multi_Spcon_J2_Con3,2025-09-18 13:20:47,2,4804.96,pelD_end
!2025-09-18_Multi_Spcon_J2_Con3,2025-09-18 13:20:47,2,4805.15,pelD_start
!2025-09-18_Multi_Spcon_J2_Con3,2025-09-18 13:20:47,2,4805.16,pelD_end
!2025-09-18_Multi_Spcon_J2_Con3,2025-09-18 13:20:47,2,4811.21,mag_start
!2025-09-18_Multi_Spcon_J2_Con3,2025-09-18 13:20:47,2,4811.73,mag_end
!2025-09-18_Multi_Spcon_J2_Con3,2025-09-18 13:20:47,2,4811.75,mag_start
!2025-09-18_Multi_Spcon_J2_Con3,2025-09-18 13:20:47,2,4811.82,mag_end
!2025-09-18_Multi_Spcon_J2_Con3,2025-09-18 13:20:47,2,4814.04,mag_start
!2025-09-18_Multi_Spcon_J2_Con3,2025-09-18 13:20:47,2,4814.75,mag_end
!2025-09-18_Multi_Spcon_J2_Con3,2025-09-18 13:20:47,2,4825.96,mag_start
!2025-09-18_Multi_Spcon_J2_Con3,2025-09-18 13:20:47,2,4826.71,mag_end
!2025-09-18_Multi_Spcon_J2_Con3,2025-09-18 13:20:47,2,4838.85,mag_start
!2025-09-18_Multi_Spcon_J2_Con3,2025-09-18 13:20:47,2,4838.90,mag_end
!2025-09-18_Multi_Spcon_J2_Con3,2025-09-18 13:20:47,2,4838.94,mag_start
!2025-09-18_Multi_Spcon_J2_Con3,2025-09-18 13:20:47,2,4839.76,mag_end
!2025-09-18_Multi_Spcon_J2_Con3,2025-09-18 13:20:47,2,4854.45,mag_start
!2025-09-18_Multi_Spcon_J2_Con3,2025-09-18 13:20:47,2,4854.51,mag_end
!2025-09-18_Multi_Spcon_J2_Con3,2025-09-18 13:20:47,2,4854.52,mag_start
!2025-09-18_Multi_Spcon_J2_Con3,2025-09-18 13:20:47,2,4855.41,mag_end
!2025-09-18_Multi_Spcon_J2_Con3,2025-09-18 13:20:47,2,4930.13,mag_start
!2025-09-18_Multi_Spcon_J2_Con3,2025-09-18 13:20:47,2,4931.31,mag_end
!2025-09-18_Multi_Spcon_J2_Con3,2025-09-18 13:20:47,2,4931.39,mag_start
!2025-09-18_Multi_Spcon_J2_Con3,2025-09-18 13:20:47,2,4931.48,mag_end
!2025-09-18_Multi_Spcon_J2_Con3,2025-09-18 13:20:47,2,4976.76,lowT_start
!2025-09-18_Multi_Spcon_J2_Con3,2025-09-18 13:20:47,2,4986.76,lowT_end
!2025-09-18_Multi_Spcon_J2_Con3,2025-09-18 13:20:47,2,5140.61,lowT_start
!2025-09-18_Multi_Spcon_J2_Con3,2025-09-18 13:20:47,2,5150.61,lowT_end
!2025-09-18_Multi_Spcon_J2_Con3,2025-09-18 13:20:47,2,5293.63,noise_start
!2025-09-18_Multi_Spcon_J2_Con3,2025-09-18 13:20:47,2,5303.63,noise_end
!2025-09-18_Multi_Spcon_J2_Con3,2025-09-18 13:20:47,2,5303.63,pelD_start
!2025-09-18_Multi_Spcon_J2_Con3,2025-09-18 13:20:47,2,5303.64,pelD_end
!2025-09-18_Multi_Spcon_J2_Con3,2025-09-18 13:20:47,2,5303.83,pelD_start
!2025-09-18_Multi_Spcon_J2_Con3,2025-09-18 13:20:47,2,5303.84,pelD_end
!2025-09-18_Multi_Spcon_J2_Con3,2025-09-18 13:20:47,2,5317.93,mag_start
!2025-09-18_Multi_Spcon_J2_Con3,2025-09-18 13:20:47,2,5319.35,mag_end
!2025-09-18_Multi_Spcon_J2_Con3,2025-09-18 13:20:47,2,5328.31,mag_start
!2025-09-18_Multi_Spcon_J2_Con3,2025-09-18 13:20:47,2,5328.34,mag_end
!2025-09-18_Multi_Spcon_J2_Con3,2025-09-18 13:20:47,2,5330.56,mag_start
!2025-09-18_Multi_Spcon_J2_Con3,2025-09-18 13:20:47,2,5331.06,mag_end
!2025-09-18_Multi_Spcon_J2_Con3,2025-09-18 13:20:47,2,5333.46,mag_start
!2025-09-18_Multi_Spcon_J2_Con3,2025-09-18 13:20:47,2,5333.48,mag_end
!2025-09-18_Multi_Spcon_J2_Con3,2025-09-18 13:20:47,2,5334.17,mag_start
!2025-09-18_Multi_Spcon_J2_Con3,2025-09-18 13:20:47,2,5334.33,mag_end
!2025-09-18_Multi_Spcon_J2_Con3,2025-09-18 13:20:47,2,5334.40,mag_start
!2025-09-18_Multi_Spcon_J2_Con3,2025-09-18 13:20:47,2,5334.60,mag_end
!2025-09-18_Multi_Spcon_J2_Con3,2025-09-18 13:20:47,2,5336.60,mag_start
!2025-09-18_Multi_Spcon_J2_Con3,2025-09-18 13:20:47,2,5336.68,mag_end
!2025-09-18_Multi_Spcon_J2_Con3,2025-09-18 13:20:47,2,5336.73,mag_start
!2025-09-18_Multi_Spcon_J2_Con3,2025-09-18 13:20:47,2,5336.84,mag_end
!2025-09-18_Multi_Spcon_J2_Con3,2025-09-18 13:20:47,2,5336.85,mag_start
!2025-09-18_Multi_Spcon_J2_Con3,2025-09-18 13:20:47,2,5336.92,mag_end
!2025-09-18_Multi_Spcon_J2_Con3,2025-09-18 13:20:47,2,5337.02,mag_start
!2025-09-18_Multi_Spcon_J2_Con3,2025-09-18 13:20:47,2,5337.05,mag_end
!2025-09-18_Multi_Spcon_J2_Con3,2025-09-18 13:20:47,2,5337.08,mag_start
!2025-09-18_Multi_Spcon_J2_Con3,2025-09-18 13:20:47,2,5337.59,mag_end
!2025-09-18_Multi_Spcon_J2_Con3,2025-09-18 13:20:47,2,5340.95,mag_start
!2025-09-18_Multi_Spcon_J2_Con3,2025-09-18 13:20:47,2,5342.44,mag_end
!2025-09-18_Multi_Spcon_J2_Con3,2025-09-18 13:20:47,2,5346.76,mag_start
!2025-09-18_Multi_Spcon_J2_Con3,2025-09-18 13:20:47,2,5347.17,mag_end
!2025-09-18_Multi_Spcon_J2_Con3,2025-09-18 13:20:47,2,5347.26,mag_start
!2025-09-18_Multi_Spcon_J2_Con3,2025-09-18 13:20:47,2,5347.27,mag_end
!2025-09-18_Multi_Spcon_J2_Con3,2025-09-18 13:20:47,2,5347.32,mag_start
!2025-09-18_Multi_Spcon_J2_Con3,2025-09-18 13:20:47,2,5347.61,mag_end
!2025-09-18_Multi_Spcon_J2_Con3,2025-09-18 13:20:47,2,5348.29,mag_start
!2025-09-18_Multi_Spcon_J2_Con3,2025-09-18 13:20:47,2,5349.54,mag_end
!2025-09-18_Multi_Spcon_J2_Con3,2025-09-18 13:20:47,2,5359.74,mag_start
!2025-09-18_Multi_Spcon_J2_Con3,2025-09-18 13:20:47,2,5360.39,mag_end
!2025-09-18_Multi_Spcon_J2_Con3,2025-09-18 13:20:47,2,5441.11,mag_start
!2025-09-18_Multi_Spcon_J2_Con3,2025-09-18 13:20:47,2,5443.61,mag_end
!2025-09-18_Multi_Spcon_J2_Con3,2025-09-18 13:20:47,2,5448.69,mag_start
!2025-09-18_Multi_Spcon_J2_Con3,2025-09-18 13:20:47,2,5450.54,mag_end
!2025-09-19_Multi_Spcon_J2_Con4,2025-09-19 12:36:28,2,83.39,mag_start
!2025-09-19_Multi_Spcon_J2_Con4,2025-09-19 12:36:28,2,83.52,mag_end
!2025-09-19_Multi_Spcon_J2_Con4,2025-09-19 12:36:28,2,219.50,mag_start
!2025-09-19_Multi_Spcon_J2_Con4,2025-09-19 12:36:28,2,219.56,mag_end
!2025-09-19_Multi_Spcon_J2_Con4,2025-09-19 12:36:28,2,266.51,lowT_start
!2025-09-19_Multi_Spcon_J2_Con4,2025-09-19 12:36:28,2,276.51,lowT_end
!2025-09-19_Multi_Spcon_J2_Con4,2025-09-19 12:36:28,2,279.84,mag_start
!2025-09-19_Multi_Spcon_J2_Con4,2025-09-19 12:36:28,2,282.33,mag_end
!2025-09-19_Multi_Spcon_J2_Con4,2025-09-19 12:36:28,2,385.82,mag_start
!2025-09-19_Multi_Spcon_J2_Con4,2025-09-19 12:36:28,2,385.86,mag_end
!2025-09-19_Multi_Spcon_J2_Con4,2025-09-19 12:36:28,2,385.90,mag_start
!2025-09-19_Multi_Spcon_J2_Con4,2025-09-19 12:36:28,2,385.98,mag_end
!2025-09-19_Multi_Spcon_J2_Con4,2025-09-19 12:36:28,2,436.22,noise_start
!2025-09-19_Multi_Spcon_J2_Con4,2025-09-19 12:36:28,2,446.22,noise_end
!2025-09-19_Multi_Spcon_J2_Con4,2025-09-19 12:36:28,2,446.22,pelD_start
!2025-09-19_Multi_Spcon_J2_Con4,2025-09-19 12:36:28,2,446.23,pelD_end
!2025-09-19_Multi_Spcon_J2_Con4,2025-09-19 12:36:28,2,446.42,pelD_start
!2025-09-19_Multi_Spcon_J2_Con4,2025-09-19 12:36:28,2,446.43,pelD_end
!2025-09-19_Multi_Spcon_J2_Con4,2025-09-19 12:36:28,2,545.04,mag_start
!2025-09-19_Multi_Spcon_J2_Con4,2025-09-19 12:36:28,2,545.12,mag_end
!2025-09-19_Multi_Spcon_J2_Con4,2025-09-19 12:36:28,2,545.21,mag_start
!2025-09-19_Multi_Spcon_J2_Con4,2025-09-19 12:36:28,2,547.89,mag_end
!2025-09-19_Multi_Spcon_J2_Con4,2025-09-19 12:36:28,2,568.68,mag_start
!2025-09-19_Multi_Spcon_J2_Con4,2025-09-19 12:36:28,2,568.75,mag_end
!2025-09-19_Multi_Spcon_J2_Con4,2025-09-19 12:36:28,2,569.58,mag_start
!2025-09-19_Multi_Spcon_J2_Con4,2025-09-19 12:36:28,2,569.88,mag_end
!2025-09-19_Multi_Spcon_J2_Con4,2025-09-19 12:36:28,2,570.86,mag_start
!2025-09-19_Multi_Spcon_J2_Con4,2025-09-19 12:36:28,2,570.95,mag_end
!2025-09-19_Multi_Spcon_J2_Con4,2025-09-19 12:36:28,2,570.97,mag_start
!2025-09-19_Multi_Spcon_J2_Con4,2025-09-19 12:36:28,2,574.43,mag_end
!2025-09-19_Multi_Spcon_J2_Con4,2025-09-19 12:36:28,2,579.81,mag_start
!2025-09-19_Multi_Spcon_J2_Con4,2025-09-19 12:36:28,2,579.90,mag_end
!2025-09-19_Multi_Spcon_J2_Con4,2025-09-19 12:36:28,2,579.91,mag_start
!2025-09-19_Multi_Spcon_J2_Con4,2025-09-19 12:36:28,2,580.58,mag_end
!2025-09-19_Multi_Spcon_J2_Con4,2025-09-19 12:36:28,2,581.00,mag_start
!2025-09-19_Multi_Spcon_J2_Con4,2025-09-19 12:36:28,2,581.51,mag_end
!2025-09-19_Multi_Spcon_J2_Con4,2025-09-19 12:36:28,2,581.54,mag_start
!2025-09-19_Multi_Spcon_J2_Con4,2025-09-19 12:36:28,2,581.57,mag_end
!2025-09-19_Multi_Spcon_J2_Con4,2025-09-19 12:36:28,2,582.23,mag_start
!2025-09-19_Multi_Spcon_J2_Con4,2025-09-19 12:36:28,2,582.27,mag_end
!2025-09-19_Multi_Spcon_J2_Con4,2025-09-19 12:36:28,2,583.25,mag_start
!2025-09-19_Multi_Spcon_J2_Con4,2025-09-19 12:36:28,2,583.55,mag_end
!2025-09-19_Multi_Spcon_J2_Con4,2025-09-19 12:36:28,2,588.69,mag_start
!2025-09-19_Multi_Spcon_J2_Con4,2025-09-19 12:36:28,2,588.71,mag_end
!2025-09-19_Multi_Spcon_J2_Con4,2025-09-19 12:36:28,2,588.91,mag_start
!2025-09-19_Multi_Spcon_J2_Con4,2025-09-19 12:36:28,2,589.62,mag_end
!2025-09-19_Multi_Spcon_J2_Con4,2025-09-19 12:36:28,2,589.69,mag_start
!2025-09-19_Multi_Spcon_J2_Con4,2025-09-19 12:36:28,2,589.73,mag_end
!2025-09-19_Multi_Spcon_J2_Con4,2025-09-19 12:36:28,2,590.14,mag_start
!2025-09-19_Multi_Spcon_J2_Con4,2025-09-19 12:36:28,2,590.22,mag_end
!2025-09-19_Multi_Spcon_J2_Con4,2025-09-19 12:36:28,2,590.51,mag_start
!2025-09-19_Multi_Spcon_J2_Con4,2025-09-19 12:36:28,2,590.58,mag_end
!2025-09-19_Multi_Spcon_J2_Con4,2025-09-19 12:36:28,2,590.60,mag_start
!2025-09-19_Multi_Spcon_J2_Con4,2025-09-19 12:36:28,2,590.63,mag_end
!2025-09-19_Multi_Spcon_J2_Con4,2025-09-19 12:36:28,2,590.66,mag_start
!2025-09-19_Multi_Spcon_J2_Con4,2025-09-19 12:36:28,2,590.68,mag_end
!2025-09-19_Multi_Spcon_J2_Con4,2025-09-19 12:36:28,2,590.76,mag_start
!2025-09-19_Multi_Spcon_J2_Con4,2025-09-19 12:36:28,2,590.84,mag_end
!2025-09-19_Multi_Spcon_J2_Con4,2025-09-19 12:36:28,2,590.95,mag_start
!2025-09-19_Multi_Spcon_J2_Con4,2025-09-19 12:36:28,2,591.03,mag_end
!2025-09-19_Multi_Spcon_J2_Con4,2025-09-19 12:36:28,2,594.80,noise_start
!2025-09-19_Multi_Spcon_J2_Con4,2025-09-19 12:36:28,2,604.80,noise_end
!2025-09-19_Multi_Spcon_J2_Con4,2025-09-19 12:36:28,2,595.85,mag_start
!2025-09-19_Multi_Spcon_J2_Con4,2025-09-19 12:36:28,2,595.92,mag_end
!2025-09-19_Multi_Spcon_J2_Con4,2025-09-19 12:36:28,2,595.93,mag_start
!2025-09-19_Multi_Spcon_J2_Con4,2025-09-19 12:36:28,2,596.68,mag_end
!2025-09-19_Multi_Spcon_J2_Con4,2025-09-19 12:36:28,2,596.93,mag_start
!2025-09-19_Multi_Spcon_J2_Con4,2025-09-19 12:36:28,2,596.98,mag_end
!2025-09-19_Multi_Spcon_J2_Con4,2025-09-19 12:36:28,2,599.53,mag_start
!2025-09-19_Multi_Spcon_J2_Con4,2025-09-19 12:36:28,2,600.66,mag_end
!2025-09-19_Multi_Spcon_J2_Con4,2025-09-19 12:36:28,2,604.80,pelD_start
!2025-09-19_Multi_Spcon_J2_Con4,2025-09-19 12:36:28,2,604.81,pelD_end
!2025-09-19_Multi_Spcon_J2_Con4,2025-09-19 12:36:28,2,605.00,pelD_start
!2025-09-19_Multi_Spcon_J2_Con4,2025-09-19 12:36:28,2,605.01,pelD_end
!2025-09-19_Multi_Spcon_J2_Con4,2025-09-19 12:36:28,2,605.31,mag_start
!2025-09-19_Multi_Spcon_J2_Con4,2025-09-19 12:36:28,2,605.32,mag_end
!2025-09-19_Multi_Spcon_J2_Con4,2025-09-19 12:36:28,2,617.88,mag_start
!2025-09-19_Multi_Spcon_J2_Con4,2025-09-19 12:36:28,2,620.10,mag_end
!2025-09-19_Multi_Spcon_J2_Con4,2025-09-19 12:36:28,2,620.20,mag_start
!2025-09-19_Multi_Spcon_J2_Con4,2025-09-19 12:36:28,2,620.40,mag_end
!2025-09-19_Multi_Spcon_J2_Con4,2025-09-19 12:36:28,2,625.71,mag_start
!2025-09-19_Multi_Spcon_J2_Con4,2025-09-19 12:36:28,2,635.26,mag_end
!2025-09-19_Multi_Spcon_J2_Con4,2025-09-19 12:36:28,2,648.98,mag_start
!2025-09-19_Multi_Spcon_J2_Con4,2025-09-19 12:36:28,2,649.09,mag_end
!2025-09-19_Multi_Spcon_J2_Con4,2025-09-19 12:36:28,2,657.15,mag_start
!2025-09-19_Multi_Spcon_J2_Con4,2025-09-19 12:36:28,2,659.21,mag_end
!2025-09-19_Multi_Spcon_J2_Con4,2025-09-19 12:36:28,2,660.13,mag_start
!2025-09-19_Multi_Spcon_J2_Con4,2025-09-19 12:36:28,2,660.22,mag_end
!2025-09-19_Multi_Spcon_J2_Con4,2025-09-19 12:36:28,2,660.28,mag_start
!2025-09-19_Multi_Spcon_J2_Con4,2025-09-19 12:36:28,2,660.90,mag_end
!2025-09-19_Multi_Spcon_J2_Con4,2025-09-19 12:36:28,2,668.05,mag_start
!2025-09-19_Multi_Spcon_J2_Con4,2025-09-19 12:36:28,2,668.21,mag_end
!2025-09-19_Multi_Spcon_J2_Con4,2025-09-19 12:36:28,2,668.47,mag_start
!2025-09-19_Multi_Spcon_J2_Con4,2025-09-19 12:36:28,2,669.17,mag_end
!2025-09-19_Multi_Spcon_J2_Con4,2025-09-19 12:36:28,2,669.23,mag_start
!2025-09-19_Multi_Spcon_J2_Con4,2025-09-19 12:36:28,2,669.97,mag_end
!2025-09-19_Multi_Spcon_J2_Con4,2025-09-19 12:36:28,2,671.34,mag_start
!2025-09-19_Multi_Spcon_J2_Con4,2025-09-19 12:36:28,2,674.10,mag_end
!2025-09-19_Multi_Spcon_J2_Con4,2025-09-19 12:36:28,2,674.63,mag_start
!2025-09-19_Multi_Spcon_J2_Con4,2025-09-19 12:36:28,2,674.72,mag_end
!2025-09-19_Multi_Spcon_J2_Con4,2025-09-19 12:36:28,2,676.11,mag_start
!2025-09-19_Multi_Spcon_J2_Con4,2025-09-19 12:36:28,2,676.14,mag_end
!2025-09-19_Multi_Spcon_J2_Con4,2025-09-19 12:36:28,2,676.22,mag_start
!2025-09-19_Multi_Spcon_J2_Con4,2025-09-19 12:36:28,2,677.39,mag_end
!2025-09-19_Multi_Spcon_J2_Con4,2025-09-19 12:36:28,2,677.80,mag_start
!2025-09-19_Multi_Spcon_J2_Con4,2025-09-19 12:36:28,2,677.95,mag_end
!2025-09-19_Multi_Spcon_J2_Con4,2025-09-19 12:36:28,2,678.01,mag_start
!2025-09-19_Multi_Spcon_J2_Con4,2025-09-19 12:36:28,2,678.06,mag_end
!2025-09-19_Multi_Spcon_J2_Con4,2025-09-19 12:36:28,2,678.07,mag_start
!2025-09-19_Multi_Spcon_J2_Con4,2025-09-19 12:36:28,2,678.28,mag_end
!2025-09-19_Multi_Spcon_J2_Con4,2025-09-19 12:36:28,2,679.15,mag_start
!2025-09-19_Multi_Spcon_J2_Con4,2025-09-19 12:36:28,2,679.23,mag_end
!2025-09-19_Multi_Spcon_J2_Con4,2025-09-19 12:36:28,2,679.28,mag_start
!2025-09-19_Multi_Spcon_J2_Con4,2025-09-19 12:36:28,2,679.39,mag_end
!2025-09-19_Multi_Spcon_J2_Con4,2025-09-19 12:36:28,2,679.43,mag_start
!2025-09-19_Multi_Spcon_J2_Con4,2025-09-19 12:36:28,2,680.26,mag_end
!2025-09-19_Multi_Spcon_J2_Con4,2025-09-19 12:36:28,2,687.23,mag_start
!2025-09-19_Multi_Spcon_J2_Con4,2025-09-19 12:36:28,2,687.39,mag_end
!2025-09-19_Multi_Spcon_J2_Con4,2025-09-19 12:36:28,2,687.42,mag_start
!2025-09-19_Multi_Spcon_J2_Con4,2025-09-19 12:36:28,2,687.52,mag_end
!2025-09-19_Multi_Spcon_J2_Con4,2025-09-19 12:36:28,2,701.64,mag_start
!2025-09-19_Multi_Spcon_J2_Con4,2025-09-19 12:36:28,2,702.08,mag_end
!2025-09-19_Multi_Spcon_J2_Con4,2025-09-19 12:36:28,2,704.53,mag_start
!2025-09-19_Multi_Spcon_J2_Con4,2025-09-19 12:36:28,2,704.62,mag_end
!2025-09-19_Multi_Spcon_J2_Con4,2025-09-19 12:36:28,2,704.63,mag_start
!2025-09-19_Multi_Spcon_J2_Con4,2025-09-19 12:36:28,2,704.70,mag_end
!2025-09-19_Multi_Spcon_J2_Con4,2025-09-19 12:36:28,2,704.78,mag_start
!2025-09-19_Multi_Spcon_J2_Con4,2025-09-19 12:36:28,2,705.82,mag_end
!2025-09-19_Multi_Spcon_J2_Con4,2025-09-19 12:36:28,2,706.40,mag_start
!2025-09-19_Multi_Spcon_J2_Con4,2025-09-19 12:36:28,2,706.46,mag_end
!2025-09-19_Multi_Spcon_J2_Con4,2025-09-19 12:36:28,2,706.49,mag_start
!2025-09-19_Multi_Spcon_J2_Con4,2025-09-19 12:36:28,2,706.60,mag_end
!2025-09-19_Multi_Spcon_J2_Con4,2025-09-19 12:36:28,2,724.10,mag_start
!2025-09-19_Multi_Spcon_J2_Con4,2025-09-19 12:36:28,2,724.11,mag_end
!2025-09-19_Multi_Spcon_J2_Con4,2025-09-19 12:36:28,2,724.17,mag_start
!2025-09-19_Multi_Spcon_J2_Con4,2025-09-19 12:36:28,2,724.33,mag_end
!2025-09-19_Multi_Spcon_J2_Con4,2025-09-19 12:36:28,2,725.30,mag_start
!2025-09-19_Multi_Spcon_J2_Con4,2025-09-19 12:36:28,2,725.39,mag_end
!2025-09-19_Multi_Spcon_J2_Con4,2025-09-19 12:36:28,2,725.51,mag_start
!2025-09-19_Multi_Spcon_J2_Con4,2025-09-19 12:36:28,2,725.55,mag_end
!2025-09-19_Multi_Spcon_J2_Con4,2025-09-19 12:36:28,2,743.56,mag_start
!2025-09-19_Multi_Spcon_J2_Con4,2025-09-19 12:36:28,2,743.66,mag_end
!2025-09-19_Multi_Spcon_J2_Con4,2025-09-19 12:36:28,2,743.93,mag_start
!2025-09-19_Multi_Spcon_J2_Con4,2025-09-19 12:36:28,2,744.09,mag_end
!2025-09-19_Multi_Spcon_J2_Con4,2025-09-19 12:36:28,2,744.30,mag_start
!2025-09-19_Multi_Spcon_J2_Con4,2025-09-19 12:36:28,2,745.30,mag_end
!2025-09-19_Multi_Spcon_J2_Con4,2025-09-19 12:36:28,2,747.99,mag_start
!2025-09-19_Multi_Spcon_J2_Con4,2025-09-19 12:36:28,2,748.02,mag_end
!2025-09-19_Multi_Spcon_J2_Con4,2025-09-19 12:36:28,2,748.26,mag_start
!2025-09-19_Multi_Spcon_J2_Con4,2025-09-19 12:36:28,2,748.27,mag_end
!2025-09-19_Multi_Spcon_J2_Con4,2025-09-19 12:36:28,2,748.50,mag_start
!2025-09-19_Multi_Spcon_J2_Con4,2025-09-19 12:36:28,2,748.82,mag_end
!2025-09-19_Multi_Spcon_J2_Con4,2025-09-19 12:36:28,2,749.12,lowT_start
!2025-09-19_Multi_Spcon_J2_Con4,2025-09-19 12:36:28,2,759.12,lowT_end
!2025-09-19_Multi_Spcon_J2_Con4,2025-09-19 12:36:28,2,754.54,mag_start
!2025-09-19_Multi_Spcon_J2_Con4,2025-09-19 12:36:28,2,754.64,mag_end
!2025-09-19_Multi_Spcon_J2_Con4,2025-09-19 12:36:28,2,754.70,mag_start
!2025-09-19_Multi_Spcon_J2_Con4,2025-09-19 12:36:28,2,754.77,mag_end
!2025-09-19_Multi_Spcon_J2_Con4,2025-09-19 12:36:28,2,754.93,mag_start
!2025-09-19_Multi_Spcon_J2_Con4,2025-09-19 12:36:28,2,755.02,mag_end
!2025-09-19_Multi_Spcon_J2_Con4,2025-09-19 12:36:28,2,755.03,mag_start
!2025-09-19_Multi_Spcon_J2_Con4,2025-09-19 12:36:28,2,755.08,mag_end
!2025-09-19_Multi_Spcon_J2_Con4,2025-09-19 12:36:28,2,755.22,mag_start
!2025-09-19_Multi_Spcon_J2_Con4,2025-09-19 12:36:28,2,755.45,mag_end
!2025-09-19_Multi_Spcon_J2_Con4,2025-09-19 12:36:28,2,763.62,mag_start
!2025-09-19_Multi_Spcon_J2_Con4,2025-09-19 12:36:28,2,763.70,mag_end
!2025-09-19_Multi_Spcon_J2_Con4,2025-09-19 12:36:28,2,764.43,mag_start
!2025-09-19_Multi_Spcon_J2_Con4,2025-09-19 12:36:28,2,764.54,mag_end
!2025-09-19_Multi_Spcon_J2_Con4,2025-09-19 12:36:28,2,764.55,mag_start
!2025-09-19_Multi_Spcon_J2_Con4,2025-09-19 12:36:28,2,764.85,mag_end
!2025-09-19_Multi_Spcon_J2_Con4,2025-09-19 12:36:28,2,764.94,mag_start
!2025-09-19_Multi_Spcon_J2_Con4,2025-09-19 12:36:28,2,766.37,mag_end
!2025-09-19_Multi_Spcon_J2_Con4,2025-09-19 12:36:28,2,768.88,mag_start
!2025-09-19_Multi_Spcon_J2_Con4,2025-09-19 12:36:28,2,769.26,mag_end
!2025-09-19_Multi_Spcon_J2_Con4,2025-09-19 12:36:28,2,769.30,mag_start
!2025-09-19_Multi_Spcon_J2_Con4,2025-09-19 12:36:28,2,769.72,mag_end
!2025-09-19_Multi_Spcon_J2_Con4,2025-09-19 12:36:28,2,776.78,mag_start
!2025-09-19_Multi_Spcon_J2_Con4,2025-09-19 12:36:28,2,778.04,mag_end
!2025-09-19_Multi_Spcon_J2_Con4,2025-09-19 12:36:28,2,778.22,mag_start
!2025-09-19_Multi_Spcon_J2_Con4,2025-09-19 12:36:28,2,778.24,mag_end
!2025-09-19_Multi_Spcon_J2_Con4,2025-09-19 12:36:28,2,790.50,mag_start
!2025-09-19_Multi_Spcon_J2_Con4,2025-09-19 12:36:28,2,790.64,mag_end
!2025-09-19_Multi_Spcon_J2_Con4,2025-09-19 12:36:28,2,802.03,mag_start
!2025-09-19_Multi_Spcon_J2_Con4,2025-09-19 12:36:28,2,803.06,mag_end
!2025-09-19_Multi_Spcon_J2_Con4,2025-09-19 12:36:28,2,805.15,mag_start
!2025-09-19_Multi_Spcon_J2_Con4,2025-09-19 12:36:28,2,805.26,mag_end
!2025-09-19_Multi_Spcon_J2_Con4,2025-09-19 12:36:28,2,805.30,mag_start
!2025-09-19_Multi_Spcon_J2_Con4,2025-09-19 12:36:28,2,806.16,mag_end
!2025-09-19_Multi_Spcon_J2_Con4,2025-09-19 12:36:28,2,811.41,mag_start
!2025-09-19_Multi_Spcon_J2_Con4,2025-09-19 12:36:28,2,811.68,mag_end
!2025-09-19_Multi_Spcon_J2_Con4,2025-09-19 12:36:28,2,811.73,mag_start
!2025-09-19_Multi_Spcon_J2_Con4,2025-09-19 12:36:28,2,811.76,mag_end
!2025-09-19_Multi_Spcon_J2_Con4,2025-09-19 12:36:28,2,833.95,mag_start
!2025-09-19_Multi_Spcon_J2_Con4,2025-09-19 12:36:28,2,833.99,mag_end
!2025-09-19_Multi_Spcon_J2_Con4,2025-09-19 12:36:28,2,842.22,mag_start
!2025-09-19_Multi_Spcon_J2_Con4,2025-09-19 12:36:28,2,842.28,mag_end
!2025-09-19_Multi_Spcon_J2_Con4,2025-09-19 12:36:28,2,843.40,mag_start
!2025-09-19_Multi_Spcon_J2_Con4,2025-09-19 12:36:28,2,843.46,mag_end
!2025-09-19_Multi_Spcon_J2_Con4,2025-09-19 12:36:28,2,855.68,mag_start
!2025-09-19_Multi_Spcon_J2_Con4,2025-09-19 12:36:28,2,855.78,mag_end
!2025-09-19_Multi_Spcon_J2_Con4,2025-09-19 12:36:28,2,855.81,mag_start
!2025-09-19_Multi_Spcon_J2_Con4,2025-09-19 12:36:28,2,858.67,mag_end
!2025-09-19_Multi_Spcon_J2_Con4,2025-09-19 12:36:28,2,870.57,mag_start
!2025-09-19_Multi_Spcon_J2_Con4,2025-09-19 12:36:28,2,870.64,mag_end
!2025-09-19_Multi_Spcon_J2_Con4,2025-09-19 12:36:28,2,870.71,mag_start
!2025-09-19_Multi_Spcon_J2_Con4,2025-09-19 12:36:28,2,875.13,mag_end
!2025-09-19_Multi_Spcon_J2_Con4,2025-09-19 12:36:28,2,876.62,mag_start
!2025-09-19_Multi_Spcon_J2_Con4,2025-09-19 12:36:28,2,876.80,mag_end
!2025-09-19_Multi_Spcon_J2_Con4,2025-09-19 12:36:28,2,877.00,mag_start
!2025-09-19_Multi_Spcon_J2_Con4,2025-09-19 12:36:28,2,877.66,mag_end
!2025-09-19_Multi_Spcon_J2_Con4,2025-09-19 12:36:28,2,884.04,mag_start
!2025-09-19_Multi_Spcon_J2_Con4,2025-09-19 12:36:28,2,884.08,mag_end
!2025-09-19_Multi_Spcon_J2_Con4,2025-09-19 12:36:28,2,884.11,mag_start
!2025-09-19_Multi_Spcon_J2_Con4,2025-09-19 12:36:28,2,886.53,mag_end
!2025-09-19_Multi_Spcon_J2_Con4,2025-09-19 12:36:28,2,899.45,mag_start
!2025-09-19_Multi_Spcon_J2_Con4,2025-09-19 12:36:28,2,900.03,mag_end
!2025-09-19_Multi_Spcon_J2_Con4,2025-09-19 12:36:28,2,926.40,mag_start
!2025-09-19_Multi_Spcon_J2_Con4,2025-09-19 12:36:28,2,926.46,mag_end
!2025-09-19_Multi_Spcon_J2_Con4,2025-09-19 12:36:28,2,926.55,mag_start
!2025-09-19_Multi_Spcon_J2_Con4,2025-09-19 12:36:28,2,927.68,mag_end
!2025-09-19_Multi_Spcon_J2_Con4,2025-09-19 12:36:28,2,927.66,noise_start
!2025-09-19_Multi_Spcon_J2_Con4,2025-09-19 12:36:28,2,937.66,noise_end
!2025-09-19_Multi_Spcon_J2_Con4,2025-09-19 12:36:28,2,929.65,mag_start
!2025-09-19_Multi_Spcon_J2_Con4,2025-09-19 12:36:28,2,929.84,mag_end
!2025-09-19_Multi_Spcon_J2_Con4,2025-09-19 12:36:28,2,930.08,mag_start
!2025-09-19_Multi_Spcon_J2_Con4,2025-09-19 12:36:28,2,932.24,mag_end
!2025-09-19_Multi_Spcon_J2_Con4,2025-09-19 12:36:28,2,932.42,mag_start
!2025-09-19_Multi_Spcon_J2_Con4,2025-09-19 12:36:28,2,932.91,mag_end
!2025-09-19_Multi_Spcon_J2_Con4,2025-09-19 12:36:28,2,932.94,mag_start
!2025-09-19_Multi_Spcon_J2_Con4,2025-09-19 12:36:28,2,932.96,mag_end
!2025-09-19_Multi_Spcon_J2_Con4,2025-09-19 12:36:28,2,933.25,mag_start
!2025-09-19_Multi_Spcon_J2_Con4,2025-09-19 12:36:28,2,933.26,mag_end
!2025-09-19_Multi_Spcon_J2_Con4,2025-09-19 12:36:28,2,937.66,pelD_start
!2025-09-19_Multi_Spcon_J2_Con4,2025-09-19 12:36:28,2,937.67,pelD_end
!2025-09-19_Multi_Spcon_J2_Con4,2025-09-19 12:36:28,2,937.86,pelD_start
!2025-09-19_Multi_Spcon_J2_Con4,2025-09-19 12:36:28,2,937.87,pelD_end
!2025-09-19_Multi_Spcon_J2_Con4,2025-09-19 12:36:28,2,943.35,mag_start
!2025-09-19_Multi_Spcon_J2_Con4,2025-09-19 12:36:28,2,949.83,mag_end
!2025-09-19_Multi_Spcon_J2_Con4,2025-09-19 12:36:28,2,968.65,mag_start
!2025-09-19_Multi_Spcon_J2_Con4,2025-09-19 12:36:28,2,968.81,mag_end
!2025-09-19_Multi_Spcon_J2_Con4,2025-09-19 12:36:28,2,969.03,mag_start
!2025-09-19_Multi_Spcon_J2_Con4,2025-09-19 12:36:28,2,969.63,mag_end
!2025-09-19_Multi_Spcon_J2_Con4,2025-09-19 12:36:28,2,969.86,mag_start
!2025-09-19_Multi_Spcon_J2_Con4,2025-09-19 12:36:28,2,970.82,mag_end
!2025-09-19_Multi_Spcon_J2_Con4,2025-09-19 12:36:28,2,972.42,mag_start
!2025-09-19_Multi_Spcon_J2_Con4,2025-09-19 12:36:28,2,975.89,mag_end
!2025-09-19_Multi_Spcon_J2_Con4,2025-09-19 12:36:28,2,975.99,mag_start
!2025-09-19_Multi_Spcon_J2_Con4,2025-09-19 12:36:28,2,976.71,mag_end
!2025-09-19_Multi_Spcon_J2_Con4,2025-09-19 12:36:28,2,976.74,mag_start
!2025-09-19_Multi_Spcon_J2_Con4,2025-09-19 12:36:28,2,977.08,mag_end
!2025-09-19_Multi_Spcon_J2_Con4,2025-09-19 12:36:28,2,989.92,mag_start
!2025-09-19_Multi_Spcon_J2_Con4,2025-09-19 12:36:28,2,990.64,mag_end
!2025-09-19_Multi_Spcon_J2_Con4,2025-09-19 12:36:28,2,990.66,mag_start
!2025-09-19_Multi_Spcon_J2_Con4,2025-09-19 12:36:28,2,990.84,mag_end
!2025-09-19_Multi_Spcon_J2_Con4,2025-09-19 12:36:28,2,1008.04,mag_start
!2025-09-19_Multi_Spcon_J2_Con4,2025-09-19 12:36:28,2,1009.65,mag_end
!2025-09-19_Multi_Spcon_J2_Con4,2025-09-19 12:36:28,2,1011.52,mag_start
!2025-09-19_Multi_Spcon_J2_Con4,2025-09-19 12:36:28,2,1012.49,mag_end
!2025-09-19_Multi_Spcon_J2_Con4,2025-09-19 12:36:28,2,1072.55,lowT_start
!2025-09-19_Multi_Spcon_J2_Con4,2025-09-19 12:36:28,2,1082.55,lowT_end
!2025-09-19_Multi_Spcon_J2_Con4,2025-09-19 12:36:28,2,1087.17,mag_start
!2025-09-19_Multi_Spcon_J2_Con4,2025-09-19 12:36:28,2,1087.20,mag_end
!2025-09-19_Multi_Spcon_J2_Con4,2025-09-19 12:36:28,2,1150.14,mag_start
!2025-09-19_Multi_Spcon_J2_Con4,2025-09-19 12:36:28,2,1150.50,mag_end
!2025-09-19_Multi_Spcon_J2_Con4,2025-09-19 12:36:28,2,1151.17,mag_start
!2025-09-19_Multi_Spcon_J2_Con4,2025-09-19 12:36:28,2,1151.19,mag_end
!2025-09-19_Multi_Spcon_J2_Con4,2025-09-19 12:36:28,2,1151.28,mag_start
!2025-09-19_Multi_Spcon_J2_Con4,2025-09-19 12:36:28,2,1151.32,mag_end
!2025-09-19_Multi_Spcon_J2_Con4,2025-09-19 12:36:28,2,1180.21,mag_start
!2025-09-19_Multi_Spcon_J2_Con4,2025-09-19 12:36:28,2,1181.52,mag_end
!2025-09-19_Multi_Spcon_J2_Con4,2025-09-19 12:36:28,2,1231.09,mag_start
!2025-09-19_Multi_Spcon_J2_Con4,2025-09-19 12:36:28,2,1232.05,mag_end
!2025-09-19_Multi_Spcon_J2_Con4,2025-09-19 12:36:28,2,1245.92,lowT_start
!2025-09-19_Multi_Spcon_J2_Con4,2025-09-19 12:36:28,2,1255.92,lowT_end
!2025-09-19_Multi_Spcon_J2_Con4,2025-09-19 12:36:28,2,1277.05,mag_start
!2025-09-19_Multi_Spcon_J2_Con4,2025-09-19 12:36:28,2,1277.34,mag_end
!2025-09-19_Multi_Spcon_J2_Con4,2025-09-19 12:36:28,2,1277.47,mag_start
!2025-09-19_Multi_Spcon_J2_Con4,2025-09-19 12:36:28,2,1277.65,mag_end
!2025-09-19_Multi_Spcon_J2_Con4,2025-09-19 12:36:28,2,1277.93,mag_start
!2025-09-19_Multi_Spcon_J2_Con4,2025-09-19 12:36:28,2,1278.60,mag_end
!2025-09-19_Multi_Spcon_J2_Con4,2025-09-19 12:36:28,2,1335.37,mag_start
!2025-09-19_Multi_Spcon_J2_Con4,2025-09-19 12:36:28,2,1336.47,mag_end
!2025-09-19_Multi_Spcon_J2_Con4,2025-09-19 12:36:28,2,1413.44,noise_start
!2025-09-19_Multi_Spcon_J2_Con4,2025-09-19 12:36:28,2,1423.44,noise_end
!2025-09-19_Multi_Spcon_J2_Con4,2025-09-19 12:36:28,2,1423.44,pelD_start
!2025-09-19_Multi_Spcon_J2_Con4,2025-09-19 12:36:28,2,1423.45,pelD_end
!2025-09-19_Multi_Spcon_J2_Con4,2025-09-19 12:36:28,2,1423.64,pelD_start
!2025-09-19_Multi_Spcon_J2_Con4,2025-09-19 12:36:28,2,1423.65,pelD_end
!2025-09-19_Multi_Spcon_J2_Con4,2025-09-19 12:36:28,2,1425.42,mag_start
!2025-09-19_Multi_Spcon_J2_Con4,2025-09-19 12:36:28,2,1426.34,mag_end
!2025-09-19_Multi_Spcon_J2_Con4,2025-09-19 12:36:28,2,1437.59,mag_start
!2025-09-19_Multi_Spcon_J2_Con4,2025-09-19 12:36:28,2,1437.61,mag_end
!2025-09-19_Multi_Spcon_J2_Con4,2025-09-19 12:36:28,2,1438.06,mag_start
!2025-09-19_Multi_Spcon_J2_Con4,2025-09-19 12:36:28,2,1439.05,mag_end
!2025-09-19_Multi_Spcon_J2_Con4,2025-09-19 12:36:28,2,1449.66,mag_start
!2025-09-19_Multi_Spcon_J2_Con4,2025-09-19 12:36:28,2,1450.63,mag_end
!2025-09-19_Multi_Spcon_J2_Con4,2025-09-19 12:36:28,2,1452.77,mag_start
!2025-09-19_Multi_Spcon_J2_Con4,2025-09-19 12:36:28,2,1452.87,mag_end
!2025-09-19_Multi_Spcon_J2_Con4,2025-09-19 12:36:28,2,1459.62,mag_start
!2025-09-19_Multi_Spcon_J2_Con4,2025-09-19 12:36:28,2,1460.79,mag_end
!2025-09-19_Multi_Spcon_J2_Con4,2025-09-19 12:36:28,2,1466.11,mag_start
!2025-09-19_Multi_Spcon_J2_Con4,2025-09-19 12:36:28,2,1466.17,mag_end
!2025-09-19_Multi_Spcon_J2_Con4,2025-09-19 12:36:28,2,1466.22,mag_start
!2025-09-19_Multi_Spcon_J2_Con4,2025-09-19 12:36:28,2,1467.55,mag_end
!2025-09-19_Multi_Spcon_J2_Con4,2025-09-19 12:36:28,2,1468.01,mag_start
!2025-09-19_Multi_Spcon_J2_Con4,2025-09-19 12:36:28,2,1468.10,mag_end
!2025-09-19_Multi_Spcon_J2_Con4,2025-09-19 12:36:28,2,1471.99,mag_start
!2025-09-19_Multi_Spcon_J2_Con4,2025-09-19 12:36:28,2,1472.40,mag_end
!2025-09-19_Multi_Spcon_J2_Con4,2025-09-19 12:36:28,2,1507.78,mag_start
!2025-09-19_Multi_Spcon_J2_Con4,2025-09-19 12:36:28,2,1507.80,mag_end
!2025-09-19_Multi_Spcon_J2_Con4,2025-09-19 12:36:28,2,1507.88,mag_start
!2025-09-19_Multi_Spcon_J2_Con4,2025-09-19 12:36:28,2,1507.93,mag_end
!2025-09-19_Multi_Spcon_J2_Con4,2025-09-19 12:36:28,2,1508.54,mag_start
!2025-09-19_Multi_Spcon_J2_Con4,2025-09-19 12:36:28,2,1509.88,mag_end
!2025-09-19_Multi_Spcon_J2_Con4,2025-09-19 12:36:28,2,1521.43,mag_start
!2025-09-19_Multi_Spcon_J2_Con4,2025-09-19 12:36:28,2,1522.94,mag_end
!2025-09-19_Multi_Spcon_J2_Con4,2025-09-19 12:36:28,2,1527.50,mag_start
!2025-09-19_Multi_Spcon_J2_Con4,2025-09-19 12:36:28,2,1529.44,mag_end
!2025-09-19_Multi_Spcon_J2_Con4,2025-09-19 12:36:28,2,1539.21,mag_start
!2025-09-19_Multi_Spcon_J2_Con4,2025-09-19 12:36:28,2,1539.45,mag_end
!2025-09-19_Multi_Spcon_J2_Con4,2025-09-19 12:36:28,2,1544.71,mag_start
!2025-09-19_Multi_Spcon_J2_Con4,2025-09-19 12:36:28,2,1547.42,mag_end
!2025-09-19_Multi_Spcon_J2_Con4,2025-09-19 12:36:28,2,1563.19,lowT_start
!2025-09-19_Multi_Spcon_J2_Con4,2025-09-19 12:36:28,2,1573.19,lowT_end
!2025-09-19_Multi_Spcon_J2_Con4,2025-09-19 12:36:28,2,1581.96,mag_start
!2025-09-19_Multi_Spcon_J2_Con4,2025-09-19 12:36:28,2,1583.21,mag_end
!2025-09-19_Multi_Spcon_J2_Con4,2025-09-19 12:36:28,2,1586.45,mag_start
!2025-09-19_Multi_Spcon_J2_Con4,2025-09-19 12:36:28,2,1586.71,mag_end
!2025-09-19_Multi_Spcon_J2_Con4,2025-09-19 12:36:28,2,1634.58,mag_start
!2025-09-19_Multi_Spcon_J2_Con4,2025-09-19 12:36:28,2,1634.60,mag_end
!2025-09-19_Multi_Spcon_J2_Con4,2025-09-19 12:36:28,2,1634.61,mag_start
!2025-09-19_Multi_Spcon_J2_Con4,2025-09-19 12:36:28,2,1636.70,mag_end
!2025-09-19_Multi_Spcon_J2_Con4,2025-09-19 12:36:28,2,1672.87,mag_start
!2025-09-19_Multi_Spcon_J2_Con4,2025-09-19 12:36:28,2,1673.14,mag_end
!2025-09-19_Multi_Spcon_J2_Con4,2025-09-19 12:36:28,2,1674.04,mag_start
!2025-09-19_Multi_Spcon_J2_Con4,2025-09-19 12:36:28,2,1677.14,mag_end
!2025-09-19_Multi_Spcon_J2_Con4,2025-09-19 12:36:28,2,1726.73,noise_start
!2025-09-19_Multi_Spcon_J2_Con4,2025-09-19 12:36:28,2,1736.73,noise_end
!2025-09-19_Multi_Spcon_J2_Con4,2025-09-19 12:36:28,2,1736.73,pelD_start
!2025-09-19_Multi_Spcon_J2_Con4,2025-09-19 12:36:28,2,1736.74,pelD_end
!2025-09-19_Multi_Spcon_J2_Con4,2025-09-19 12:36:28,2,1736.93,pelD_start
!2025-09-19_Multi_Spcon_J2_Con4,2025-09-19 12:36:28,2,1736.94,pelD_end
!2025-09-19_Multi_Spcon_J2_Con4,2025-09-19 12:36:28,2,1744.56,mag_start
!2025-09-19_Multi_Spcon_J2_Con4,2025-09-19 12:36:28,2,1745.77,mag_end
!2025-09-19_Multi_Spcon_J2_Con4,2025-09-19 12:36:28,2,1755.79,mag_start
!2025-09-19_Multi_Spcon_J2_Con4,2025-09-19 12:36:28,2,1755.84,mag_end
!2025-09-19_Multi_Spcon_J2_Con4,2025-09-19 12:36:28,2,1755.97,mag_start
!2025-09-19_Multi_Spcon_J2_Con4,2025-09-19 12:36:28,2,1757.13,mag_end
!2025-09-19_Multi_Spcon_J2_Con4,2025-09-19 12:36:28,2,1765.64,mag_start
!2025-09-19_Multi_Spcon_J2_Con4,2025-09-19 12:36:28,2,1769.51,mag_end
!2025-09-19_Multi_Spcon_J2_Con4,2025-09-19 12:36:28,2,1774.20,mag_start
!2025-09-19_Multi_Spcon_J2_Con4,2025-09-19 12:36:28,2,1775.10,mag_end
!2025-09-19_Multi_Spcon_J2_Con4,2025-09-19 12:36:28,2,1786.01,mag_start
!2025-09-19_Multi_Spcon_J2_Con4,2025-09-19 12:36:28,2,1786.42,mag_end
!2025-09-19_Multi_Spcon_J2_Con4,2025-09-19 12:36:28,2,1808.71,mag_start
!2025-09-19_Multi_Spcon_J2_Con4,2025-09-19 12:36:28,2,1808.80,mag_end
!2025-09-19_Multi_Spcon_J2_Con4,2025-09-19 12:36:28,2,1809.03,mag_start
!2025-09-19_Multi_Spcon_J2_Con4,2025-09-19 12:36:28,2,1809.58,mag_end
!2025-09-19_Multi_Spcon_J2_Con4,2025-09-19 12:36:28,2,1809.66,mag_start
!2025-09-19_Multi_Spcon_J2_Con4,2025-09-19 12:36:28,2,1810.12,mag_end
!2025-09-19_Multi_Spcon_J2_Con4,2025-09-19 12:36:28,2,1871.56,mag_start
!2025-09-19_Multi_Spcon_J2_Con4,2025-09-19 12:36:28,2,1877.36,mag_end
!2025-09-19_Multi_Spcon_J2_Con4,2025-09-19 12:36:28,2,1895.74,mag_start
!2025-09-19_Multi_Spcon_J2_Con4,2025-09-19 12:36:28,2,1895.79,mag_end
!2025-09-19_Multi_Spcon_J2_Con4,2025-09-19 12:36:28,2,1897.43,noise_start
!2025-09-19_Multi_Spcon_J2_Con4,2025-09-19 12:36:28,2,1907.43,noise_end
!2025-09-19_Multi_Spcon_J2_Con4,2025-09-19 12:36:28,2,1907.43,pelD_start
!2025-09-19_Multi_Spcon_J2_Con4,2025-09-19 12:36:28,2,1907.44,pelD_end
!2025-09-19_Multi_Spcon_J2_Con4,2025-09-19 12:36:28,2,1907.63,pelD_start
!2025-09-19_Multi_Spcon_J2_Con4,2025-09-19 12:36:28,2,1907.64,pelD_end
!2025-09-19_Multi_Spcon_J2_Con4,2025-09-19 12:36:28,2,1923.06,mag_start
!2025-09-19_Multi_Spcon_J2_Con4,2025-09-19 12:36:28,2,1926.80,mag_end
!2025-09-19_Multi_Spcon_J2_Con4,2025-09-19 12:36:28,2,1926.85,mag_start
!2025-09-19_Multi_Spcon_J2_Con4,2025-09-19 12:36:28,2,1928.55,mag_end
!2025-09-19_Multi_Spcon_J2_Con4,2025-09-19 12:36:28,2,1929.53,mag_start
!2025-09-19_Multi_Spcon_J2_Con4,2025-09-19 12:36:28,2,1931.60,mag_end
!2025-09-19_Multi_Spcon_J2_Con4,2025-09-19 12:36:28,2,1931.63,mag_start
!2025-09-19_Multi_Spcon_J2_Con4,2025-09-19 12:36:28,2,1931.90,mag_end
!2025-09-19_Multi_Spcon_J2_Con4,2025-09-19 12:36:28,2,1940.19,mag_start
!2025-09-19_Multi_Spcon_J2_Con4,2025-09-19 12:36:28,2,1940.23,mag_end
!2025-09-19_Multi_Spcon_J2_Con4,2025-09-19 12:36:28,2,1940.46,mag_start
!2025-09-19_Multi_Spcon_J2_Con4,2025-09-19 12:36:28,2,1940.48,mag_end
!2025-09-19_Multi_Spcon_J2_Con4,2025-09-19 12:36:28,2,1940.51,mag_start
!2025-09-19_Multi_Spcon_J2_Con4,2025-09-19 12:36:28,2,1942.16,mag_end
!2025-09-19_Multi_Spcon_J2_Con4,2025-09-19 12:36:28,2,1956.25,mag_start
!2025-09-19_Multi_Spcon_J2_Con4,2025-09-19 12:36:28,2,1958.44,mag_end
!2025-09-19_Multi_Spcon_J2_Con4,2025-09-19 12:36:28,2,1978.93,mag_start
!2025-09-19_Multi_Spcon_J2_Con4,2025-09-19 12:36:28,2,1980.53,mag_end
!2025-09-19_Multi_Spcon_J2_Con4,2025-09-19 12:36:28,2,2042.61,lowT_start
!2025-09-19_Multi_Spcon_J2_Con4,2025-09-19 12:36:28,2,2052.61,lowT_end
!2025-09-19_Multi_Spcon_J2_Con4,2025-09-19 12:36:28,2,2050.23,mag_start
!2025-09-19_Multi_Spcon_J2_Con4,2025-09-19 12:36:28,2,2051.97,mag_end
!2025-09-19_Multi_Spcon_J2_Con4,2025-09-19 12:36:28,2,2052.05,mag_start
!2025-09-19_Multi_Spcon_J2_Con4,2025-09-19 12:36:28,2,2052.24,mag_end
!2025-09-19_Multi_Spcon_J2_Con4,2025-09-19 12:36:28,2,2068.10,mag_start
!2025-09-19_Multi_Spcon_J2_Con4,2025-09-19 12:36:28,2,2068.17,mag_end
!2025-09-19_Multi_Spcon_J2_Con4,2025-09-19 12:36:28,2,2068.23,mag_start
!2025-09-19_Multi_Spcon_J2_Con4,2025-09-19 12:36:28,2,2068.94,mag_end
!2025-09-19_Multi_Spcon_J2_Con4,2025-09-19 12:36:28,2,2073.54,mag_start
!2025-09-19_Multi_Spcon_J2_Con4,2025-09-19 12:36:28,2,2073.89,mag_end
!2025-09-19_Multi_Spcon_J2_Con4,2025-09-19 12:36:28,2,2073.93,mag_start
!2025-09-19_Multi_Spcon_J2_Con4,2025-09-19 12:36:28,2,2074.14,mag_end
!2025-09-19_Multi_Spcon_J2_Con4,2025-09-19 12:36:28,2,2076.57,mag_start
!2025-09-19_Multi_Spcon_J2_Con4,2025-09-19 12:36:28,2,2076.70,mag_end
!2025-09-19_Multi_Spcon_J2_Con4,2025-09-19 12:36:28,2,2076.91,mag_start
!2025-09-19_Multi_Spcon_J2_Con4,2025-09-19 12:36:28,2,2076.94,mag_end
!2025-09-19_Multi_Spcon_J2_Con4,2025-09-19 12:36:28,2,2077.20,mag_start
!2025-09-19_Multi_Spcon_J2_Con4,2025-09-19 12:36:28,2,2077.28,mag_end
!2025-09-19_Multi_Spcon_J2_Con4,2025-09-19 12:36:28,2,2099.62,mag_start
!2025-09-19_Multi_Spcon_J2_Con4,2025-09-19 12:36:28,2,2100.14,mag_end
!2025-09-19_Multi_Spcon_J2_Con4,2025-09-19 12:36:28,2,2121.23,mag_start
!2025-09-19_Multi_Spcon_J2_Con4,2025-09-19 12:36:28,2,2122.10,mag_end
!2025-09-19_Multi_Spcon_J2_Con4,2025-09-19 12:36:28,2,2122.22,mag_start
!2025-09-19_Multi_Spcon_J2_Con4,2025-09-19 12:36:28,2,2122.32,mag_end
!2025-09-19_Multi_Spcon_J2_Con4,2025-09-19 12:36:28,2,2122.35,mag_start
!2025-09-19_Multi_Spcon_J2_Con4,2025-09-19 12:36:28,2,2122.88,mag_end
!2025-09-19_Multi_Spcon_J2_Con4,2025-09-19 12:36:28,2,2123.39,mag_start
!2025-09-19_Multi_Spcon_J2_Con4,2025-09-19 12:36:28,2,2124.25,mag_end
!2025-09-19_Multi_Spcon_J2_Con4,2025-09-19 12:36:28,2,2184.56,mag_start
!2025-09-19_Multi_Spcon_J2_Con4,2025-09-19 12:36:28,2,2186.44,mag_end
!2025-09-19_Multi_Spcon_J2_Con4,2025-09-19 12:36:28,2,2197.41,mag_start
!2025-09-19_Multi_Spcon_J2_Con4,2025-09-19 12:36:28,2,2199.78,mag_end
!2025-09-19_Multi_Spcon_J2_Con4,2025-09-19 12:36:28,2,2199.81,mag_start
!2025-09-19_Multi_Spcon_J2_Con4,2025-09-19 12:36:28,2,2200.27,mag_end
!2025-09-19_Multi_Spcon_J2_Con4,2025-09-19 12:36:28,2,2206.02,mag_start
!2025-09-19_Multi_Spcon_J2_Con4,2025-09-19 12:36:28,2,2206.86,mag_end
!2025-09-19_Multi_Spcon_J2_Con4,2025-09-19 12:36:28,2,2208.44,noise_start
!2025-09-19_Multi_Spcon_J2_Con4,2025-09-19 12:36:28,2,2218.44,noise_end
!2025-09-19_Multi_Spcon_J2_Con4,2025-09-19 12:36:28,2,2218.44,pelD_start
!2025-09-19_Multi_Spcon_J2_Con4,2025-09-19 12:36:28,2,2218.45,pelD_end
!2025-09-19_Multi_Spcon_J2_Con4,2025-09-19 12:36:28,2,2218.64,pelD_start
!2025-09-19_Multi_Spcon_J2_Con4,2025-09-19 12:36:28,2,2218.65,pelD_end
!2025-09-19_Multi_Spcon_J2_Con4,2025-09-19 12:36:28,2,2228.59,mag_start
!2025-09-19_Multi_Spcon_J2_Con4,2025-09-19 12:36:28,2,2228.69,mag_end
!2025-09-19_Multi_Spcon_J2_Con4,2025-09-19 12:36:28,2,2228.96,mag_start
!2025-09-19_Multi_Spcon_J2_Con4,2025-09-19 12:36:28,2,2229.25,mag_end
!2025-09-19_Multi_Spcon_J2_Con4,2025-09-19 12:36:28,2,2229.50,mag_start
!2025-09-19_Multi_Spcon_J2_Con4,2025-09-19 12:36:28,2,2229.84,mag_end
!2025-09-19_Multi_Spcon_J2_Con4,2025-09-19 12:36:28,2,2230.22,mag_start
!2025-09-19_Multi_Spcon_J2_Con4,2025-09-19 12:36:28,2,2230.26,mag_end
!2025-09-19_Multi_Spcon_J2_Con4,2025-09-19 12:36:28,2,2230.58,mag_start
!2025-09-19_Multi_Spcon_J2_Con4,2025-09-19 12:36:28,2,2231.46,mag_end
!2025-09-19_Multi_Spcon_J2_Con4,2025-09-19 12:36:28,2,2237.12,mag_start
!2025-09-19_Multi_Spcon_J2_Con4,2025-09-19 12:36:28,2,2237.86,mag_end
!2025-09-19_Multi_Spcon_J2_Con4,2025-09-19 12:36:28,2,2237.90,mag_start
!2025-09-19_Multi_Spcon_J2_Con4,2025-09-19 12:36:28,2,2237.97,mag_end
!2025-09-19_Multi_Spcon_J2_Con4,2025-09-19 12:36:28,2,2238.00,mag_start
!2025-09-19_Multi_Spcon_J2_Con4,2025-09-19 12:36:28,2,2238.36,mag_end
!2025-09-19_Multi_Spcon_J2_Con4,2025-09-19 12:36:28,2,2239.11,mag_start
!2025-09-19_Multi_Spcon_J2_Con4,2025-09-19 12:36:28,2,2241.01,mag_end
!2025-09-19_Multi_Spcon_J2_Con4,2025-09-19 12:36:28,2,2241.04,mag_start
!2025-09-19_Multi_Spcon_J2_Con4,2025-09-19 12:36:28,2,2241.65,mag_end
!2025-09-19_Multi_Spcon_J2_Con4,2025-09-19 12:36:28,2,2241.90,mag_start
!2025-09-19_Multi_Spcon_J2_Con4,2025-09-19 12:36:28,2,2242.15,mag_end
!2025-09-19_Multi_Spcon_J2_Con4,2025-09-19 12:36:28,2,2242.30,mag_start
!2025-09-19_Multi_Spcon_J2_Con4,2025-09-19 12:36:28,2,2243.55,mag_end
!2025-09-19_Multi_Spcon_J2_Con4,2025-09-19 12:36:28,2,2255.78,mag_start
!2025-09-19_Multi_Spcon_J2_Con4,2025-09-19 12:36:28,2,2255.82,mag_end
!2025-09-19_Multi_Spcon_J2_Con4,2025-09-19 12:36:28,2,2255.90,mag_start
!2025-09-19_Multi_Spcon_J2_Con4,2025-09-19 12:36:28,2,2256.75,mag_end
!2025-09-19_Multi_Spcon_J2_Con4,2025-09-19 12:36:28,2,2262.85,mag_start
!2025-09-19_Multi_Spcon_J2_Con4,2025-09-19 12:36:28,2,2265.42,mag_end
!2025-09-19_Multi_Spcon_J2_Con4,2025-09-19 12:36:28,2,2288.01,mag_start
!2025-09-19_Multi_Spcon_J2_Con4,2025-09-19 12:36:28,2,2290.20,mag_end
!2025-09-19_Multi_Spcon_J2_Con4,2025-09-19 12:36:28,2,2305.20,mag_start
!2025-09-19_Multi_Spcon_J2_Con4,2025-09-19 12:36:28,2,2305.39,mag_end
!2025-09-19_Multi_Spcon_J2_Con4,2025-09-19 12:36:28,2,2307.76,mag_start
!2025-09-19_Multi_Spcon_J2_Con4,2025-09-19 12:36:28,2,2308.05,mag_end
!2025-09-19_Multi_Spcon_J2_Con4,2025-09-19 12:36:28,2,2308.28,mag_start
!2025-09-19_Multi_Spcon_J2_Con4,2025-09-19 12:36:28,2,2311.17,mag_end
!2025-09-19_Multi_Spcon_J2_Con4,2025-09-19 12:36:28,2,2346.59,mag_start
!2025-09-19_Multi_Spcon_J2_Con4,2025-09-19 12:36:28,2,2346.84,mag_end
!2025-09-19_Multi_Spcon_J2_Con4,2025-09-19 12:36:28,2,2346.91,mag_start
!2025-09-19_Multi_Spcon_J2_Con4,2025-09-19 12:36:28,2,2347.38,mag_end
!2025-09-19_Multi_Spcon_J2_Con4,2025-09-19 12:36:28,2,2384.79,lowT_start
!2025-09-19_Multi_Spcon_J2_Con4,2025-09-19 12:36:28,2,2394.79,lowT_end
!2025-09-19_Multi_Spcon_J2_Con4,2025-09-19 12:36:28,2,2450.58,mag_start
!2025-09-19_Multi_Spcon_J2_Con4,2025-09-19 12:36:28,2,2450.69,mag_end
!2025-09-19_Multi_Spcon_J2_Con4,2025-09-19 12:36:28,2,2451.13,mag_start
!2025-09-19_Multi_Spcon_J2_Con4,2025-09-19 12:36:28,2,2451.21,mag_end
!2025-09-19_Multi_Spcon_J2_Con4,2025-09-19 12:36:28,2,2451.41,mag_start
!2025-09-19_Multi_Spcon_J2_Con4,2025-09-19 12:36:28,2,2451.81,mag_end
!2025-09-19_Multi_Spcon_J2_Con4,2025-09-19 12:36:28,2,2451.92,mag_start
!2025-09-19_Multi_Spcon_J2_Con4,2025-09-19 12:36:28,2,2452.53,mag_end
!2025-09-19_Multi_Spcon_J2_Con4,2025-09-19 12:36:28,2,2453.06,mag_start
!2025-09-19_Multi_Spcon_J2_Con4,2025-09-19 12:36:28,2,2453.47,mag_end
!2025-09-19_Multi_Spcon_J2_Con4,2025-09-19 12:36:28,2,2544.17,lowT_start
!2025-09-19_Multi_Spcon_J2_Con4,2025-09-19 12:36:28,2,2554.17,lowT_end
!2025-09-19_Multi_Spcon_J2_Con4,2025-09-19 12:36:28,2,2703.35,noise_start
!2025-09-19_Multi_Spcon_J2_Con4,2025-09-19 12:36:28,2,2713.35,noise_end
!2025-09-19_Multi_Spcon_J2_Con4,2025-09-19 12:36:28,2,2713.35,pelD_start
!2025-09-19_Multi_Spcon_J2_Con4,2025-09-19 12:36:28,2,2713.36,pelD_end
!2025-09-19_Multi_Spcon_J2_Con4,2025-09-19 12:36:28,2,2713.55,pelD_start
!2025-09-19_Multi_Spcon_J2_Con4,2025-09-19 12:36:28,2,2713.56,pelD_end
!2025-09-19_Multi_Spcon_J2_Con4,2025-09-19 12:36:28,2,2725.40,mag_start
!2025-09-19_Multi_Spcon_J2_Con4,2025-09-19 12:36:28,2,2725.44,mag_end
!2025-09-19_Multi_Spcon_J2_Con4,2025-09-19 12:36:28,2,2725.46,mag_start
!2025-09-19_Multi_Spcon_J2_Con4,2025-09-19 12:36:28,2,2726.34,mag_end
!2025-09-19_Multi_Spcon_J2_Con4,2025-09-19 12:36:28,2,2733.68,mag_start
!2025-09-19_Multi_Spcon_J2_Con4,2025-09-19 12:36:28,2,2734.43,mag_end
!2025-09-19_Multi_Spcon_J2_Con4,2025-09-19 12:36:28,2,2736.74,mag_start
!2025-09-19_Multi_Spcon_J2_Con4,2025-09-19 12:36:28,2,2737.20,mag_end
!2025-09-19_Multi_Spcon_J2_Con4,2025-09-19 12:36:28,2,2737.30,mag_start
!2025-09-19_Multi_Spcon_J2_Con4,2025-09-19 12:36:28,2,2737.59,mag_end
!2025-09-19_Multi_Spcon_J2_Con4,2025-09-19 12:36:28,2,2737.88,mag_start
!2025-09-19_Multi_Spcon_J2_Con4,2025-09-19 12:36:28,2,2738.88,mag_end
!2025-09-19_Multi_Spcon_J2_Con4,2025-09-19 12:36:28,2,2739.81,mag_start
!2025-09-19_Multi_Spcon_J2_Con4,2025-09-19 12:36:28,2,2740.31,mag_end
!2025-09-19_Multi_Spcon_J2_Con4,2025-09-19 12:36:28,2,2740.81,mag_start
!2025-09-19_Multi_Spcon_J2_Con4,2025-09-19 12:36:28,2,2740.84,mag_end
!2025-09-19_Multi_Spcon_J2_Con4,2025-09-19 12:36:28,2,2740.85,mag_start
!2025-09-19_Multi_Spcon_J2_Con4,2025-09-19 12:36:28,2,2740.86,mag_end
!2025-09-19_Multi_Spcon_J2_Con4,2025-09-19 12:36:28,2,2742.31,mag_start
!2025-09-19_Multi_Spcon_J2_Con4,2025-09-19 12:36:28,2,2742.34,mag_end
!2025-09-19_Multi_Spcon_J2_Con4,2025-09-19 12:36:28,2,2742.46,mag_start
!2025-09-19_Multi_Spcon_J2_Con4,2025-09-19 12:36:28,2,2742.48,mag_end
!2025-09-19_Multi_Spcon_J2_Con4,2025-09-19 12:36:28,2,2742.81,mag_start
!2025-09-19_Multi_Spcon_J2_Con4,2025-09-19 12:36:28,2,2742.91,mag_end
!2025-09-19_Multi_Spcon_J2_Con4,2025-09-19 12:36:28,2,2742.92,mag_start
!2025-09-19_Multi_Spcon_J2_Con4,2025-09-19 12:36:28,2,2746.34,mag_end
!2025-09-19_Multi_Spcon_J2_Con4,2025-09-19 12:36:28,2,2753.89,mag_start
!2025-09-19_Multi_Spcon_J2_Con4,2025-09-19 12:36:28,2,2759.78,mag_end
!2025-09-19_Multi_Spcon_J2_Con4,2025-09-19 12:36:28,2,2764.49,mag_start
!2025-09-19_Multi_Spcon_J2_Con4,2025-09-19 12:36:28,2,2764.71,mag_end
!2025-09-19_Multi_Spcon_J2_Con4,2025-09-19 12:36:28,2,2764.82,mag_start
!2025-09-19_Multi_Spcon_J2_Con4,2025-09-19 12:36:28,2,2765.07,mag_end
!2025-09-19_Multi_Spcon_J2_Con4,2025-09-19 12:36:28,2,2766.19,mag_start
!2025-09-19_Multi_Spcon_J2_Con4,2025-09-19 12:36:28,2,2766.21,mag_end
!2025-09-19_Multi_Spcon_J2_Con4,2025-09-19 12:36:28,2,2766.23,mag_start
!2025-09-19_Multi_Spcon_J2_Con4,2025-09-19 12:36:28,2,2768.34,mag_end
!2025-09-19_Multi_Spcon_J2_Con4,2025-09-19 12:36:28,2,2857.17,lowT_start
!2025-09-19_Multi_Spcon_J2_Con4,2025-09-19 12:36:28,2,2867.17,lowT_end
!2025-09-19_Multi_Spcon_J2_Con4,2025-09-19 12:36:28,2,2953.64,mag_start
!2025-09-19_Multi_Spcon_J2_Con4,2025-09-19 12:36:28,2,2953.67,mag_end
!2025-09-19_Multi_Spcon_J2_Con4,2025-09-19 12:36:28,2,2953.84,mag_start
!2025-09-19_Multi_Spcon_J2_Con4,2025-09-19 12:36:28,2,2954.03,mag_end
!2025-09-19_Multi_Spcon_J2_Con4,2025-09-19 12:36:28,2,2957.88,mag_start
!2025-09-19_Multi_Spcon_J2_Con4,2025-09-19 12:36:28,2,2957.90,mag_end
!2025-09-19_Multi_Spcon_J2_Con4,2025-09-19 12:36:28,2,2957.96,mag_start
!2025-09-19_Multi_Spcon_J2_Con4,2025-09-19 12:36:28,2,2958.57,mag_end
!2025-09-19_Multi_Spcon_J2_Con4,2025-09-19 12:36:28,2,2958.93,mag_start
!2025-09-19_Multi_Spcon_J2_Con4,2025-09-19 12:36:28,2,2959.24,mag_end
!2025-09-19_Multi_Spcon_J2_Con4,2025-09-19 12:36:28,2,2965.69,mag_start
!2025-09-19_Multi_Spcon_J2_Con4,2025-09-19 12:36:28,2,2965.96,mag_end
!2025-09-19_Multi_Spcon_J2_Con4,2025-09-19 12:36:28,2,2966.06,mag_start
!2025-09-19_Multi_Spcon_J2_Con4,2025-09-19 12:36:28,2,2966.13,mag_end
!2025-09-19_Multi_Spcon_J2_Con4,2025-09-19 12:36:28,2,2966.18,mag_start
!2025-09-19_Multi_Spcon_J2_Con4,2025-09-19 12:36:28,2,2966.24,mag_end
!2025-09-19_Multi_Spcon_J2_Con4,2025-09-19 12:36:28,2,2966.26,mag_start
!2025-09-19_Multi_Spcon_J2_Con4,2025-09-19 12:36:28,2,2966.65,mag_end
!2025-09-19_Multi_Spcon_J2_Con4,2025-09-19 12:36:28,2,2987.79,mag_start
!2025-09-19_Multi_Spcon_J2_Con4,2025-09-19 12:36:28,2,2989.27,mag_end
!2025-09-19_Multi_Spcon_J2_Con4,2025-09-19 12:36:28,2,3003.50,mag_start
!2025-09-19_Multi_Spcon_J2_Con4,2025-09-19 12:36:28,2,3005.80,mag_end
!2025-09-19_Multi_Spcon_J2_Con4,2025-09-19 12:36:28,2,3008.56,mag_start
!2025-09-19_Multi_Spcon_J2_Con4,2025-09-19 12:36:28,2,3008.58,mag_end
!2025-09-19_Multi_Spcon_J2_Con4,2025-09-19 12:36:28,2,3011.20,mag_start
!2025-09-19_Multi_Spcon_J2_Con4,2025-09-19 12:36:28,2,3011.25,mag_end
!2025-09-19_Multi_Spcon_J2_Con4,2025-09-19 12:36:28,2,3011.26,mag_start
!2025-09-19_Multi_Spcon_J2_Con4,2025-09-19 12:36:28,2,3011.34,mag_end
!2025-09-19_Multi_Spcon_J2_Con4,2025-09-19 12:36:28,2,3013.92,mag_start
!2025-09-19_Multi_Spcon_J2_Con4,2025-09-19 12:36:28,2,3013.95,mag_end
!2025-09-19_Multi_Spcon_J2_Con4,2025-09-19 12:36:28,2,3013.97,mag_start
!2025-09-19_Multi_Spcon_J2_Con4,2025-09-19 12:36:28,2,3014.33,mag_end
!2025-09-19_Multi_Spcon_J2_Con4,2025-09-19 12:36:28,2,3018.43,noise_start
!2025-09-19_Multi_Spcon_J2_Con4,2025-09-19 12:36:28,2,3028.43,noise_end
!2025-09-19_Multi_Spcon_J2_Con4,2025-09-19 12:36:28,2,3018.51,mag_start
!2025-09-19_Multi_Spcon_J2_Con4,2025-09-19 12:36:28,2,3018.71,mag_end
!2025-09-19_Multi_Spcon_J2_Con4,2025-09-19 12:36:28,2,3028.43,pelD_start
!2025-09-19_Multi_Spcon_J2_Con4,2025-09-19 12:36:28,2,3028.44,pelD_end
!2025-09-19_Multi_Spcon_J2_Con4,2025-09-19 12:36:28,2,3028.63,pelD_start
!2025-09-19_Multi_Spcon_J2_Con4,2025-09-19 12:36:28,2,3028.64,pelD_end
!2025-09-19_Multi_Spcon_J2_Con4,2025-09-19 12:36:28,2,3031.07,mag_start
!2025-09-19_Multi_Spcon_J2_Con4,2025-09-19 12:36:28,2,3031.64,mag_end
!2025-09-19_Multi_Spcon_J2_Con4,2025-09-19 12:36:28,2,3032.59,mag_start
!2025-09-19_Multi_Spcon_J2_Con4,2025-09-19 12:36:28,2,3032.60,mag_end
!2025-09-19_Multi_Spcon_J2_Con4,2025-09-19 12:36:28,2,3032.64,mag_start
!2025-09-19_Multi_Spcon_J2_Con4,2025-09-19 12:36:28,2,3034.08,mag_end
!2025-09-19_Multi_Spcon_J2_Con4,2025-09-19 12:36:28,2,3034.56,mag_start
!2025-09-19_Multi_Spcon_J2_Con4,2025-09-19 12:36:28,2,3035.57,mag_end
!2025-09-19_Multi_Spcon_J2_Con4,2025-09-19 12:36:28,2,3036.08,mag_start
!2025-09-19_Multi_Spcon_J2_Con4,2025-09-19 12:36:28,2,3036.10,mag_end
!2025-09-19_Multi_Spcon_J2_Con4,2025-09-19 12:36:28,2,3036.63,mag_start
!2025-09-19_Multi_Spcon_J2_Con4,2025-09-19 12:36:28,2,3038.46,mag_end
!2025-09-19_Multi_Spcon_J2_Con4,2025-09-19 12:36:28,2,3046.01,mag_start
!2025-09-19_Multi_Spcon_J2_Con4,2025-09-19 12:36:28,2,3046.70,mag_end
!2025-09-19_Multi_Spcon_J2_Con4,2025-09-19 12:36:28,2,3047.20,mag_start
!2025-09-19_Multi_Spcon_J2_Con4,2025-09-19 12:36:28,2,3047.68,mag_end
!2025-09-19_Multi_Spcon_J2_Con4,2025-09-19 12:36:28,2,3120.45,mag_start
!2025-09-19_Multi_Spcon_J2_Con4,2025-09-19 12:36:28,2,3120.49,mag_end
!2025-09-19_Multi_Spcon_J2_Con4,2025-09-19 12:36:28,2,3121.14,mag_start
!2025-09-19_Multi_Spcon_J2_Con4,2025-09-19 12:36:28,2,3121.33,mag_end
!2025-09-19_Multi_Spcon_J2_Con4,2025-09-19 12:36:28,2,3148.34,mag_start
!2025-09-19_Multi_Spcon_J2_Con4,2025-09-19 12:36:28,2,3148.51,mag_end
!2025-09-19_Multi_Spcon_J2_Con4,2025-09-19 12:36:28,2,3178.01,noise_start
!2025-09-19_Multi_Spcon_J2_Con4,2025-09-19 12:36:28,2,3188.01,noise_end
!2025-09-19_Multi_Spcon_J2_Con4,2025-09-19 12:36:28,2,3188.01,pelD_start
!2025-09-19_Multi_Spcon_J2_Con4,2025-09-19 12:36:28,2,3188.02,pelD_end
!2025-09-19_Multi_Spcon_J2_Con4,2025-09-19 12:36:28,2,3188.21,pelD_start
!2025-09-19_Multi_Spcon_J2_Con4,2025-09-19 12:36:28,2,3188.22,pelD_end
!2025-09-19_Multi_Spcon_J2_Con4,2025-09-19 12:36:28,2,3207.58,mag_start
!2025-09-19_Multi_Spcon_J2_Con4,2025-09-19 12:36:28,2,3209.71,mag_end
!2025-09-19_Multi_Spcon_J2_Con4,2025-09-19 12:36:28,2,3212.16,mag_start
!2025-09-19_Multi_Spcon_J2_Con4,2025-09-19 12:36:28,2,3212.19,mag_end
!2025-09-19_Multi_Spcon_J2_Con4,2025-09-19 12:36:28,2,3212.27,mag_start
!2025-09-19_Multi_Spcon_J2_Con4,2025-09-19 12:36:28,2,3212.75,mag_end
!2025-09-19_Multi_Spcon_J2_Con4,2025-09-19 12:36:28,2,3222.73,mag_start
!2025-09-19_Multi_Spcon_J2_Con4,2025-09-19 12:36:28,2,3222.77,mag_end
!2025-09-19_Multi_Spcon_J2_Con4,2025-09-19 12:36:28,2,3223.42,mag_start
!2025-09-19_Multi_Spcon_J2_Con4,2025-09-19 12:36:28,2,3224.20,mag_end
!2025-09-19_Multi_Spcon_J2_Con4,2025-09-19 12:36:28,2,3224.54,mag_start
!2025-09-19_Multi_Spcon_J2_Con4,2025-09-19 12:36:28,2,3224.86,mag_end
!2025-09-19_Multi_Spcon_J2_Con4,2025-09-19 12:36:28,2,3225.31,mag_start
!2025-09-19_Multi_Spcon_J2_Con4,2025-09-19 12:36:28,2,3227.77,mag_end
!2025-09-19_Multi_Spcon_J2_Con4,2025-09-19 12:36:28,2,3231.89,mag_start
!2025-09-19_Multi_Spcon_J2_Con4,2025-09-19 12:36:28,2,3233.02,mag_end
!2025-09-19_Multi_Spcon_J2_Con4,2025-09-19 12:36:28,2,3236.37,mag_start
!2025-09-19_Multi_Spcon_J2_Con4,2025-09-19 12:36:28,2,3236.41,mag_end
!2025-09-19_Multi_Spcon_J2_Con4,2025-09-19 12:36:28,2,3236.43,mag_start
!2025-09-19_Multi_Spcon_J2_Con4,2025-09-19 12:36:28,2,3236.47,mag_end
!2025-09-19_Multi_Spcon_J2_Con4,2025-09-19 12:36:28,2,3236.48,mag_start
!2025-09-19_Multi_Spcon_J2_Con4,2025-09-19 12:36:28,2,3236.53,mag_end
!2025-09-19_Multi_Spcon_J2_Con4,2025-09-19 12:36:28,2,3236.80,mag_start
!2025-09-19_Multi_Spcon_J2_Con4,2025-09-19 12:36:28,2,3236.86,mag_end
!2025-09-19_Multi_Spcon_J2_Con4,2025-09-19 12:36:28,2,3236.89,mag_start
!2025-09-19_Multi_Spcon_J2_Con4,2025-09-19 12:36:28,2,3236.92,mag_end
!2025-09-19_Multi_Spcon_J2_Con4,2025-09-19 12:36:28,2,3237.02,mag_start
!2025-09-19_Multi_Spcon_J2_Con4,2025-09-19 12:36:28,2,3237.14,mag_end
!2025-09-19_Multi_Spcon_J2_Con4,2025-09-19 12:36:28,2,3237.26,mag_start
!2025-09-19_Multi_Spcon_J2_Con4,2025-09-19 12:36:28,2,3237.28,mag_end
!2025-09-19_Multi_Spcon_J2_Con4,2025-09-19 12:36:28,2,3237.98,mag_start
!2025-09-19_Multi_Spcon_J2_Con4,2025-09-19 12:36:28,2,3238.01,mag_end
!2025-09-19_Multi_Spcon_J2_Con4,2025-09-19 12:36:28,2,3238.30,mag_start
!2025-09-19_Multi_Spcon_J2_Con4,2025-09-19 12:36:28,2,3238.76,mag_end
!2025-09-19_Multi_Spcon_J2_Con4,2025-09-19 12:36:28,2,3238.85,mag_start
!2025-09-19_Multi_Spcon_J2_Con4,2025-09-19 12:36:28,2,3242.53,mag_end
!2025-09-19_Multi_Spcon_J2_Con4,2025-09-19 12:36:28,2,3244.44,mag_start
!2025-09-19_Multi_Spcon_J2_Con4,2025-09-19 12:36:28,2,3244.60,mag_end
!2025-09-19_Multi_Spcon_J2_Con4,2025-09-19 12:36:28,2,3244.61,mag_start
!2025-09-19_Multi_Spcon_J2_Con4,2025-09-19 12:36:28,2,3244.81,mag_end
!2025-09-19_Multi_Spcon_J2_Con4,2025-09-19 12:36:28,2,3244.91,mag_start
!2025-09-19_Multi_Spcon_J2_Con4,2025-09-19 12:36:28,2,3244.93,mag_end
!2025-09-19_Multi_Spcon_J2_Con4,2025-09-19 12:36:28,2,3245.31,mag_start
!2025-09-19_Multi_Spcon_J2_Con4,2025-09-19 12:36:28,2,3245.47,mag_end
!2025-09-19_Multi_Spcon_J2_Con4,2025-09-19 12:36:28,2,3245.81,mag_start
!2025-09-19_Multi_Spcon_J2_Con4,2025-09-19 12:36:28,2,3246.77,mag_end
!2025-09-19_Multi_Spcon_J2_Con4,2025-09-19 12:36:28,2,3255.10,mag_start
!2025-09-19_Multi_Spcon_J2_Con4,2025-09-19 12:36:28,2,3262.20,mag_end
!2025-09-19_Multi_Spcon_J2_Con4,2025-09-19 12:36:28,2,3262.93,mag_start
!2025-09-19_Multi_Spcon_J2_Con4,2025-09-19 12:36:28,2,3262.94,mag_end
!2025-09-19_Multi_Spcon_J2_Con4,2025-09-19 12:36:28,2,3263.23,mag_start
!2025-09-19_Multi_Spcon_J2_Con4,2025-09-19 12:36:28,2,3264.73,mag_end
!2025-09-19_Multi_Spcon_J2_Con4,2025-09-19 12:36:28,2,3266.23,mag_start
!2025-09-19_Multi_Spcon_J2_Con4,2025-09-19 12:36:28,2,3266.73,mag_end
!2025-09-19_Multi_Spcon_J2_Con4,2025-09-19 12:36:28,2,3267.10,mag_start
!2025-09-19_Multi_Spcon_J2_Con4,2025-09-19 12:36:28,2,3268.48,mag_end
!2025-09-19_Multi_Spcon_J2_Con4,2025-09-19 12:36:28,2,3286.20,mag_start
!2025-09-19_Multi_Spcon_J2_Con4,2025-09-19 12:36:28,2,3286.68,mag_end
!2025-09-19_Multi_Spcon_J2_Con4,2025-09-19 12:36:28,2,3314.48,mag_start
!2025-09-19_Multi_Spcon_J2_Con4,2025-09-19 12:36:28,2,3316.07,mag_end
!2025-09-19_Multi_Spcon_J2_Con4,2025-09-19 12:36:28,2,3330.52,mag_start
!2025-09-19_Multi_Spcon_J2_Con4,2025-09-19 12:36:28,2,3330.72,mag_end
!2025-09-19_Multi_Spcon_J2_Con4,2025-09-19 12:36:28,2,3341.95,lowT_start
!2025-09-19_Multi_Spcon_J2_Con4,2025-09-19 12:36:28,2,3351.95,lowT_end
!2025-09-19_Multi_Spcon_J2_Con4,2025-09-19 12:36:28,2,3419.70,mag_start
!2025-09-19_Multi_Spcon_J2_Con4,2025-09-19 12:36:28,2,3420.15,mag_end
!2025-09-19_Multi_Spcon_J2_Con4,2025-09-19 12:36:28,2,3515.13,noise_start
!2025-09-19_Multi_Spcon_J2_Con4,2025-09-19 12:36:28,2,3525.13,noise_end
!2025-09-19_Multi_Spcon_J2_Con4,2025-09-19 12:36:28,2,3525.13,pelD_start
!2025-09-19_Multi_Spcon_J2_Con4,2025-09-19 12:36:28,2,3525.14,pelD_end
!2025-09-19_Multi_Spcon_J2_Con4,2025-09-19 12:36:28,2,3525.33,pelD_start
!2025-09-19_Multi_Spcon_J2_Con4,2025-09-19 12:36:28,2,3525.34,pelD_end
!2025-09-19_Multi_Spcon_J2_Con4,2025-09-19 12:36:28,2,3532.28,mag_start
!2025-09-19_Multi_Spcon_J2_Con4,2025-09-19 12:36:28,2,3533.53,mag_end
!2025-09-19_Multi_Spcon_J2_Con4,2025-09-19 12:36:28,2,3539.80,mag_start
!2025-09-19_Multi_Spcon_J2_Con4,2025-09-19 12:36:28,2,3540.71,mag_end
!2025-09-19_Multi_Spcon_J2_Con4,2025-09-19 12:36:28,2,3540.93,mag_start
!2025-09-19_Multi_Spcon_J2_Con4,2025-09-19 12:36:28,2,3541.52,mag_end
!2025-09-19_Multi_Spcon_J2_Con4,2025-09-19 12:36:28,2,3541.83,mag_start
!2025-09-19_Multi_Spcon_J2_Con4,2025-09-19 12:36:28,2,3542.30,mag_end
!2025-09-19_Multi_Spcon_J2_Con4,2025-09-19 12:36:28,2,3542.61,mag_start
!2025-09-19_Multi_Spcon_J2_Con4,2025-09-19 12:36:28,2,3543.64,mag_end
!2025-09-19_Multi_Spcon_J2_Con4,2025-09-19 12:36:28,2,3544.35,mag_start
!2025-09-19_Multi_Spcon_J2_Con4,2025-09-19 12:36:28,2,3545.13,mag_end
!2025-09-19_Multi_Spcon_J2_Con4,2025-09-19 12:36:28,2,3593.75,mag_start
!2025-09-19_Multi_Spcon_J2_Con4,2025-09-19 12:36:28,2,3596.21,mag_end
!2025-09-19_Multi_Spcon_J2_Con4,2025-09-19 12:36:28,2,3659.33,mag_start
!2025-09-19_Multi_Spcon_J2_Con4,2025-09-19 12:36:28,2,3661.19,mag_end
!2025-09-19_Multi_Spcon_J2_Con4,2025-09-19 12:36:28,2,3681.16,lowT_start
!2025-09-19_Multi_Spcon_J2_Con4,2025-09-19 12:36:28,2,3691.16,lowT_end
!2025-09-19_Multi_Spcon_J2_Con4,2025-09-19 12:36:28,2,3736.08,mag_start
!2025-09-19_Multi_Spcon_J2_Con4,2025-09-19 12:36:28,2,3736.60,mag_end
!2025-09-19_Multi_Spcon_J2_Con4,2025-09-19 12:36:28,2,3740.28,mag_start
!2025-09-19_Multi_Spcon_J2_Con4,2025-09-19 12:36:28,2,3740.29,mag_end
!2025-09-19_Multi_Spcon_J2_Con4,2025-09-19 12:36:28,2,3740.49,mag_start
!2025-09-19_Multi_Spcon_J2_Con4,2025-09-19 12:36:28,2,3740.54,mag_end
!2025-09-19_Multi_Spcon_J2_Con4,2025-09-19 12:36:28,2,3740.64,mag_start
!2025-09-19_Multi_Spcon_J2_Con4,2025-09-19 12:36:28,2,3740.68,mag_end
!2025-09-19_Multi_Spcon_J2_Con4,2025-09-19 12:36:28,2,3763.65,mag_start
!2025-09-19_Multi_Spcon_J2_Con4,2025-09-19 12:36:28,2,3763.73,mag_end
!2025-09-19_Multi_Spcon_J2_Con4,2025-09-19 12:36:28,2,3763.76,mag_start
!2025-09-19_Multi_Spcon_J2_Con4,2025-09-19 12:36:28,2,3763.77,mag_end
!2025-09-19_Multi_Spcon_J2_Con4,2025-09-19 12:36:28,2,3811.45,mag_start
!2025-09-19_Multi_Spcon_J2_Con4,2025-09-19 12:36:28,2,3811.51,mag_end
!2025-09-19_Multi_Spcon_J2_Con4,2025-09-19 12:36:28,2,3811.54,mag_start
!2025-09-19_Multi_Spcon_J2_Con4,2025-09-19 12:36:28,2,3811.62,mag_end
!2025-09-19_Multi_Spcon_J2_Con4,2025-09-19 12:36:28,2,3811.68,mag_start
!2025-09-19_Multi_Spcon_J2_Con4,2025-09-19 12:36:28,2,3811.73,mag_end
!2025-09-19_Multi_Spcon_J2_Con4,2025-09-19 12:36:28,2,3839.85,lowT_start
!2025-09-19_Multi_Spcon_J2_Con4,2025-09-19 12:36:28,2,3849.85,lowT_end
!2025-09-19_Multi_Spcon_J2_Con4,2025-09-19 12:36:28,2,3984.24,noise_start
!2025-09-19_Multi_Spcon_J2_Con4,2025-09-19 12:36:28,2,3994.24,noise_end
!2025-09-19_Multi_Spcon_J2_Con4,2025-09-19 12:36:28,2,3994.24,pelD_start
!2025-09-19_Multi_Spcon_J2_Con4,2025-09-19 12:36:28,2,3994.25,pelD_end
!2025-09-19_Multi_Spcon_J2_Con4,2025-09-19 12:36:28,2,3994.44,pelD_start
!2025-09-19_Multi_Spcon_J2_Con4,2025-09-19 12:36:28,2,3994.45,pelD_end
!2025-09-19_Multi_Spcon_J2_Con4,2025-09-19 12:36:28,2,3997.03,mag_start
!2025-09-19_Multi_Spcon_J2_Con4,2025-09-19 12:36:28,2,3997.83,mag_end
!2025-09-19_Multi_Spcon_J2_Con4,2025-09-19 12:36:28,2,4010.41,mag_start
!2025-09-19_Multi_Spcon_J2_Con4,2025-09-19 12:36:28,2,4010.47,mag_end
!2025-09-19_Multi_Spcon_J2_Con4,2025-09-19 12:36:28,2,4010.57,mag_start
!2025-09-19_Multi_Spcon_J2_Con4,2025-09-19 12:36:28,2,4012.60,mag_end
!2025-09-19_Multi_Spcon_J2_Con4,2025-09-19 12:36:28,2,4012.70,mag_start
!2025-09-19_Multi_Spcon_J2_Con4,2025-09-19 12:36:28,2,4013.89,mag_end
!2025-09-19_Multi_Spcon_J2_Con4,2025-09-19 12:36:28,2,4014.51,mag_start
!2025-09-19_Multi_Spcon_J2_Con4,2025-09-19 12:36:28,2,4014.65,mag_end
!2025-09-19_Multi_Spcon_J2_Con4,2025-09-19 12:36:28,2,4018.12,mag_start
!2025-09-19_Multi_Spcon_J2_Con4,2025-09-19 12:36:28,2,4020.28,mag_end
!2025-09-19_Multi_Spcon_J2_Con4,2025-09-19 12:36:28,2,4021.98,mag_start
!2025-09-19_Multi_Spcon_J2_Con4,2025-09-19 12:36:28,2,4022.11,mag_end
!2025-09-19_Multi_Spcon_J2_Con4,2025-09-19 12:36:28,2,4022.38,mag_start
!2025-09-19_Multi_Spcon_J2_Con4,2025-09-19 12:36:28,2,4022.43,mag_end
!2025-09-19_Multi_Spcon_J2_Con4,2025-09-19 12:36:28,2,4022.49,mag_start
!2025-09-19_Multi_Spcon_J2_Con4,2025-09-19 12:36:28,2,4023.68,mag_end
!2025-09-19_Multi_Spcon_J2_Con4,2025-09-19 12:36:28,2,4024.60,mag_start
!2025-09-19_Multi_Spcon_J2_Con4,2025-09-19 12:36:28,2,4025.81,mag_end
!2025-09-19_Multi_Spcon_J2_Con4,2025-09-19 12:36:28,2,4028.14,mag_start
!2025-09-19_Multi_Spcon_J2_Con4,2025-09-19 12:36:28,2,4028.16,mag_end
!2025-09-19_Multi_Spcon_J2_Con4,2025-09-19 12:36:28,2,4028.20,mag_start
!2025-09-19_Multi_Spcon_J2_Con4,2025-09-19 12:36:28,2,4028.30,mag_end
!2025-09-19_Multi_Spcon_J2_Con4,2025-09-19 12:36:28,2,4028.34,mag_start
!2025-09-19_Multi_Spcon_J2_Con4,2025-09-19 12:36:28,2,4028.44,mag_end
!2025-09-19_Multi_Spcon_J2_Con4,2025-09-19 12:36:28,2,4028.51,mag_start
!2025-09-19_Multi_Spcon_J2_Con4,2025-09-19 12:36:28,2,4028.54,mag_end
!2025-09-19_Multi_Spcon_J2_Con4,2025-09-19 12:36:28,2,4028.58,mag_start
!2025-09-19_Multi_Spcon_J2_Con4,2025-09-19 12:36:28,2,4028.78,mag_end
!2025-09-19_Multi_Spcon_J2_Con4,2025-09-19 12:36:28,2,4030.38,mag_start
!2025-09-19_Multi_Spcon_J2_Con4,2025-09-19 12:36:28,2,4030.95,mag_end
!2025-09-19_Multi_Spcon_J2_Con4,2025-09-19 12:36:28,2,4030.97,mag_start
!2025-09-19_Multi_Spcon_J2_Con4,2025-09-19 12:36:28,2,4031.00,mag_end
!2025-09-19_Multi_Spcon_J2_Con4,2025-09-19 12:36:28,2,4031.04,mag_start
!2025-09-19_Multi_Spcon_J2_Con4,2025-09-19 12:36:28,2,4031.07,mag_end
!2025-09-19_Multi_Spcon_J2_Con4,2025-09-19 12:36:28,2,4031.09,mag_start
!2025-09-19_Multi_Spcon_J2_Con4,2025-09-19 12:36:28,2,4031.51,mag_end
!2025-09-19_Multi_Spcon_J2_Con4,2025-09-19 12:36:28,2,4034.23,mag_start
!2025-09-19_Multi_Spcon_J2_Con4,2025-09-19 12:36:28,2,4034.51,mag_end
!2025-09-19_Multi_Spcon_J2_Con4,2025-09-19 12:36:28,2,4041.81,mag_start
!2025-09-19_Multi_Spcon_J2_Con4,2025-09-19 12:36:28,2,4041.85,mag_end
!2025-09-19_Multi_Spcon_J2_Con4,2025-09-19 12:36:28,2,4042.00,mag_start
!2025-09-19_Multi_Spcon_J2_Con4,2025-09-19 12:36:28,2,4042.03,mag_end
!2025-09-19_Multi_Spcon_J2_Con4,2025-09-19 12:36:28,2,4042.35,mag_start
!2025-09-19_Multi_Spcon_J2_Con4,2025-09-19 12:36:28,2,4042.71,mag_end
!2025-09-19_Multi_Spcon_J2_Con4,2025-09-19 12:36:28,2,4042.76,mag_start
!2025-09-19_Multi_Spcon_J2_Con4,2025-09-19 12:36:28,2,4044.61,mag_end
!2025-09-19_Multi_Spcon_J2_Con4,2025-09-19 12:36:28,2,4061.59,mag_start
!2025-09-19_Multi_Spcon_J2_Con4,2025-09-19 12:36:28,2,4063.46,mag_end
!2025-09-19_Multi_Spcon_J2_Con4,2025-09-19 12:36:28,2,4063.49,mag_start
!2025-09-19_Multi_Spcon_J2_Con4,2025-09-19 12:36:28,2,4071.11,mag_end
!2025-09-19_Multi_Spcon_J2_Con4,2025-09-19 12:36:28,2,4075.22,mag_start
!2025-09-19_Multi_Spcon_J2_Con4,2025-09-19 12:36:28,2,4075.38,mag_end
!2025-09-19_Multi_Spcon_J2_Con4,2025-09-19 12:36:28,2,4088.37,mag_start
!2025-09-19_Multi_Spcon_J2_Con4,2025-09-19 12:36:28,2,4088.70,mag_end
!2025-09-19_Multi_Spcon_J2_Con4,2025-09-19 12:36:28,2,4088.75,mag_start
!2025-09-19_Multi_Spcon_J2_Con4,2025-09-19 12:36:28,2,4089.01,mag_end
!2025-09-19_Multi_Spcon_J2_Con4,2025-09-19 12:36:28,2,4149.46,mag_start
!2025-09-19_Multi_Spcon_J2_Con4,2025-09-19 12:36:28,2,4149.49,mag_end
!2025-09-19_Multi_Spcon_J2_Con4,2025-09-19 12:36:28,2,4152.65,lowT_start
!2025-09-19_Multi_Spcon_J2_Con4,2025-09-19 12:36:28,2,4162.65,lowT_end
!2025-09-19_Multi_Spcon_J2_Con4,2025-09-19 12:36:28,2,4191.69,mag_start
!2025-09-19_Multi_Spcon_J2_Con4,2025-09-19 12:36:28,2,4191.75,mag_end
!2025-09-19_Multi_Spcon_J2_Con4,2025-09-19 12:36:28,2,4191.76,mag_start
!2025-09-19_Multi_Spcon_J2_Con4,2025-09-19 12:36:28,2,4191.83,mag_end
!2025-09-19_Multi_Spcon_J2_Con4,2025-09-19 12:36:28,2,4242.09,mag_start
!2025-09-19_Multi_Spcon_J2_Con4,2025-09-19 12:36:28,2,4242.26,mag_end
!2025-09-19_Multi_Spcon_J2_Con4,2025-09-19 12:36:28,2,4250.32,mag_start
!2025-09-19_Multi_Spcon_J2_Con4,2025-09-19 12:36:28,2,4250.39,mag_end
!2025-09-19_Multi_Spcon_J2_Con4,2025-09-19 12:36:28,2,4282.11,mag_start
!2025-09-19_Multi_Spcon_J2_Con4,2025-09-19 12:36:28,2,4282.16,mag_end
!2025-09-19_Multi_Spcon_J2_Con4,2025-09-19 12:36:28,2,4323.84,noise_start
!2025-09-19_Multi_Spcon_J2_Con4,2025-09-19 12:36:28,2,4333.84,noise_end
!2025-09-19_Multi_Spcon_J2_Con4,2025-09-19 12:36:28,2,4332.68,mag_start
!2025-09-19_Multi_Spcon_J2_Con4,2025-09-19 12:36:28,2,4332.73,mag_end
!2025-09-19_Multi_Spcon_J2_Con4,2025-09-19 12:36:28,2,4332.76,mag_start
!2025-09-19_Multi_Spcon_J2_Con4,2025-09-19 12:36:28,2,4332.82,mag_end
!2025-09-19_Multi_Spcon_J2_Con4,2025-09-19 12:36:28,2,4332.95,mag_start
!2025-09-19_Multi_Spcon_J2_Con4,2025-09-19 12:36:28,2,4333.32,mag_end
!2025-09-19_Multi_Spcon_J2_Con4,2025-09-19 12:36:28,2,4333.54,mag_start
!2025-09-19_Multi_Spcon_J2_Con4,2025-09-19 12:36:28,2,4333.65,mag_end
!2025-09-19_Multi_Spcon_J2_Con4,2025-09-19 12:36:28,2,4333.84,pelD_start
!2025-09-19_Multi_Spcon_J2_Con4,2025-09-19 12:36:28,2,4333.85,pelD_end
!2025-09-19_Multi_Spcon_J2_Con4,2025-09-19 12:36:28,2,4334.04,pelD_start
!2025-09-19_Multi_Spcon_J2_Con4,2025-09-19 12:36:28,2,4334.05,pelD_end
!2025-09-19_Multi_Spcon_J2_Con4,2025-09-19 12:36:28,2,4338.01,mag_start
!2025-09-19_Multi_Spcon_J2_Con4,2025-09-19 12:36:28,2,4338.04,mag_end
!2025-09-19_Multi_Spcon_J2_Con4,2025-09-19 12:36:28,2,4338.26,mag_start
!2025-09-19_Multi_Spcon_J2_Con4,2025-09-19 12:36:28,2,4338.27,mag_end
!2025-09-19_Multi_Spcon_J2_Con4,2025-09-19 12:36:28,2,4338.44,mag_start
!2025-09-19_Multi_Spcon_J2_Con4,2025-09-19 12:36:28,2,4339.17,mag_end
!2025-09-19_Multi_Spcon_J2_Con4,2025-09-19 12:36:28,2,4340.07,mag_start
!2025-09-19_Multi_Spcon_J2_Con4,2025-09-19 12:36:28,2,4340.14,mag_end
!2025-09-19_Multi_Spcon_J2_Con4,2025-09-19 12:36:28,2,4340.17,mag_start
!2025-09-19_Multi_Spcon_J2_Con4,2025-09-19 12:36:28,2,4341.76,mag_end
!2025-09-19_Multi_Spcon_J2_Con4,2025-09-19 12:36:28,2,4375.40,mag_start
!2025-09-19_Multi_Spcon_J2_Con4,2025-09-19 12:36:28,2,4375.44,mag_end
!2025-09-19_Multi_Spcon_J2_Con4,2025-09-19 12:36:28,2,4375.52,mag_start
!2025-09-19_Multi_Spcon_J2_Con4,2025-09-19 12:36:28,2,4375.55,mag_end
!2025-09-19_Multi_Spcon_J2_Con4,2025-09-19 12:36:28,2,4377.29,mag_start
!2025-09-19_Multi_Spcon_J2_Con4,2025-09-19 12:36:28,2,4377.46,mag_end
!2025-09-19_Multi_Spcon_J2_Con4,2025-09-19 12:36:28,2,4380.83,mag_start
!2025-09-19_Multi_Spcon_J2_Con4,2025-09-19 12:36:28,2,4382.95,mag_end
!2025-09-19_Multi_Spcon_J2_Con4,2025-09-19 12:36:28,2,4466.08,mag_start
!2025-09-19_Multi_Spcon_J2_Con4,2025-09-19 12:36:28,2,4466.10,mag_end
!2025-09-19_Multi_Spcon_J2_Con4,2025-09-19 12:36:28,2,4466.18,mag_start
!2025-09-19_Multi_Spcon_J2_Con4,2025-09-19 12:36:28,2,4466.45,mag_end
!2025-09-19_Multi_Spcon_J2_Con4,2025-09-19 12:36:28,2,4489.57,noise_start
!2025-09-19_Multi_Spcon_J2_Con4,2025-09-19 12:36:28,2,4499.57,noise_end
!2025-09-19_Multi_Spcon_J2_Con4,2025-09-19 12:36:28,2,4499.57,pelD_start
!2025-09-19_Multi_Spcon_J2_Con4,2025-09-19 12:36:28,2,4499.58,pelD_end
!2025-09-19_Multi_Spcon_J2_Con4,2025-09-19 12:36:28,2,4499.77,pelD_start
!2025-09-19_Multi_Spcon_J2_Con4,2025-09-19 12:36:28,2,4499.78,pelD_end
!2025-09-19_Multi_Spcon_J2_Con4,2025-09-19 12:36:28,2,4504.02,mag_start
!2025-09-19_Multi_Spcon_J2_Con4,2025-09-19 12:36:28,2,4505.51,mag_end
!2025-09-19_Multi_Spcon_J2_Con4,2025-09-19 12:36:28,2,4509.37,mag_start
!2025-09-19_Multi_Spcon_J2_Con4,2025-09-19 12:36:28,2,4510.47,mag_end
!2025-09-19_Multi_Spcon_J2_Con4,2025-09-19 12:36:28,2,4518.07,mag_start
!2025-09-19_Multi_Spcon_J2_Con4,2025-09-19 12:36:28,2,4518.10,mag_end
!2025-09-19_Multi_Spcon_J2_Con4,2025-09-19 12:36:28,2,4518.19,mag_start
!2025-09-19_Multi_Spcon_J2_Con4,2025-09-19 12:36:28,2,4518.60,mag_end
!2025-09-19_Multi_Spcon_J2_Con4,2025-09-19 12:36:28,2,4522.13,mag_start
!2025-09-19_Multi_Spcon_J2_Con4,2025-09-19 12:36:28,2,4523.26,mag_end
!2025-09-19_Multi_Spcon_J2_Con4,2025-09-19 12:36:28,2,4541.36,mag_start
!2025-09-19_Multi_Spcon_J2_Con4,2025-09-19 12:36:28,2,4541.41,mag_end
!2025-09-19_Multi_Spcon_J2_Con4,2025-09-19 12:36:28,2,4541.50,mag_start
!2025-09-19_Multi_Spcon_J2_Con4,2025-09-19 12:36:28,2,4541.53,mag_end
!2025-09-19_Multi_Spcon_J2_Con4,2025-09-19 12:36:28,2,4541.65,mag_start
!2025-09-19_Multi_Spcon_J2_Con4,2025-09-19 12:36:28,2,4541.73,mag_end
!2025-09-19_Multi_Spcon_J2_Con4,2025-09-19 12:36:28,2,4541.89,mag_start
!2025-09-19_Multi_Spcon_J2_Con4,2025-09-19 12:36:28,2,4543.96,mag_end
!2025-09-19_Multi_Spcon_J2_Con4,2025-09-19 12:36:28,2,4568.47,mag_start
!2025-09-19_Multi_Spcon_J2_Con4,2025-09-19 12:36:28,2,4569.17,mag_end
!2025-09-19_Multi_Spcon_J2_Con4,2025-09-19 12:36:28,2,4588.54,mag_start
!2025-09-19_Multi_Spcon_J2_Con4,2025-09-19 12:36:28,2,4590.74,mag_end
!2025-09-19_Multi_Spcon_J2_Con4,2025-09-19 12:36:28,2,4630.36,mag_start
!2025-09-19_Multi_Spcon_J2_Con4,2025-09-19 12:36:28,2,4630.46,mag_end
!2025-09-19_Multi_Spcon_J2_Con4,2025-09-19 12:36:28,2,4630.95,mag_start
!2025-09-19_Multi_Spcon_J2_Con4,2025-09-19 12:36:28,2,4631.74,mag_end
!2025-09-19_Multi_Spcon_J2_Con4,2025-09-19 12:36:28,2,4654.11,lowT_start
!2025-09-19_Multi_Spcon_J2_Con4,2025-09-19 12:36:28,2,4664.11,lowT_end
!2025-09-19_Multi_Spcon_J2_Con4,2025-09-19 12:36:28,2,4669.55,mag_start
!2025-09-19_Multi_Spcon_J2_Con4,2025-09-19 12:36:28,2,4669.70,mag_end
!2025-09-19_Multi_Spcon_J2_Con4,2025-09-19 12:36:28,2,4669.73,mag_start
!2025-09-19_Multi_Spcon_J2_Con4,2025-09-19 12:36:28,2,4670.60,mag_end
!2025-09-19_Multi_Spcon_J2_Con4,2025-09-19 12:36:28,2,4692.57,mag_start
!2025-09-19_Multi_Spcon_J2_Con4,2025-09-19 12:36:28,2,4693.21,mag_end
!2025-09-19_Multi_Spcon_J2_Con4,2025-09-19 12:36:28,2,4695.25,mag_start
!2025-09-19_Multi_Spcon_J2_Con4,2025-09-19 12:36:28,2,4695.35,mag_end
!2025-09-19_Multi_Spcon_J2_Con4,2025-09-19 12:36:28,2,4777.72,mag_start
!2025-09-19_Multi_Spcon_J2_Con4,2025-09-19 12:36:28,2,4778.45,mag_end
!2025-09-19_Multi_Spcon_J2_Con4,2025-09-19 12:36:28,2,4804.65,noise_start
!2025-09-19_Multi_Spcon_J2_Con4,2025-09-19 12:36:28,2,4814.65,noise_end
!2025-09-19_Multi_Spcon_J2_Con4,2025-09-19 12:36:28,2,4814.65,pelD_start
!2025-09-19_Multi_Spcon_J2_Con4,2025-09-19 12:36:28,2,4814.66,pelD_end
!2025-09-19_Multi_Spcon_J2_Con4,2025-09-19 12:36:28,2,4814.85,pelD_start
!2025-09-19_Multi_Spcon_J2_Con4,2025-09-19 12:36:28,2,4814.86,pelD_end
!2025-09-19_Multi_Spcon_J2_Con4,2025-09-19 12:36:28,2,4820.82,mag_start
!2025-09-19_Multi_Spcon_J2_Con4,2025-09-19 12:36:28,2,4821.46,mag_end
!2025-09-19_Multi_Spcon_J2_Con4,2025-09-19 12:36:28,2,4828.58,mag_start
!2025-09-19_Multi_Spcon_J2_Con4,2025-09-19 12:36:28,2,4829.53,mag_end
!2025-09-19_Multi_Spcon_J2_Con4,2025-09-19 12:36:28,2,4838.72,mag_start
!2025-09-19_Multi_Spcon_J2_Con4,2025-09-19 12:36:28,2,4838.79,mag_end
!2025-09-19_Multi_Spcon_J2_Con4,2025-09-19 12:36:28,2,4838.87,mag_start
!2025-09-19_Multi_Spcon_J2_Con4,2025-09-19 12:36:28,2,4838.91,mag_end
!2025-09-19_Multi_Spcon_J2_Con4,2025-09-19 12:36:28,2,4838.96,mag_start
!2025-09-19_Multi_Spcon_J2_Con4,2025-09-19 12:36:28,2,4839.04,mag_end
!2025-09-19_Multi_Spcon_J2_Con4,2025-09-19 12:36:28,2,4839.93,mag_start
!2025-09-19_Multi_Spcon_J2_Con4,2025-09-19 12:36:28,2,4839.97,mag_end
!2025-09-19_Multi_Spcon_J2_Con4,2025-09-19 12:36:28,2,4840.04,mag_start
!2025-09-19_Multi_Spcon_J2_Con4,2025-09-19 12:36:28,2,4840.57,mag_end
!2025-09-19_Multi_Spcon_J2_Con4,2025-09-19 12:36:28,2,4842.55,mag_start
!2025-09-19_Multi_Spcon_J2_Con4,2025-09-19 12:36:28,2,4842.72,mag_end
!2025-09-19_Multi_Spcon_J2_Con4,2025-09-19 12:36:28,2,4885.34,mag_start
!2025-09-19_Multi_Spcon_J2_Con4,2025-09-19 12:36:28,2,4885.54,mag_end
!2025-09-19_Multi_Spcon_J2_Con4,2025-09-19 12:36:28,2,4907.08,mag_start
!2025-09-19_Multi_Spcon_J2_Con4,2025-09-19 12:36:28,2,4908.73,mag_end
!2025-09-19_Multi_Spcon_J2_Con4,2025-09-19 12:36:28,2,4914.31,mag_start
!2025-09-19_Multi_Spcon_J2_Con4,2025-09-19 12:36:28,2,4914.38,mag_end
!2025-09-19_Multi_Spcon_J2_Con4,2025-09-19 12:36:28,2,4962.54,lowT_start
!2025-09-19_Multi_Spcon_J2_Con4,2025-09-19 12:36:28,2,4972.54,lowT_end
!2025-09-19_Multi_Spcon_J2_Con4,2025-09-19 12:36:28,2,4970.91,mag_start
!2025-09-19_Multi_Spcon_J2_Con4,2025-09-19 12:36:28,2,4970.98,mag_end
!2025-09-19_Multi_Spcon_J2_Con4,2025-09-19 12:36:28,2,5069.52,mag_start
!2025-09-19_Multi_Spcon_J2_Con4,2025-09-19 12:36:28,2,5070.84,mag_end
!2025-09-19_Multi_Spcon_J2_Con4,2025-09-19 12:36:28,2,5111.84,mag_start
!2025-09-19_Multi_Spcon_J2_Con4,2025-09-19 12:36:28,2,5112.22,mag_end
!2025-09-19_Multi_Spcon_J2_Con4,2025-09-19 12:36:28,2,5120.13,lowT_start
!2025-09-19_Multi_Spcon_J2_Con4,2025-09-19 12:36:28,2,5130.13,lowT_end
!2025-09-19_Multi_Spcon_J2_Con4,2025-09-19 12:36:28,2,5130.64,mag_start
!2025-09-19_Multi_Spcon_J2_Con4,2025-09-19 12:36:28,2,5130.65,mag_end
!2025-09-19_Multi_Spcon_J2_Con4,2025-09-19 12:36:28,2,5170.85,mag_start
!2025-09-19_Multi_Spcon_J2_Con4,2025-09-19 12:36:28,2,5170.93,mag_end
!2025-09-19_Multi_Spcon_J2_Con4,2025-09-19 12:36:28,2,5172.16,mag_start
!2025-09-19_Multi_Spcon_J2_Con4,2025-09-19 12:36:28,2,5172.21,mag_end
!2025-09-19_Multi_Spcon_J2_Con4,2025-09-19 12:36:28,2,5172.24,mag_start
!2025-09-19_Multi_Spcon_J2_Con4,2025-09-19 12:36:28,2,5172.41,mag_end
!2025-09-19_Multi_Spcon_J2_Con4,2025-09-19 12:36:28,2,5172.68,mag_start
!2025-09-19_Multi_Spcon_J2_Con4,2025-09-19 12:36:28,2,5173.06,mag_end
!2025-09-19_Multi_Spcon_J2_Con4,2025-09-19 12:36:28,2,5271.13,mag_start
!2025-09-19_Multi_Spcon_J2_Con4,2025-09-19 12:36:28,2,5271.23,mag_end
!2025-09-19_Multi_Spcon_J2_Con4,2025-09-19 12:36:28,2,5272.83,mag_start
!2025-09-19_Multi_Spcon_J2_Con4,2025-09-19 12:36:28,2,5273.05,mag_end
!2025-09-19_Multi_Spcon_J2_Con4,2025-09-19 12:36:28,2,5274.21,mag_start
!2025-09-19_Multi_Spcon_J2_Con4,2025-09-19 12:36:28,2,5274.92,mag_end
!2025-09-19_Multi_Spcon_J2_Con4,2025-09-19 12:36:28,2,5280.09,mag_start
!2025-09-19_Multi_Spcon_J2_Con4,2025-09-19 12:36:28,2,5280.24,mag_end
!2025-09-19_Multi_Spcon_J2_Con4,2025-09-19 12:36:28,2,5284.77,noise_start
!2025-09-19_Multi_Spcon_J2_Con4,2025-09-19 12:36:28,2,5294.77,noise_end
!2025-09-19_Multi_Spcon_J2_Con4,2025-09-19 12:36:28,2,5294.77,pelD_start
!2025-09-19_Multi_Spcon_J2_Con4,2025-09-19 12:36:28,2,5294.78,pelD_end
!2025-09-19_Multi_Spcon_J2_Con4,2025-09-19 12:36:28,2,5294.97,pelD_start
!2025-09-19_Multi_Spcon_J2_Con4,2025-09-19 12:36:28,2,5294.98,pelD_end
!2025-09-19_Multi_Spcon_J2_Con4,2025-09-19 12:36:28,2,5297.08,mag_start
!2025-09-19_Multi_Spcon_J2_Con4,2025-09-19 12:36:28,2,5299.58,mag_end
!2025-09-19_Multi_Spcon_J2_Con4,2025-09-19 12:36:28,2,5309.44,mag_start
!2025-09-19_Multi_Spcon_J2_Con4,2025-09-19 12:36:28,2,5309.53,mag_end
!2025-09-19_Multi_Spcon_J2_Con4,2025-09-19 12:36:28,2,5310.28,mag_start
!2025-09-19_Multi_Spcon_J2_Con4,2025-09-19 12:36:28,2,5310.30,mag_end
!2025-09-19_Multi_Spcon_J2_Con4,2025-09-19 12:36:28,2,5310.35,mag_start
!2025-09-19_Multi_Spcon_J2_Con4,2025-09-19 12:36:28,2,5311.66,mag_end
!2025-09-19_Multi_Spcon_J2_Con4,2025-09-19 12:36:28,2,5311.71,mag_start
!2025-09-19_Multi_Spcon_J2_Con4,2025-09-19 12:36:28,2,5311.73,mag_end
!2025-09-19_Multi_Spcon_J2_Con4,2025-09-19 12:36:28,2,5313.63,mag_start
!2025-09-19_Multi_Spcon_J2_Con4,2025-09-19 12:36:28,2,5313.68,mag_end
!2025-09-19_Multi_Spcon_J2_Con4,2025-09-19 12:36:28,2,5313.71,mag_start
!2025-09-19_Multi_Spcon_J2_Con4,2025-09-19 12:36:28,2,5316.70,mag_end
!2025-09-19_Multi_Spcon_J2_Con4,2025-09-19 12:36:28,2,5316.71,mag_start
!2025-09-19_Multi_Spcon_J2_Con4,2025-09-19 12:36:28,2,5316.95,mag_end
!2025-09-19_Multi_Spcon_J2_Con4,2025-09-19 12:36:28,2,5317.80,mag_start
!2025-09-19_Multi_Spcon_J2_Con4,2025-09-19 12:36:28,2,5318.11,mag_end
!2025-09-19_Multi_Spcon_J2_Con4,2025-09-19 12:36:28,2,5319.14,mag_start
!2025-09-19_Multi_Spcon_J2_Con4,2025-09-19 12:36:28,2,5319.93,mag_end
!2025-09-19_Multi_Spcon_J2_Con4,2025-09-19 12:36:28,2,5320.95,mag_start
!2025-09-19_Multi_Spcon_J2_Con4,2025-09-19 12:36:28,2,5321.34,mag_end
!2025-09-19_Multi_Spcon_J2_Con4,2025-09-19 12:36:28,2,5321.35,mag_start
!2025-09-19_Multi_Spcon_J2_Con4,2025-09-19 12:36:28,2,5321.37,mag_end
!2025-09-19_Multi_Spcon_J2_Con4,2025-09-19 12:36:28,2,5321.38,mag_start
!2025-09-19_Multi_Spcon_J2_Con4,2025-09-19 12:36:28,2,5321.41,mag_end
!2025-09-19_Multi_Spcon_J2_Con4,2025-09-19 12:36:28,2,5322.27,mag_start
!2025-09-19_Multi_Spcon_J2_Con4,2025-09-19 12:36:28,2,5323.09,mag_end
!2025-09-19_Multi_Spcon_J2_Con4,2025-09-19 12:36:28,2,5324.52,mag_start
!2025-09-19_Multi_Spcon_J2_Con4,2025-09-19 12:36:28,2,5324.56,mag_end
!2025-09-19_Multi_Spcon_J2_Con4,2025-09-19 12:36:28,2,5324.63,mag_start
!2025-09-19_Multi_Spcon_J2_Con4,2025-09-19 12:36:28,2,5324.65,mag_end
!2025-09-19_Multi_Spcon_J2_Con4,2025-09-19 12:36:28,2,5325.15,mag_start
!2025-09-19_Multi_Spcon_J2_Con4,2025-09-19 12:36:28,2,5325.67,mag_end
!2025-09-19_Multi_Spcon_J2_Con4,2025-09-19 12:36:28,2,5328.52,mag_start
!2025-09-19_Multi_Spcon_J2_Con4,2025-09-19 12:36:28,2,5328.65,mag_end
!2025-09-19_Multi_Spcon_J2_Con4,2025-09-19 12:36:28,2,5329.42,mag_start
!2025-09-19_Multi_Spcon_J2_Con4,2025-09-19 12:36:28,2,5330.09,mag_end
!2025-09-19_Multi_Spcon_J2_Con4,2025-09-19 12:36:28,2,5330.12,mag_start
!2025-09-19_Multi_Spcon_J2_Con4,2025-09-19 12:36:28,2,5330.37,mag_end
!2025-09-19_Multi_Spcon_J2_Con4,2025-09-19 12:36:28,2,5330.38,mag_start
!2025-09-19_Multi_Spcon_J2_Con4,2025-09-19 12:36:28,2,5331.16,mag_end
!2025-09-19_Multi_Spcon_J2_Con4,2025-09-19 12:36:28,2,5331.19,mag_start
!2025-09-19_Multi_Spcon_J2_Con4,2025-09-19 12:36:28,2,5331.84,mag_end
!2025-09-19_Multi_Spcon_J2_Con4,2025-09-19 12:36:28,2,5334.84,mag_start
!2025-09-19_Multi_Spcon_J2_Con4,2025-09-19 12:36:28,2,5334.87,mag_end
!2025-09-19_Multi_Spcon_J2_Con4,2025-09-19 12:36:28,2,5334.88,mag_start
!2025-09-19_Multi_Spcon_J2_Con4,2025-09-19 12:36:28,2,5335.14,mag_end
!2025-09-19_Multi_Spcon_J2_Con4,2025-09-19 12:36:28,2,5335.15,mag_start
!2025-09-19_Multi_Spcon_J2_Con4,2025-09-19 12:36:28,2,5335.31,mag_end
!2025-09-19_Multi_Spcon_J2_Con4,2025-09-19 12:36:28,2,5335.60,mag_start
!2025-09-19_Multi_Spcon_J2_Con4,2025-09-19 12:36:28,2,5336.02,mag_end
!2025-09-19_Multi_Spcon_J2_Con4,2025-09-19 12:36:28,2,5340.25,mag_start
!2025-09-19_Multi_Spcon_J2_Con4,2025-09-19 12:36:28,2,5340.27,mag_end
!2025-09-19_Multi_Spcon_J2_Con4,2025-09-19 12:36:28,2,5340.30,mag_start
!2025-09-19_Multi_Spcon_J2_Con4,2025-09-19 12:36:28,2,5340.38,mag_end
!2025-09-19_Multi_Spcon_J2_Con4,2025-09-19 12:36:28,2,5340.41,mag_start
!2025-09-19_Multi_Spcon_J2_Con4,2025-09-19 12:36:28,2,5340.44,mag_end
!2025-09-19_Multi_Spcon_J2_Con4,2025-09-19 12:36:28,2,5340.75,mag_start
!2025-09-19_Multi_Spcon_J2_Con4,2025-09-19 12:36:28,2,5342.05,mag_end
!2025-09-19_Multi_Spcon_J2_Con4,2025-09-19 12:36:28,2,5342.67,mag_start
!2025-09-19_Multi_Spcon_J2_Con4,2025-09-19 12:36:28,2,5342.82,mag_end
!2025-09-19_Multi_Spcon_J2_Con4,2025-09-19 12:36:28,2,5343.27,mag_start
!2025-09-19_Multi_Spcon_J2_Con4,2025-09-19 12:36:28,2,5344.67,mag_end
!2025-09-19_Multi_Spcon_J2_Con4,2025-09-19 12:36:28,2,5345.77,mag_start
!2025-09-19_Multi_Spcon_J2_Con4,2025-09-19 12:36:28,2,5345.82,mag_end
!2025-09-19_Multi_Spcon_J2_Con4,2025-09-19 12:36:28,2,5346.47,mag_start
!2025-09-19_Multi_Spcon_J2_Con4,2025-09-19 12:36:28,2,5347.32,mag_end
!2025-09-19_Multi_Spcon_J2_Con4,2025-09-19 12:36:28,2,5348.37,mag_start
!2025-09-19_Multi_Spcon_J2_Con4,2025-09-19 12:36:28,2,5348.39,mag_end
!2025-09-19_Multi_Spcon_J2_Con4,2025-09-19 12:36:28,2,5348.43,mag_start
!2025-09-19_Multi_Spcon_J2_Con4,2025-09-19 12:36:28,2,5348.56,mag_end
!2025-09-19_Multi_Spcon_J2_Con4,2025-09-19 12:36:28,2,5348.58,mag_start
!2025-09-19_Multi_Spcon_J2_Con4,2025-09-19 12:36:28,2,5348.72,mag_end
!2025-09-19_Multi_Spcon_J2_Con4,2025-09-19 12:36:28,2,5351.83,mag_start
!2025-09-19_Multi_Spcon_J2_Con4,2025-09-19 12:36:28,2,5352.46,mag_end
!2025-09-19_Multi_Spcon_J2_Con4,2025-09-19 12:36:28,2,5355.01,mag_start
!2025-09-19_Multi_Spcon_J2_Con4,2025-09-19 12:36:28,2,5355.18,mag_end
!2025-09-19_Multi_Spcon_J2_Con4,2025-09-19 12:36:28,2,5355.28,mag_start
!2025-09-19_Multi_Spcon_J2_Con4,2025-09-19 12:36:28,2,5356.87,mag_end
!2025-09-19_Multi_Spcon_J2_Con4,2025-09-19 12:36:28,2,5364.00,mag_start
!2025-09-19_Multi_Spcon_J2_Con4,2025-09-19 12:36:28,2,5364.56,mag_end
!2025-09-19_Multi_Spcon_J2_Con4,2025-09-19 12:36:28,2,5366.45,mag_start
!2025-09-19_Multi_Spcon_J2_Con4,2025-09-19 12:36:28,2,5366.49,mag_end
!2025-09-19_Multi_Spcon_J2_Con4,2025-09-19 12:36:28,2,5367.55,mag_start
!2025-09-19_Multi_Spcon_J2_Con4,2025-09-19 12:36:28,2,5367.58,mag_end
!2025-09-19_Multi_Spcon_J2_Con4,2025-09-19 12:36:28,2,5371.06,mag_start
!2025-09-19_Multi_Spcon_J2_Con4,2025-09-19 12:36:28,2,5371.22,mag_end
!2025-09-19_Multi_Spcon_J2_Con4,2025-09-19 12:36:28,2,5371.56,mag_start
!2025-09-19_Multi_Spcon_J2_Con4,2025-09-19 12:36:28,2,5371.60,mag_end
!2025-09-19_Multi_Spcon_J2_Con4,2025-09-19 12:36:28,2,5371.72,mag_start
!2025-09-19_Multi_Spcon_J2_Con4,2025-09-19 12:36:28,2,5371.75,mag_end
!2025-09-19_Multi_Spcon_J2_Con4,2025-09-19 12:36:28,2,5371.92,mag_start
!2025-09-19_Multi_Spcon_J2_Con4,2025-09-19 12:36:28,2,5371.95,mag_end
!2025-09-19_Multi_Spcon_J2_Con4,2025-09-19 12:36:28,2,5371.98,mag_start
!2025-09-19_Multi_Spcon_J2_Con4,2025-09-19 12:36:28,2,5372.37,mag_end
!2025-09-19_Multi_Spcon_J2_Con4,2025-09-19 12:36:28,2,5372.41,mag_start
!2025-09-19_Multi_Spcon_J2_Con4,2025-09-19 12:36:28,2,5372.96,mag_end
!2025-09-19_Multi_Spcon_J2_Con4,2025-09-19 12:36:28,2,5373.27,mag_start
!2025-09-19_Multi_Spcon_J2_Con4,2025-09-19 12:36:28,2,5373.30,mag_end
!2025-09-19_Multi_Spcon_J2_Con4,2025-09-19 12:36:28,2,5373.41,mag_start
!2025-09-19_Multi_Spcon_J2_Con4,2025-09-19 12:36:28,2,5373.42,mag_end
!2025-09-19_Multi_Spcon_J2_Con4,2025-09-19 12:36:28,2,5373.57,mag_start
!2025-09-19_Multi_Spcon_J2_Con4,2025-09-19 12:36:28,2,5373.60,mag_end
!2025-09-19_Multi_Spcon_J2_Con4,2025-09-19 12:36:28,2,5373.89,mag_start
!2025-09-19_Multi_Spcon_J2_Con4,2025-09-19 12:36:28,2,5374.13,mag_end
!2025-09-19_Multi_Spcon_J2_Con4,2025-09-19 12:36:28,2,5374.23,mag_start
!2025-09-19_Multi_Spcon_J2_Con4,2025-09-19 12:36:28,2,5374.42,mag_end
!2025-09-19_Multi_Spcon_J2_Con4,2025-09-19 12:36:28,2,5374.44,mag_start
!2025-09-19_Multi_Spcon_J2_Con4,2025-09-19 12:36:28,2,5375.25,mag_end
!2025-09-19_Multi_Spcon_J2_Con4,2025-09-19 12:36:28,2,5375.91,mag_start
!2025-09-19_Multi_Spcon_J2_Con4,2025-09-19 12:36:28,2,5376.13,mag_end
!2025-09-19_Multi_Spcon_J2_Con4,2025-09-19 12:36:28,2,5376.80,mag_start
!2025-09-19_Multi_Spcon_J2_Con4,2025-09-19 12:36:28,2,5376.84,mag_end
!2025-09-19_Multi_Spcon_J2_Con4,2025-09-19 12:36:28,2,5376.85,mag_start
!2025-09-19_Multi_Spcon_J2_Con4,2025-09-19 12:36:28,2,5377.16,mag_end
!2025-09-19_Multi_Spcon_J2_Con4,2025-09-19 12:36:28,2,5377.36,mag_start
!2025-09-19_Multi_Spcon_J2_Con4,2025-09-19 12:36:28,2,5377.39,mag_end
!2025-09-19_Multi_Spcon_J2_Con4,2025-09-19 12:36:28,2,5377.67,mag_start
!2025-09-19_Multi_Spcon_J2_Con4,2025-09-19 12:36:28,2,5378.34,mag_end
!2025-09-19_Multi_Spcon_J2_Con4,2025-09-19 12:36:28,2,5381.00,mag_start
!2025-09-19_Multi_Spcon_J2_Con4,2025-09-19 12:36:28,2,5381.63,mag_end
!2025-09-19_Multi_Spcon_J2_Con4,2025-09-19 12:36:28,2,5387.40,mag_start
!2025-09-19_Multi_Spcon_J2_Con4,2025-09-19 12:36:28,2,5388.03,mag_end
!2025-09-19_Multi_Spcon_J2_Con4,2025-09-19 12:36:28,2,5389.19,mag_start
!2025-09-19_Multi_Spcon_J2_Con4,2025-09-19 12:36:28,2,5389.25,mag_end
!2025-09-19_Multi_Spcon_J2_Con4,2025-09-19 12:36:28,2,5389.90,mag_start
!2025-09-19_Multi_Spcon_J2_Con4,2025-09-19 12:36:28,2,5390.00,mag_end
!2025-09-19_Multi_Spcon_J2_Con4,2025-09-19 12:36:28,2,5392.95,mag_start
!2025-09-19_Multi_Spcon_J2_Con4,2025-09-19 12:36:28,2,5393.39,mag_end
!2025-09-19_Multi_Spcon_J2_Con4,2025-09-19 12:36:28,2,5394.91,mag_start
!2025-09-19_Multi_Spcon_J2_Con4,2025-09-19 12:36:28,2,5395.26,mag_end
!2025-09-19_Multi_Spcon_J2_Con4,2025-09-19 12:36:28,2,5396.25,mag_start
!2025-09-19_Multi_Spcon_J2_Con4,2025-09-19 12:36:28,2,5396.29,mag_end
!2025-09-19_Multi_Spcon_J2_Con4,2025-09-19 12:36:28,2,5396.31,mag_start
!2025-09-19_Multi_Spcon_J2_Con4,2025-09-19 12:36:28,2,5396.41,mag_end
!2025-09-19_Multi_Spcon_J2_Con4,2025-09-19 12:36:28,2,5396.83,mag_start
!2025-09-19_Multi_Spcon_J2_Con4,2025-09-19 12:36:28,2,5397.06,mag_end
!2025-09-19_Multi_Spcon_J2_Con4,2025-09-19 12:36:28,2,5399.58,mag_start
!2025-09-19_Multi_Spcon_J2_Con4,2025-09-19 12:36:28,2,5399.69,mag_end
!2025-09-19_Multi_Spcon_J2_Con4,2025-09-19 12:36:28,2,5399.83,mag_start
!2025-09-19_Multi_Spcon_J2_Con4,2025-09-19 12:36:28,2,5401.29,mag_end
!2025-09-19_Multi_Spcon_J2_Con4,2025-09-19 12:36:28,2,5401.33,mag_start
!2025-09-19_Multi_Spcon_J2_Con4,2025-09-19 12:36:28,2,5401.40,mag_end
!2025-09-19_Multi_Spcon_J2_Con4,2025-09-19 12:36:28,2,5401.46,mag_start
!2025-09-19_Multi_Spcon_J2_Con4,2025-09-19 12:36:28,2,5402.17,mag_end
!2025-09-19_Multi_Spcon_J2_Con4,2025-09-19 12:36:28,2,5403.38,mag_start
!2025-09-19_Multi_Spcon_J2_Con4,2025-09-19 12:36:28,2,5403.61,mag_end
!2025-09-19_Multi_Spcon_J2_Con4,2025-09-19 12:36:28,2,5404.45,mag_start
!2025-09-19_Multi_Spcon_J2_Con4,2025-09-19 12:36:28,2,5404.49,mag_end
!2025-09-19_Multi_Spcon_J2_Con4,2025-09-19 12:36:28,2,5404.54,mag_start
!2025-09-19_Multi_Spcon_J2_Con4,2025-09-19 12:36:28,2,5404.67,mag_end
!2025-09-19_Multi_Spcon_J2_Con4,2025-09-19 12:36:28,2,5404.93,mag_start
!2025-09-19_Multi_Spcon_J2_Con4,2025-09-19 12:36:28,2,5405.00,mag_end
!2025-09-19_Multi_Spcon_J2_Con4,2025-09-19 12:36:28,2,5405.25,mag_start
!2025-09-19_Multi_Spcon_J2_Con4,2025-09-19 12:36:28,2,5405.26,mag_end
!2025-09-19_Multi_Spcon_J2_Con4,2025-09-19 12:36:28,2,5405.46,mag_start
!2025-09-19_Multi_Spcon_J2_Con4,2025-09-19 12:36:28,2,5405.51,mag_end
!2025-09-19_Multi_Spcon_J2_Con4,2025-09-19 12:36:28,2,5405.53,mag_start
!2025-09-19_Multi_Spcon_J2_Con4,2025-09-19 12:36:28,2,5405.55,mag_end
!2025-09-19_Multi_Spcon_J2_Con4,2025-09-19 12:36:28,2,5405.96,mag_start
!2025-09-19_Multi_Spcon_J2_Con4,2025-09-19 12:36:28,2,5406.71,mag_end
!2025-09-19_Multi_Spcon_J2_Con4,2025-09-19 12:36:28,2,5406.75,mag_start
!2025-09-19_Multi_Spcon_J2_Con4,2025-09-19 12:36:28,2,5406.77,mag_end
!2025-09-19_Multi_Spcon_J2_Con4,2025-09-19 12:36:28,2,5406.80,mag_start
!2025-09-19_Multi_Spcon_J2_Con4,2025-09-19 12:36:28,2,5406.84,mag_end
!2025-09-19_Multi_Spcon_J2_Con4,2025-09-19 12:36:28,2,5414.82,mag_start
!2025-09-19_Multi_Spcon_J2_Con4,2025-09-19 12:36:28,2,5414.84,mag_end
!2025-09-19_Multi_Spcon_J2_Con4,2025-09-19 12:36:28,2,5414.87,mag_start
!2025-09-19_Multi_Spcon_J2_Con4,2025-09-19 12:36:28,2,5415.41,mag_end
!2025-09-19_Multi_Spcon_J2_Con4,2025-09-19 12:36:28,2,5415.42,mag_start
!2025-09-19_Multi_Spcon_J2_Con4,2025-09-19 12:36:28,2,5415.53,mag_end
!2025-09-19_Multi_Spcon_J2_Con4,2025-09-19 12:36:28,2,5426.28,mag_start
!2025-09-19_Multi_Spcon_J2_Con4,2025-09-19 12:36:28,2,5430.40,mag_end
!2025-09-19_Multi_Spcon_J2_Con4,2025-09-19 12:36:28,2,5442.43,mag_start
!2025-09-19_Multi_Spcon_J2_Con4,2025-09-19 12:36:28,2,5443.57,mag_end
!2025-09-19_Multi_Spcon_J2_Con4,2025-09-19 12:36:28,2,5443.62,mag_start
!2025-09-19_Multi_Spcon_J2_Con4,2025-09-19 12:36:28,2,5443.63,mag_end
!2025-09-20_Multi_Spcon_J2_Test1,2025-09-20 12:33:38,2,4.41,mag_start
!2025-09-20_Multi_Spcon_J2_Test1,2025-09-20 12:33:38,2,5.90,mag_end
!2025-09-20_Multi_Spcon_J2_Test1,2025-09-20 12:33:38,2,5.92,mag_start
!2025-09-20_Multi_Spcon_J2_Test1,2025-09-20 12:33:38,2,6.48,mag_end
!2025-09-20_Multi_Spcon_J2_Test1,2025-09-20 12:33:38,2,9.88,mag_start
!2025-09-20_Multi_Spcon_J2_Test1,2025-09-20 12:33:38,2,10.74,mag_end
!2025-09-20_Multi_Spcon_J2_Test1,2025-09-20 12:33:38,2,15.42,mag_start
!2025-09-20_Multi_Spcon_J2_Test1,2025-09-20 12:33:38,2,17.55,mag_end
!2025-09-20_Multi_Spcon_J2_Test1,2025-09-20 12:33:38,2,20.48,mag_start
!2025-09-20_Multi_Spcon_J2_Test1,2025-09-20 12:33:38,2,21.46,mag_end
!2025-09-20_Multi_Spcon_J2_Test1,2025-09-20 12:33:38,2,23.41,mag_start
!2025-09-20_Multi_Spcon_J2_Test1,2025-09-20 12:33:38,2,23.48,mag_end
!2025-09-20_Multi_Spcon_J2_Test1,2025-09-20 12:33:38,2,24.68,mag_start
!2025-09-20_Multi_Spcon_J2_Test1,2025-09-20 12:33:38,2,25.08,mag_end
!2025-09-20_Multi_Spcon_J2_Test1,2025-09-20 12:33:38,2,25.15,mag_start
!2025-09-20_Multi_Spcon_J2_Test1,2025-09-20 12:33:38,2,25.82,mag_end
!2025-09-20_Multi_Spcon_J2_Test1,2025-09-20 12:33:38,2,25.83,mag_start
!2025-09-20_Multi_Spcon_J2_Test1,2025-09-20 12:33:38,2,25.95,mag_end
!2025-09-20_Multi_Spcon_J2_Test1,2025-09-20 12:33:38,2,32.42,mag_start
!2025-09-20_Multi_Spcon_J2_Test1,2025-09-20 12:33:38,2,32.77,mag_end
!2025-09-20_Multi_Spcon_J2_Test1,2025-09-20 12:33:38,2,32.80,mag_start
!2025-09-20_Multi_Spcon_J2_Test1,2025-09-20 12:33:38,2,33.19,mag_end
!2025-09-20_Multi_Spcon_J2_Test1,2025-09-20 12:33:38,2,33.27,mag_start
!2025-09-20_Multi_Spcon_J2_Test1,2025-09-20 12:33:38,2,33.88,mag_end
!2025-09-20_Multi_Spcon_J2_Test1,2025-09-20 12:33:38,2,40.30,mag_start
!2025-09-20_Multi_Spcon_J2_Test1,2025-09-20 12:33:38,2,40.35,mag_end
!2025-09-20_Multi_Spcon_J2_Test1,2025-09-20 12:33:38,2,54.21,mag_start
!2025-09-20_Multi_Spcon_J2_Test1,2025-09-20 12:33:38,2,54.35,mag_end
!2025-09-20_Multi_Spcon_J2_Test1,2025-09-20 12:33:38,2,54.49,mag_start
!2025-09-20_Multi_Spcon_J2_Test1,2025-09-20 12:33:38,2,54.56,mag_end
!2025-09-20_Multi_Spcon_J2_Test1,2025-09-20 12:33:38,2,57.65,mag_start
!2025-09-20_Multi_Spcon_J2_Test1,2025-09-20 12:33:38,2,57.72,mag_end
!2025-09-20_Multi_Spcon_J2_Test1,2025-09-20 12:33:38,2,194.27,mag_start
!2025-09-20_Multi_Spcon_J2_Test1,2025-09-20 12:33:38,2,194.28,mag_end
!2025-09-20_Multi_Spcon_J2_Test1,2025-09-20 12:33:38,2,228.88,mag_start
!2025-09-20_Multi_Spcon_J2_Test1,2025-09-20 12:33:38,2,229.28,mag_end
!2025-09-20_Multi_Spcon_J2_Test1,2025-09-20 12:33:38,2,319.22,mag_start
!2025-09-20_Multi_Spcon_J2_Test1,2025-09-20 12:33:38,2,319.38,mag_end
!2025-09-20_Multi_Spcon_J2_Test1,2025-09-20 12:33:38,2,319.82,mag_start
!2025-09-20_Multi_Spcon_J2_Test1,2025-09-20 12:33:38,2,321.93,mag_end
!2025-09-20_Multi_Spcon_J2_Test1,2025-09-20 12:33:38,2,321.96,mag_start
!2025-09-20_Multi_Spcon_J2_Test1,2025-09-20 12:33:38,2,322.28,mag_end
!2025-09-20_Multi_Spcon_J2_Test1,2025-09-20 12:33:38,2,322.85,mag_start
!2025-09-20_Multi_Spcon_J2_Test1,2025-09-20 12:33:38,2,324.94,mag_end
!2025-09-20_Multi_Spcon_J2_Test1,2025-09-20 12:33:38,2,325.01,mag_start
!2025-09-20_Multi_Spcon_J2_Test1,2025-09-20 12:33:38,2,325.27,mag_end
!2025-09-20_Multi_Spcon_J2_Test1,2025-09-20 12:33:38,2,365.82,lowT_start
!2025-09-20_Multi_Spcon_J2_Test1,2025-09-20 12:33:38,2,375.82,lowT_end
!2025-09-20_Multi_Spcon_J2_Test1,2025-09-20 12:33:38,2,368.16,mag_start
!2025-09-20_Multi_Spcon_J2_Test1,2025-09-20 12:33:38,2,368.19,mag_end
!2025-09-20_Multi_Spcon_J2_Test1,2025-09-20 12:33:38,2,368.25,mag_start
!2025-09-20_Multi_Spcon_J2_Test1,2025-09-20 12:33:38,2,368.28,mag_end
!2025-09-20_Multi_Spcon_J2_Test1,2025-09-20 12:33:38,2,368.40,mag_start
!2025-09-20_Multi_Spcon_J2_Test1,2025-09-20 12:33:38,2,370.70,mag_end
!2025-09-20_Multi_Spcon_J2_Test1,2025-09-20 12:33:38,2,558.96,mag_start
!2025-09-20_Multi_Spcon_J2_Test1,2025-09-20 12:33:38,2,559.88,mag_end
!2025-09-20_Multi_Spcon_J2_Test1,2025-09-20 12:33:38,2,645.86,noise_start
!2025-09-20_Multi_Spcon_J2_Test1,2025-09-20 12:33:38,2,655.86,noise_end
!2025-09-20_Multi_Spcon_J2_Test1,2025-09-20 12:33:38,2,655.86,pelD_start
!2025-09-20_Multi_Spcon_J2_Test1,2025-09-20 12:33:38,2,655.87,pelD_end
!2025-09-20_Multi_Spcon_J2_Test1,2025-09-20 12:33:38,2,656.06,pelD_start
!2025-09-20_Multi_Spcon_J2_Test1,2025-09-20 12:33:38,2,656.07,pelD_end
!2025-09-20_Multi_Spcon_J2_Test1,2025-09-20 12:33:38,2,695.05,mag_start
!2025-09-20_Multi_Spcon_J2_Test1,2025-09-20 12:33:38,2,695.11,mag_end
!2025-09-20_Multi_Spcon_J2_Test1,2025-09-20 12:33:38,2,695.34,mag_start
!2025-09-20_Multi_Spcon_J2_Test1,2025-09-20 12:33:38,2,695.62,mag_end
!2025-09-20_Multi_Spcon_J2_Test1,2025-09-20 12:33:38,2,696.25,mag_start
!2025-09-20_Multi_Spcon_J2_Test1,2025-09-20 12:33:38,2,697.66,mag_end
!2025-09-20_Multi_Spcon_J2_Test1,2025-09-20 12:33:38,2,711.98,mag_start
!2025-09-20_Multi_Spcon_J2_Test1,2025-09-20 12:33:38,2,712.06,mag_end
!2025-09-20_Multi_Spcon_J2_Test1,2025-09-20 12:33:38,2,712.08,mag_start
!2025-09-20_Multi_Spcon_J2_Test1,2025-09-20 12:33:38,2,712.22,mag_end
!2025-09-20_Multi_Spcon_J2_Test1,2025-09-20 12:33:38,2,712.23,mag_start
!2025-09-20_Multi_Spcon_J2_Test1,2025-09-20 12:33:38,2,712.72,mag_end
!2025-09-20_Multi_Spcon_J2_Test1,2025-09-20 12:33:38,2,712.81,mag_start
!2025-09-20_Multi_Spcon_J2_Test1,2025-09-20 12:33:38,2,716.16,mag_end
!2025-09-20_Multi_Spcon_J2_Test1,2025-09-20 12:33:38,2,747.63,mag_start
!2025-09-20_Multi_Spcon_J2_Test1,2025-09-20 12:33:38,2,747.64,mag_end
!2025-09-20_Multi_Spcon_J2_Test1,2025-09-20 12:33:38,2,747.77,mag_start
!2025-09-20_Multi_Spcon_J2_Test1,2025-09-20 12:33:38,2,747.86,mag_end
!2025-09-20_Multi_Spcon_J2_Test1,2025-09-20 12:33:38,2,1003.88,lowT_start
!2025-09-20_Multi_Spcon_J2_Test1,2025-09-20 12:33:38,2,1013.88,lowT_end
!2025-09-20_Multi_Spcon_J2_Test1,2025-09-20 12:33:38,2,1297.56,noise_start
!2025-09-20_Multi_Spcon_J2_Test1,2025-09-20 12:33:38,2,1307.56,noise_end
!2025-09-20_Multi_Spcon_J2_Test1,2025-09-20 12:33:38,2,1307.56,pelD_start
!2025-09-20_Multi_Spcon_J2_Test1,2025-09-20 12:33:38,2,1307.57,pelD_end
!2025-09-20_Multi_Spcon_J2_Test1,2025-09-20 12:33:38,2,1307.76,pelD_start
!2025-09-20_Multi_Spcon_J2_Test1,2025-09-20 12:33:38,2,1307.77,pelD_end
!2025-09-20_Multi_Spcon_J2_Test1,2025-09-20 12:33:38,2,1314.72,mag_start
!2025-09-20_Multi_Spcon_J2_Test1,2025-09-20 12:33:38,2,1315.90,mag_end
!2025-09-20_Multi_Spcon_J2_Test1,2025-09-20 12:33:38,2,1323.77,mag_start
!2025-09-20_Multi_Spcon_J2_Test1,2025-09-20 12:33:38,2,1324.64,mag_end
!2025-09-20_Multi_Spcon_J2_Test1,2025-09-20 12:33:38,2,1324.69,mag_start
!2025-09-20_Multi_Spcon_J2_Test1,2025-09-20 12:33:38,2,1325.06,mag_end
!2025-09-20_Multi_Spcon_J2_Test1,2025-09-20 12:33:38,2,1325.92,mag_start
!2025-09-20_Multi_Spcon_J2_Test1,2025-09-20 12:33:38,2,1326.89,mag_end
!2025-09-20_Multi_Spcon_J2_Test1,2025-09-20 12:33:38,2,1328.33,mag_start
!2025-09-20_Multi_Spcon_J2_Test1,2025-09-20 12:33:38,2,1328.38,mag_end
!2025-09-20_Multi_Spcon_J2_Test1,2025-09-20 12:33:38,2,1329.47,mag_start
!2025-09-20_Multi_Spcon_J2_Test1,2025-09-20 12:33:38,2,1329.52,mag_end
!2025-09-20_Multi_Spcon_J2_Test1,2025-09-20 12:33:38,2,1329.72,mag_start
!2025-09-20_Multi_Spcon_J2_Test1,2025-09-20 12:33:38,2,1330.06,mag_end
!2025-09-20_Multi_Spcon_J2_Test1,2025-09-20 12:33:38,2,1331.87,mag_start
!2025-09-20_Multi_Spcon_J2_Test1,2025-09-20 12:33:38,2,1332.66,mag_end
!2025-09-20_Multi_Spcon_J2_Test1,2025-09-20 12:33:38,2,1334.96,mag_start
!2025-09-20_Multi_Spcon_J2_Test1,2025-09-20 12:33:38,2,1335.09,mag_end
!2025-09-20_Multi_Spcon_J2_Test1,2025-09-20 12:33:38,2,1335.11,mag_start
!2025-09-20_Multi_Spcon_J2_Test1,2025-09-20 12:33:38,2,1335.14,mag_end
!2025-09-20_Multi_Spcon_J2_Test1,2025-09-20 12:33:38,2,1335.16,mag_start
!2025-09-20_Multi_Spcon_J2_Test1,2025-09-20 12:33:38,2,1335.31,mag_end
!2025-09-20_Multi_Spcon_J2_Test1,2025-09-20 12:33:38,2,1335.32,mag_start
!2025-09-20_Multi_Spcon_J2_Test1,2025-09-20 12:33:38,2,1336.29,mag_end
!2025-09-20_Multi_Spcon_J2_Test1,2025-09-20 12:33:38,2,1336.30,mag_start
!2025-09-20_Multi_Spcon_J2_Test1,2025-09-20 12:33:38,2,1336.43,mag_end
!2025-09-20_Multi_Spcon_J2_Test1,2025-09-20 12:33:38,2,1336.45,mag_start
!2025-09-20_Multi_Spcon_J2_Test1,2025-09-20 12:33:38,2,1337.96,mag_end
!2025-09-20_Multi_Spcon_J2_Test1,2025-09-20 12:33:38,2,1337.97,mag_start
!2025-09-20_Multi_Spcon_J2_Test1,2025-09-20 12:33:38,2,1338.82,mag_end
!2025-09-20_Multi_Spcon_J2_Test1,2025-09-20 12:33:38,2,1338.95,mag_start
!2025-09-20_Multi_Spcon_J2_Test1,2025-09-20 12:33:38,2,1341.86,mag_end
!2025-09-20_Multi_Spcon_J2_Test1,2025-09-20 12:33:38,2,1342.93,mag_start
!2025-09-20_Multi_Spcon_J2_Test1,2025-09-20 12:33:38,2,1342.96,mag_end
!2025-09-20_Multi_Spcon_J2_Test1,2025-09-20 12:33:38,2,1342.98,mag_start
!2025-09-20_Multi_Spcon_J2_Test1,2025-09-20 12:33:38,2,1343.53,mag_end
!2025-09-20_Multi_Spcon_J2_Test1,2025-09-20 12:33:38,2,1343.57,mag_start
!2025-09-20_Multi_Spcon_J2_Test1,2025-09-20 12:33:38,2,1343.60,mag_end
!2025-09-20_Multi_Spcon_J2_Test1,2025-09-20 12:33:38,2,1343.68,mag_start
!2025-09-20_Multi_Spcon_J2_Test1,2025-09-20 12:33:38,2,1344.22,mag_end
!2025-09-20_Multi_Spcon_J2_Test1,2025-09-20 12:33:38,2,1344.50,mag_start
!2025-09-20_Multi_Spcon_J2_Test1,2025-09-20 12:33:38,2,1344.96,mag_end
!2025-09-20_Multi_Spcon_J2_Test1,2025-09-20 12:33:38,2,1495.48,mag_start
!2025-09-20_Multi_Spcon_J2_Test1,2025-09-20 12:33:38,2,1495.54,mag_end
!2025-09-20_Multi_Spcon_J2_Test1,2025-09-20 12:33:38,2,1646.61,hiT_start
!2025-09-20_Multi_Spcon_J2_Test1,2025-09-20 12:33:38,2,1656.61,hiT_end
!2025-09-20_Multi_Spcon_J2_Test1,2025-09-20 12:33:38,2,1812.69,mag_start
!2025-09-20_Multi_Spcon_J2_Test1,2025-09-20 12:33:38,2,1813.06,mag_end
!2025-09-20_Multi_Spcon_J2_Test1,2025-09-20 12:33:38,2,1813.31,mag_start
!2025-09-20_Multi_Spcon_J2_Test1,2025-09-20 12:33:38,2,1813.52,mag_end
!2025-09-20_Multi_Spcon_J2_Test1,2025-09-20 12:33:38,2,1857.36,mag_start
!2025-09-20_Multi_Spcon_J2_Test1,2025-09-20 12:33:38,2,1857.43,mag_end
!2025-09-20_Multi_Spcon_J2_Test1,2025-09-20 12:33:38,2,1858.23,mag_start
!2025-09-20_Multi_Spcon_J2_Test1,2025-09-20 12:33:38,2,1858.33,mag_end
!2025-09-20_Multi_Spcon_J2_Test1,2025-09-20 12:33:38,2,1962.19,mag_start
!2025-09-20_Multi_Spcon_J2_Test1,2025-09-20 12:33:38,2,1962.27,mag_end
!2025-09-20_Multi_Spcon_J2_Test1,2025-09-20 12:33:38,2,1962.47,mag_start
!2025-09-20_Multi_Spcon_J2_Test1,2025-09-20 12:33:38,2,1962.69,mag_end
!2025-09-20_Multi_Spcon_J2_Test1,2025-09-20 12:33:38,2,1967.05,click_start
!2025-09-20_Multi_Spcon_J2_Test1,2025-09-20 12:33:38,2,1977.05,click_end
!2025-09-20_Multi_Spcon_J2_Test1,2025-09-20 12:33:38,2,2247.01,mag_start
!2025-09-20_Multi_Spcon_J2_Test1,2025-09-20 12:33:38,2,2247.43,mag_end
!2025-09-20_Multi_Spcon_J2_Test1,2025-09-20 12:33:38,2,2247.61,mag_start
!2025-09-20_Multi_Spcon_J2_Test1,2025-09-20 12:33:38,2,2247.62,mag_end
!2025-09-20_Multi_Spcon_J2_Test1,2025-09-20 12:33:38,2,2262.99,mag_start
!2025-09-20_Multi_Spcon_J2_Test1,2025-09-20 12:33:38,2,2263.01,mag_end
!2025-09-20_Multi_Spcon_J2_Test1,2025-09-20 12:33:38,2,2275.65,hiT_start
!2025-09-20_Multi_Spcon_J2_Test1,2025-09-20 12:33:38,2,2285.65,hiT_end
!2025-09-20_Multi_Spcon_J2_Test1,2025-09-20 12:33:38,2,2420.30,mag_start
!2025-09-20_Multi_Spcon_J2_Test1,2025-09-20 12:33:38,2,2421.15,mag_end
!2025-09-20_Multi_Spcon_J2_Test1,2025-09-20 12:33:38,2,2421.25,mag_start
!2025-09-20_Multi_Spcon_J2_Test1,2025-09-20 12:33:38,2,2421.45,mag_end
!2025-09-20_Multi_Spcon_J2_Test1,2025-09-20 12:33:38,2,2421.66,mag_start
!2025-09-20_Multi_Spcon_J2_Test1,2025-09-20 12:33:38,2,2421.70,mag_end
!2025-09-20_Multi_Spcon_J2_Test1,2025-09-20 12:33:38,2,2535.01,mag_start
!2025-09-20_Multi_Spcon_J2_Test1,2025-09-20 12:33:38,2,2535.77,mag_end
!2025-09-20_Multi_Spcon_J2_Test1,2025-09-20 12:33:38,2,2535.85,mag_start
!2025-09-20_Multi_Spcon_J2_Test1,2025-09-20 12:33:38,2,2535.97,mag_end
!2025-09-20_Multi_Spcon_J2_Test1,2025-09-20 12:33:38,2,2535.99,mag_start
!2025-09-20_Multi_Spcon_J2_Test1,2025-09-20 12:33:38,2,2536.10,mag_end
!2025-09-20_Multi_Spcon_J2_Test1,2025-09-20 12:33:38,2,2571.60,mag_start
!2025-09-20_Multi_Spcon_J2_Test1,2025-09-20 12:33:38,2,2571.64,mag_end
!2025-09-20_Multi_Spcon_J2_Test1,2025-09-20 12:33:38,2,2572.11,mag_start
!2025-09-20_Multi_Spcon_J2_Test1,2025-09-20 12:33:38,2,2572.28,mag_end
!2025-09-20_Multi_Spcon_J2_Test1,2025-09-20 12:33:38,2,2625.68,click_start
!2025-09-20_Multi_Spcon_J2_Test1,2025-09-20 12:33:38,2,2635.68,click_end
!2025-09-20_Multi_Spcon_J2_Test1,2025-09-20 12:33:38,2,2936.60,click_start
!2025-09-20_Multi_Spcon_J2_Test1,2025-09-20 12:33:38,2,2946.60,click_end
!2025-09-20_Multi_Spcon_J2_Test1,2025-09-20 12:33:38,2,3253.44,hiT_start
!2025-09-20_Multi_Spcon_J2_Test1,2025-09-20 12:33:38,2,3263.44,hiT_end
!2025-09-20_Multi_Spcon_J2_Test1,2025-09-20 12:33:38,2,3345.56,mag_start
!2025-09-20_Multi_Spcon_J2_Test1,2025-09-20 12:33:38,2,3345.58,mag_end
!2025-09-20_Multi_Spcon_J2_Test1,2025-09-20 12:33:38,2,3345.73,mag_start
!2025-09-20_Multi_Spcon_J2_Test1,2025-09-20 12:33:38,2,3345.98,mag_end
!2025-09-20_Multi_Spcon_J2_Test1,2025-09-20 12:33:38,2,3531.10,mag_start
!2025-09-20_Multi_Spcon_J2_Test1,2025-09-20 12:33:38,2,3531.19,mag_end
!2025-09-20_Multi_Spcon_J2_Test1,2025-09-20 12:33:38,2,3531.68,mag_start
!2025-09-20_Multi_Spcon_J2_Test1,2025-09-20 12:33:38,2,3531.86,mag_end
!2025-09-20_Multi_Spcon_J2_Test1,2025-09-20 12:33:38,2,3572.08,click_start
!2025-09-20_Multi_Spcon_J2_Test1,2025-09-20 12:33:38,2,3582.08,click_end
!2025-09-20_Multi_Spcon_J2_Test1,2025-09-20 12:33:38,2,3704.44,mag_start
!2025-09-20_Multi_Spcon_J2_Test1,2025-09-20 12:33:38,2,3704.57,mag_end
!2025-09-20_Multi_Spcon_J2_Test1,2025-09-20 12:33:38,2,3915.17,hiT_start
!2025-09-20_Multi_Spcon_J2_Test1,2025-09-20 12:33:38,2,3925.17,hiT_end
!2025-09-20_Multi_Spcon_J2_Test1,2025-09-20 12:33:38,2,4243.33,click_start
!2025-09-20_Multi_Spcon_J2_Test1,2025-09-20 12:33:38,2,4253.33,click_end
!2025-09-20_Multi_Spcon_J2_Test1,2025-09-20 12:33:38,2,4529.03,hiT_start
!2025-09-20_Multi_Spcon_J2_Test1,2025-09-20 12:33:38,2,4539.03,hiT_end
!2025-09-20_Multi_Spcon_J2_Test1,2025-09-20 12:33:38,2,4862.08,hiT_start
!2025-09-20_Multi_Spcon_J2_Test1,2025-09-20 12:33:38,2,4872.08,hiT_end
!2025-09-20_Multi_Spcon_J2_Test1,2025-09-20 12:33:38,2,4997.40,mag_start
!2025-09-20_Multi_Spcon_J2_Test1,2025-09-20 12:33:38,2,4997.49,mag_end
!2025-09-20_Multi_Spcon_J2_Test1,2025-09-20 12:33:38,2,4997.86,mag_start
!2025-09-20_Multi_Spcon_J2_Test1,2025-09-20 12:33:38,2,4998.59,mag_end
!2025-09-20_Multi_Spcon_J2_Test1,2025-09-20 12:33:38,2,4998.86,mag_start
!2025-09-20_Multi_Spcon_J2_Test1,2025-09-20 12:33:38,2,4999.29,mag_end
!2025-09-20_Multi_Spcon_J2_Test1,2025-09-20 12:33:38,2,5197.45,click_start
!2025-09-20_Multi_Spcon_J2_Test1,2025-09-20 12:33:38,2,5207.45,click_end
!2025-09-20_Multi_Spcon_J2_Test1,2025-09-20 12:33:38,2,5215.06,mag_start
!2025-09-20_Multi_Spcon_J2_Test1,2025-09-20 12:33:38,2,5215.15,mag_end
!2025-09-20_Multi_Spcon_J2_Test1,2025-09-20 12:33:38,2,5215.24,mag_start
!2025-09-20_Multi_Spcon_J2_Test1,2025-09-20 12:33:38,2,5215.35,mag_end
!2025-09-20_Multi_Spcon_J2_Test1,2025-09-20 12:33:38,2,5215.37,mag_start
!2025-09-20_Multi_Spcon_J2_Test1,2025-09-20 12:33:38,2,5216.99,mag_end
!2025-09-20_Multi_Spcon_J2_Test1,2025-09-20 12:33:38,2,5217.00,mag_start
!2025-09-20_Multi_Spcon_J2_Test1,2025-09-20 12:33:38,2,5217.04,mag_end
!2025-09-20_Multi_Spcon_J2_Test1,2025-09-20 12:33:38,2,5217.31,mag_start
!2025-09-20_Multi_Spcon_J2_Test1,2025-09-20 12:33:38,2,5217.59,mag_end
!2025-09-20_Multi_Spcon_J2_Test1,2025-09-20 12:33:38,2,5217.77,mag_start
!2025-09-20_Multi_Spcon_J2_Test1,2025-09-20 12:33:38,2,5217.79,mag_end
!2025-09-20_Multi_Spcon_J2_Test1,2025-09-20 12:33:38,2,5270.88,mag_start
!2025-09-20_Multi_Spcon_J2_Test1,2025-09-20 12:33:38,2,5270.94,mag_end
