project,mouse,session,session_label,type,name,version,start_s,label,label_name,decided_by,version_at,version_note,added_by,entry_id
PTEN,60,1,PTEN m60 s1 2025-07-10,ds,m60s1jul10,5,4.807,spike,Dentate Spike,Rain Younger,2026-09-22T13:56:42-04:00,"Aligned to the mean magnitude over 16 channels, ±100 ms, reading v4. 427 stamp(s) moved by -152.7 to 104.5 ms; 97 left where they were. No labels changed.",Shahriar Tafti,adc84ab8c916
PTEN,60,1,PTEN m60 s1 2025-07-10,ds,m60s1jul10,5,11.798,spike,Dentate Spike,Rain Younger,2026-09-22T13:56:42-04:00,"Aligned to the mean magnitude over 16 channels, ±100 ms, reading v4. 427 stamp(s) moved by -152.7 to 104.5 ms; 97 left where they were. No labels changed.",Shahriar Tafti,adc84ab8c916
PTEN,60,1,PTEN m60 s1 2025-07-10,ds,m60s1jul10,5,12.262,spike,Dentate Spike,Rain Younger,2026-09-22T13:56:42-04:00,"Aligned to the mean magnitude over 16 channels, ±100 ms, reading v4. 427 stamp(s) moved by -152.7 to 104.5 ms; 97 left where they were. No labels changed.",Shahriar Tafti,adc84ab8c916
PTEN,60,1,PTEN m60 s1 2025-07-10,ds,m60s1jul10,5,13.817702,spike,Dentate Spike,Rain Younger,2026-09-22T13:56:42-04:00,"Aligned to the mean magnitude over 16 channels, ±100 ms, reading v4. 427 stamp(s) moved by -152.7 to 104.5 ms; 97 left where they were. No labels changed.",Shahriar Tafti,adc84ab8c916
PTEN,60,1,PTEN m60 s1 2025-07-10,ds,m60s1jul10,5,14.617675,spike,Dentate Spike,Rain Younger,2026-09-22T13:56:42-04:00,"Aligned to the mean magnitude over 16 channels, ±100 ms, reading v4. 427 stamp(s) moved by -152.7 to 104.5 ms; 97 left where they were. No labels changed.",Shahriar Tafti,adc84ab8c916
PTEN,60,1,PTEN m60 s1 2025-07-10,ds,m60s1jul10,5,29.023388,spike,Dentate Spike,Rain Younger,2026-09-22T13:56:42-04:00,"Aligned to the mean magnitude over 16 channels, ±100 ms, reading v4. 427 stamp(s) moved by -152.7 to 104.5 ms; 97 left where they were. No labels changed.",Shahriar Tafti,adc84ab8c916
PTEN,60,1,PTEN m60 s1 2025-07-10,ds,m60s1jul10,5,38.902948,spike,Dentate Spike,Rain Younger,2026-09-22T13:56:42-04:00,"Aligned to the mean magnitude over 16 channels, ±100 ms, reading v4. 427 stamp(s) moved by -152.7 to 104.5 ms; 97 left where they were. No labels changed.",Shahriar Tafti,adc84ab8c916
PTEN,60,1,PTEN m60 s1 2025-07-10,ds,m60s1jul10,5,42.431,spike,Dentate Spike,Rain Younger,2026-09-22T13:56:42-04:00,"Aligned to the mean magnitude over 16 channels, ±100 ms, reading v4. 427 stamp(s) moved by -152.7 to 104.5 ms; 97 left where they were. No labels changed.",Shahriar Tafti,adc84ab8c916
PTEN,60,1,PTEN m60 s1 2025-07-10,ds,m60s1jul10,5,58.721838,spike,Dentate Spike,Rain Younger,2026-09-22T13:56:42-04:00,"Aligned to the mean magnitude over 16 channels, ±100 ms, reading v4. 427 stamp(s) moved by -152.7 to 104.5 ms; 97 left where they were. No labels changed.",Shahriar Tafti,adc84ab8c916
PTEN,60,1,PTEN m60 s1 2025-07-10,ds,m60s1jul10,5,62.947449,spike,Dentate Spike,Rain Younger,2026-09-22T13:56:42-04:00,"Aligned to the mean magnitude over 16 channels, ±100 ms, reading v4. 427 stamp(s) moved by -152.7 to 104.5 ms; 97 left where they were. No labels changed.",Shahriar Tafti,adc84ab8c916
PTEN,60,1,PTEN m60 s1 2025-07-10,ds,m60s1jul10,5,76.226584,spike,Dentate Spike,Rain Younger,2026-09-22T13:56:42-04:00,"Aligned to the mean magnitude over 16 channels, ±100 ms, reading v4. 427 stamp(s) moved by -152.7 to 104.5 ms; 97 left where they were. No labels changed.",Shahriar Tafti,adc84ab8c916
PTEN,60,1,PTEN m60 s1 2025-07-10,ds,m60s1jul10,5,90.491,spike,Dentate Spike,Rain Younger,2026-09-22T13:56:42-04:00,"Aligned to the mean magnitude over 16 channels, ±100 ms, reading v4. 427 stamp(s) moved by -152.7 to 104.5 ms; 97 left where they were. No labels changed.",Shahriar Tafti,adc84ab8c916
PTEN,60,1,PTEN m60 s1 2025-07-10,ds,m60s1jul10,5,94.619,spike,Dentate Spike,Rain Younger,2026-09-22T13:56:42-04:00,"Aligned to the mean magnitude over 16 channels, ±100 ms, reading v4. 427 stamp(s) moved by -152.7 to 104.5 ms; 97 left where they were. No labels changed.",Shahriar Tafti,adc84ab8c916
PTEN,60,1,PTEN m60 s1 2025-07-10,ds,m60s1jul10,5,101.185031,spike,Dentate Spike,Rain Younger,2026-09-22T13:56:42-04:00,"Aligned to the mean magnitude over 16 channels, ±100 ms, reading v4. 427 stamp(s) moved by -152.7 to 104.5 ms; 97 left where they were. No labels changed.",Shahriar Tafti,adc84ab8c916
PTEN,60,1,PTEN m60 s1 2025-07-10,ds,m60s1jul10,5,109.702157,spike,Dentate Spike,Rain Younger,2026-09-22T13:56:42-04:00,"Aligned to the mean magnitude over 16 channels, ±100 ms, reading v4. 427 stamp(s) moved by -152.7 to 104.5 ms; 97 left where they were. No labels changed.",Shahriar Tafti,adc84ab8c916
PTEN,60,1,PTEN m60 s1 2025-07-10,ds,m60s1jul10,5,110.16817,spike,Dentate Spike,Rain Younger,2026-09-22T13:56:42-04:00,"Aligned to the mean magnitude over 16 channels, ±100 ms, reading v4. 427 stamp(s) moved by -152.7 to 104.5 ms; 97 left where they were. No labels changed.",Shahriar Tafti,adc84ab8c916
PTEN,60,1,PTEN m60 s1 2025-07-10,ds,m60s1jul10,5,110.460824,spike,Dentate Spike,Rain Younger,2026-09-22T13:56:42-04:00,"Aligned to the mean magnitude over 16 channels, ±100 ms, reading v4. 427 stamp(s) moved by -152.7 to 104.5 ms; 97 left where they were. No labels changed.",Shahriar Tafti,adc84ab8c916
PTEN,60,1,PTEN m60 s1 2025-07-10,ds,m60s1jul10,5,112.381434,spike,Dentate Spike,Rain Younger,2026-09-22T13:56:42-04:00,"Aligned to the mean magnitude over 16 channels, ±100 ms, reading v4. 427 stamp(s) moved by -152.7 to 104.5 ms; 97 left where they were. No labels changed.",Shahriar Tafti,adc84ab8c916
PTEN,60,1,PTEN m60 s1 2025-07-10,ds,m60s1jul10,5,114.147008,spike,Dentate Spike,Rain Younger,2026-09-22T13:56:42-04:00,"Aligned to the mean magnitude over 16 channels, ±100 ms, reading v4. 427 stamp(s) moved by -152.7 to 104.5 ms; 97 left where they were. No labels changed.",Shahriar Tafti,adc84ab8c916
PTEN,60,1,PTEN m60 s1 2025-07-10,ds,m60s1jul10,5,114.682114,spike,Dentate Spike,Rain Younger,2026-09-22T13:56:42-04:00,"Aligned to the mean magnitude over 16 channels, ±100 ms, reading v4. 427 stamp(s) moved by -152.7 to 104.5 ms; 97 left where they were. No labels changed.",Shahriar Tafti,adc84ab8c916
PTEN,60,1,PTEN m60 s1 2025-07-10,ds,m60s1jul10,5,137.584287,spike,Dentate Spike,Rain Younger,2026-09-22T13:56:42-04:00,"Aligned to the mean magnitude over 16 channels, ±100 ms, reading v4. 427 stamp(s) moved by -152.7 to 104.5 ms; 97 left where they were. No labels changed.",Shahriar Tafti,adc84ab8c916
PTEN,60,1,PTEN m60 s1 2025-07-10,ds,m60s1jul10,5,137.718805,spike,Dentate Spike,Rain Younger,2026-09-22T13:56:42-04:00,"Aligned to the mean magnitude over 16 channels, ±100 ms, reading v4. 427 stamp(s) moved by -152.7 to 104.5 ms; 97 left where they were. No labels changed.",Shahriar Tafti,adc84ab8c916
PTEN,60,1,PTEN m60 s1 2025-07-10,ds,m60s1jul10,5,148.777003,spike,Dentate Spike,Rain Younger,2026-09-22T13:56:42-04:00,"Aligned to the mean magnitude over 16 channels, ±100 ms, reading v4. 427 stamp(s) moved by -152.7 to 104.5 ms; 97 left where they were. No labels changed.",Shahriar Tafti,adc84ab8c916
PTEN,60,1,PTEN m60 s1 2025-07-10,ds,m60s1jul10,5,180.468297,spike,Dentate Spike,Rain Younger,2026-09-22T13:56:42-04:00,"Aligned to the mean magnitude over 16 channels, ±100 ms, reading v4. 427 stamp(s) moved by -152.7 to 104.5 ms; 97 left where they were. No labels changed.",Shahriar Tafti,adc84ab8c916
PTEN,60,1,PTEN m60 s1 2025-07-10,ds,m60s1jul10,5,181.250102,spike,Dentate Spike,Rain Younger,2026-09-22T13:56:42-04:00,"Aligned to the mean magnitude over 16 channels, ±100 ms, reading v4. 427 stamp(s) moved by -152.7 to 104.5 ms; 97 left where they were. No labels changed.",Shahriar Tafti,adc84ab8c916
PTEN,60,1,PTEN m60 s1 2025-07-10,ds,m60s1jul10,5,181.382642,spike,Dentate Spike,Rain Younger,2026-09-22T13:56:42-04:00,"Aligned to the mean magnitude over 16 channels, ±100 ms, reading v4. 427 stamp(s) moved by -152.7 to 104.5 ms; 97 left where they were. No labels changed.",Shahriar Tafti,adc84ab8c916
PTEN,60,1,PTEN m60 s1 2025-07-10,ds,m60s1jul10,5,185.00581,spike,Dentate Spike,Rain Younger,2026-09-22T13:56:42-04:00,"Aligned to the mean magnitude over 16 channels, ±100 ms, reading v4. 427 stamp(s) moved by -152.7 to 104.5 ms; 97 left where they were. No labels changed.",Shahriar Tafti,adc84ab8c916
PTEN,60,1,PTEN m60 s1 2025-07-10,ds,m60s1jul10,5,205.569244,spike,Dentate Spike,Rain Younger,2026-09-22T13:56:42-04:00,"Aligned to the mean magnitude over 16 channels, ±100 ms, reading v4. 427 stamp(s) moved by -152.7 to 104.5 ms; 97 left where they were. No labels changed.",Shahriar Tafti,adc84ab8c916
PTEN,60,1,PTEN m60 s1 2025-07-10,ds,m60s1jul10,5,211.795811,spike,Dentate Spike,Rain Younger,2026-09-22T13:56:42-04:00,"Aligned to the mean magnitude over 16 channels, ±100 ms, reading v4. 427 stamp(s) moved by -152.7 to 104.5 ms; 97 left where they were. No labels changed.",Shahriar Tafti,adc84ab8c916
PTEN,60,1,PTEN m60 s1 2025-07-10,ds,m60s1jul10,5,215.558626,spike,Dentate Spike,Rain Younger,2026-09-22T13:56:42-04:00,"Aligned to the mean magnitude over 16 channels, ±100 ms, reading v4. 427 stamp(s) moved by -152.7 to 104.5 ms; 97 left where they were. No labels changed.",Shahriar Tafti,adc84ab8c916
PTEN,60,1,PTEN m60 s1 2025-07-10,ds,m60s1jul10,5,222.627576,spike,Dentate Spike,Rain Younger,2026-09-22T13:56:42-04:00,"Aligned to the mean magnitude over 16 channels, ±100 ms, reading v4. 427 stamp(s) moved by -152.7 to 104.5 ms; 97 left where they were. No labels changed.",Shahriar Tafti,adc84ab8c916
PTEN,60,1,PTEN m60 s1 2025-07-10,ds,m60s1jul10,5,223.46667,spike,Dentate Spike,Rain Younger,2026-09-22T13:56:42-04:00,"Aligned to the mean magnitude over 16 channels, ±100 ms, reading v4. 427 stamp(s) moved by -152.7 to 104.5 ms; 97 left where they were. No labels changed.",Shahriar Tafti,adc84ab8c916
PTEN,60,1,PTEN m60 s1 2025-07-10,ds,m60s1jul10,5,225.815385,spike,Dentate Spike,Rain Younger,2026-09-22T13:56:42-04:00,"Aligned to the mean magnitude over 16 channels, ±100 ms, reading v4. 427 stamp(s) moved by -152.7 to 104.5 ms; 97 left where they were. No labels changed.",Shahriar Tafti,adc84ab8c916
PTEN,60,1,PTEN m60 s1 2025-07-10,ds,m60s1jul10,5,233.024025,spike,Dentate Spike,Rain Younger,2026-09-22T13:56:42-04:00,"Aligned to the mean magnitude over 16 channels, ±100 ms, reading v4. 427 stamp(s) moved by -152.7 to 104.5 ms; 97 left where they were. No labels changed.",Shahriar Tafti,adc84ab8c916
PTEN,60,1,PTEN m60 s1 2025-07-10,ds,m60s1jul10,5,245.275242,spike,Dentate Spike,Rain Younger,2026-09-22T13:56:42-04:00,"Aligned to the mean magnitude over 16 channels, ±100 ms, reading v4. 427 stamp(s) moved by -152.7 to 104.5 ms; 97 left where they were. No labels changed.",Shahriar Tafti,adc84ab8c916
PTEN,60,1,PTEN m60 s1 2025-07-10,ds,m60s1jul10,5,250.316,spike,Dentate Spike,Rain Younger,2026-09-22T13:56:42-04:00,"Aligned to the mean magnitude over 16 channels, ±100 ms, reading v4. 427 stamp(s) moved by -152.7 to 104.5 ms; 97 left where they were. No labels changed.",Shahriar Tafti,adc84ab8c916
PTEN,60,1,PTEN m60 s1 2025-07-10,ds,m60s1jul10,5,266.419676,spike,Dentate Spike,Rain Younger,2026-09-22T13:56:42-04:00,"Aligned to the mean magnitude over 16 channels, ±100 ms, reading v4. 427 stamp(s) moved by -152.7 to 104.5 ms; 97 left where they were. No labels changed.",Shahriar Tafti,adc84ab8c916
PTEN,60,1,PTEN m60 s1 2025-07-10,ds,m60s1jul10,5,269.374271,spike,Dentate Spike,Rain Younger,2026-09-22T13:56:42-04:00,"Aligned to the mean magnitude over 16 channels, ±100 ms, reading v4. 427 stamp(s) moved by -152.7 to 104.5 ms; 97 left where they were. No labels changed.",Shahriar Tafti,adc84ab8c916
PTEN,60,1,PTEN m60 s1 2025-07-10,ds,m60s1jul10,5,296.452591,spike,Dentate Spike,Rain Younger,2026-09-22T13:56:42-04:00,"Aligned to the mean magnitude over 16 channels, ±100 ms, reading v4. 427 stamp(s) moved by -152.7 to 104.5 ms; 97 left where they were. No labels changed.",Shahriar Tafti,adc84ab8c916
PTEN,60,1,PTEN m60 s1 2025-07-10,ds,m60s1jul10,5,303.595544,spike,Dentate Spike,Rain Younger,2026-09-22T13:56:42-04:00,"Aligned to the mean magnitude over 16 channels, ±100 ms, reading v4. 427 stamp(s) moved by -152.7 to 104.5 ms; 97 left where they were. No labels changed.",Shahriar Tafti,adc84ab8c916
PTEN,60,1,PTEN m60 s1 2025-07-10,ds,m60s1jul10,5,305.743063,spike,Dentate Spike,Rain Younger,2026-09-22T13:56:42-04:00,"Aligned to the mean magnitude over 16 channels, ±100 ms, reading v4. 427 stamp(s) moved by -152.7 to 104.5 ms; 97 left where they were. No labels changed.",Shahriar Tafti,adc84ab8c916
PTEN,60,1,PTEN m60 s1 2025-07-10,ds,m60s1jul10,5,306.861767,spike,Dentate Spike,Rain Younger,2026-09-22T13:56:42-04:00,"Aligned to the mean magnitude over 16 channels, ±100 ms, reading v4. 427 stamp(s) moved by -152.7 to 104.5 ms; 97 left where they were. No labels changed.",Shahriar Tafti,adc84ab8c916
PTEN,60,1,PTEN m60 s1 2025-07-10,ds,m60s1jul10,5,306.969986,spike,Dentate Spike,Rain Younger,2026-09-22T13:56:42-04:00,"Aligned to the mean magnitude over 16 channels, ±100 ms, reading v4. 427 stamp(s) moved by -152.7 to 104.5 ms; 97 left where they were. No labels changed.",Shahriar Tafti,adc84ab8c916
PTEN,60,1,PTEN m60 s1 2025-07-10,ds,m60s1jul10,5,312.070506,spike,Dentate Spike,Rain Younger,2026-09-22T13:56:42-04:00,"Aligned to the mean magnitude over 16 channels, ±100 ms, reading v4. 427 stamp(s) moved by -152.7 to 104.5 ms; 97 left where they were. No labels changed.",Shahriar Tafti,adc84ab8c916
PTEN,60,1,PTEN m60 s1 2025-07-10,ds,m60s1jul10,5,336.66608,spike,Dentate Spike,Rain Younger,2026-09-22T13:56:42-04:00,"Aligned to the mean magnitude over 16 channels, ±100 ms, reading v4. 427 stamp(s) moved by -152.7 to 104.5 ms; 97 left where they were. No labels changed.",Shahriar Tafti,adc84ab8c916
PTEN,60,1,PTEN m60 s1 2025-07-10,ds,m60s1jul10,5,336.840806,spike,Dentate Spike,Rain Younger,2026-09-22T13:56:42-04:00,"Aligned to the mean magnitude over 16 channels, ±100 ms, reading v4. 427 stamp(s) moved by -152.7 to 104.5 ms; 97 left where they were. No labels changed.",Shahriar Tafti,adc84ab8c916
PTEN,60,1,PTEN m60 s1 2025-07-10,ds,m60s1jul10,5,337.032336,spike,Dentate Spike,Rain Younger,2026-09-22T13:56:42-04:00,"Aligned to the mean magnitude over 16 channels, ±100 ms, reading v4. 427 stamp(s) moved by -152.7 to 104.5 ms; 97 left where they were. No labels changed.",Shahriar Tafti,adc84ab8c916
PTEN,60,1,PTEN m60 s1 2025-07-10,ds,m60s1jul10,5,339.053,spike,Dentate Spike,Rain Younger,2026-09-22T13:56:42-04:00,"Aligned to the mean magnitude over 16 channels, ±100 ms, reading v4. 427 stamp(s) moved by -152.7 to 104.5 ms; 97 left where they were. No labels changed.",Shahriar Tafti,adc84ab8c916
PTEN,60,1,PTEN m60 s1 2025-07-10,ds,m60s1jul10,5,348.154548,spike,Dentate Spike,Rain Younger,2026-09-22T13:56:42-04:00,"Aligned to the mean magnitude over 16 channels, ±100 ms, reading v4. 427 stamp(s) moved by -152.7 to 104.5 ms; 97 left where they were. No labels changed.",Shahriar Tafti,adc84ab8c916
PTEN,60,1,PTEN m60 s1 2025-07-10,ds,m60s1jul10,5,368.386212,spike,Dentate Spike,Rain Younger,2026-09-22T13:56:42-04:00,"Aligned to the mean magnitude over 16 channels, ±100 ms, reading v4. 427 stamp(s) moved by -152.7 to 104.5 ms; 97 left where they were. No labels changed.",Shahriar Tafti,adc84ab8c916
PTEN,60,1,PTEN m60 s1 2025-07-10,ds,m60s1jul10,5,369.794905,spike,Dentate Spike,Rain Younger,2026-09-22T13:56:42-04:00,"Aligned to the mean magnitude over 16 channels, ±100 ms, reading v4. 427 stamp(s) moved by -152.7 to 104.5 ms; 97 left where they were. No labels changed.",Shahriar Tafti,adc84ab8c916
PTEN,60,1,PTEN m60 s1 2025-07-10,ds,m60s1jul10,5,388.325304,spike,Dentate Spike,Rain Younger,2026-09-22T13:56:42-04:00,"Aligned to the mean magnitude over 16 channels, ±100 ms, reading v4. 427 stamp(s) moved by -152.7 to 104.5 ms; 97 left where they were. No labels changed.",Shahriar Tafti,adc84ab8c916
PTEN,60,1,PTEN m60 s1 2025-07-10,ds,m60s1jul10,5,423.129726,spike,Dentate Spike,Rain Younger,2026-09-22T13:56:42-04:00,"Aligned to the mean magnitude over 16 channels, ±100 ms, reading v4. 427 stamp(s) moved by -152.7 to 104.5 ms; 97 left where they were. No labels changed.",Shahriar Tafti,adc84ab8c916
PTEN,60,1,PTEN m60 s1 2025-07-10,ds,m60s1jul10,5,423.309134,spike,Dentate Spike,Rain Younger,2026-09-22T13:56:42-04:00,"Aligned to the mean magnitude over 16 channels, ±100 ms, reading v4. 427 stamp(s) moved by -152.7 to 104.5 ms; 97 left where they were. No labels changed.",Shahriar Tafti,adc84ab8c916
PTEN,60,1,PTEN m60 s1 2025-07-10,ds,m60s1jul10,5,429.355037,spike,Dentate Spike,Rain Younger,2026-09-22T13:56:42-04:00,"Aligned to the mean magnitude over 16 channels, ±100 ms, reading v4. 427 stamp(s) moved by -152.7 to 104.5 ms; 97 left where they were. No labels changed.",Shahriar Tafti,adc84ab8c916
PTEN,60,1,PTEN m60 s1 2025-07-10,ds,m60s1jul10,5,433.90958,spike,Dentate Spike,Rain Younger,2026-09-22T13:56:42-04:00,"Aligned to the mean magnitude over 16 channels, ±100 ms, reading v4. 427 stamp(s) moved by -152.7 to 104.5 ms; 97 left where they were. No labels changed.",Shahriar Tafti,adc84ab8c916
PTEN,60,1,PTEN m60 s1 2025-07-10,ds,m60s1jul10,5,436.332806,spike,Dentate Spike,Rain Younger,2026-09-22T13:56:42-04:00,"Aligned to the mean magnitude over 16 channels, ±100 ms, reading v4. 427 stamp(s) moved by -152.7 to 104.5 ms; 97 left where they were. No labels changed.",Shahriar Tafti,adc84ab8c916
PTEN,60,1,PTEN m60 s1 2025-07-10,ds,m60s1jul10,5,441.97235,spike,Dentate Spike,Rain Younger,2026-09-22T13:56:42-04:00,"Aligned to the mean magnitude over 16 channels, ±100 ms, reading v4. 427 stamp(s) moved by -152.7 to 104.5 ms; 97 left where they were. No labels changed.",Shahriar Tafti,adc84ab8c916
PTEN,60,1,PTEN m60 s1 2025-07-10,ds,m60s1jul10,5,443.556956,spike,Dentate Spike,Rain Younger,2026-09-22T13:56:42-04:00,"Aligned to the mean magnitude over 16 channels, ±100 ms, reading v4. 427 stamp(s) moved by -152.7 to 104.5 ms; 97 left where they were. No labels changed.",Shahriar Tafti,adc84ab8c916
PTEN,60,1,PTEN m60 s1 2025-07-10,ds,m60s1jul10,5,444.227012,spike,Dentate Spike,Rain Younger,2026-09-22T13:56:42-04:00,"Aligned to the mean magnitude over 16 channels, ±100 ms, reading v4. 427 stamp(s) moved by -152.7 to 104.5 ms; 97 left where they were. No labels changed.",Shahriar Tafti,adc84ab8c916
PTEN,60,1,PTEN m60 s1 2025-07-10,ds,m60s1jul10,5,444.322681,spike,Dentate Spike,Rain Younger,2026-09-22T13:56:42-04:00,"Aligned to the mean magnitude over 16 channels, ±100 ms, reading v4. 427 stamp(s) moved by -152.7 to 104.5 ms; 97 left where they were. No labels changed.",Shahriar Tafti,adc84ab8c916
PTEN,60,1,PTEN m60 s1 2025-07-10,ds,m60s1jul10,5,447.91,spike,Dentate Spike,Rain Younger,2026-09-22T13:56:42-04:00,"Aligned to the mean magnitude over 16 channels, ±100 ms, reading v4. 427 stamp(s) moved by -152.7 to 104.5 ms; 97 left where they were. No labels changed.",Shahriar Tafti,adc84ab8c916
PTEN,60,1,PTEN m60 s1 2025-07-10,ds,m60s1jul10,5,462.314329,spike,Dentate Spike,Rain Younger,2026-09-22T13:56:42-04:00,"Aligned to the mean magnitude over 16 channels, ±100 ms, reading v4. 427 stamp(s) moved by -152.7 to 104.5 ms; 97 left where they were. No labels changed.",Shahriar Tafti,adc84ab8c916
PTEN,60,1,PTEN m60 s1 2025-07-10,ds,m60s1jul10,5,464.780743,spike,Dentate Spike,Rain Younger,2026-09-22T13:56:42-04:00,"Aligned to the mean magnitude over 16 channels, ±100 ms, reading v4. 427 stamp(s) moved by -152.7 to 104.5 ms; 97 left where they were. No labels changed.",Shahriar Tafti,adc84ab8c916
PTEN,60,1,PTEN m60 s1 2025-07-10,ds,m60s1jul10,5,466.80836,spike,Dentate Spike,Rain Younger,2026-09-22T13:56:42-04:00,"Aligned to the mean magnitude over 16 channels, ±100 ms, reading v4. 427 stamp(s) moved by -152.7 to 104.5 ms; 97 left where they were. No labels changed.",Shahriar Tafti,adc84ab8c916
PTEN,60,1,PTEN m60 s1 2025-07-10,ds,m60s1jul10,5,479.371659,spike,Dentate Spike,Rain Younger,2026-09-22T13:56:42-04:00,"Aligned to the mean magnitude over 16 channels, ±100 ms, reading v4. 427 stamp(s) moved by -152.7 to 104.5 ms; 97 left where they were. No labels changed.",Shahriar Tafti,adc84ab8c916
PTEN,60,1,PTEN m60 s1 2025-07-10,ds,m60s1jul10,5,503.495,spike,Dentate Spike,Rain Younger,2026-09-22T13:56:42-04:00,"Aligned to the mean magnitude over 16 channels, ±100 ms, reading v4. 427 stamp(s) moved by -152.7 to 104.5 ms; 97 left where they were. No labels changed.",Shahriar Tafti,adc84ab8c916
PTEN,60,1,PTEN m60 s1 2025-07-10,ds,m60s1jul10,5,517.593223,spike,Dentate Spike,Rain Younger,2026-09-22T13:56:42-04:00,"Aligned to the mean magnitude over 16 channels, ±100 ms, reading v4. 427 stamp(s) moved by -152.7 to 104.5 ms; 97 left where they were. No labels changed.",Shahriar Tafti,adc84ab8c916
PTEN,60,1,PTEN m60 s1 2025-07-10,ds,m60s1jul10,5,518.458503,spike,Dentate Spike,Rain Younger,2026-09-22T13:56:42-04:00,"Aligned to the mean magnitude over 16 channels, ±100 ms, reading v4. 427 stamp(s) moved by -152.7 to 104.5 ms; 97 left where they were. No labels changed.",Shahriar Tafti,adc84ab8c916
PTEN,60,1,PTEN m60 s1 2025-07-10,ds,m60s1jul10,5,518.759117,spike,Dentate Spike,Rain Younger,2026-09-22T13:56:42-04:00,"Aligned to the mean magnitude over 16 channels, ±100 ms, reading v4. 427 stamp(s) moved by -152.7 to 104.5 ms; 97 left where they were. No labels changed.",Shahriar Tafti,adc84ab8c916
PTEN,60,1,PTEN m60 s1 2025-07-10,ds,m60s1jul10,5,525.84594,spike,Dentate Spike,Rain Younger,2026-09-22T13:56:42-04:00,"Aligned to the mean magnitude over 16 channels, ±100 ms, reading v4. 427 stamp(s) moved by -152.7 to 104.5 ms; 97 left where they were. No labels changed.",Shahriar Tafti,adc84ab8c916
PTEN,60,1,PTEN m60 s1 2025-07-10,ds,m60s1jul10,5,531.102985,spike,Dentate Spike,Rain Younger,2026-09-22T13:56:42-04:00,"Aligned to the mean magnitude over 16 channels, ±100 ms, reading v4. 427 stamp(s) moved by -152.7 to 104.5 ms; 97 left where they were. No labels changed.",Shahriar Tafti,adc84ab8c916
PTEN,60,1,PTEN m60 s1 2025-07-10,ds,m60s1jul10,5,531.384362,spike,Dentate Spike,Rain Younger,2026-09-22T13:56:42-04:00,"Aligned to the mean magnitude over 16 channels, ±100 ms, reading v4. 427 stamp(s) moved by -152.7 to 104.5 ms; 97 left where they were. No labels changed.",Shahriar Tafti,adc84ab8c916
PTEN,60,1,PTEN m60 s1 2025-07-10,ds,m60s1jul10,5,543.884372,spike,Dentate Spike,Rain Younger,2026-09-22T13:56:42-04:00,"Aligned to the mean magnitude over 16 channels, ±100 ms, reading v4. 427 stamp(s) moved by -152.7 to 104.5 ms; 97 left where they were. No labels changed.",Shahriar Tafti,adc84ab8c916
PTEN,60,1,PTEN m60 s1 2025-07-10,ds,m60s1jul10,5,544.11917,spike,Dentate Spike,Rain Younger,2026-09-22T13:56:42-04:00,"Aligned to the mean magnitude over 16 channels, ±100 ms, reading v4. 427 stamp(s) moved by -152.7 to 104.5 ms; 97 left where they were. No labels changed.",Shahriar Tafti,adc84ab8c916
PTEN,60,1,PTEN m60 s1 2025-07-10,ds,m60s1jul10,5,544.171209,spike,Dentate Spike,Rain Younger,2026-09-22T13:56:42-04:00,"Aligned to the mean magnitude over 16 channels, ±100 ms, reading v4. 427 stamp(s) moved by -152.7 to 104.5 ms; 97 left where they were. No labels changed.",Shahriar Tafti,adc84ab8c916
PTEN,60,1,PTEN m60 s1 2025-07-10,ds,m60s1jul10,5,544.384716,spike,Dentate Spike,Rain Younger,2026-09-22T13:56:42-04:00,"Aligned to the mean magnitude over 16 channels, ±100 ms, reading v4. 427 stamp(s) moved by -152.7 to 104.5 ms; 97 left where they were. No labels changed.",Shahriar Tafti,adc84ab8c916
PTEN,60,1,PTEN m60 s1 2025-07-10,ds,m60s1jul10,5,548.463546,spike,Dentate Spike,Rain Younger,2026-09-22T13:56:42-04:00,"Aligned to the mean magnitude over 16 channels, ±100 ms, reading v4. 427 stamp(s) moved by -152.7 to 104.5 ms; 97 left where they were. No labels changed.",Shahriar Tafti,adc84ab8c916
PTEN,60,1,PTEN m60 s1 2025-07-10,ds,m60s1jul10,5,562.768276,spike,Dentate Spike,Rain Younger,2026-09-22T13:56:42-04:00,"Aligned to the mean magnitude over 16 channels, ±100 ms, reading v4. 427 stamp(s) moved by -152.7 to 104.5 ms; 97 left where they were. No labels changed.",Shahriar Tafti,adc84ab8c916
PTEN,60,1,PTEN m60 s1 2025-07-10,ds,m60s1jul10,5,571.575198,spike,Dentate Spike,Rain Younger,2026-09-22T13:56:42-04:00,"Aligned to the mean magnitude over 16 channels, ±100 ms, reading v4. 427 stamp(s) moved by -152.7 to 104.5 ms; 97 left where they were. No labels changed.",Shahriar Tafti,adc84ab8c916
PTEN,60,1,PTEN m60 s1 2025-07-10,ds,m60s1jul10,5,571.575455,spike,Dentate Spike,Rain Younger,2026-09-22T13:56:42-04:00,"Aligned to the mean magnitude over 16 channels, ±100 ms, reading v4. 427 stamp(s) moved by -152.7 to 104.5 ms; 97 left where they were. No labels changed.",Shahriar Tafti,adc84ab8c916
PTEN,60,1,PTEN m60 s1 2025-07-10,ds,m60s1jul10,5,576.177414,spike,Dentate Spike,Rain Younger,2026-09-22T13:56:42-04:00,"Aligned to the mean magnitude over 16 channels, ±100 ms, reading v4. 427 stamp(s) moved by -152.7 to 104.5 ms; 97 left where they were. No labels changed.",Shahriar Tafti,adc84ab8c916
PTEN,60,1,PTEN m60 s1 2025-07-10,ds,m60s1jul10,5,576.305103,spike,Dentate Spike,Rain Younger,2026-09-22T13:56:42-04:00,"Aligned to the mean magnitude over 16 channels, ±100 ms, reading v4. 427 stamp(s) moved by -152.7 to 104.5 ms; 97 left where they were. No labels changed.",Shahriar Tafti,adc84ab8c916
PTEN,60,1,PTEN m60 s1 2025-07-10,ds,m60s1jul10,5,582.977703,spike,Dentate Spike,Rain Younger,2026-09-22T13:56:42-04:00,"Aligned to the mean magnitude over 16 channels, ±100 ms, reading v4. 427 stamp(s) moved by -152.7 to 104.5 ms; 97 left where they were. No labels changed.",Shahriar Tafti,adc84ab8c916
PTEN,60,1,PTEN m60 s1 2025-07-10,ds,m60s1jul10,5,595.140016,spike,Dentate Spike,Rain Younger,2026-09-22T13:56:42-04:00,"Aligned to the mean magnitude over 16 channels, ±100 ms, reading v4. 427 stamp(s) moved by -152.7 to 104.5 ms; 97 left where they were. No labels changed.",Shahriar Tafti,adc84ab8c916
PTEN,60,1,PTEN m60 s1 2025-07-10,ds,m60s1jul10,5,596.37814,spike,Dentate Spike,Rain Younger,2026-09-22T13:56:42-04:00,"Aligned to the mean magnitude over 16 channels, ±100 ms, reading v4. 427 stamp(s) moved by -152.7 to 104.5 ms; 97 left where they were. No labels changed.",Shahriar Tafti,adc84ab8c916
PTEN,60,1,PTEN m60 s1 2025-07-10,ds,m60s1jul10,5,625.121659,spike,Dentate Spike,Rain Younger,2026-09-22T13:56:42-04:00,"Aligned to the mean magnitude over 16 channels, ±100 ms, reading v4. 427 stamp(s) moved by -152.7 to 104.5 ms; 97 left where they were. No labels changed.",Shahriar Tafti,adc84ab8c916
PTEN,60,1,PTEN m60 s1 2025-07-10,ds,m60s1jul10,5,628.344406,spike,Dentate Spike,Rain Younger,2026-09-22T13:56:42-04:00,"Aligned to the mean magnitude over 16 channels, ±100 ms, reading v4. 427 stamp(s) moved by -152.7 to 104.5 ms; 97 left where they were. No labels changed.",Shahriar Tafti,adc84ab8c916
PTEN,60,1,PTEN m60 s1 2025-07-10,ds,m60s1jul10,5,632.667838,spike,Dentate Spike,Rain Younger,2026-09-22T13:56:42-04:00,"Aligned to the mean magnitude over 16 channels, ±100 ms, reading v4. 427 stamp(s) moved by -152.7 to 104.5 ms; 97 left where they were. No labels changed.",Shahriar Tafti,adc84ab8c916
PTEN,60,1,PTEN m60 s1 2025-07-10,ds,m60s1jul10,5,634.789825,spike,Dentate Spike,Rain Younger,2026-09-22T13:56:42-04:00,"Aligned to the mean magnitude over 16 channels, ±100 ms, reading v4. 427 stamp(s) moved by -152.7 to 104.5 ms; 97 left where they were. No labels changed.",Shahriar Tafti,adc84ab8c916
PTEN,60,1,PTEN m60 s1 2025-07-10,ds,m60s1jul10,5,636.68679,spike,Dentate Spike,Rain Younger,2026-09-22T13:56:42-04:00,"Aligned to the mean magnitude over 16 channels, ±100 ms, reading v4. 427 stamp(s) moved by -152.7 to 104.5 ms; 97 left where they were. No labels changed.",Shahriar Tafti,adc84ab8c916
PTEN,60,1,PTEN m60 s1 2025-07-10,ds,m60s1jul10,5,636.686987,spike,Dentate Spike,Rain Younger,2026-09-22T13:56:42-04:00,"Aligned to the mean magnitude over 16 channels, ±100 ms, reading v4. 427 stamp(s) moved by -152.7 to 104.5 ms; 97 left where they were. No labels changed.",Shahriar Tafti,adc84ab8c916
PTEN,60,1,PTEN m60 s1 2025-07-10,ds,m60s1jul10,5,640.177334,spike,Dentate Spike,Rain Younger,2026-09-22T13:56:42-04:00,"Aligned to the mean magnitude over 16 channels, ±100 ms, reading v4. 427 stamp(s) moved by -152.7 to 104.5 ms; 97 left where they were. No labels changed.",Shahriar Tafti,adc84ab8c916
PTEN,60,1,PTEN m60 s1 2025-07-10,ds,m60s1jul10,5,640.727261,spike,Dentate Spike,Rain Younger,2026-09-22T13:56:42-04:00,"Aligned to the mean magnitude over 16 channels, ±100 ms, reading v4. 427 stamp(s) moved by -152.7 to 104.5 ms; 97 left where they were. No labels changed.",Shahriar Tafti,adc84ab8c916
PTEN,60,1,PTEN m60 s1 2025-07-10,ds,m60s1jul10,5,652.316795,spike,Dentate Spike,Rain Younger,2026-09-22T13:56:42-04:00,"Aligned to the mean magnitude over 16 channels, ±100 ms, reading v4. 427 stamp(s) moved by -152.7 to 104.5 ms; 97 left where they were. No labels changed.",Shahriar Tafti,adc84ab8c916
PTEN,60,1,PTEN m60 s1 2025-07-10,ds,m60s1jul10,5,652.6483,spike,Dentate Spike,Rain Younger,2026-09-22T13:56:42-04:00,"Aligned to the mean magnitude over 16 channels, ±100 ms, reading v4. 427 stamp(s) moved by -152.7 to 104.5 ms; 97 left where they were. No labels changed.",Shahriar Tafti,adc84ab8c916
PTEN,60,1,PTEN m60 s1 2025-07-10,ds,m60s1jul10,5,690.088733,spike,Dentate Spike,Rain Younger,2026-09-22T13:56:42-04:00,"Aligned to the mean magnitude over 16 channels, ±100 ms, reading v4. 427 stamp(s) moved by -152.7 to 104.5 ms; 97 left where they were. No labels changed.",Shahriar Tafti,adc84ab8c916
PTEN,60,1,PTEN m60 s1 2025-07-10,ds,m60s1jul10,5,690.400021,spike,Dentate Spike,Rain Younger,2026-09-22T13:56:42-04:00,"Aligned to the mean magnitude over 16 channels, ±100 ms, reading v4. 427 stamp(s) moved by -152.7 to 104.5 ms; 97 left where they were. No labels changed.",Shahriar Tafti,adc84ab8c916
PTEN,60,1,PTEN m60 s1 2025-07-10,ds,m60s1jul10,5,694.356751,spike,Dentate Spike,Rain Younger,2026-09-22T13:56:42-04:00,"Aligned to the mean magnitude over 16 channels, ±100 ms, reading v4. 427 stamp(s) moved by -152.7 to 104.5 ms; 97 left where they were. No labels changed.",Shahriar Tafti,adc84ab8c916
PTEN,60,1,PTEN m60 s1 2025-07-10,ds,m60s1jul10,5,694.506871,spike,Dentate Spike,Rain Younger,2026-09-22T13:56:42-04:00,"Aligned to the mean magnitude over 16 channels, ±100 ms, reading v4. 427 stamp(s) moved by -152.7 to 104.5 ms; 97 left where they were. No labels changed.",Shahriar Tafti,adc84ab8c916
PTEN,60,1,PTEN m60 s1 2025-07-10,ds,m60s1jul10,5,698.105998,spike,Dentate Spike,Rain Younger,2026-09-22T13:56:42-04:00,"Aligned to the mean magnitude over 16 channels, ±100 ms, reading v4. 427 stamp(s) moved by -152.7 to 104.5 ms; 97 left where they were. No labels changed.",Shahriar Tafti,adc84ab8c916
PTEN,60,1,PTEN m60 s1 2025-07-10,ds,m60s1jul10,5,704.676451,spike,Dentate Spike,Rain Younger,2026-09-22T13:56:42-04:00,"Aligned to the mean magnitude over 16 channels, ±100 ms, reading v4. 427 stamp(s) moved by -152.7 to 104.5 ms; 97 left where they were. No labels changed.",Shahriar Tafti,adc84ab8c916
PTEN,60,1,PTEN m60 s1 2025-07-10,ds,m60s1jul10,5,704.799595,spike,Dentate Spike,Rain Younger,2026-09-22T13:56:42-04:00,"Aligned to the mean magnitude over 16 channels, ±100 ms, reading v4. 427 stamp(s) moved by -152.7 to 104.5 ms; 97 left where they were. No labels changed.",Shahriar Tafti,adc84ab8c916
PTEN,60,1,PTEN m60 s1 2025-07-10,ds,m60s1jul10,5,704.976064,spike,Dentate Spike,Rain Younger,2026-09-22T13:56:42-04:00,"Aligned to the mean magnitude over 16 channels, ±100 ms, reading v4. 427 stamp(s) moved by -152.7 to 104.5 ms; 97 left where they were. No labels changed.",Shahriar Tafti,adc84ab8c916
PTEN,60,1,PTEN m60 s1 2025-07-10,ds,m60s1jul10,5,710.335447,spike,Dentate Spike,Rain Younger,2026-09-22T13:56:42-04:00,"Aligned to the mean magnitude over 16 channels, ±100 ms, reading v4. 427 stamp(s) moved by -152.7 to 104.5 ms; 97 left where they were. No labels changed.",Shahriar Tafti,adc84ab8c916
PTEN,60,1,PTEN m60 s1 2025-07-10,ds,m60s1jul10,5,722.603711,spike,Dentate Spike,Rain Younger,2026-09-22T13:56:42-04:00,"Aligned to the mean magnitude over 16 channels, ±100 ms, reading v4. 427 stamp(s) moved by -152.7 to 104.5 ms; 97 left where they were. No labels changed.",Shahriar Tafti,adc84ab8c916
PTEN,60,1,PTEN m60 s1 2025-07-10,ds,m60s1jul10,5,744.057466,spike,Dentate Spike,Rain Younger,2026-09-22T13:56:42-04:00,"Aligned to the mean magnitude over 16 channels, ±100 ms, reading v4. 427 stamp(s) moved by -152.7 to 104.5 ms; 97 left where they were. No labels changed.",Shahriar Tafti,adc84ab8c916
PTEN,60,1,PTEN m60 s1 2025-07-10,ds,m60s1jul10,5,747.471197,spike,Dentate Spike,Rain Younger,2026-09-22T13:56:42-04:00,"Aligned to the mean magnitude over 16 channels, ±100 ms, reading v4. 427 stamp(s) moved by -152.7 to 104.5 ms; 97 left where they were. No labels changed.",Shahriar Tafti,adc84ab8c916
PTEN,60,1,PTEN m60 s1 2025-07-10,ds,m60s1jul10,5,748.005543,spike,Dentate Spike,Rain Younger,2026-09-22T13:56:42-04:00,"Aligned to the mean magnitude over 16 channels, ±100 ms, reading v4. 427 stamp(s) moved by -152.7 to 104.5 ms; 97 left where they were. No labels changed.",Shahriar Tafti,adc84ab8c916
PTEN,60,1,PTEN m60 s1 2025-07-10,ds,m60s1jul10,5,766.862855,spike,Dentate Spike,Rain Younger,2026-09-22T13:56:42-04:00,"Aligned to the mean magnitude over 16 channels, ±100 ms, reading v4. 427 stamp(s) moved by -152.7 to 104.5 ms; 97 left where they were. No labels changed.",Shahriar Tafti,adc84ab8c916
PTEN,60,1,PTEN m60 s1 2025-07-10,ds,m60s1jul10,5,775.148251,spike,Dentate Spike,Rain Younger,2026-09-22T13:56:42-04:00,"Aligned to the mean magnitude over 16 channels, ±100 ms, reading v4. 427 stamp(s) moved by -152.7 to 104.5 ms; 97 left where they were. No labels changed.",Shahriar Tafti,adc84ab8c916
PTEN,60,1,PTEN m60 s1 2025-07-10,ds,m60s1jul10,5,776.119959,spike,Dentate Spike,Rain Younger,2026-09-22T13:56:42-04:00,"Aligned to the mean magnitude over 16 channels, ±100 ms, reading v4. 427 stamp(s) moved by -152.7 to 104.5 ms; 97 left where they were. No labels changed.",Shahriar Tafti,adc84ab8c916
PTEN,60,1,PTEN m60 s1 2025-07-10,ds,m60s1jul10,5,791.037105,spike,Dentate Spike,Rain Younger,2026-09-22T13:56:42-04:00,"Aligned to the mean magnitude over 16 channels, ±100 ms, reading v4. 427 stamp(s) moved by -152.7 to 104.5 ms; 97 left where they were. No labels changed.",Shahriar Tafti,adc84ab8c916
PTEN,60,1,PTEN m60 s1 2025-07-10,ds,m60s1jul10,5,800.041264,spike,Dentate Spike,Rain Younger,2026-09-22T13:56:42-04:00,"Aligned to the mean magnitude over 16 channels, ±100 ms, reading v4. 427 stamp(s) moved by -152.7 to 104.5 ms; 97 left where they were. No labels changed.",Shahriar Tafti,adc84ab8c916
PTEN,60,1,PTEN m60 s1 2025-07-10,ds,m60s1jul10,5,800.212982,spike,Dentate Spike,Rain Younger,2026-09-22T13:56:42-04:00,"Aligned to the mean magnitude over 16 channels, ±100 ms, reading v4. 427 stamp(s) moved by -152.7 to 104.5 ms; 97 left where they were. No labels changed.",Shahriar Tafti,adc84ab8c916
PTEN,60,1,PTEN m60 s1 2025-07-10,ds,m60s1jul10,5,801.059718,spike,Dentate Spike,Rain Younger,2026-09-22T13:56:42-04:00,"Aligned to the mean magnitude over 16 channels, ±100 ms, reading v4. 427 stamp(s) moved by -152.7 to 104.5 ms; 97 left where they were. No labels changed.",Shahriar Tafti,adc84ab8c916
PTEN,60,1,PTEN m60 s1 2025-07-10,ds,m60s1jul10,5,825.420111,spike,Dentate Spike,Rain Younger,2026-09-22T13:56:42-04:00,"Aligned to the mean magnitude over 16 channels, ±100 ms, reading v4. 427 stamp(s) moved by -152.7 to 104.5 ms; 97 left where they were. No labels changed.",Shahriar Tafti,adc84ab8c916
PTEN,60,1,PTEN m60 s1 2025-07-10,ds,m60s1jul10,5,826.743108,spike,Dentate Spike,Rain Younger,2026-09-22T13:56:42-04:00,"Aligned to the mean magnitude over 16 channels, ±100 ms, reading v4. 427 stamp(s) moved by -152.7 to 104.5 ms; 97 left where they were. No labels changed.",Shahriar Tafti,adc84ab8c916
PTEN,60,1,PTEN m60 s1 2025-07-10,ds,m60s1jul10,5,834.184711,spike,Dentate Spike,Rain Younger,2026-09-22T13:56:42-04:00,"Aligned to the mean magnitude over 16 channels, ±100 ms, reading v4. 427 stamp(s) moved by -152.7 to 104.5 ms; 97 left where they were. No labels changed.",Shahriar Tafti,adc84ab8c916
PTEN,60,1,PTEN m60 s1 2025-07-10,ds,m60s1jul10,5,846.133068,spike,Dentate Spike,Rain Younger,2026-09-22T13:56:42-04:00,"Aligned to the mean magnitude over 16 channels, ±100 ms, reading v4. 427 stamp(s) moved by -152.7 to 104.5 ms; 97 left where they were. No labels changed.",Shahriar Tafti,adc84ab8c916
PTEN,60,1,PTEN m60 s1 2025-07-10,ds,m60s1jul10,5,871.607068,spike,Dentate Spike,Rain Younger,2026-09-22T13:56:42-04:00,"Aligned to the mean magnitude over 16 channels, ±100 ms, reading v4. 427 stamp(s) moved by -152.7 to 104.5 ms; 97 left where they were. No labels changed.",Shahriar Tafti,adc84ab8c916
PTEN,60,1,PTEN m60 s1 2025-07-10,ds,m60s1jul10,5,893.887617,spike,Dentate Spike,Rain Younger,2026-09-22T13:56:42-04:00,"Aligned to the mean magnitude over 16 channels, ±100 ms, reading v4. 427 stamp(s) moved by -152.7 to 104.5 ms; 97 left where they were. No labels changed.",Shahriar Tafti,adc84ab8c916
PTEN,60,1,PTEN m60 s1 2025-07-10,ds,m60s1jul10,5,913.279068,spike,Dentate Spike,Rain Younger,2026-09-22T13:56:42-04:00,"Aligned to the mean magnitude over 16 channels, ±100 ms, reading v4. 427 stamp(s) moved by -152.7 to 104.5 ms; 97 left where they were. No labels changed.",Shahriar Tafti,adc84ab8c916
PTEN,60,1,PTEN m60 s1 2025-07-10,ds,m60s1jul10,5,930.403447,spike,Dentate Spike,Rain Younger,2026-09-22T13:56:42-04:00,"Aligned to the mean magnitude over 16 channels, ±100 ms, reading v4. 427 stamp(s) moved by -152.7 to 104.5 ms; 97 left where they were. No labels changed.",Shahriar Tafti,adc84ab8c916
PTEN,60,1,PTEN m60 s1 2025-07-10,ds,m60s1jul10,5,933.689556,spike,Dentate Spike,Rain Younger,2026-09-22T13:56:42-04:00,"Aligned to the mean magnitude over 16 channels, ±100 ms, reading v4. 427 stamp(s) moved by -152.7 to 104.5 ms; 97 left where they were. No labels changed.",Shahriar Tafti,adc84ab8c916
PTEN,60,1,PTEN m60 s1 2025-07-10,ds,m60s1jul10,5,934.872068,spike,Dentate Spike,Rain Younger,2026-09-22T13:56:42-04:00,"Aligned to the mean magnitude over 16 channels, ±100 ms, reading v4. 427 stamp(s) moved by -152.7 to 104.5 ms; 97 left where they were. No labels changed.",Shahriar Tafti,adc84ab8c916
PTEN,60,1,PTEN m60 s1 2025-07-10,ds,m60s1jul10,5,939.922577,spike,Dentate Spike,Rain Younger,2026-09-22T13:56:42-04:00,"Aligned to the mean magnitude over 16 channels, ±100 ms, reading v4. 427 stamp(s) moved by -152.7 to 104.5 ms; 97 left where they were. No labels changed.",Shahriar Tafti,adc84ab8c916
PTEN,60,1,PTEN m60 s1 2025-07-10,ds,m60s1jul10,5,940.170756,spike,Dentate Spike,Rain Younger,2026-09-22T13:56:42-04:00,"Aligned to the mean magnitude over 16 channels, ±100 ms, reading v4. 427 stamp(s) moved by -152.7 to 104.5 ms; 97 left where they were. No labels changed.",Shahriar Tafti,adc84ab8c916
PTEN,60,1,PTEN m60 s1 2025-07-10,ds,m60s1jul10,5,943.722943,spike,Dentate Spike,Rain Younger,2026-09-22T13:56:42-04:00,"Aligned to the mean magnitude over 16 channels, ±100 ms, reading v4. 427 stamp(s) moved by -152.7 to 104.5 ms; 97 left where they were. No labels changed.",Shahriar Tafti,adc84ab8c916
PTEN,60,1,PTEN m60 s1 2025-07-10,ds,m60s1jul10,5,953.561965,spike,Dentate Spike,Rain Younger,2026-09-22T13:56:42-04:00,"Aligned to the mean magnitude over 16 channels, ±100 ms, reading v4. 427 stamp(s) moved by -152.7 to 104.5 ms; 97 left where they were. No labels changed.",Shahriar Tafti,adc84ab8c916
PTEN,60,1,PTEN m60 s1 2025-07-10,ds,m60s1jul10,5,967.249191,spike,Dentate Spike,Rain Younger,2026-09-22T13:56:42-04:00,"Aligned to the mean magnitude over 16 channels, ±100 ms, reading v4. 427 stamp(s) moved by -152.7 to 104.5 ms; 97 left where they were. No labels changed.",Shahriar Tafti,adc84ab8c916
PTEN,60,1,PTEN m60 s1 2025-07-10,ds,m60s1jul10,5,981.289883,spike,Dentate Spike,Rain Younger,2026-09-22T13:56:42-04:00,"Aligned to the mean magnitude over 16 channels, ±100 ms, reading v4. 427 stamp(s) moved by -152.7 to 104.5 ms; 97 left where they were. No labels changed.",Shahriar Tafti,adc84ab8c916
PTEN,60,1,PTEN m60 s1 2025-07-10,ds,m60s1jul10,5,991.874059,spike,Dentate Spike,Rain Younger,2026-09-22T13:56:42-04:00,"Aligned to the mean magnitude over 16 channels, ±100 ms, reading v4. 427 stamp(s) moved by -152.7 to 104.5 ms; 97 left where they were. No labels changed.",Shahriar Tafti,adc84ab8c916
PTEN,60,1,PTEN m60 s1 2025-07-10,ds,m60s1jul10,5,995.906821,spike,Dentate Spike,Rain Younger,2026-09-22T13:56:42-04:00,"Aligned to the mean magnitude over 16 channels, ±100 ms, reading v4. 427 stamp(s) moved by -152.7 to 104.5 ms; 97 left where they were. No labels changed.",Shahriar Tafti,adc84ab8c916
PTEN,60,1,PTEN m60 s1 2025-07-10,ds,m60s1jul10,5,996.083713,spike,Dentate Spike,Rain Younger,2026-09-22T13:56:42-04:00,"Aligned to the mean magnitude over 16 channels, ±100 ms, reading v4. 427 stamp(s) moved by -152.7 to 104.5 ms; 97 left where they were. No labels changed.",Shahriar Tafti,adc84ab8c916
PTEN,60,1,PTEN m60 s1 2025-07-10,ds,m60s1jul10,5,996.46704,spike,Dentate Spike,Rain Younger,2026-09-22T13:56:42-04:00,"Aligned to the mean magnitude over 16 channels, ±100 ms, reading v4. 427 stamp(s) moved by -152.7 to 104.5 ms; 97 left where they were. No labels changed.",Shahriar Tafti,adc84ab8c916
PTEN,60,1,PTEN m60 s1 2025-07-10,ds,m60s1jul10,5,1001.438509,spike,Dentate Spike,Rain Younger,2026-09-22T13:56:42-04:00,"Aligned to the mean magnitude over 16 channels, ±100 ms, reading v4. 427 stamp(s) moved by -152.7 to 104.5 ms; 97 left where they were. No labels changed.",Shahriar Tafti,adc84ab8c916
PTEN,60,1,PTEN m60 s1 2025-07-10,ds,m60s1jul10,5,1014.591148,spike,Dentate Spike,Rain Younger,2026-09-22T13:56:42-04:00,"Aligned to the mean magnitude over 16 channels, ±100 ms, reading v4. 427 stamp(s) moved by -152.7 to 104.5 ms; 97 left where they were. No labels changed.",Shahriar Tafti,adc84ab8c916
PTEN,60,1,PTEN m60 s1 2025-07-10,ds,m60s1jul10,5,1069.275212,spike,Dentate Spike,Rain Younger,2026-09-22T13:56:42-04:00,"Aligned to the mean magnitude over 16 channels, ±100 ms, reading v4. 427 stamp(s) moved by -152.7 to 104.5 ms; 97 left where they were. No labels changed.",Shahriar Tafti,adc84ab8c916
PTEN,60,1,PTEN m60 s1 2025-07-10,ds,m60s1jul10,5,1105.344589,spike,Dentate Spike,Rain Younger,2026-09-22T13:56:42-04:00,"Aligned to the mean magnitude over 16 channels, ±100 ms, reading v4. 427 stamp(s) moved by -152.7 to 104.5 ms; 97 left where they were. No labels changed.",Shahriar Tafti,adc84ab8c916
PTEN,60,1,PTEN m60 s1 2025-07-10,ds,m60s1jul10,5,1141.052184,spike,Dentate Spike,Rain Younger,2026-09-22T13:56:42-04:00,"Aligned to the mean magnitude over 16 channels, ±100 ms, reading v4. 427 stamp(s) moved by -152.7 to 104.5 ms; 97 left where they were. No labels changed.",Shahriar Tafti,adc84ab8c916
PTEN,60,1,PTEN m60 s1 2025-07-10,ds,m60s1jul10,5,1145.90057,spike,Dentate Spike,Rain Younger,2026-09-22T13:56:42-04:00,"Aligned to the mean magnitude over 16 channels, ±100 ms, reading v4. 427 stamp(s) moved by -152.7 to 104.5 ms; 97 left where they were. No labels changed.",Shahriar Tafti,adc84ab8c916
PTEN,60,1,PTEN m60 s1 2025-07-10,ds,m60s1jul10,5,1146.27933,spike,Dentate Spike,Rain Younger,2026-09-22T13:56:42-04:00,"Aligned to the mean magnitude over 16 channels, ±100 ms, reading v4. 427 stamp(s) moved by -152.7 to 104.5 ms; 97 left where they were. No labels changed.",Shahriar Tafti,adc84ab8c916
PTEN,60,1,PTEN m60 s1 2025-07-10,ds,m60s1jul10,5,1162.153068,spike,Dentate Spike,Rain Younger,2026-09-22T13:56:42-04:00,"Aligned to the mean magnitude over 16 channels, ±100 ms, reading v4. 427 stamp(s) moved by -152.7 to 104.5 ms; 97 left where they were. No labels changed.",Shahriar Tafti,adc84ab8c916
PTEN,60,1,PTEN m60 s1 2025-07-10,ds,m60s1jul10,5,1186.172277,spike,Dentate Spike,Rain Younger,2026-09-22T13:56:42-04:00,"Aligned to the mean magnitude over 16 channels, ±100 ms, reading v4. 427 stamp(s) moved by -152.7 to 104.5 ms; 97 left where they were. No labels changed.",Shahriar Tafti,adc84ab8c916
PTEN,60,1,PTEN m60 s1 2025-07-10,ds,m60s1jul10,5,1209.303242,spike,Dentate Spike,Rain Younger,2026-09-22T13:56:42-04:00,"Aligned to the mean magnitude over 16 channels, ±100 ms, reading v4. 427 stamp(s) moved by -152.7 to 104.5 ms; 97 left where they were. No labels changed.",Shahriar Tafti,adc84ab8c916
PTEN,60,1,PTEN m60 s1 2025-07-10,ds,m60s1jul10,5,1247.425824,spike,Dentate Spike,Rain Younger,2026-09-22T13:56:42-04:00,"Aligned to the mean magnitude over 16 channels, ±100 ms, reading v4. 427 stamp(s) moved by -152.7 to 104.5 ms; 97 left where they were. No labels changed.",Shahriar Tafti,adc84ab8c916
PTEN,60,1,PTEN m60 s1 2025-07-10,ds,m60s1jul10,5,1257.193594,spike,Dentate Spike,Rain Younger,2026-09-22T13:56:42-04:00,"Aligned to the mean magnitude over 16 channels, ±100 ms, reading v4. 427 stamp(s) moved by -152.7 to 104.5 ms; 97 left where they were. No labels changed.",Shahriar Tafti,adc84ab8c916
PTEN,60,1,PTEN m60 s1 2025-07-10,ds,m60s1jul10,5,1258.754352,spike,Dentate Spike,Rain Younger,2026-09-22T13:56:42-04:00,"Aligned to the mean magnitude over 16 channels, ±100 ms, reading v4. 427 stamp(s) moved by -152.7 to 104.5 ms; 97 left where they were. No labels changed.",Shahriar Tafti,adc84ab8c916
PTEN,60,1,PTEN m60 s1 2025-07-10,ds,m60s1jul10,5,1262.171907,spike,Dentate Spike,Rain Younger,2026-09-22T13:56:42-04:00,"Aligned to the mean magnitude over 16 channels, ±100 ms, reading v4. 427 stamp(s) moved by -152.7 to 104.5 ms; 97 left where they were. No labels changed.",Shahriar Tafti,adc84ab8c916
PTEN,60,1,PTEN m60 s1 2025-07-10,ds,m60s1jul10,5,1273.427482,spike,Dentate Spike,Rain Younger,2026-09-22T13:56:42-04:00,"Aligned to the mean magnitude over 16 channels, ±100 ms, reading v4. 427 stamp(s) moved by -152.7 to 104.5 ms; 97 left where they were. No labels changed.",Shahriar Tafti,adc84ab8c916
PTEN,60,1,PTEN m60 s1 2025-07-10,ds,m60s1jul10,5,1278.800247,spike,Dentate Spike,Rain Younger,2026-09-22T13:56:42-04:00,"Aligned to the mean magnitude over 16 channels, ±100 ms, reading v4. 427 stamp(s) moved by -152.7 to 104.5 ms; 97 left where they were. No labels changed.",Shahriar Tafti,adc84ab8c916
PTEN,60,1,PTEN m60 s1 2025-07-10,ds,m60s1jul10,5,1283.639546,spike,Dentate Spike,Rain Younger,2026-09-22T13:56:42-04:00,"Aligned to the mean magnitude over 16 channels, ±100 ms, reading v4. 427 stamp(s) moved by -152.7 to 104.5 ms; 97 left where they were. No labels changed.",Shahriar Tafti,adc84ab8c916
PTEN,60,1,PTEN m60 s1 2025-07-10,ds,m60s1jul10,5,1291.616932,spike,Dentate Spike,Rain Younger,2026-09-22T13:56:42-04:00,"Aligned to the mean magnitude over 16 channels, ±100 ms, reading v4. 427 stamp(s) moved by -152.7 to 104.5 ms; 97 left where they were. No labels changed.",Shahriar Tafti,adc84ab8c916
PTEN,60,1,PTEN m60 s1 2025-07-10,ds,m60s1jul10,5,1291.964175,spike,Dentate Spike,Rain Younger,2026-09-22T13:56:42-04:00,"Aligned to the mean magnitude over 16 channels, ±100 ms, reading v4. 427 stamp(s) moved by -152.7 to 104.5 ms; 97 left where they were. No labels changed.",Shahriar Tafti,adc84ab8c916
PTEN,60,1,PTEN m60 s1 2025-07-10,ds,m60s1jul10,5,1293.742287,spike,Dentate Spike,Rain Younger,2026-09-22T13:56:42-04:00,"Aligned to the mean magnitude over 16 channels, ±100 ms, reading v4. 427 stamp(s) moved by -152.7 to 104.5 ms; 97 left where they were. No labels changed.",Shahriar Tafti,adc84ab8c916
PTEN,60,1,PTEN m60 s1 2025-07-10,ds,m60s1jul10,5,1294.326118,spike,Dentate Spike,Rain Younger,2026-09-22T13:56:42-04:00,"Aligned to the mean magnitude over 16 channels, ±100 ms, reading v4. 427 stamp(s) moved by -152.7 to 104.5 ms; 97 left where they were. No labels changed.",Shahriar Tafti,adc84ab8c916
PTEN,60,1,PTEN m60 s1 2025-07-10,ds,m60s1jul10,5,1300.05874,spike,Dentate Spike,Rain Younger,2026-09-22T13:56:42-04:00,"Aligned to the mean magnitude over 16 channels, ±100 ms, reading v4. 427 stamp(s) moved by -152.7 to 104.5 ms; 97 left where they were. No labels changed.",Shahriar Tafti,adc84ab8c916
PTEN,60,1,PTEN m60 s1 2025-07-10,ds,m60s1jul10,5,1308.478722,spike,Dentate Spike,Rain Younger,2026-09-22T13:56:42-04:00,"Aligned to the mean magnitude over 16 channels, ±100 ms, reading v4. 427 stamp(s) moved by -152.7 to 104.5 ms; 97 left where they were. No labels changed.",Shahriar Tafti,adc84ab8c916
PTEN,60,1,PTEN m60 s1 2025-07-10,ds,m60s1jul10,5,1309.249962,spike,Dentate Spike,Rain Younger,2026-09-22T13:56:42-04:00,"Aligned to the mean magnitude over 16 channels, ±100 ms, reading v4. 427 stamp(s) moved by -152.7 to 104.5 ms; 97 left where they were. No labels changed.",Shahriar Tafti,adc84ab8c916
PTEN,60,1,PTEN m60 s1 2025-07-10,ds,m60s1jul10,5,1314.439643,spike,Dentate Spike,Rain Younger,2026-09-22T13:56:42-04:00,"Aligned to the mean magnitude over 16 channels, ±100 ms, reading v4. 427 stamp(s) moved by -152.7 to 104.5 ms; 97 left where they were. No labels changed.",Shahriar Tafti,adc84ab8c916
PTEN,60,1,PTEN m60 s1 2025-07-10,ds,m60s1jul10,5,1314.610536,spike,Dentate Spike,Rain Younger,2026-09-22T13:56:42-04:00,"Aligned to the mean magnitude over 16 channels, ±100 ms, reading v4. 427 stamp(s) moved by -152.7 to 104.5 ms; 97 left where they were. No labels changed.",Shahriar Tafti,adc84ab8c916
PTEN,60,1,PTEN m60 s1 2025-07-10,ds,m60s1jul10,5,1317.988452,spike,Dentate Spike,Rain Younger,2026-09-22T13:56:42-04:00,"Aligned to the mean magnitude over 16 channels, ±100 ms, reading v4. 427 stamp(s) moved by -152.7 to 104.5 ms; 97 left where they were. No labels changed.",Shahriar Tafti,adc84ab8c916
PTEN,60,1,PTEN m60 s1 2025-07-10,ds,m60s1jul10,5,1318.588965,spike,Dentate Spike,Rain Younger,2026-09-22T13:56:42-04:00,"Aligned to the mean magnitude over 16 channels, ±100 ms, reading v4. 427 stamp(s) moved by -152.7 to 104.5 ms; 97 left where they were. No labels changed.",Shahriar Tafti,adc84ab8c916
PTEN,60,1,PTEN m60 s1 2025-07-10,ds,m60s1jul10,5,1322.235565,spike,Dentate Spike,Rain Younger,2026-09-22T13:56:42-04:00,"Aligned to the mean magnitude over 16 channels, ±100 ms, reading v4. 427 stamp(s) moved by -152.7 to 104.5 ms; 97 left where they were. No labels changed.",Shahriar Tafti,adc84ab8c916
PTEN,60,1,PTEN m60 s1 2025-07-10,ds,m60s1jul10,5,1325.518253,spike,Dentate Spike,Rain Younger,2026-09-22T13:56:42-04:00,"Aligned to the mean magnitude over 16 channels, ±100 ms, reading v4. 427 stamp(s) moved by -152.7 to 104.5 ms; 97 left where they were. No labels changed.",Shahriar Tafti,adc84ab8c916
PTEN,60,1,PTEN m60 s1 2025-07-10,ds,m60s1jul10,5,1330.406596,spike,Dentate Spike,Rain Younger,2026-09-22T13:56:42-04:00,"Aligned to the mean magnitude over 16 channels, ±100 ms, reading v4. 427 stamp(s) moved by -152.7 to 104.5 ms; 97 left where they were. No labels changed.",Shahriar Tafti,adc84ab8c916
PTEN,60,1,PTEN m60 s1 2025-07-10,ds,m60s1jul10,5,1334.418274,spike,Dentate Spike,Rain Younger,2026-09-22T13:56:42-04:00,"Aligned to the mean magnitude over 16 channels, ±100 ms, reading v4. 427 stamp(s) moved by -152.7 to 104.5 ms; 97 left where they were. No labels changed.",Shahriar Tafti,adc84ab8c916
PTEN,60,1,PTEN m60 s1 2025-07-10,ds,m60s1jul10,5,1347.747899,spike,Dentate Spike,Rain Younger,2026-09-22T13:56:42-04:00,"Aligned to the mean magnitude over 16 channels, ±100 ms, reading v4. 427 stamp(s) moved by -152.7 to 104.5 ms; 97 left where they were. No labels changed.",Shahriar Tafti,adc84ab8c916
PTEN,60,1,PTEN m60 s1 2025-07-10,ds,m60s1jul10,5,1351.407719,spike,Dentate Spike,Rain Younger,2026-09-22T13:56:42-04:00,"Aligned to the mean magnitude over 16 channels, ±100 ms, reading v4. 427 stamp(s) moved by -152.7 to 104.5 ms; 97 left where they were. No labels changed.",Shahriar Tafti,adc84ab8c916
PTEN,60,1,PTEN m60 s1 2025-07-10,ds,m60s1jul10,5,1353.310958,spike,Dentate Spike,Rain Younger,2026-09-22T13:56:42-04:00,"Aligned to the mean magnitude over 16 channels, ±100 ms, reading v4. 427 stamp(s) moved by -152.7 to 104.5 ms; 97 left where they were. No labels changed.",Shahriar Tafti,adc84ab8c916
PTEN,60,1,PTEN m60 s1 2025-07-10,ds,m60s1jul10,5,1354.155565,spike,Dentate Spike,Rain Younger,2026-09-22T13:56:42-04:00,"Aligned to the mean magnitude over 16 channels, ±100 ms, reading v4. 427 stamp(s) moved by -152.7 to 104.5 ms; 97 left where they were. No labels changed.",Shahriar Tafti,adc84ab8c916
PTEN,60,1,PTEN m60 s1 2025-07-10,ds,m60s1jul10,5,1356.206721,spike,Dentate Spike,Rain Younger,2026-09-22T13:56:42-04:00,"Aligned to the mean magnitude over 16 channels, ±100 ms, reading v4. 427 stamp(s) moved by -152.7 to 104.5 ms; 97 left where they were. No labels changed.",Shahriar Tafti,adc84ab8c916
PTEN,60,1,PTEN m60 s1 2025-07-10,ds,m60s1jul10,5,1356.610149,spike,Dentate Spike,Rain Younger,2026-09-22T13:56:42-04:00,"Aligned to the mean magnitude over 16 channels, ±100 ms, reading v4. 427 stamp(s) moved by -152.7 to 104.5 ms; 97 left where they were. No labels changed.",Shahriar Tafti,adc84ab8c916
PTEN,60,1,PTEN m60 s1 2025-07-10,ds,m60s1jul10,5,1360.785557,spike,Dentate Spike,Rain Younger,2026-09-22T13:56:42-04:00,"Aligned to the mean magnitude over 16 channels, ±100 ms, reading v4. 427 stamp(s) moved by -152.7 to 104.5 ms; 97 left where they were. No labels changed.",Shahriar Tafti,adc84ab8c916
PTEN,60,1,PTEN m60 s1 2025-07-10,ds,m60s1jul10,5,1363.821232,spike,Dentate Spike,Rain Younger,2026-09-22T13:56:42-04:00,"Aligned to the mean magnitude over 16 channels, ±100 ms, reading v4. 427 stamp(s) moved by -152.7 to 104.5 ms; 97 left where they were. No labels changed.",Shahriar Tafti,adc84ab8c916
PTEN,60,1,PTEN m60 s1 2025-07-10,ds,m60s1jul10,5,1364.294534,spike,Dentate Spike,Rain Younger,2026-09-22T13:56:42-04:00,"Aligned to the mean magnitude over 16 channels, ±100 ms, reading v4. 427 stamp(s) moved by -152.7 to 104.5 ms; 97 left where they were. No labels changed.",Shahriar Tafti,adc84ab8c916
PTEN,60,1,PTEN m60 s1 2025-07-10,ds,m60s1jul10,5,1365.917241,spike,Dentate Spike,Rain Younger,2026-09-22T13:56:42-04:00,"Aligned to the mean magnitude over 16 channels, ±100 ms, reading v4. 427 stamp(s) moved by -152.7 to 104.5 ms; 97 left where they were. No labels changed.",Shahriar Tafti,adc84ab8c916
PTEN,60,1,PTEN m60 s1 2025-07-10,ds,m60s1jul10,5,1374.51739,spike,Dentate Spike,Rain Younger,2026-09-22T13:56:42-04:00,"Aligned to the mean magnitude over 16 channels, ±100 ms, reading v4. 427 stamp(s) moved by -152.7 to 104.5 ms; 97 left where they were. No labels changed.",Shahriar Tafti,adc84ab8c916
PTEN,60,1,PTEN m60 s1 2025-07-10,ds,m60s1jul10,5,1375.79737,spike,Dentate Spike,Rain Younger,2026-09-22T13:56:42-04:00,"Aligned to the mean magnitude over 16 channels, ±100 ms, reading v4. 427 stamp(s) moved by -152.7 to 104.5 ms; 97 left where they were. No labels changed.",Shahriar Tafti,adc84ab8c916
PTEN,60,1,PTEN m60 s1 2025-07-10,ds,m60s1jul10,5,1380.969133,spike,Dentate Spike,Rain Younger,2026-09-22T13:56:42-04:00,"Aligned to the mean magnitude over 16 channels, ±100 ms, reading v4. 427 stamp(s) moved by -152.7 to 104.5 ms; 97 left where they were. No labels changed.",Shahriar Tafti,adc84ab8c916
PTEN,60,1,PTEN m60 s1 2025-07-10,ds,m60s1jul10,5,1381.625226,spike,Dentate Spike,Rain Younger,2026-09-22T13:56:42-04:00,"Aligned to the mean magnitude over 16 channels, ±100 ms, reading v4. 427 stamp(s) moved by -152.7 to 104.5 ms; 97 left where they were. No labels changed.",Shahriar Tafti,adc84ab8c916
PTEN,60,1,PTEN m60 s1 2025-07-10,ds,m60s1jul10,5,1381.9344,spike,Dentate Spike,Rain Younger,2026-09-22T13:56:42-04:00,"Aligned to the mean magnitude over 16 channels, ±100 ms, reading v4. 427 stamp(s) moved by -152.7 to 104.5 ms; 97 left where they were. No labels changed.",Shahriar Tafti,adc84ab8c916
PTEN,60,1,PTEN m60 s1 2025-07-10,ds,m60s1jul10,5,1444.087398,spike,Dentate Spike,Rain Younger,2026-09-22T13:56:42-04:00,"Aligned to the mean magnitude over 16 channels, ±100 ms, reading v4. 427 stamp(s) moved by -152.7 to 104.5 ms; 97 left where they were. No labels changed.",Shahriar Tafti,adc84ab8c916
PTEN,60,1,PTEN m60 s1 2025-07-10,ds,m60s1jul10,5,1446.181554,spike,Dentate Spike,Rain Younger,2026-09-22T13:56:42-04:00,"Aligned to the mean magnitude over 16 channels, ±100 ms, reading v4. 427 stamp(s) moved by -152.7 to 104.5 ms; 97 left where they were. No labels changed.",Shahriar Tafti,adc84ab8c916
PTEN,60,1,PTEN m60 s1 2025-07-10,ds,m60s1jul10,5,1456.166435,spike,Dentate Spike,Rain Younger,2026-09-22T13:56:42-04:00,"Aligned to the mean magnitude over 16 channels, ±100 ms, reading v4. 427 stamp(s) moved by -152.7 to 104.5 ms; 97 left where they were. No labels changed.",Shahriar Tafti,adc84ab8c916
PTEN,60,1,PTEN m60 s1 2025-07-10,ds,m60s1jul10,5,1456.391783,spike,Dentate Spike,Rain Younger,2026-09-22T13:56:42-04:00,"Aligned to the mean magnitude over 16 channels, ±100 ms, reading v4. 427 stamp(s) moved by -152.7 to 104.5 ms; 97 left where they were. No labels changed.",Shahriar Tafti,adc84ab8c916
PTEN,60,1,PTEN m60 s1 2025-07-10,ds,m60s1jul10,5,1461.818552,spike,Dentate Spike,Rain Younger,2026-09-22T13:56:42-04:00,"Aligned to the mean magnitude over 16 channels, ±100 ms, reading v4. 427 stamp(s) moved by -152.7 to 104.5 ms; 97 left where they were. No labels changed.",Shahriar Tafti,adc84ab8c916
PTEN,60,1,PTEN m60 s1 2025-07-10,ds,m60s1jul10,5,1473.335836,spike,Dentate Spike,Rain Younger,2026-09-22T13:56:42-04:00,"Aligned to the mean magnitude over 16 channels, ±100 ms, reading v4. 427 stamp(s) moved by -152.7 to 104.5 ms; 97 left where they were. No labels changed.",Shahriar Tafti,adc84ab8c916
PTEN,60,1,PTEN m60 s1 2025-07-10,ds,m60s1jul10,5,1476.760433,spike,Dentate Spike,Rain Younger,2026-09-22T13:56:42-04:00,"Aligned to the mean magnitude over 16 channels, ±100 ms, reading v4. 427 stamp(s) moved by -152.7 to 104.5 ms; 97 left where they were. No labels changed.",Shahriar Tafti,adc84ab8c916
PTEN,60,1,PTEN m60 s1 2025-07-10,ds,m60s1jul10,5,1479.104128,spike,Dentate Spike,Rain Younger,2026-09-22T13:56:42-04:00,"Aligned to the mean magnitude over 16 channels, ±100 ms, reading v4. 427 stamp(s) moved by -152.7 to 104.5 ms; 97 left where they were. No labels changed.",Shahriar Tafti,adc84ab8c916
PTEN,60,1,PTEN m60 s1 2025-07-10,ds,m60s1jul10,5,1480.150383,spike,Dentate Spike,Rain Younger,2026-09-22T13:56:42-04:00,"Aligned to the mean magnitude over 16 channels, ±100 ms, reading v4. 427 stamp(s) moved by -152.7 to 104.5 ms; 97 left where they were. No labels changed.",Shahriar Tafti,adc84ab8c916
PTEN,60,1,PTEN m60 s1 2025-07-10,ds,m60s1jul10,5,1485.719341,spike,Dentate Spike,Rain Younger,2026-09-22T13:56:42-04:00,"Aligned to the mean magnitude over 16 channels, ±100 ms, reading v4. 427 stamp(s) moved by -152.7 to 104.5 ms; 97 left where they were. No labels changed.",Shahriar Tafti,adc84ab8c916
PTEN,60,1,PTEN m60 s1 2025-07-10,ds,m60s1jul10,5,1491.029817,spike,Dentate Spike,Rain Younger,2026-09-22T13:56:42-04:00,"Aligned to the mean magnitude over 16 channels, ±100 ms, reading v4. 427 stamp(s) moved by -152.7 to 104.5 ms; 97 left where they were. No labels changed.",Shahriar Tafti,adc84ab8c916
PTEN,60,1,PTEN m60 s1 2025-07-10,ds,m60s1jul10,5,1491.153642,spike,Dentate Spike,Rain Younger,2026-09-22T13:56:42-04:00,"Aligned to the mean magnitude over 16 channels, ±100 ms, reading v4. 427 stamp(s) moved by -152.7 to 104.5 ms; 97 left where they were. No labels changed.",Shahriar Tafti,adc84ab8c916
PTEN,60,1,PTEN m60 s1 2025-07-10,ds,m60s1jul10,5,1503.31212,spike,Dentate Spike,Rain Younger,2026-09-22T13:56:42-04:00,"Aligned to the mean magnitude over 16 channels, ±100 ms, reading v4. 427 stamp(s) moved by -152.7 to 104.5 ms; 97 left where they were. No labels changed.",Shahriar Tafti,adc84ab8c916
PTEN,60,1,PTEN m60 s1 2025-07-10,ds,m60s1jul10,5,1503.793652,spike,Dentate Spike,Rain Younger,2026-09-22T13:56:42-04:00,"Aligned to the mean magnitude over 16 channels, ±100 ms, reading v4. 427 stamp(s) moved by -152.7 to 104.5 ms; 97 left where they were. No labels changed.",Shahriar Tafti,adc84ab8c916
PTEN,60,1,PTEN m60 s1 2025-07-10,ds,m60s1jul10,5,1509.240997,spike,Dentate Spike,Rain Younger,2026-09-22T13:56:42-04:00,"Aligned to the mean magnitude over 16 channels, ±100 ms, reading v4. 427 stamp(s) moved by -152.7 to 104.5 ms; 97 left where they were. No labels changed.",Shahriar Tafti,adc84ab8c916
PTEN,60,1,PTEN m60 s1 2025-07-10,ds,m60s1jul10,5,1520.601133,spike,Dentate Spike,Rain Younger,2026-09-22T13:56:42-04:00,"Aligned to the mean magnitude over 16 channels, ±100 ms, reading v4. 427 stamp(s) moved by -152.7 to 104.5 ms; 97 left where they were. No labels changed.",Shahriar Tafti,adc84ab8c916
PTEN,60,1,PTEN m60 s1 2025-07-10,ds,m60s1jul10,5,1529.811927,spike,Dentate Spike,Rain Younger,2026-09-22T13:56:42-04:00,"Aligned to the mean magnitude over 16 channels, ±100 ms, reading v4. 427 stamp(s) moved by -152.7 to 104.5 ms; 97 left where they were. No labels changed.",Shahriar Tafti,adc84ab8c916
PTEN,60,1,PTEN m60 s1 2025-07-10,ds,m60s1jul10,5,1532.928297,spike,Dentate Spike,Rain Younger,2026-09-22T13:56:42-04:00,"Aligned to the mean magnitude over 16 channels, ±100 ms, reading v4. 427 stamp(s) moved by -152.7 to 104.5 ms; 97 left where they were. No labels changed.",Shahriar Tafti,adc84ab8c916
PTEN,60,1,PTEN m60 s1 2025-07-10,ds,m60s1jul10,5,1533.118376,spike,Dentate Spike,Rain Younger,2026-09-22T13:56:42-04:00,"Aligned to the mean magnitude over 16 channels, ±100 ms, reading v4. 427 stamp(s) moved by -152.7 to 104.5 ms; 97 left where they were. No labels changed.",Shahriar Tafti,adc84ab8c916
PTEN,60,1,PTEN m60 s1 2025-07-10,ds,m60s1jul10,5,1536.139453,spike,Dentate Spike,Rain Younger,2026-09-22T13:56:42-04:00,"Aligned to the mean magnitude over 16 channels, ±100 ms, reading v4. 427 stamp(s) moved by -152.7 to 104.5 ms; 97 left where they were. No labels changed.",Shahriar Tafti,adc84ab8c916
PTEN,60,1,PTEN m60 s1 2025-07-10,ds,m60s1jul10,5,1545.065253,spike,Dentate Spike,Rain Younger,2026-09-22T13:56:42-04:00,"Aligned to the mean magnitude over 16 channels, ±100 ms, reading v4. 427 stamp(s) moved by -152.7 to 104.5 ms; 97 left where they were. No labels changed.",Shahriar Tafti,adc84ab8c916
PTEN,60,1,PTEN m60 s1 2025-07-10,ds,m60s1jul10,5,1545.596451,spike,Dentate Spike,Rain Younger,2026-09-22T13:56:42-04:00,"Aligned to the mean magnitude over 16 channels, ±100 ms, reading v4. 427 stamp(s) moved by -152.7 to 104.5 ms; 97 left where they were. No labels changed.",Shahriar Tafti,adc84ab8c916
PTEN,60,1,PTEN m60 s1 2025-07-10,ds,m60s1jul10,5,1549.493797,spike,Dentate Spike,Rain Younger,2026-09-22T13:56:42-04:00,"Aligned to the mean magnitude over 16 channels, ±100 ms, reading v4. 427 stamp(s) moved by -152.7 to 104.5 ms; 97 left where they were. No labels changed.",Shahriar Tafti,adc84ab8c916
PTEN,60,1,PTEN m60 s1 2025-07-10,ds,m60s1jul10,5,1555.313075,spike,Dentate Spike,Rain Younger,2026-09-22T13:56:42-04:00,"Aligned to the mean magnitude over 16 channels, ±100 ms, reading v4. 427 stamp(s) moved by -152.7 to 104.5 ms; 97 left where they were. No labels changed.",Shahriar Tafti,adc84ab8c916
PTEN,60,1,PTEN m60 s1 2025-07-10,ds,m60s1jul10,5,1567.35472,spike,Dentate Spike,Rain Younger,2026-09-22T13:56:42-04:00,"Aligned to the mean magnitude over 16 channels, ±100 ms, reading v4. 427 stamp(s) moved by -152.7 to 104.5 ms; 97 left where they were. No labels changed.",Shahriar Tafti,adc84ab8c916
PTEN,60,1,PTEN m60 s1 2025-07-10,ds,m60s1jul10,5,1571.446899,spike,Dentate Spike,Rain Younger,2026-09-22T13:56:42-04:00,"Aligned to the mean magnitude over 16 channels, ±100 ms, reading v4. 427 stamp(s) moved by -152.7 to 104.5 ms; 97 left where they were. No labels changed.",Shahriar Tafti,adc84ab8c916
PTEN,60,1,PTEN m60 s1 2025-07-10,ds,m60s1jul10,5,1576.713124,spike,Dentate Spike,Rain Younger,2026-09-22T13:56:42-04:00,"Aligned to the mean magnitude over 16 channels, ±100 ms, reading v4. 427 stamp(s) moved by -152.7 to 104.5 ms; 97 left where they were. No labels changed.",Shahriar Tafti,adc84ab8c916
PTEN,60,1,PTEN m60 s1 2025-07-10,ds,m60s1jul10,5,1586.47219,spike,Dentate Spike,Rain Younger,2026-09-22T13:56:42-04:00,"Aligned to the mean magnitude over 16 channels, ±100 ms, reading v4. 427 stamp(s) moved by -152.7 to 104.5 ms; 97 left where they were. No labels changed.",Shahriar Tafti,adc84ab8c916
PTEN,60,1,PTEN m60 s1 2025-07-10,ds,m60s1jul10,5,1598.469171,spike,Dentate Spike,Rain Younger,2026-09-22T13:56:42-04:00,"Aligned to the mean magnitude over 16 channels, ±100 ms, reading v4. 427 stamp(s) moved by -152.7 to 104.5 ms; 97 left where they were. No labels changed.",Shahriar Tafti,adc84ab8c916
PTEN,60,1,PTEN m60 s1 2025-07-10,ds,m60s1jul10,5,1603.77745,spike,Dentate Spike,Rain Younger,2026-09-22T13:56:42-04:00,"Aligned to the mean magnitude over 16 channels, ±100 ms, reading v4. 427 stamp(s) moved by -152.7 to 104.5 ms; 97 left where they were. No labels changed.",Shahriar Tafti,adc84ab8c916
PTEN,60,1,PTEN m60 s1 2025-07-10,ds,m60s1jul10,5,1617.545291,spike,Dentate Spike,Rain Younger,2026-09-22T13:56:42-04:00,"Aligned to the mean magnitude over 16 channels, ±100 ms, reading v4. 427 stamp(s) moved by -152.7 to 104.5 ms; 97 left where they were. No labels changed.",Shahriar Tafti,adc84ab8c916
PTEN,60,1,PTEN m60 s1 2025-07-10,ds,m60s1jul10,5,1621.534669,spike,Dentate Spike,Rain Younger,2026-09-22T13:56:42-04:00,"Aligned to the mean magnitude over 16 channels, ±100 ms, reading v4. 427 stamp(s) moved by -152.7 to 104.5 ms; 97 left where they were. No labels changed.",Shahriar Tafti,adc84ab8c916
PTEN,60,1,PTEN m60 s1 2025-07-10,ds,m60s1jul10,5,1621.811521,spike,Dentate Spike,Rain Younger,2026-09-22T13:56:42-04:00,"Aligned to the mean magnitude over 16 channels, ±100 ms, reading v4. 427 stamp(s) moved by -152.7 to 104.5 ms; 97 left where they were. No labels changed.",Shahriar Tafti,adc84ab8c916
PTEN,60,1,PTEN m60 s1 2025-07-10,ds,m60s1jul10,5,1628.148692,spike,Dentate Spike,Rain Younger,2026-09-22T13:56:42-04:00,"Aligned to the mean magnitude over 16 channels, ±100 ms, reading v4. 427 stamp(s) moved by -152.7 to 104.5 ms; 97 left where they were. No labels changed.",Shahriar Tafti,adc84ab8c916
PTEN,60,1,PTEN m60 s1 2025-07-10,ds,m60s1jul10,5,1628.426822,spike,Dentate Spike,Rain Younger,2026-09-22T13:56:42-04:00,"Aligned to the mean magnitude over 16 channels, ±100 ms, reading v4. 427 stamp(s) moved by -152.7 to 104.5 ms; 97 left where they were. No labels changed.",Shahriar Tafti,adc84ab8c916
PTEN,60,1,PTEN m60 s1 2025-07-10,ds,m60s1jul10,5,1629.305224,spike,Dentate Spike,Rain Younger,2026-09-22T13:56:42-04:00,"Aligned to the mean magnitude over 16 channels, ±100 ms, reading v4. 427 stamp(s) moved by -152.7 to 104.5 ms; 97 left where they were. No labels changed.",Shahriar Tafti,adc84ab8c916
PTEN,60,1,PTEN m60 s1 2025-07-10,ds,m60s1jul10,5,1632.161998,spike,Dentate Spike,Rain Younger,2026-09-22T13:56:42-04:00,"Aligned to the mean magnitude over 16 channels, ±100 ms, reading v4. 427 stamp(s) moved by -152.7 to 104.5 ms; 97 left where they were. No labels changed.",Shahriar Tafti,adc84ab8c916
PTEN,60,1,PTEN m60 s1 2025-07-10,ds,m60s1jul10,5,1632.955069,spike,Dentate Spike,Rain Younger,2026-09-22T13:56:42-04:00,"Aligned to the mean magnitude over 16 channels, ±100 ms, reading v4. 427 stamp(s) moved by -152.7 to 104.5 ms; 97 left where they were. No labels changed.",Shahriar Tafti,adc84ab8c916
PTEN,60,1,PTEN m60 s1 2025-07-10,ds,m60s1jul10,5,1636.879238,spike,Dentate Spike,Rain Younger,2026-09-22T13:56:42-04:00,"Aligned to the mean magnitude over 16 channels, ±100 ms, reading v4. 427 stamp(s) moved by -152.7 to 104.5 ms; 97 left where they were. No labels changed.",Shahriar Tafti,adc84ab8c916
PTEN,60,1,PTEN m60 s1 2025-07-10,ds,m60s1jul10,5,1640.518896,spike,Dentate Spike,Rain Younger,2026-09-22T13:56:42-04:00,"Aligned to the mean magnitude over 16 channels, ±100 ms, reading v4. 427 stamp(s) moved by -152.7 to 104.5 ms; 97 left where they were. No labels changed.",Shahriar Tafti,adc84ab8c916
PTEN,60,1,PTEN m60 s1 2025-07-10,ds,m60s1jul10,5,1644.040675,spike,Dentate Spike,Rain Younger,2026-09-22T13:56:42-04:00,"Aligned to the mean magnitude over 16 channels, ±100 ms, reading v4. 427 stamp(s) moved by -152.7 to 104.5 ms; 97 left where they were. No labels changed.",Shahriar Tafti,adc84ab8c916
PTEN,60,1,PTEN m60 s1 2025-07-10,ds,m60s1jul10,5,1644.212958,spike,Dentate Spike,Rain Younger,2026-09-22T13:56:42-04:00,"Aligned to the mean magnitude over 16 channels, ±100 ms, reading v4. 427 stamp(s) moved by -152.7 to 104.5 ms; 97 left where they were. No labels changed.",Shahriar Tafti,adc84ab8c916
PTEN,60,1,PTEN m60 s1 2025-07-10,ds,m60s1jul10,5,1655.603089,spike,Dentate Spike,Rain Younger,2026-09-22T13:56:42-04:00,"Aligned to the mean magnitude over 16 channels, ±100 ms, reading v4. 427 stamp(s) moved by -152.7 to 104.5 ms; 97 left where they were. No labels changed.",Shahriar Tafti,adc84ab8c916
PTEN,60,1,PTEN m60 s1 2025-07-10,ds,m60s1jul10,5,1655.959782,spike,Dentate Spike,Rain Younger,2026-09-22T13:56:42-04:00,"Aligned to the mean magnitude over 16 channels, ±100 ms, reading v4. 427 stamp(s) moved by -152.7 to 104.5 ms; 97 left where they were. No labels changed.",Shahriar Tafti,adc84ab8c916
PTEN,60,1,PTEN m60 s1 2025-07-10,ds,m60s1jul10,5,1658.476551,spike,Dentate Spike,Rain Younger,2026-09-22T13:56:42-04:00,"Aligned to the mean magnitude over 16 channels, ±100 ms, reading v4. 427 stamp(s) moved by -152.7 to 104.5 ms; 97 left where they were. No labels changed.",Shahriar Tafti,adc84ab8c916
PTEN,60,1,PTEN m60 s1 2025-07-10,ds,m60s1jul10,5,1661.679796,spike,Dentate Spike,Rain Younger,2026-09-22T13:56:42-04:00,"Aligned to the mean magnitude over 16 channels, ±100 ms, reading v4. 427 stamp(s) moved by -152.7 to 104.5 ms; 97 left where they were. No labels changed.",Shahriar Tafti,adc84ab8c916
PTEN,60,1,PTEN m60 s1 2025-07-10,ds,m60s1jul10,5,1663.054578,spike,Dentate Spike,Rain Younger,2026-09-22T13:56:42-04:00,"Aligned to the mean magnitude over 16 channels, ±100 ms, reading v4. 427 stamp(s) moved by -152.7 to 104.5 ms; 97 left where they were. No labels changed.",Shahriar Tafti,adc84ab8c916
PTEN,60,1,PTEN m60 s1 2025-07-10,ds,m60s1jul10,5,1665.719171,spike,Dentate Spike,Rain Younger,2026-09-22T13:56:42-04:00,"Aligned to the mean magnitude over 16 channels, ±100 ms, reading v4. 427 stamp(s) moved by -152.7 to 104.5 ms; 97 left where they were. No labels changed.",Shahriar Tafti,adc84ab8c916
PTEN,60,1,PTEN m60 s1 2025-07-10,ds,m60s1jul10,5,1665.921295,spike,Dentate Spike,Rain Younger,2026-09-22T13:56:42-04:00,"Aligned to the mean magnitude over 16 channels, ±100 ms, reading v4. 427 stamp(s) moved by -152.7 to 104.5 ms; 97 left where they were. No labels changed.",Shahriar Tafti,adc84ab8c916
PTEN,60,1,PTEN m60 s1 2025-07-10,ds,m60s1jul10,5,1668.369071,spike,Dentate Spike,Rain Younger,2026-09-22T13:56:42-04:00,"Aligned to the mean magnitude over 16 channels, ±100 ms, reading v4. 427 stamp(s) moved by -152.7 to 104.5 ms; 97 left where they were. No labels changed.",Shahriar Tafti,adc84ab8c916
PTEN,60,1,PTEN m60 s1 2025-07-10,ds,m60s1jul10,5,1669.256336,spike,Dentate Spike,Rain Younger,2026-09-22T13:56:42-04:00,"Aligned to the mean magnitude over 16 channels, ±100 ms, reading v4. 427 stamp(s) moved by -152.7 to 104.5 ms; 97 left where they were. No labels changed.",Shahriar Tafti,adc84ab8c916
PTEN,60,1,PTEN m60 s1 2025-07-10,ds,m60s1jul10,5,1672.357749,spike,Dentate Spike,Rain Younger,2026-09-22T13:56:42-04:00,"Aligned to the mean magnitude over 16 channels, ±100 ms, reading v4. 427 stamp(s) moved by -152.7 to 104.5 ms; 97 left where they were. No labels changed.",Shahriar Tafti,adc84ab8c916
PTEN,60,1,PTEN m60 s1 2025-07-10,ds,m60s1jul10,5,1674.560455,spike,Dentate Spike,Rain Younger,2026-09-22T13:56:42-04:00,"Aligned to the mean magnitude over 16 channels, ±100 ms, reading v4. 427 stamp(s) moved by -152.7 to 104.5 ms; 97 left where they were. No labels changed.",Shahriar Tafti,adc84ab8c916
PTEN,60,1,PTEN m60 s1 2025-07-10,ds,m60s1jul10,5,1675.916852,spike,Dentate Spike,Rain Younger,2026-09-22T13:56:42-04:00,"Aligned to the mean magnitude over 16 channels, ±100 ms, reading v4. 427 stamp(s) moved by -152.7 to 104.5 ms; 97 left where they were. No labels changed.",Shahriar Tafti,adc84ab8c916
PTEN,60,1,PTEN m60 s1 2025-07-10,ds,m60s1jul10,5,1683.054192,spike,Dentate Spike,Rain Younger,2026-09-22T13:56:42-04:00,"Aligned to the mean magnitude over 16 channels, ±100 ms, reading v4. 427 stamp(s) moved by -152.7 to 104.5 ms; 97 left where they were. No labels changed.",Shahriar Tafti,adc84ab8c916
PTEN,60,1,PTEN m60 s1 2025-07-10,ds,m60s1jul10,5,1690.052097,spike,Dentate Spike,Rain Younger,2026-09-22T13:56:42-04:00,"Aligned to the mean magnitude over 16 channels, ±100 ms, reading v4. 427 stamp(s) moved by -152.7 to 104.5 ms; 97 left where they were. No labels changed.",Shahriar Tafti,adc84ab8c916
PTEN,60,1,PTEN m60 s1 2025-07-10,ds,m60s1jul10,5,1702.050703,spike,Dentate Spike,Rain Younger,2026-09-22T13:56:42-04:00,"Aligned to the mean magnitude over 16 channels, ±100 ms, reading v4. 427 stamp(s) moved by -152.7 to 104.5 ms; 97 left where they were. No labels changed.",Shahriar Tafti,adc84ab8c916
PTEN,60,1,PTEN m60 s1 2025-07-10,ds,m60s1jul10,5,1704.887346,spike,Dentate Spike,Rain Younger,2026-09-22T13:56:42-04:00,"Aligned to the mean magnitude over 16 channels, ±100 ms, reading v4. 427 stamp(s) moved by -152.7 to 104.5 ms; 97 left where they were. No labels changed.",Shahriar Tafti,adc84ab8c916
PTEN,60,1,PTEN m60 s1 2025-07-10,ds,m60s1jul10,5,1707.885926,spike,Dentate Spike,Rain Younger,2026-09-22T13:56:42-04:00,"Aligned to the mean magnitude over 16 channels, ±100 ms, reading v4. 427 stamp(s) moved by -152.7 to 104.5 ms; 97 left where they were. No labels changed.",Shahriar Tafti,adc84ab8c916
PTEN,60,1,PTEN m60 s1 2025-07-10,ds,m60s1jul10,5,1708.082526,spike,Dentate Spike,Rain Younger,2026-09-22T13:56:42-04:00,"Aligned to the mean magnitude over 16 channels, ±100 ms, reading v4. 427 stamp(s) moved by -152.7 to 104.5 ms; 97 left where they were. No labels changed.",Shahriar Tafti,adc84ab8c916
PTEN,60,1,PTEN m60 s1 2025-07-10,ds,m60s1jul10,5,1708.902472,spike,Dentate Spike,Rain Younger,2026-09-22T13:56:42-04:00,"Aligned to the mean magnitude over 16 channels, ±100 ms, reading v4. 427 stamp(s) moved by -152.7 to 104.5 ms; 97 left where they were. No labels changed.",Shahriar Tafti,adc84ab8c916
PTEN,60,1,PTEN m60 s1 2025-07-10,ds,m60s1jul10,5,1709.013036,spike,Dentate Spike,Rain Younger,2026-09-22T13:56:42-04:00,"Aligned to the mean magnitude over 16 channels, ±100 ms, reading v4. 427 stamp(s) moved by -152.7 to 104.5 ms; 97 left where they were. No labels changed.",Shahriar Tafti,adc84ab8c916
PTEN,60,1,PTEN m60 s1 2025-07-10,ds,m60s1jul10,5,1709.417222,spike,Dentate Spike,Rain Younger,2026-09-22T13:56:42-04:00,"Aligned to the mean magnitude over 16 channels, ±100 ms, reading v4. 427 stamp(s) moved by -152.7 to 104.5 ms; 97 left where they were. No labels changed.",Shahriar Tafti,adc84ab8c916
PTEN,60,1,PTEN m60 s1 2025-07-10,ds,m60s1jul10,5,1719.922126,spike,Dentate Spike,Rain Younger,2026-09-22T13:56:42-04:00,"Aligned to the mean magnitude over 16 channels, ±100 ms, reading v4. 427 stamp(s) moved by -152.7 to 104.5 ms; 97 left where they were. No labels changed.",Shahriar Tafti,adc84ab8c916
PTEN,60,1,PTEN m60 s1 2025-07-10,ds,m60s1jul10,5,1721.875466,spike,Dentate Spike,Rain Younger,2026-09-22T13:56:42-04:00,"Aligned to the mean magnitude over 16 channels, ±100 ms, reading v4. 427 stamp(s) moved by -152.7 to 104.5 ms; 97 left where they were. No labels changed.",Shahriar Tafti,adc84ab8c916
PTEN,60,1,PTEN m60 s1 2025-07-10,ds,m60s1jul10,5,1731.556037,spike,Dentate Spike,Rain Younger,2026-09-22T13:56:42-04:00,"Aligned to the mean magnitude over 16 channels, ±100 ms, reading v4. 427 stamp(s) moved by -152.7 to 104.5 ms; 97 left where they were. No labels changed.",Shahriar Tafti,adc84ab8c916
PTEN,60,1,PTEN m60 s1 2025-07-10,ds,m60s1jul10,5,1734.642511,spike,Dentate Spike,Rain Younger,2026-09-22T13:56:42-04:00,"Aligned to the mean magnitude over 16 channels, ±100 ms, reading v4. 427 stamp(s) moved by -152.7 to 104.5 ms; 97 left where they were. No labels changed.",Shahriar Tafti,adc84ab8c916
PTEN,60,1,PTEN m60 s1 2025-07-10,ds,m60s1jul10,5,1740.364924,spike,Dentate Spike,Rain Younger,2026-09-22T13:56:42-04:00,"Aligned to the mean magnitude over 16 channels, ±100 ms, reading v4. 427 stamp(s) moved by -152.7 to 104.5 ms; 97 left where they were. No labels changed.",Shahriar Tafti,adc84ab8c916
PTEN,60,1,PTEN m60 s1 2025-07-10,ds,m60s1jul10,5,1743.463383,spike,Dentate Spike,Rain Younger,2026-09-22T13:56:42-04:00,"Aligned to the mean magnitude over 16 channels, ±100 ms, reading v4. 427 stamp(s) moved by -152.7 to 104.5 ms; 97 left where they were. No labels changed.",Shahriar Tafti,adc84ab8c916
PTEN,60,1,PTEN m60 s1 2025-07-10,ds,m60s1jul10,5,1743.65508,spike,Dentate Spike,Rain Younger,2026-09-22T13:56:42-04:00,"Aligned to the mean magnitude over 16 channels, ±100 ms, reading v4. 427 stamp(s) moved by -152.7 to 104.5 ms; 97 left where they were. No labels changed.",Shahriar Tafti,adc84ab8c916
PTEN,60,1,PTEN m60 s1 2025-07-10,ds,m60s1jul10,5,1744.035145,spike,Dentate Spike,Rain Younger,2026-09-22T13:56:42-04:00,"Aligned to the mean magnitude over 16 channels, ±100 ms, reading v4. 427 stamp(s) moved by -152.7 to 104.5 ms; 97 left where they were. No labels changed.",Shahriar Tafti,adc84ab8c916
PTEN,60,1,PTEN m60 s1 2025-07-10,ds,m60s1jul10,5,1747.208393,spike,Dentate Spike,Rain Younger,2026-09-22T13:56:42-04:00,"Aligned to the mean magnitude over 16 channels, ±100 ms, reading v4. 427 stamp(s) moved by -152.7 to 104.5 ms; 97 left where they were. No labels changed.",Shahriar Tafti,adc84ab8c916
PTEN,60,1,PTEN m60 s1 2025-07-10,ds,m60s1jul10,5,1749.410238,spike,Dentate Spike,Rain Younger,2026-09-22T13:56:42-04:00,"Aligned to the mean magnitude over 16 channels, ±100 ms, reading v4. 427 stamp(s) moved by -152.7 to 104.5 ms; 97 left where they were. No labels changed.",Shahriar Tafti,adc84ab8c916
PTEN,60,1,PTEN m60 s1 2025-07-10,ds,m60s1jul10,5,1757.25842,spike,Dentate Spike,Rain Younger,2026-09-22T13:56:42-04:00,"Aligned to the mean magnitude over 16 channels, ±100 ms, reading v4. 427 stamp(s) moved by -152.7 to 104.5 ms; 97 left where they were. No labels changed.",Shahriar Tafti,adc84ab8c916
PTEN,60,1,PTEN m60 s1 2025-07-10,ds,m60s1jul10,5,1761.297934,spike,Dentate Spike,Rain Younger,2026-09-22T13:56:42-04:00,"Aligned to the mean magnitude over 16 channels, ±100 ms, reading v4. 427 stamp(s) moved by -152.7 to 104.5 ms; 97 left where they were. No labels changed.",Shahriar Tafti,adc84ab8c916
PTEN,60,1,PTEN m60 s1 2025-07-10,ds,m60s1jul10,5,1766.876318,spike,Dentate Spike,Rain Younger,2026-09-22T13:56:42-04:00,"Aligned to the mean magnitude over 16 channels, ±100 ms, reading v4. 427 stamp(s) moved by -152.7 to 104.5 ms; 97 left where they were. No labels changed.",Shahriar Tafti,adc84ab8c916
PTEN,60,1,PTEN m60 s1 2025-07-10,ds,m60s1jul10,5,1767.837184,spike,Dentate Spike,Rain Younger,2026-09-22T13:56:42-04:00,"Aligned to the mean magnitude over 16 channels, ±100 ms, reading v4. 427 stamp(s) moved by -152.7 to 104.5 ms; 97 left where they were. No labels changed.",Shahriar Tafti,adc84ab8c916
PTEN,60,1,PTEN m60 s1 2025-07-10,ds,m60s1jul10,5,1767.996161,spike,Dentate Spike,Rain Younger,2026-09-22T13:56:42-04:00,"Aligned to the mean magnitude over 16 channels, ±100 ms, reading v4. 427 stamp(s) moved by -152.7 to 104.5 ms; 97 left where they were. No labels changed.",Shahriar Tafti,adc84ab8c916
PTEN,60,1,PTEN m60 s1 2025-07-10,ds,m60s1jul10,5,1770.897482,spike,Dentate Spike,Rain Younger,2026-09-22T13:56:42-04:00,"Aligned to the mean magnitude over 16 channels, ±100 ms, reading v4. 427 stamp(s) moved by -152.7 to 104.5 ms; 97 left where they were. No labels changed.",Shahriar Tafti,adc84ab8c916
PTEN,60,1,PTEN m60 s1 2025-07-10,ds,m60s1jul10,5,1783.300087,spike,Dentate Spike,Rain Younger,2026-09-22T13:56:42-04:00,"Aligned to the mean magnitude over 16 channels, ±100 ms, reading v4. 427 stamp(s) moved by -152.7 to 104.5 ms; 97 left where they were. No labels changed.",Shahriar Tafti,adc84ab8c916
PTEN,60,1,PTEN m60 s1 2025-07-10,ds,m60s1jul10,5,1788.005874,spike,Dentate Spike,Rain Younger,2026-09-22T13:56:42-04:00,"Aligned to the mean magnitude over 16 channels, ±100 ms, reading v4. 427 stamp(s) moved by -152.7 to 104.5 ms; 97 left where they were. No labels changed.",Shahriar Tafti,adc84ab8c916
PTEN,60,1,PTEN m60 s1 2025-07-10,ds,m60s1jul10,5,1788.73247,spike,Dentate Spike,Rain Younger,2026-09-22T13:56:42-04:00,"Aligned to the mean magnitude over 16 channels, ±100 ms, reading v4. 427 stamp(s) moved by -152.7 to 104.5 ms; 97 left where they were. No labels changed.",Shahriar Tafti,adc84ab8c916
PTEN,60,1,PTEN m60 s1 2025-07-10,ds,m60s1jul10,5,1792.316467,spike,Dentate Spike,Rain Younger,2026-09-22T13:56:42-04:00,"Aligned to the mean magnitude over 16 channels, ±100 ms, reading v4. 427 stamp(s) moved by -152.7 to 104.5 ms; 97 left where they were. No labels changed.",Shahriar Tafti,adc84ab8c916
PTEN,60,1,PTEN m60 s1 2025-07-10,ds,m60s1jul10,5,1796.666213,spike,Dentate Spike,Rain Younger,2026-09-22T13:56:42-04:00,"Aligned to the mean magnitude over 16 channels, ±100 ms, reading v4. 427 stamp(s) moved by -152.7 to 104.5 ms; 97 left where they were. No labels changed.",Shahriar Tafti,adc84ab8c916
PTEN,60,1,PTEN m60 s1 2025-07-10,ds,m60s1jul10,5,1808.712537,spike,Dentate Spike,Rain Younger,2026-09-22T13:56:42-04:00,"Aligned to the mean magnitude over 16 channels, ±100 ms, reading v4. 427 stamp(s) moved by -152.7 to 104.5 ms; 97 left where they were. No labels changed.",Shahriar Tafti,adc84ab8c916
PTEN,60,1,PTEN m60 s1 2025-07-10,ds,m60s1jul10,5,1819.559189,spike,Dentate Spike,Rain Younger,2026-09-22T13:56:42-04:00,"Aligned to the mean magnitude over 16 channels, ±100 ms, reading v4. 427 stamp(s) moved by -152.7 to 104.5 ms; 97 left where they were. No labels changed.",Shahriar Tafti,adc84ab8c916
PTEN,60,1,PTEN m60 s1 2025-07-10,ds,m60s1jul10,5,1823.869717,spike,Dentate Spike,Rain Younger,2026-09-22T13:56:42-04:00,"Aligned to the mean magnitude over 16 channels, ±100 ms, reading v4. 427 stamp(s) moved by -152.7 to 104.5 ms; 97 left where they were. No labels changed.",Shahriar Tafti,adc84ab8c916
PTEN,60,1,PTEN m60 s1 2025-07-10,ds,m60s1jul10,5,1825.191135,spike,Dentate Spike,Rain Younger,2026-09-22T13:56:42-04:00,"Aligned to the mean magnitude over 16 channels, ±100 ms, reading v4. 427 stamp(s) moved by -152.7 to 104.5 ms; 97 left where they were. No labels changed.",Shahriar Tafti,adc84ab8c916
PTEN,60,1,PTEN m60 s1 2025-07-10,ds,m60s1jul10,5,1826.205282,spike,Dentate Spike,Rain Younger,2026-09-22T13:56:42-04:00,"Aligned to the mean magnitude over 16 channels, ±100 ms, reading v4. 427 stamp(s) moved by -152.7 to 104.5 ms; 97 left where they were. No labels changed.",Shahriar Tafti,adc84ab8c916
PTEN,60,1,PTEN m60 s1 2025-07-10,ds,m60s1jul10,5,1828.549761,spike,Dentate Spike,Rain Younger,2026-09-22T13:56:42-04:00,"Aligned to the mean magnitude over 16 channels, ±100 ms, reading v4. 427 stamp(s) moved by -152.7 to 104.5 ms; 97 left where they were. No labels changed.",Shahriar Tafti,adc84ab8c916
PTEN,60,1,PTEN m60 s1 2025-07-10,ds,m60s1jul10,5,1829.417511,spike,Dentate Spike,Rain Younger,2026-09-22T13:56:42-04:00,"Aligned to the mean magnitude over 16 channels, ±100 ms, reading v4. 427 stamp(s) moved by -152.7 to 104.5 ms; 97 left where they were. No labels changed.",Shahriar Tafti,adc84ab8c916
PTEN,60,1,PTEN m60 s1 2025-07-10,ds,m60s1jul10,5,1829.576307,spike,Dentate Spike,Rain Younger,2026-09-22T13:56:42-04:00,"Aligned to the mean magnitude over 16 channels, ±100 ms, reading v4. 427 stamp(s) moved by -152.7 to 104.5 ms; 97 left where they were. No labels changed.",Shahriar Tafti,adc84ab8c916
PTEN,60,1,PTEN m60 s1 2025-07-10,ds,m60s1jul10,5,1831.561566,spike,Dentate Spike,Rain Younger,2026-09-22T13:56:42-04:00,"Aligned to the mean magnitude over 16 channels, ±100 ms, reading v4. 427 stamp(s) moved by -152.7 to 104.5 ms; 97 left where they were. No labels changed.",Shahriar Tafti,adc84ab8c916
PTEN,60,1,PTEN m60 s1 2025-07-10,ds,m60s1jul10,5,1832.860049,spike,Dentate Spike,Rain Younger,2026-09-22T13:56:42-04:00,"Aligned to the mean magnitude over 16 channels, ±100 ms, reading v4. 427 stamp(s) moved by -152.7 to 104.5 ms; 97 left where they were. No labels changed.",Shahriar Tafti,adc84ab8c916
PTEN,60,1,PTEN m60 s1 2025-07-10,ds,m60s1jul10,5,1834.509511,spike,Dentate Spike,Rain Younger,2026-09-22T13:56:42-04:00,"Aligned to the mean magnitude over 16 channels, ±100 ms, reading v4. 427 stamp(s) moved by -152.7 to 104.5 ms; 97 left where they were. No labels changed.",Shahriar Tafti,adc84ab8c916
PTEN,60,1,PTEN m60 s1 2025-07-10,ds,m60s1jul10,5,1838.702439,spike,Dentate Spike,Rain Younger,2026-09-22T13:56:42-04:00,"Aligned to the mean magnitude over 16 channels, ±100 ms, reading v4. 427 stamp(s) moved by -152.7 to 104.5 ms; 97 left where they were. No labels changed.",Shahriar Tafti,adc84ab8c916
PTEN,60,1,PTEN m60 s1 2025-07-10,ds,m60s1jul10,5,1838.871084,spike,Dentate Spike,Rain Younger,2026-09-22T13:56:42-04:00,"Aligned to the mean magnitude over 16 channels, ±100 ms, reading v4. 427 stamp(s) moved by -152.7 to 104.5 ms; 97 left where they were. No labels changed.",Shahriar Tafti,adc84ab8c916
PTEN,60,1,PTEN m60 s1 2025-07-10,ds,m60s1jul10,5,1840.357307,spike,Dentate Spike,Rain Younger,2026-09-22T13:56:42-04:00,"Aligned to the mean magnitude over 16 channels, ±100 ms, reading v4. 427 stamp(s) moved by -152.7 to 104.5 ms; 97 left where they were. No labels changed.",Shahriar Tafti,adc84ab8c916
PTEN,60,1,PTEN m60 s1 2025-07-10,ds,m60s1jul10,5,1841.703231,spike,Dentate Spike,Rain Younger,2026-09-22T13:56:42-04:00,"Aligned to the mean magnitude over 16 channels, ±100 ms, reading v4. 427 stamp(s) moved by -152.7 to 104.5 ms; 97 left where they were. No labels changed.",Shahriar Tafti,adc84ab8c916
PTEN,60,1,PTEN m60 s1 2025-07-10,ds,m60s1jul10,5,1842.93141,spike,Dentate Spike,Rain Younger,2026-09-22T13:56:42-04:00,"Aligned to the mean magnitude over 16 channels, ±100 ms, reading v4. 427 stamp(s) moved by -152.7 to 104.5 ms; 97 left where they were. No labels changed.",Shahriar Tafti,adc84ab8c916
PTEN,60,1,PTEN m60 s1 2025-07-10,ds,m60s1jul10,5,1845.175403,spike,Dentate Spike,Rain Younger,2026-09-22T13:56:42-04:00,"Aligned to the mean magnitude over 16 channels, ±100 ms, reading v4. 427 stamp(s) moved by -152.7 to 104.5 ms; 97 left where they were. No labels changed.",Shahriar Tafti,adc84ab8c916
PTEN,60,1,PTEN m60 s1 2025-07-10,ds,m60s1jul10,5,1848.97885,spike,Dentate Spike,Rain Younger,2026-09-22T13:56:42-04:00,"Aligned to the mean magnitude over 16 channels, ±100 ms, reading v4. 427 stamp(s) moved by -152.7 to 104.5 ms; 97 left where they were. No labels changed.",Shahriar Tafti,adc84ab8c916
PTEN,60,1,PTEN m60 s1 2025-07-10,ds,m60s1jul10,5,1849.238368,spike,Dentate Spike,Rain Younger,2026-09-22T13:56:42-04:00,"Aligned to the mean magnitude over 16 channels, ±100 ms, reading v4. 427 stamp(s) moved by -152.7 to 104.5 ms; 97 left where they were. No labels changed.",Shahriar Tafti,adc84ab8c916
PTEN,60,1,PTEN m60 s1 2025-07-10,ds,m60s1jul10,5,1853.696401,spike,Dentate Spike,Rain Younger,2026-09-22T13:56:42-04:00,"Aligned to the mean magnitude over 16 channels, ±100 ms, reading v4. 427 stamp(s) moved by -152.7 to 104.5 ms; 97 left where they were. No labels changed.",Shahriar Tafti,adc84ab8c916
PTEN,60,1,PTEN m60 s1 2025-07-10,ds,m60s1jul10,5,1853.819966,spike,Dentate Spike,Rain Younger,2026-09-22T13:56:42-04:00,"Aligned to the mean magnitude over 16 channels, ±100 ms, reading v4. 427 stamp(s) moved by -152.7 to 104.5 ms; 97 left where they were. No labels changed.",Shahriar Tafti,adc84ab8c916
PTEN,60,1,PTEN m60 s1 2025-07-10,ds,m60s1jul10,5,1858.103817,spike,Dentate Spike,Rain Younger,2026-09-22T13:56:42-04:00,"Aligned to the mean magnitude over 16 channels, ±100 ms, reading v4. 427 stamp(s) moved by -152.7 to 104.5 ms; 97 left where they were. No labels changed.",Shahriar Tafti,adc84ab8c916
PTEN,60,1,PTEN m60 s1 2025-07-10,ds,m60s1jul10,5,1858.343413,spike,Dentate Spike,Rain Younger,2026-09-22T13:56:42-04:00,"Aligned to the mean magnitude over 16 channels, ±100 ms, reading v4. 427 stamp(s) moved by -152.7 to 104.5 ms; 97 left where they were. No labels changed.",Shahriar Tafti,adc84ab8c916
PTEN,60,1,PTEN m60 s1 2025-07-10,ds,m60s1jul10,5,1861.994044,spike,Dentate Spike,Rain Younger,2026-09-22T13:56:42-04:00,"Aligned to the mean magnitude over 16 channels, ±100 ms, reading v4. 427 stamp(s) moved by -152.7 to 104.5 ms; 97 left where they were. No labels changed.",Shahriar Tafti,adc84ab8c916
PTEN,60,1,PTEN m60 s1 2025-07-10,ds,m60s1jul10,5,1862.720561,spike,Dentate Spike,Rain Younger,2026-09-22T13:56:42-04:00,"Aligned to the mean magnitude over 16 channels, ±100 ms, reading v4. 427 stamp(s) moved by -152.7 to 104.5 ms; 97 left where they were. No labels changed.",Shahriar Tafti,adc84ab8c916
PTEN,60,1,PTEN m60 s1 2025-07-10,ds,m60s1jul10,5,1862.812771,spike,Dentate Spike,Rain Younger,2026-09-22T13:56:42-04:00,"Aligned to the mean magnitude over 16 channels, ±100 ms, reading v4. 427 stamp(s) moved by -152.7 to 104.5 ms; 97 left where they were. No labels changed.",Shahriar Tafti,adc84ab8c916
PTEN,60,1,PTEN m60 s1 2025-07-10,ds,m60s1jul10,5,1867.25509,spike,Dentate Spike,Rain Younger,2026-09-22T13:56:42-04:00,"Aligned to the mean magnitude over 16 channels, ±100 ms, reading v4. 427 stamp(s) moved by -152.7 to 104.5 ms; 97 left where they were. No labels changed.",Shahriar Tafti,adc84ab8c916
PTEN,60,1,PTEN m60 s1 2025-07-10,ds,m60s1jul10,5,1868.844846,spike,Dentate Spike,Rain Younger,2026-09-22T13:56:42-04:00,"Aligned to the mean magnitude over 16 channels, ±100 ms, reading v4. 427 stamp(s) moved by -152.7 to 104.5 ms; 97 left where they were. No labels changed.",Shahriar Tafti,adc84ab8c916
PTEN,60,1,PTEN m60 s1 2025-07-10,ds,m60s1jul10,5,1872.507969,spike,Dentate Spike,Rain Younger,2026-09-22T13:56:42-04:00,"Aligned to the mean magnitude over 16 channels, ±100 ms, reading v4. 427 stamp(s) moved by -152.7 to 104.5 ms; 97 left where they were. No labels changed.",Shahriar Tafti,adc84ab8c916
PTEN,60,1,PTEN m60 s1 2025-07-10,ds,m60s1jul10,5,1873.213757,spike,Dentate Spike,Rain Younger,2026-09-22T13:56:42-04:00,"Aligned to the mean magnitude over 16 channels, ±100 ms, reading v4. 427 stamp(s) moved by -152.7 to 104.5 ms; 97 left where they were. No labels changed.",Shahriar Tafti,adc84ab8c916
PTEN,60,1,PTEN m60 s1 2025-07-10,ds,m60s1jul10,5,1873.779689,spike,Dentate Spike,Rain Younger,2026-09-22T13:56:42-04:00,"Aligned to the mean magnitude over 16 channels, ±100 ms, reading v4. 427 stamp(s) moved by -152.7 to 104.5 ms; 97 left where they were. No labels changed.",Shahriar Tafti,adc84ab8c916
PTEN,60,1,PTEN m60 s1 2025-07-10,ds,m60s1jul10,5,1877.687824,spike,Dentate Spike,Rain Younger,2026-09-22T13:56:42-04:00,"Aligned to the mean magnitude over 16 channels, ±100 ms, reading v4. 427 stamp(s) moved by -152.7 to 104.5 ms; 97 left where they were. No labels changed.",Shahriar Tafti,adc84ab8c916
PTEN,60,1,PTEN m60 s1 2025-07-10,ds,m60s1jul10,5,1878.190456,spike,Dentate Spike,Rain Younger,2026-09-22T13:56:42-04:00,"Aligned to the mean magnitude over 16 channels, ±100 ms, reading v4. 427 stamp(s) moved by -152.7 to 104.5 ms; 97 left where they were. No labels changed.",Shahriar Tafti,adc84ab8c916
PTEN,60,1,PTEN m60 s1 2025-07-10,ds,m60s1jul10,5,1878.995293,spike,Dentate Spike,Rain Younger,2026-09-22T13:56:42-04:00,"Aligned to the mean magnitude over 16 channels, ±100 ms, reading v4. 427 stamp(s) moved by -152.7 to 104.5 ms; 97 left where they were. No labels changed.",Shahriar Tafti,adc84ab8c916
PTEN,60,1,PTEN m60 s1 2025-07-10,ds,m60s1jul10,5,1880.217513,spike,Dentate Spike,Rain Younger,2026-09-22T13:56:42-04:00,"Aligned to the mean magnitude over 16 channels, ±100 ms, reading v4. 427 stamp(s) moved by -152.7 to 104.5 ms; 97 left where they were. No labels changed.",Shahriar Tafti,adc84ab8c916
PTEN,60,1,PTEN m60 s1 2025-07-10,ds,m60s1jul10,5,1883.996866,spike,Dentate Spike,Rain Younger,2026-09-22T13:56:42-04:00,"Aligned to the mean magnitude over 16 channels, ±100 ms, reading v4. 427 stamp(s) moved by -152.7 to 104.5 ms; 97 left where they were. No labels changed.",Shahriar Tafti,adc84ab8c916
PTEN,60,1,PTEN m60 s1 2025-07-10,ds,m60s1jul10,5,1884.316539,spike,Dentate Spike,Rain Younger,2026-09-22T13:56:42-04:00,"Aligned to the mean magnitude over 16 channels, ±100 ms, reading v4. 427 stamp(s) moved by -152.7 to 104.5 ms; 97 left where they were. No labels changed.",Shahriar Tafti,adc84ab8c916
PTEN,60,1,PTEN m60 s1 2025-07-10,ds,m60s1jul10,5,1887.316377,spike,Dentate Spike,Rain Younger,2026-09-22T13:56:42-04:00,"Aligned to the mean magnitude over 16 channels, ±100 ms, reading v4. 427 stamp(s) moved by -152.7 to 104.5 ms; 97 left where they were. No labels changed.",Shahriar Tafti,adc84ab8c916
PTEN,60,1,PTEN m60 s1 2025-07-10,ds,m60s1jul10,5,1887.612538,spike,Dentate Spike,Rain Younger,2026-09-22T13:56:42-04:00,"Aligned to the mean magnitude over 16 channels, ±100 ms, reading v4. 427 stamp(s) moved by -152.7 to 104.5 ms; 97 left where they were. No labels changed.",Shahriar Tafti,adc84ab8c916
PTEN,60,1,PTEN m60 s1 2025-07-10,ds,m60s1jul10,5,1887.737658,spike,Dentate Spike,Rain Younger,2026-09-22T13:56:42-04:00,"Aligned to the mean magnitude over 16 channels, ±100 ms, reading v4. 427 stamp(s) moved by -152.7 to 104.5 ms; 97 left where they were. No labels changed.",Shahriar Tafti,adc84ab8c916
PTEN,60,1,PTEN m60 s1 2025-07-10,ds,m60s1jul10,5,1887.960558,spike,Dentate Spike,Rain Younger,2026-09-22T13:56:42-04:00,"Aligned to the mean magnitude over 16 channels, ±100 ms, reading v4. 427 stamp(s) moved by -152.7 to 104.5 ms; 97 left where they were. No labels changed.",Shahriar Tafti,adc84ab8c916
PTEN,60,1,PTEN m60 s1 2025-07-10,ds,m60s1jul10,5,1888.10161,spike,Dentate Spike,Rain Younger,2026-09-22T13:56:42-04:00,"Aligned to the mean magnitude over 16 channels, ±100 ms, reading v4. 427 stamp(s) moved by -152.7 to 104.5 ms; 97 left where they were. No labels changed.",Shahriar Tafti,adc84ab8c916
PTEN,60,1,PTEN m60 s1 2025-07-10,ds,m60s1jul10,5,1890.122065,spike,Dentate Spike,Rain Younger,2026-09-22T13:56:42-04:00,"Aligned to the mean magnitude over 16 channels, ±100 ms, reading v4. 427 stamp(s) moved by -152.7 to 104.5 ms; 97 left where they were. No labels changed.",Shahriar Tafti,adc84ab8c916
PTEN,60,1,PTEN m60 s1 2025-07-10,ds,m60s1jul10,5,1891.080197,spike,Dentate Spike,Rain Younger,2026-09-22T13:56:42-04:00,"Aligned to the mean magnitude over 16 channels, ±100 ms, reading v4. 427 stamp(s) moved by -152.7 to 104.5 ms; 97 left where they were. No labels changed.",Shahriar Tafti,adc84ab8c916
PTEN,60,1,PTEN m60 s1 2025-07-10,ds,m60s1jul10,5,1893.025587,spike,Dentate Spike,Rain Younger,2026-09-22T13:56:42-04:00,"Aligned to the mean magnitude over 16 channels, ±100 ms, reading v4. 427 stamp(s) moved by -152.7 to 104.5 ms; 97 left where they were. No labels changed.",Shahriar Tafti,adc84ab8c916
PTEN,60,1,PTEN m60 s1 2025-07-10,ds,m60s1jul10,5,1897.950643,spike,Dentate Spike,Rain Younger,2026-09-22T13:56:42-04:00,"Aligned to the mean magnitude over 16 channels, ±100 ms, reading v4. 427 stamp(s) moved by -152.7 to 104.5 ms; 97 left where they were. No labels changed.",Shahriar Tafti,adc84ab8c916
PTEN,60,1,PTEN m60 s1 2025-07-10,ds,m60s1jul10,5,1898.339341,spike,Dentate Spike,Rain Younger,2026-09-22T13:56:42-04:00,"Aligned to the mean magnitude over 16 channels, ±100 ms, reading v4. 427 stamp(s) moved by -152.7 to 104.5 ms; 97 left where they were. No labels changed.",Shahriar Tafti,adc84ab8c916
PTEN,60,1,PTEN m60 s1 2025-07-10,ds,m60s1jul10,5,1901.336019,spike,Dentate Spike,Rain Younger,2026-09-22T13:56:42-04:00,"Aligned to the mean magnitude over 16 channels, ±100 ms, reading v4. 427 stamp(s) moved by -152.7 to 104.5 ms; 97 left where they were. No labels changed.",Shahriar Tafti,adc84ab8c916
PTEN,60,1,PTEN m60 s1 2025-07-10,ds,m60s1jul10,5,1906.344511,spike,Dentate Spike,Rain Younger,2026-09-22T13:56:42-04:00,"Aligned to the mean magnitude over 16 channels, ±100 ms, reading v4. 427 stamp(s) moved by -152.7 to 104.5 ms; 97 left where they were. No labels changed.",Shahriar Tafti,adc84ab8c916
PTEN,60,1,PTEN m60 s1 2025-07-10,ds,m60s1jul10,5,1907.660003,spike,Dentate Spike,Rain Younger,2026-09-22T13:56:42-04:00,"Aligned to the mean magnitude over 16 channels, ±100 ms, reading v4. 427 stamp(s) moved by -152.7 to 104.5 ms; 97 left where they were. No labels changed.",Shahriar Tafti,adc84ab8c916
PTEN,60,1,PTEN m60 s1 2025-07-10,ds,m60s1jul10,5,1909.292436,spike,Dentate Spike,Rain Younger,2026-09-22T13:56:42-04:00,"Aligned to the mean magnitude over 16 channels, ±100 ms, reading v4. 427 stamp(s) moved by -152.7 to 104.5 ms; 97 left where they were. No labels changed.",Shahriar Tafti,adc84ab8c916
PTEN,60,1,PTEN m60 s1 2025-07-10,ds,m60s1jul10,5,1909.751842,spike,Dentate Spike,Rain Younger,2026-09-22T13:56:42-04:00,"Aligned to the mean magnitude over 16 channels, ±100 ms, reading v4. 427 stamp(s) moved by -152.7 to 104.5 ms; 97 left where they were. No labels changed.",Shahriar Tafti,adc84ab8c916
PTEN,60,1,PTEN m60 s1 2025-07-10,ds,m60s1jul10,5,1912.847227,spike,Dentate Spike,Rain Younger,2026-09-22T13:56:42-04:00,"Aligned to the mean magnitude over 16 channels, ±100 ms, reading v4. 427 stamp(s) moved by -152.7 to 104.5 ms; 97 left where they were. No labels changed.",Shahriar Tafti,adc84ab8c916
PTEN,60,1,PTEN m60 s1 2025-07-10,ds,m60s1jul10,5,1912.976356,spike,Dentate Spike,Rain Younger,2026-09-22T13:56:42-04:00,"Aligned to the mean magnitude over 16 channels, ±100 ms, reading v4. 427 stamp(s) moved by -152.7 to 104.5 ms; 97 left where they were. No labels changed.",Shahriar Tafti,adc84ab8c916
PTEN,60,1,PTEN m60 s1 2025-07-10,ds,m60s1jul10,5,1913.513608,spike,Dentate Spike,Rain Younger,2026-09-22T13:56:42-04:00,"Aligned to the mean magnitude over 16 channels, ±100 ms, reading v4. 427 stamp(s) moved by -152.7 to 104.5 ms; 97 left where they were. No labels changed.",Shahriar Tafti,adc84ab8c916
PTEN,60,1,PTEN m60 s1 2025-07-10,ds,m60s1jul10,5,1916.290093,spike,Dentate Spike,Rain Younger,2026-09-22T13:56:42-04:00,"Aligned to the mean magnitude over 16 channels, ±100 ms, reading v4. 427 stamp(s) moved by -152.7 to 104.5 ms; 97 left where they were. No labels changed.",Shahriar Tafti,adc84ab8c916
PTEN,60,1,PTEN m60 s1 2025-07-10,ds,m60s1jul10,5,1917.817489,spike,Dentate Spike,Rain Younger,2026-09-22T13:56:42-04:00,"Aligned to the mean magnitude over 16 channels, ±100 ms, reading v4. 427 stamp(s) moved by -152.7 to 104.5 ms; 97 left where they were. No labels changed.",Shahriar Tafti,adc84ab8c916
PTEN,60,1,PTEN m60 s1 2025-07-10,ds,m60s1jul10,5,1920.730389,spike,Dentate Spike,Rain Younger,2026-09-22T13:56:42-04:00,"Aligned to the mean magnitude over 16 channels, ±100 ms, reading v4. 427 stamp(s) moved by -152.7 to 104.5 ms; 97 left where they were. No labels changed.",Shahriar Tafti,adc84ab8c916
PTEN,60,1,PTEN m60 s1 2025-07-10,ds,m60s1jul10,5,1921.939316,spike,Dentate Spike,Rain Younger,2026-09-22T13:56:42-04:00,"Aligned to the mean magnitude over 16 channels, ±100 ms, reading v4. 427 stamp(s) moved by -152.7 to 104.5 ms; 97 left where they were. No labels changed.",Shahriar Tafti,adc84ab8c916
PTEN,60,1,PTEN m60 s1 2025-07-10,ds,m60s1jul10,5,1924.186646,spike,Dentate Spike,Rain Younger,2026-09-22T13:56:42-04:00,"Aligned to the mean magnitude over 16 channels, ±100 ms, reading v4. 427 stamp(s) moved by -152.7 to 104.5 ms; 97 left where they were. No labels changed.",Shahriar Tafti,adc84ab8c916
PTEN,60,1,PTEN m60 s1 2025-07-10,ds,m60s1jul10,5,1924.734754,spike,Dentate Spike,Rain Younger,2026-09-22T13:56:42-04:00,"Aligned to the mean magnitude over 16 channels, ±100 ms, reading v4. 427 stamp(s) moved by -152.7 to 104.5 ms; 97 left where they were. No labels changed.",Shahriar Tafti,adc84ab8c916
PTEN,60,1,PTEN m60 s1 2025-07-10,ds,m60s1jul10,5,1925.468043,spike,Dentate Spike,Rain Younger,2026-09-22T13:56:42-04:00,"Aligned to the mean magnitude over 16 channels, ±100 ms, reading v4. 427 stamp(s) moved by -152.7 to 104.5 ms; 97 left where they were. No labels changed.",Shahriar Tafti,adc84ab8c916
PTEN,60,1,PTEN m60 s1 2025-07-10,ds,m60s1jul10,5,1925.779195,spike,Dentate Spike,Rain Younger,2026-09-22T13:56:42-04:00,"Aligned to the mean magnitude over 16 channels, ±100 ms, reading v4. 427 stamp(s) moved by -152.7 to 104.5 ms; 97 left where they were. No labels changed.",Shahriar Tafti,adc84ab8c916
PTEN,60,1,PTEN m60 s1 2025-07-10,ds,m60s1jul10,5,1925.938425,spike,Dentate Spike,Rain Younger,2026-09-22T13:56:42-04:00,"Aligned to the mean magnitude over 16 channels, ±100 ms, reading v4. 427 stamp(s) moved by -152.7 to 104.5 ms; 97 left where they were. No labels changed.",Shahriar Tafti,adc84ab8c916
PTEN,60,1,PTEN m60 s1 2025-07-10,ds,m60s1jul10,5,1929.610818,spike,Dentate Spike,Rain Younger,2026-09-22T13:56:42-04:00,"Aligned to the mean magnitude over 16 channels, ±100 ms, reading v4. 427 stamp(s) moved by -152.7 to 104.5 ms; 97 left where they were. No labels changed.",Shahriar Tafti,adc84ab8c916
PTEN,60,1,PTEN m60 s1 2025-07-10,ds,m60s1jul10,5,1934.959274,spike,Dentate Spike,Rain Younger,2026-09-22T13:56:42-04:00,"Aligned to the mean magnitude over 16 channels, ±100 ms, reading v4. 427 stamp(s) moved by -152.7 to 104.5 ms; 97 left where they were. No labels changed.",Shahriar Tafti,adc84ab8c916
PTEN,60,1,PTEN m60 s1 2025-07-10,ds,m60s1jul10,5,1935.114857,spike,Dentate Spike,Rain Younger,2026-09-22T13:56:42-04:00,"Aligned to the mean magnitude over 16 channels, ±100 ms, reading v4. 427 stamp(s) moved by -152.7 to 104.5 ms; 97 left where they were. No labels changed.",Shahriar Tafti,adc84ab8c916
PTEN,60,1,PTEN m60 s1 2025-07-10,ds,m60s1jul10,5,1937.140352,spike,Dentate Spike,Rain Younger,2026-09-22T13:56:42-04:00,"Aligned to the mean magnitude over 16 channels, ±100 ms, reading v4. 427 stamp(s) moved by -152.7 to 104.5 ms; 97 left where they were. No labels changed.",Shahriar Tafti,adc84ab8c916
PTEN,60,1,PTEN m60 s1 2025-07-10,ds,m60s1jul10,5,1939.762511,spike,Dentate Spike,Rain Younger,2026-09-22T13:56:42-04:00,"Aligned to the mean magnitude over 16 channels, ±100 ms, reading v4. 427 stamp(s) moved by -152.7 to 104.5 ms; 97 left where they were. No labels changed.",Shahriar Tafti,adc84ab8c916
PTEN,60,1,PTEN m60 s1 2025-07-10,ds,m60s1jul10,5,1942.888621,spike,Dentate Spike,Rain Younger,2026-09-22T13:56:42-04:00,"Aligned to the mean magnitude over 16 channels, ±100 ms, reading v4. 427 stamp(s) moved by -152.7 to 104.5 ms; 97 left where they were. No labels changed.",Shahriar Tafti,adc84ab8c916
PTEN,60,1,PTEN m60 s1 2025-07-10,ds,m60s1jul10,5,1946.487846,spike,Dentate Spike,Rain Younger,2026-09-22T13:56:42-04:00,"Aligned to the mean magnitude over 16 channels, ±100 ms, reading v4. 427 stamp(s) moved by -152.7 to 104.5 ms; 97 left where they were. No labels changed.",Shahriar Tafti,adc84ab8c916
PTEN,60,1,PTEN m60 s1 2025-07-10,ds,m60s1jul10,5,1946.607438,spike,Dentate Spike,Rain Younger,2026-09-22T13:56:42-04:00,"Aligned to the mean magnitude over 16 channels, ±100 ms, reading v4. 427 stamp(s) moved by -152.7 to 104.5 ms; 97 left where they were. No labels changed.",Shahriar Tafti,adc84ab8c916
PTEN,60,1,PTEN m60 s1 2025-07-10,ds,m60s1jul10,5,1947.544087,spike,Dentate Spike,Rain Younger,2026-09-22T13:56:42-04:00,"Aligned to the mean magnitude over 16 channels, ±100 ms, reading v4. 427 stamp(s) moved by -152.7 to 104.5 ms; 97 left where they were. No labels changed.",Shahriar Tafti,adc84ab8c916
PTEN,60,1,PTEN m60 s1 2025-07-10,ds,m60s1jul10,5,1947.544521,spike,Dentate Spike,Rain Younger,2026-09-22T13:56:42-04:00,"Aligned to the mean magnitude over 16 channels, ±100 ms, reading v4. 427 stamp(s) moved by -152.7 to 104.5 ms; 97 left where they were. No labels changed.",Shahriar Tafti,adc84ab8c916
PTEN,60,1,PTEN m60 s1 2025-07-10,ds,m60s1jul10,5,1948.472711,spike,Dentate Spike,Rain Younger,2026-09-22T13:56:42-04:00,"Aligned to the mean magnitude over 16 channels, ±100 ms, reading v4. 427 stamp(s) moved by -152.7 to 104.5 ms; 97 left where they were. No labels changed.",Shahriar Tafti,adc84ab8c916
PTEN,60,1,PTEN m60 s1 2025-07-10,ds,m60s1jul10,5,1950.861444,spike,Dentate Spike,Rain Younger,2026-09-22T13:56:42-04:00,"Aligned to the mean magnitude over 16 channels, ±100 ms, reading v4. 427 stamp(s) moved by -152.7 to 104.5 ms; 97 left where they were. No labels changed.",Shahriar Tafti,adc84ab8c916
PTEN,60,1,PTEN m60 s1 2025-07-10,ds,m60s1jul10,5,1953.230299,spike,Dentate Spike,Rain Younger,2026-09-22T13:56:42-04:00,"Aligned to the mean magnitude over 16 channels, ±100 ms, reading v4. 427 stamp(s) moved by -152.7 to 104.5 ms; 97 left where they were. No labels changed.",Shahriar Tafti,adc84ab8c916
PTEN,60,1,PTEN m60 s1 2025-07-10,ds,m60s1jul10,5,1953.674151,spike,Dentate Spike,Rain Younger,2026-09-22T13:56:42-04:00,"Aligned to the mean magnitude over 16 channels, ±100 ms, reading v4. 427 stamp(s) moved by -152.7 to 104.5 ms; 97 left where they were. No labels changed.",Shahriar Tafti,adc84ab8c916
PTEN,60,1,PTEN m60 s1 2025-07-10,ds,m60s1jul10,5,1954.501029,spike,Dentate Spike,Rain Younger,2026-09-22T13:56:42-04:00,"Aligned to the mean magnitude over 16 channels, ±100 ms, reading v4. 427 stamp(s) moved by -152.7 to 104.5 ms; 97 left where they were. No labels changed.",Shahriar Tafti,adc84ab8c916
PTEN,60,1,PTEN m60 s1 2025-07-10,ds,m60s1jul10,5,1955.309996,spike,Dentate Spike,Rain Younger,2026-09-22T13:56:42-04:00,"Aligned to the mean magnitude over 16 channels, ±100 ms, reading v4. 427 stamp(s) moved by -152.7 to 104.5 ms; 97 left where they were. No labels changed.",Shahriar Tafti,adc84ab8c916
PTEN,60,1,PTEN m60 s1 2025-07-10,ds,m60s1jul10,5,1959.685338,spike,Dentate Spike,Rain Younger,2026-09-22T13:56:42-04:00,"Aligned to the mean magnitude over 16 channels, ±100 ms, reading v4. 427 stamp(s) moved by -152.7 to 104.5 ms; 97 left where they were. No labels changed.",Shahriar Tafti,adc84ab8c916
PTEN,60,1,PTEN m60 s1 2025-07-10,ds,m60s1jul10,5,1963.437865,spike,Dentate Spike,Rain Younger,2026-09-22T13:56:42-04:00,"Aligned to the mean magnitude over 16 channels, ±100 ms, reading v4. 427 stamp(s) moved by -152.7 to 104.5 ms; 97 left where they were. No labels changed.",Shahriar Tafti,adc84ab8c916
PTEN,60,1,PTEN m60 s1 2025-07-10,ds,m60s1jul10,5,1971.744576,spike,Dentate Spike,Rain Younger,2026-09-22T13:56:42-04:00,"Aligned to the mean magnitude over 16 channels, ±100 ms, reading v4. 427 stamp(s) moved by -152.7 to 104.5 ms; 97 left where they were. No labels changed.",Shahriar Tafti,adc84ab8c916
PTEN,60,1,PTEN m60 s1 2025-07-10,ds,m60s1jul10,5,1973.864236,spike,Dentate Spike,Rain Younger,2026-09-22T13:56:42-04:00,"Aligned to the mean magnitude over 16 channels, ±100 ms, reading v4. 427 stamp(s) moved by -152.7 to 104.5 ms; 97 left where they were. No labels changed.",Shahriar Tafti,adc84ab8c916
PTEN,60,1,PTEN m60 s1 2025-07-10,ds,m60s1jul10,5,1974.96472,spike,Dentate Spike,Rain Younger,2026-09-22T13:56:42-04:00,"Aligned to the mean magnitude over 16 channels, ±100 ms, reading v4. 427 stamp(s) moved by -152.7 to 104.5 ms; 97 left where they were. No labels changed.",Shahriar Tafti,adc84ab8c916
PTEN,60,1,PTEN m60 s1 2025-07-10,ds,m60s1jul10,5,1975.19699,spike,Dentate Spike,Rain Younger,2026-09-22T13:56:42-04:00,"Aligned to the mean magnitude over 16 channels, ±100 ms, reading v4. 427 stamp(s) moved by -152.7 to 104.5 ms; 97 left where they were. No labels changed.",Shahriar Tafti,adc84ab8c916
PTEN,60,1,PTEN m60 s1 2025-07-10,ds,m60s1jul10,5,1977.139706,spike,Dentate Spike,Rain Younger,2026-09-22T13:56:42-04:00,"Aligned to the mean magnitude over 16 channels, ±100 ms, reading v4. 427 stamp(s) moved by -152.7 to 104.5 ms; 97 left where they were. No labels changed.",Shahriar Tafti,adc84ab8c916
PTEN,60,1,PTEN m60 s1 2025-07-10,ds,m60s1jul10,5,1980.770323,spike,Dentate Spike,Rain Younger,2026-09-22T13:56:42-04:00,"Aligned to the mean magnitude over 16 channels, ±100 ms, reading v4. 427 stamp(s) moved by -152.7 to 104.5 ms; 97 left where they were. No labels changed.",Shahriar Tafti,adc84ab8c916
PTEN,60,1,PTEN m60 s1 2025-07-10,ds,m60s1jul10,5,1986.92481,spike,Dentate Spike,Rain Younger,2026-09-22T13:56:42-04:00,"Aligned to the mean magnitude over 16 channels, ±100 ms, reading v4. 427 stamp(s) moved by -152.7 to 104.5 ms; 97 left where they were. No labels changed.",Shahriar Tafti,adc84ab8c916
PTEN,60,1,PTEN m60 s1 2025-07-10,ds,m60s1jul10,5,1992.214775,spike,Dentate Spike,Rain Younger,2026-09-22T13:56:42-04:00,"Aligned to the mean magnitude over 16 channels, ±100 ms, reading v4. 427 stamp(s) moved by -152.7 to 104.5 ms; 97 left where they were. No labels changed.",Shahriar Tafti,adc84ab8c916
PTEN,60,1,PTEN m60 s1 2025-07-10,ds,m60s1jul10,5,1992.368215,spike,Dentate Spike,Rain Younger,2026-09-22T13:56:42-04:00,"Aligned to the mean magnitude over 16 channels, ±100 ms, reading v4. 427 stamp(s) moved by -152.7 to 104.5 ms; 97 left where they were. No labels changed.",Shahriar Tafti,adc84ab8c916
PTEN,60,1,PTEN m60 s1 2025-07-10,ds,m60s1jul10,5,1994.343187,spike,Dentate Spike,Rain Younger,2026-09-22T13:56:42-04:00,"Aligned to the mean magnitude over 16 channels, ±100 ms, reading v4. 427 stamp(s) moved by -152.7 to 104.5 ms; 97 left where they were. No labels changed.",Shahriar Tafti,adc84ab8c916
PTEN,60,1,PTEN m60 s1 2025-07-10,ds,m60s1jul10,5,1998.570901,spike,Dentate Spike,Rain Younger,2026-09-22T13:56:42-04:00,"Aligned to the mean magnitude over 16 channels, ±100 ms, reading v4. 427 stamp(s) moved by -152.7 to 104.5 ms; 97 left where they were. No labels changed.",Shahriar Tafti,adc84ab8c916
PTEN,60,1,PTEN m60 s1 2025-07-10,ds,m60s1jul10,5,1999.066625,spike,Dentate Spike,Rain Younger,2026-09-22T13:56:42-04:00,"Aligned to the mean magnitude over 16 channels, ±100 ms, reading v4. 427 stamp(s) moved by -152.7 to 104.5 ms; 97 left where they were. No labels changed.",Shahriar Tafti,adc84ab8c916
PTEN,60,1,PTEN m60 s1 2025-07-10,ds,m60s1jul10,5,2001.21315,spike,Dentate Spike,Rain Younger,2026-09-22T13:56:42-04:00,"Aligned to the mean magnitude over 16 channels, ±100 ms, reading v4. 427 stamp(s) moved by -152.7 to 104.5 ms; 97 left where they were. No labels changed.",Shahriar Tafti,adc84ab8c916
PTEN,60,1,PTEN m60 s1 2025-07-10,ds,m60s1jul10,5,2003.938169,spike,Dentate Spike,Rain Younger,2026-09-22T13:56:42-04:00,"Aligned to the mean magnitude over 16 channels, ±100 ms, reading v4. 427 stamp(s) moved by -152.7 to 104.5 ms; 97 left where they were. No labels changed.",Shahriar Tafti,adc84ab8c916
PTEN,60,1,PTEN m60 s1 2025-07-10,ds,m60s1jul10,5,2006.953027,spike,Dentate Spike,Rain Younger,2026-09-22T13:56:42-04:00,"Aligned to the mean magnitude over 16 channels, ±100 ms, reading v4. 427 stamp(s) moved by -152.7 to 104.5 ms; 97 left where they were. No labels changed.",Shahriar Tafti,adc84ab8c916
PTEN,60,1,PTEN m60 s1 2025-07-10,ds,m60s1jul10,5,2008.568728,spike,Dentate Spike,Rain Younger,2026-09-22T13:56:42-04:00,"Aligned to the mean magnitude over 16 channels, ±100 ms, reading v4. 427 stamp(s) moved by -152.7 to 104.5 ms; 97 left where they were. No labels changed.",Shahriar Tafti,adc84ab8c916
PTEN,60,1,PTEN m60 s1 2025-07-10,ds,m60s1jul10,5,2009.265788,spike,Dentate Spike,Rain Younger,2026-09-22T13:56:42-04:00,"Aligned to the mean magnitude over 16 channels, ±100 ms, reading v4. 427 stamp(s) moved by -152.7 to 104.5 ms; 97 left where they were. No labels changed.",Shahriar Tafti,adc84ab8c916
PTEN,60,1,PTEN m60 s1 2025-07-10,ds,m60s1jul10,5,2009.471752,spike,Dentate Spike,Rain Younger,2026-09-22T13:56:42-04:00,"Aligned to the mean magnitude over 16 channels, ±100 ms, reading v4. 427 stamp(s) moved by -152.7 to 104.5 ms; 97 left where they were. No labels changed.",Shahriar Tafti,adc84ab8c916
PTEN,60,1,PTEN m60 s1 2025-07-10,ds,m60s1jul10,5,2013.229713,spike,Dentate Spike,Rain Younger,2026-09-22T13:56:42-04:00,"Aligned to the mean magnitude over 16 channels, ±100 ms, reading v4. 427 stamp(s) moved by -152.7 to 104.5 ms; 97 left where they were. No labels changed.",Shahriar Tafti,adc84ab8c916
PTEN,60,1,PTEN m60 s1 2025-07-10,ds,m60s1jul10,5,2014.496707,spike,Dentate Spike,Rain Younger,2026-09-22T13:56:42-04:00,"Aligned to the mean magnitude over 16 channels, ±100 ms, reading v4. 427 stamp(s) moved by -152.7 to 104.5 ms; 97 left where they were. No labels changed.",Shahriar Tafti,adc84ab8c916
PTEN,60,1,PTEN m60 s1 2025-07-10,ds,m60s1jul10,5,2014.679792,spike,Dentate Spike,Rain Younger,2026-09-22T13:56:42-04:00,"Aligned to the mean magnitude over 16 channels, ±100 ms, reading v4. 427 stamp(s) moved by -152.7 to 104.5 ms; 97 left where they were. No labels changed.",Shahriar Tafti,adc84ab8c916
PTEN,60,1,PTEN m60 s1 2025-07-10,ds,m60s1jul10,5,2016.164607,spike,Dentate Spike,Rain Younger,2026-09-22T13:56:42-04:00,"Aligned to the mean magnitude over 16 channels, ±100 ms, reading v4. 427 stamp(s) moved by -152.7 to 104.5 ms; 97 left where they were. No labels changed.",Shahriar Tafti,adc84ab8c916
PTEN,60,1,PTEN m60 s1 2025-07-10,ds,m60s1jul10,5,2016.314535,spike,Dentate Spike,Rain Younger,2026-09-22T13:56:42-04:00,"Aligned to the mean magnitude over 16 channels, ±100 ms, reading v4. 427 stamp(s) moved by -152.7 to 104.5 ms; 97 left where they were. No labels changed.",Shahriar Tafti,adc84ab8c916
PTEN,60,1,PTEN m60 s1 2025-07-10,ds,m60s1jul10,5,2023.207477,spike,Dentate Spike,Rain Younger,2026-09-22T13:56:42-04:00,"Aligned to the mean magnitude over 16 channels, ±100 ms, reading v4. 427 stamp(s) moved by -152.7 to 104.5 ms; 97 left where they were. No labels changed.",Shahriar Tafti,adc84ab8c916
PTEN,60,1,PTEN m60 s1 2025-07-10,ds,m60s1jul10,5,2026.384477,spike,Dentate Spike,Rain Younger,2026-09-22T13:56:42-04:00,"Aligned to the mean magnitude over 16 channels, ±100 ms, reading v4. 427 stamp(s) moved by -152.7 to 104.5 ms; 97 left where they were. No labels changed.",Shahriar Tafti,adc84ab8c916
PTEN,60,1,PTEN m60 s1 2025-07-10,ds,m60s1jul10,5,2026.629477,spike,Dentate Spike,Rain Younger,2026-09-22T13:56:42-04:00,"Aligned to the mean magnitude over 16 channels, ±100 ms, reading v4. 427 stamp(s) moved by -152.7 to 104.5 ms; 97 left where they were. No labels changed.",Shahriar Tafti,adc84ab8c916
PTEN,60,1,PTEN m60 s1 2025-07-10,ds,m60s1jul10,5,2029.241477,spike,Dentate Spike,Rain Younger,2026-09-22T13:56:42-04:00,"Aligned to the mean magnitude over 16 channels, ±100 ms, reading v4. 427 stamp(s) moved by -152.7 to 104.5 ms; 97 left where they were. No labels changed.",Shahriar Tafti,adc84ab8c916
PTEN,60,1,PTEN m60 s1 2025-07-10,ds,m60s1jul10,5,2030.663477,spike,Dentate Spike,Rain Younger,2026-09-22T13:56:42-04:00,"Aligned to the mean magnitude over 16 channels, ±100 ms, reading v4. 427 stamp(s) moved by -152.7 to 104.5 ms; 97 left where they were. No labels changed.",Shahriar Tafti,adc84ab8c916
PTEN,60,1,PTEN m60 s1 2025-07-10,ds,m60s1jul10,5,2031.645477,spike,Dentate Spike,Rain Younger,2026-09-22T13:56:42-04:00,"Aligned to the mean magnitude over 16 channels, ±100 ms, reading v4. 427 stamp(s) moved by -152.7 to 104.5 ms; 97 left where they were. No labels changed.",Shahriar Tafti,adc84ab8c916
PTEN,60,1,PTEN m60 s1 2025-07-10,ds,m60s1jul10,5,2035.970196,spike,Dentate Spike,Rain Younger,2026-09-22T13:56:42-04:00,"Aligned to the mean magnitude over 16 channels, ±100 ms, reading v4. 427 stamp(s) moved by -152.7 to 104.5 ms; 97 left where they were. No labels changed.",Shahriar Tafti,adc84ab8c916
PTEN,60,1,PTEN m60 s1 2025-07-10,ds,m60s1jul10,5,2040.529125,spike,Dentate Spike,Rain Younger,2026-09-22T13:56:42-04:00,"Aligned to the mean magnitude over 16 channels, ±100 ms, reading v4. 427 stamp(s) moved by -152.7 to 104.5 ms; 97 left where they were. No labels changed.",Shahriar Tafti,adc84ab8c916
PTEN,60,1,PTEN m60 s1 2025-07-10,ds,m60s1jul10,5,2040.695964,spike,Dentate Spike,Rain Younger,2026-09-22T13:56:42-04:00,"Aligned to the mean magnitude over 16 channels, ±100 ms, reading v4. 427 stamp(s) moved by -152.7 to 104.5 ms; 97 left where they were. No labels changed.",Shahriar Tafti,adc84ab8c916
PTEN,60,1,PTEN m60 s1 2025-07-10,ds,m60s1jul10,5,2041.64597,spike,Dentate Spike,Rain Younger,2026-09-22T13:56:42-04:00,"Aligned to the mean magnitude over 16 channels, ±100 ms, reading v4. 427 stamp(s) moved by -152.7 to 104.5 ms; 97 left where they were. No labels changed.",Shahriar Tafti,adc84ab8c916
PTEN,60,1,PTEN m60 s1 2025-07-10,ds,m60s1jul10,5,2042.21443,spike,Dentate Spike,Rain Younger,2026-09-22T13:56:42-04:00,"Aligned to the mean magnitude over 16 channels, ±100 ms, reading v4. 427 stamp(s) moved by -152.7 to 104.5 ms; 97 left where they were. No labels changed.",Shahriar Tafti,adc84ab8c916
PTEN,60,1,PTEN m60 s1 2025-07-10,ds,m60s1jul10,5,2044.195822,spike,Dentate Spike,Rain Younger,2026-09-22T13:56:42-04:00,"Aligned to the mean magnitude over 16 channels, ±100 ms, reading v4. 427 stamp(s) moved by -152.7 to 104.5 ms; 97 left where they were. No labels changed.",Shahriar Tafti,adc84ab8c916
PTEN,60,1,PTEN m60 s1 2025-07-10,ds,m60s1jul10,5,2044.85336,spike,Dentate Spike,Rain Younger,2026-09-22T13:56:42-04:00,"Aligned to the mean magnitude over 16 channels, ±100 ms, reading v4. 427 stamp(s) moved by -152.7 to 104.5 ms; 97 left where they were. No labels changed.",Shahriar Tafti,adc84ab8c916
PTEN,60,1,PTEN m60 s1 2025-07-10,ds,m60s1jul10,5,2045.01677,spike,Dentate Spike,Rain Younger,2026-09-22T13:56:42-04:00,"Aligned to the mean magnitude over 16 channels, ±100 ms, reading v4. 427 stamp(s) moved by -152.7 to 104.5 ms; 97 left where they were. No labels changed.",Shahriar Tafti,adc84ab8c916
PTEN,60,1,PTEN m60 s1 2025-07-10,ds,m60s1jul10,5,2045.404477,spike,Dentate Spike,Rain Younger,2026-09-22T13:56:42-04:00,"Aligned to the mean magnitude over 16 channels, ±100 ms, reading v4. 427 stamp(s) moved by -152.7 to 104.5 ms; 97 left where they were. No labels changed.",Shahriar Tafti,adc84ab8c916
PTEN,60,1,PTEN m60 s1 2025-07-10,ds,m60s1jul10,5,2046.206477,spike,Dentate Spike,Rain Younger,2026-09-22T13:56:42-04:00,"Aligned to the mean magnitude over 16 channels, ±100 ms, reading v4. 427 stamp(s) moved by -152.7 to 104.5 ms; 97 left where they were. No labels changed.",Shahriar Tafti,adc84ab8c916
PTEN,60,1,PTEN m60 s1 2025-07-10,ds,m60s1jul10,5,2060.158477,spike,Dentate Spike,Rain Younger,2026-09-22T13:56:42-04:00,"Aligned to the mean magnitude over 16 channels, ±100 ms, reading v4. 427 stamp(s) moved by -152.7 to 104.5 ms; 97 left where they were. No labels changed.",Shahriar Tafti,adc84ab8c916
PTEN,60,1,PTEN m60 s1 2025-07-10,ds,m60s1jul10,5,2067.411477,spike,Dentate Spike,Rain Younger,2026-09-22T13:56:42-04:00,"Aligned to the mean magnitude over 16 channels, ±100 ms, reading v4. 427 stamp(s) moved by -152.7 to 104.5 ms; 97 left where they were. No labels changed.",Shahriar Tafti,adc84ab8c916
PTEN,60,1,PTEN m60 s1 2025-07-10,ds,m60s1jul10,5,2067.510857,spike,Dentate Spike,Rain Younger,2026-09-22T13:56:42-04:00,"Aligned to the mean magnitude over 16 channels, ±100 ms, reading v4. 427 stamp(s) moved by -152.7 to 104.5 ms; 97 left where they were. No labels changed.",Shahriar Tafti,adc84ab8c916
PTEN,60,1,PTEN m60 s1 2025-07-10,ds,m60s1jul10,5,2070.253348,spike,Dentate Spike,Rain Younger,2026-09-22T13:56:42-04:00,"Aligned to the mean magnitude over 16 channels, ±100 ms, reading v4. 427 stamp(s) moved by -152.7 to 104.5 ms; 97 left where they were. No labels changed.",Shahriar Tafti,adc84ab8c916
PTEN,60,1,PTEN m60 s1 2025-07-10,ds,m60s1jul10,5,2073.012477,spike,Dentate Spike,Rain Younger,2026-09-22T13:56:42-04:00,"Aligned to the mean magnitude over 16 channels, ±100 ms, reading v4. 427 stamp(s) moved by -152.7 to 104.5 ms; 97 left where they were. No labels changed.",Shahriar Tafti,adc84ab8c916
PTEN,60,1,PTEN m60 s1 2025-07-10,ds,m60s1jul10,5,2073.974477,spike,Dentate Spike,Rain Younger,2026-09-22T13:56:42-04:00,"Aligned to the mean magnitude over 16 channels, ±100 ms, reading v4. 427 stamp(s) moved by -152.7 to 104.5 ms; 97 left where they were. No labels changed.",Shahriar Tafti,adc84ab8c916
PTEN,60,1,PTEN m60 s1 2025-07-10,ds,m60s1jul10,5,2077.640559,spike,Dentate Spike,Rain Younger,2026-09-22T13:56:42-04:00,"Aligned to the mean magnitude over 16 channels, ±100 ms, reading v4. 427 stamp(s) moved by -152.7 to 104.5 ms; 97 left where they were. No labels changed.",Shahriar Tafti,adc84ab8c916
PTEN,60,1,PTEN m60 s1 2025-07-10,ds,m60s1jul10,5,2084.584477,spike,Dentate Spike,Rain Younger,2026-09-22T13:56:42-04:00,"Aligned to the mean magnitude over 16 channels, ±100 ms, reading v4. 427 stamp(s) moved by -152.7 to 104.5 ms; 97 left where they were. No labels changed.",Shahriar Tafti,adc84ab8c916
PTEN,60,1,PTEN m60 s1 2025-07-10,ds,m60s1jul10,5,2085.416338,spike,Dentate Spike,Rain Younger,2026-09-22T13:56:42-04:00,"Aligned to the mean magnitude over 16 channels, ±100 ms, reading v4. 427 stamp(s) moved by -152.7 to 104.5 ms; 97 left where they were. No labels changed.",Shahriar Tafti,adc84ab8c916
PTEN,60,1,PTEN m60 s1 2025-07-10,ds,m60s1jul10,5,2086.853477,spike,Dentate Spike,Rain Younger,2026-09-22T13:56:42-04:00,"Aligned to the mean magnitude over 16 channels, ±100 ms, reading v4. 427 stamp(s) moved by -152.7 to 104.5 ms; 97 left where they were. No labels changed.",Shahriar Tafti,adc84ab8c916
PTEN,60,1,PTEN m60 s1 2025-07-10,ds,m60s1jul10,5,2087.819005,spike,Dentate Spike,Rain Younger,2026-09-22T13:56:42-04:00,"Aligned to the mean magnitude over 16 channels, ±100 ms, reading v4. 427 stamp(s) moved by -152.7 to 104.5 ms; 97 left where they were. No labels changed.",Shahriar Tafti,adc84ab8c916
PTEN,60,1,PTEN m60 s1 2025-07-10,ds,m60s1jul10,5,2098.59199,spike,Dentate Spike,Rain Younger,2026-09-22T13:56:42-04:00,"Aligned to the mean magnitude over 16 channels, ±100 ms, reading v4. 427 stamp(s) moved by -152.7 to 104.5 ms; 97 left where they were. No labels changed.",Shahriar Tafti,adc84ab8c916
PTEN,60,1,PTEN m60 s1 2025-07-10,ds,m60s1jul10,5,2103.537633,spike,Dentate Spike,Rain Younger,2026-09-22T13:56:42-04:00,"Aligned to the mean magnitude over 16 channels, ±100 ms, reading v4. 427 stamp(s) moved by -152.7 to 104.5 ms; 97 left where they were. No labels changed.",Shahriar Tafti,adc84ab8c916
PTEN,60,1,PTEN m60 s1 2025-07-10,ds,m60s1jul10,5,2105.579101,spike,Dentate Spike,Rain Younger,2026-09-22T13:56:42-04:00,"Aligned to the mean magnitude over 16 channels, ±100 ms, reading v4. 427 stamp(s) moved by -152.7 to 104.5 ms; 97 left where they were. No labels changed.",Shahriar Tafti,adc84ab8c916
PTEN,60,1,PTEN m60 s1 2025-07-10,ds,m60s1jul10,5,2106.363477,spike,Dentate Spike,Rain Younger,2026-09-22T13:56:42-04:00,"Aligned to the mean magnitude over 16 channels, ±100 ms, reading v4. 427 stamp(s) moved by -152.7 to 104.5 ms; 97 left where they were. No labels changed.",Shahriar Tafti,adc84ab8c916
PTEN,60,1,PTEN m60 s1 2025-07-10,ds,m60s1jul10,5,2112.882731,spike,Dentate Spike,Rain Younger,2026-09-22T13:56:42-04:00,"Aligned to the mean magnitude over 16 channels, ±100 ms, reading v4. 427 stamp(s) moved by -152.7 to 104.5 ms; 97 left where they were. No labels changed.",Shahriar Tafti,adc84ab8c916
PTEN,60,1,PTEN m60 s1 2025-07-10,ds,m60s1jul10,5,2118.979477,spike,Dentate Spike,Rain Younger,2026-09-22T13:56:42-04:00,"Aligned to the mean magnitude over 16 channels, ±100 ms, reading v4. 427 stamp(s) moved by -152.7 to 104.5 ms; 97 left where they were. No labels changed.",Shahriar Tafti,adc84ab8c916
PTEN,60,1,PTEN m60 s1 2025-07-10,ds,m60s1jul10,5,2125.490477,spike,Dentate Spike,Rain Younger,2026-09-22T13:56:42-04:00,"Aligned to the mean magnitude over 16 channels, ±100 ms, reading v4. 427 stamp(s) moved by -152.7 to 104.5 ms; 97 left where they were. No labels changed.",Shahriar Tafti,adc84ab8c916
PTEN,60,1,PTEN m60 s1 2025-07-10,ds,m60s1jul10,5,2130.869026,spike,Dentate Spike,Rain Younger,2026-09-22T13:56:42-04:00,"Aligned to the mean magnitude over 16 channels, ±100 ms, reading v4. 427 stamp(s) moved by -152.7 to 104.5 ms; 97 left where they were. No labels changed.",Shahriar Tafti,adc84ab8c916
PTEN,60,1,PTEN m60 s1 2025-07-10,ds,m60s1jul10,5,2131.186477,spike,Dentate Spike,Rain Younger,2026-09-22T13:56:42-04:00,"Aligned to the mean magnitude over 16 channels, ±100 ms, reading v4. 427 stamp(s) moved by -152.7 to 104.5 ms; 97 left where they were. No labels changed.",Shahriar Tafti,adc84ab8c916
PTEN,60,1,PTEN m60 s1 2025-07-10,ds,m60s1jul10,5,2137.235108,spike,Dentate Spike,Rain Younger,2026-09-22T13:56:42-04:00,"Aligned to the mean magnitude over 16 channels, ±100 ms, reading v4. 427 stamp(s) moved by -152.7 to 104.5 ms; 97 left where they were. No labels changed.",Shahriar Tafti,adc84ab8c916
PTEN,60,1,PTEN m60 s1 2025-07-10,ds,m60s1jul10,5,2141.860436,spike,Dentate Spike,Rain Younger,2026-09-22T13:56:42-04:00,"Aligned to the mean magnitude over 16 channels, ±100 ms, reading v4. 427 stamp(s) moved by -152.7 to 104.5 ms; 97 left where they were. No labels changed.",Shahriar Tafti,adc84ab8c916
PTEN,60,1,PTEN m60 s1 2025-07-10,ds,m60s1jul10,5,2147.053276,spike,Dentate Spike,Rain Younger,2026-09-22T13:56:42-04:00,"Aligned to the mean magnitude over 16 channels, ±100 ms, reading v4. 427 stamp(s) moved by -152.7 to 104.5 ms; 97 left where they were. No labels changed.",Shahriar Tafti,adc84ab8c916
PTEN,60,1,PTEN m60 s1 2025-07-10,ds,m60s1jul10,5,2147.170477,spike,Dentate Spike,Rain Younger,2026-09-22T13:56:42-04:00,"Aligned to the mean magnitude over 16 channels, ±100 ms, reading v4. 427 stamp(s) moved by -152.7 to 104.5 ms; 97 left where they were. No labels changed.",Shahriar Tafti,adc84ab8c916
PTEN,60,1,PTEN m60 s1 2025-07-10,ds,m60s1jul10,5,2154.032524,spike,Dentate Spike,Rain Younger,2026-09-22T13:56:42-04:00,"Aligned to the mean magnitude over 16 channels, ±100 ms, reading v4. 427 stamp(s) moved by -152.7 to 104.5 ms; 97 left where they were. No labels changed.",Shahriar Tafti,adc84ab8c916
PTEN,60,1,PTEN m60 s1 2025-07-10,ds,m60s1jul10,5,2159.634915,spike,Dentate Spike,Rain Younger,2026-09-22T13:56:42-04:00,"Aligned to the mean magnitude over 16 channels, ±100 ms, reading v4. 427 stamp(s) moved by -152.7 to 104.5 ms; 97 left where they were. No labels changed.",Shahriar Tafti,adc84ab8c916
PTEN,60,1,PTEN m60 s1 2025-07-10,ds,m60s1jul10,5,2159.923526,spike,Dentate Spike,Rain Younger,2026-09-22T13:56:42-04:00,"Aligned to the mean magnitude over 16 channels, ±100 ms, reading v4. 427 stamp(s) moved by -152.7 to 104.5 ms; 97 left where they were. No labels changed.",Shahriar Tafti,adc84ab8c916
PTEN,60,1,PTEN m60 s1 2025-07-10,ds,m60s1jul10,5,2163.317711,spike,Dentate Spike,Rain Younger,2026-09-22T13:56:42-04:00,"Aligned to the mean magnitude over 16 channels, ±100 ms, reading v4. 427 stamp(s) moved by -152.7 to 104.5 ms; 97 left where they were. No labels changed.",Shahriar Tafti,adc84ab8c916
PTEN,60,1,PTEN m60 s1 2025-07-10,ds,m60s1jul10,5,2169.754289,spike,Dentate Spike,Rain Younger,2026-09-22T13:56:42-04:00,"Aligned to the mean magnitude over 16 channels, ±100 ms, reading v4. 427 stamp(s) moved by -152.7 to 104.5 ms; 97 left where they were. No labels changed.",Shahriar Tafti,adc84ab8c916
PTEN,60,1,PTEN m60 s1 2025-07-10,ds,m60s1jul10,5,2172.54228,spike,Dentate Spike,Rain Younger,2026-09-22T13:56:42-04:00,"Aligned to the mean magnitude over 16 channels, ±100 ms, reading v4. 427 stamp(s) moved by -152.7 to 104.5 ms; 97 left where they were. No labels changed.",Shahriar Tafti,adc84ab8c916
PTEN,60,1,PTEN m60 s1 2025-07-10,ds,m60s1jul10,5,2175.100477,spike,Dentate Spike,Rain Younger,2026-09-22T13:56:42-04:00,"Aligned to the mean magnitude over 16 channels, ±100 ms, reading v4. 427 stamp(s) moved by -152.7 to 104.5 ms; 97 left where they were. No labels changed.",Shahriar Tafti,adc84ab8c916
PTEN,60,1,PTEN m60 s1 2025-07-10,ds,m60s1jul10,5,2176.885053,spike,Dentate Spike,Rain Younger,2026-09-22T13:56:42-04:00,"Aligned to the mean magnitude over 16 channels, ±100 ms, reading v4. 427 stamp(s) moved by -152.7 to 104.5 ms; 97 left where they were. No labels changed.",Shahriar Tafti,adc84ab8c916
PTEN,60,1,PTEN m60 s1 2025-07-10,ds,m60s1jul10,5,2177.184477,spike,Dentate Spike,Rain Younger,2026-09-22T13:56:42-04:00,"Aligned to the mean magnitude over 16 channels, ±100 ms, reading v4. 427 stamp(s) moved by -152.7 to 104.5 ms; 97 left where they were. No labels changed.",Shahriar Tafti,adc84ab8c916
PTEN,60,1,PTEN m60 s1 2025-07-10,ds,m60s1jul10,5,2177.353477,spike,Dentate Spike,Rain Younger,2026-09-22T13:56:42-04:00,"Aligned to the mean magnitude over 16 channels, ±100 ms, reading v4. 427 stamp(s) moved by -152.7 to 104.5 ms; 97 left where they were. No labels changed.",Shahriar Tafti,adc84ab8c916
PTEN,60,1,PTEN m60 s1 2025-07-10,ds,m60s1jul10,5,2177.459107,spike,Dentate Spike,Rain Younger,2026-09-22T13:56:42-04:00,"Aligned to the mean magnitude over 16 channels, ±100 ms, reading v4. 427 stamp(s) moved by -152.7 to 104.5 ms; 97 left where they were. No labels changed.",Shahriar Tafti,adc84ab8c916
PTEN,60,1,PTEN m60 s1 2025-07-10,ds,m60s1jul10,5,2177.818477,spike,Dentate Spike,Rain Younger,2026-09-22T13:56:42-04:00,"Aligned to the mean magnitude over 16 channels, ±100 ms, reading v4. 427 stamp(s) moved by -152.7 to 104.5 ms; 97 left where they were. No labels changed.",Shahriar Tafti,adc84ab8c916
PTEN,60,1,PTEN m60 s1 2025-07-10,ds,m60s1jul10,5,2179.266647,spike,Dentate Spike,Rain Younger,2026-09-22T13:56:42-04:00,"Aligned to the mean magnitude over 16 channels, ±100 ms, reading v4. 427 stamp(s) moved by -152.7 to 104.5 ms; 97 left where they were. No labels changed.",Shahriar Tafti,adc84ab8c916
PTEN,60,1,PTEN m60 s1 2025-07-10,ds,m60s1jul10,5,2182.405084,spike,Dentate Spike,Rain Younger,2026-09-22T13:56:42-04:00,"Aligned to the mean magnitude over 16 channels, ±100 ms, reading v4. 427 stamp(s) moved by -152.7 to 104.5 ms; 97 left where they were. No labels changed.",Shahriar Tafti,adc84ab8c916
PTEN,60,1,PTEN m60 s1 2025-07-10,ds,m60s1jul10,5,2184.073477,spike,Dentate Spike,Rain Younger,2026-09-22T13:56:42-04:00,"Aligned to the mean magnitude over 16 channels, ±100 ms, reading v4. 427 stamp(s) moved by -152.7 to 104.5 ms; 97 left where they were. No labels changed.",Shahriar Tafti,adc84ab8c916
PTEN,60,1,PTEN m60 s1 2025-07-10,ds,m60s1jul10,5,2184.875869,spike,Dentate Spike,Rain Younger,2026-09-22T13:56:42-04:00,"Aligned to the mean magnitude over 16 channels, ±100 ms, reading v4. 427 stamp(s) moved by -152.7 to 104.5 ms; 97 left where they were. No labels changed.",Shahriar Tafti,adc84ab8c916
PTEN,60,1,PTEN m60 s1 2025-07-10,ds,m60s1jul10,5,2186.147477,spike,Dentate Spike,Rain Younger,2026-09-22T13:56:42-04:00,"Aligned to the mean magnitude over 16 channels, ±100 ms, reading v4. 427 stamp(s) moved by -152.7 to 104.5 ms; 97 left where they were. No labels changed.",Shahriar Tafti,adc84ab8c916
PTEN,60,1,PTEN m60 s1 2025-07-10,ds,m60s1jul10,5,2186.288267,spike,Dentate Spike,Rain Younger,2026-09-22T13:56:42-04:00,"Aligned to the mean magnitude over 16 channels, ±100 ms, reading v4. 427 stamp(s) moved by -152.7 to 104.5 ms; 97 left where they were. No labels changed.",Shahriar Tafti,adc84ab8c916
PTEN,60,1,PTEN m60 s1 2025-07-10,ds,m60s1jul10,5,2187.056307,spike,Dentate Spike,Rain Younger,2026-09-22T13:56:42-04:00,"Aligned to the mean magnitude over 16 channels, ±100 ms, reading v4. 427 stamp(s) moved by -152.7 to 104.5 ms; 97 left where they were. No labels changed.",Shahriar Tafti,adc84ab8c916
PTEN,60,1,PTEN m60 s1 2025-07-10,ds,m60s1jul10,5,2187.19688,spike,Dentate Spike,Rain Younger,2026-09-22T13:56:42-04:00,"Aligned to the mean magnitude over 16 channels, ±100 ms, reading v4. 427 stamp(s) moved by -152.7 to 104.5 ms; 97 left where they were. No labels changed.",Shahriar Tafti,adc84ab8c916
PTEN,60,1,PTEN m60 s1 2025-07-10,ds,m60s1jul10,5,2192.262105,spike,Dentate Spike,Rain Younger,2026-09-22T13:56:42-04:00,"Aligned to the mean magnitude over 16 channels, ±100 ms, reading v4. 427 stamp(s) moved by -152.7 to 104.5 ms; 97 left where they were. No labels changed.",Shahriar Tafti,adc84ab8c916
PTEN,60,1,PTEN m60 s1 2025-07-10,ds,m60s1jul10,5,2192.704615,spike,Dentate Spike,Rain Younger,2026-09-22T13:56:42-04:00,"Aligned to the mean magnitude over 16 channels, ±100 ms, reading v4. 427 stamp(s) moved by -152.7 to 104.5 ms; 97 left where they were. No labels changed.",Shahriar Tafti,adc84ab8c916
PTEN,60,1,PTEN m60 s1 2025-07-10,ds,m60s1jul10,5,2193.478887,spike,Dentate Spike,Rain Younger,2026-09-22T13:56:42-04:00,"Aligned to the mean magnitude over 16 channels, ±100 ms, reading v4. 427 stamp(s) moved by -152.7 to 104.5 ms; 97 left where they were. No labels changed.",Shahriar Tafti,adc84ab8c916
PTEN,60,1,PTEN m60 s1 2025-07-10,ds,m60s1jul10,5,2193.716285,spike,Dentate Spike,Rain Younger,2026-09-22T13:56:42-04:00,"Aligned to the mean magnitude over 16 channels, ±100 ms, reading v4. 427 stamp(s) moved by -152.7 to 104.5 ms; 97 left where they were. No labels changed.",Shahriar Tafti,adc84ab8c916
PTEN,60,1,PTEN m60 s1 2025-07-10,ds,m60s1jul10,5,2194.623716,spike,Dentate Spike,Rain Younger,2026-09-22T13:56:42-04:00,"Aligned to the mean magnitude over 16 channels, ±100 ms, reading v4. 427 stamp(s) moved by -152.7 to 104.5 ms; 97 left where they were. No labels changed.",Shahriar Tafti,adc84ab8c916
PTEN,60,1,PTEN m60 s1 2025-07-10,ds,m60s1jul10,5,2194.85253,spike,Dentate Spike,Rain Younger,2026-09-22T13:56:42-04:00,"Aligned to the mean magnitude over 16 channels, ±100 ms, reading v4. 427 stamp(s) moved by -152.7 to 104.5 ms; 97 left where they were. No labels changed.",Shahriar Tafti,adc84ab8c916
PTEN,60,1,PTEN m60 s1 2025-07-10,ds,m60s1jul10,5,2195.100923,spike,Dentate Spike,Rain Younger,2026-09-22T13:56:42-04:00,"Aligned to the mean magnitude over 16 channels, ±100 ms, reading v4. 427 stamp(s) moved by -152.7 to 104.5 ms; 97 left where they were. No labels changed.",Shahriar Tafti,adc84ab8c916
PTEN,60,1,PTEN m60 s1 2025-07-10,ds,m60s1jul10,5,2201.82357,spike,Dentate Spike,Rain Younger,2026-09-22T13:56:42-04:00,"Aligned to the mean magnitude over 16 channels, ±100 ms, reading v4. 427 stamp(s) moved by -152.7 to 104.5 ms; 97 left where they were. No labels changed.",Shahriar Tafti,adc84ab8c916
PTEN,60,1,PTEN m60 s1 2025-07-10,ds,m60s1jul10,5,2204.398584,spike,Dentate Spike,Rain Younger,2026-09-22T13:56:42-04:00,"Aligned to the mean magnitude over 16 channels, ±100 ms, reading v4. 427 stamp(s) moved by -152.7 to 104.5 ms; 97 left where they were. No labels changed.",Shahriar Tafti,adc84ab8c916
PTEN,60,1,PTEN m60 s1 2025-07-10,ds,m60s1jul10,5,2205.119305,spike,Dentate Spike,Rain Younger,2026-09-22T13:56:42-04:00,"Aligned to the mean magnitude over 16 channels, ±100 ms, reading v4. 427 stamp(s) moved by -152.7 to 104.5 ms; 97 left where they were. No labels changed.",Shahriar Tafti,adc84ab8c916
PTEN,60,1,PTEN m60 s1 2025-07-10,ds,m60s1jul10,5,2210.104876,spike,Dentate Spike,Rain Younger,2026-09-22T13:56:42-04:00,"Aligned to the mean magnitude over 16 channels, ±100 ms, reading v4. 427 stamp(s) moved by -152.7 to 104.5 ms; 97 left where they were. No labels changed.",Shahriar Tafti,adc84ab8c916
PTEN,60,1,PTEN m60 s1 2025-07-10,ds,m60s1jul10,5,2219.280477,spike,Dentate Spike,Rain Younger,2026-09-22T13:56:42-04:00,"Aligned to the mean magnitude over 16 channels, ±100 ms, reading v4. 427 stamp(s) moved by -152.7 to 104.5 ms; 97 left where they were. No labels changed.",Shahriar Tafti,adc84ab8c916
PTEN,60,1,PTEN m60 s1 2025-07-10,ds,m60s1jul10,5,2224.451392,spike,Dentate Spike,Rain Younger,2026-09-22T13:56:42-04:00,"Aligned to the mean magnitude over 16 channels, ±100 ms, reading v4. 427 stamp(s) moved by -152.7 to 104.5 ms; 97 left where they were. No labels changed.",Shahriar Tafti,adc84ab8c916
PTEN,60,1,PTEN m60 s1 2025-07-10,ds,m60s1jul10,5,2231.098832,spike,Dentate Spike,Rain Younger,2026-09-22T13:56:42-04:00,"Aligned to the mean magnitude over 16 channels, ±100 ms, reading v4. 427 stamp(s) moved by -152.7 to 104.5 ms; 97 left where they were. No labels changed.",Shahriar Tafti,adc84ab8c916
PTEN,60,1,PTEN m60 s1 2025-07-10,ds,m60s1jul10,5,2254.588135,spike,Dentate Spike,Rain Younger,2026-09-22T13:56:42-04:00,"Aligned to the mean magnitude over 16 channels, ±100 ms, reading v4. 427 stamp(s) moved by -152.7 to 104.5 ms; 97 left where they were. No labels changed.",Shahriar Tafti,adc84ab8c916
PTEN,60,1,PTEN m60 s1 2025-07-10,ds,m60s1jul10,5,2255.669477,spike,Dentate Spike,Rain Younger,2026-09-22T13:56:42-04:00,"Aligned to the mean magnitude over 16 channels, ±100 ms, reading v4. 427 stamp(s) moved by -152.7 to 104.5 ms; 97 left where they were. No labels changed.",Shahriar Tafti,adc84ab8c916
PTEN,60,1,PTEN m60 s1 2025-07-10,ds,m60s1jul10,5,2279.96606,spike,Dentate Spike,Rain Younger,2026-09-22T13:56:42-04:00,"Aligned to the mean magnitude over 16 channels, ±100 ms, reading v4. 427 stamp(s) moved by -152.7 to 104.5 ms; 97 left where they were. No labels changed.",Shahriar Tafti,adc84ab8c916
PTEN,60,1,PTEN m60 s1 2025-07-10,ds,m60s1jul10,5,2282.9602,spike,Dentate Spike,Rain Younger,2026-09-22T13:56:42-04:00,"Aligned to the mean magnitude over 16 channels, ±100 ms, reading v4. 427 stamp(s) moved by -152.7 to 104.5 ms; 97 left where they were. No labels changed.",Shahriar Tafti,adc84ab8c916
PTEN,60,1,PTEN m60 s1 2025-07-10,ds,m60s1jul10,5,2287.418212,spike,Dentate Spike,Rain Younger,2026-09-22T13:56:42-04:00,"Aligned to the mean magnitude over 16 channels, ±100 ms, reading v4. 427 stamp(s) moved by -152.7 to 104.5 ms; 97 left where they were. No labels changed.",Shahriar Tafti,adc84ab8c916
PTEN,60,1,PTEN m60 s1 2025-07-10,ds,m60s1jul10,5,2300.374995,spike,Dentate Spike,Rain Younger,2026-09-22T13:56:42-04:00,"Aligned to the mean magnitude over 16 channels, ±100 ms, reading v4. 427 stamp(s) moved by -152.7 to 104.5 ms; 97 left where they were. No labels changed.",Shahriar Tafti,adc84ab8c916
PTEN,60,1,PTEN m60 s1 2025-07-10,ds,m60s1jul10,5,2303.082518,spike,Dentate Spike,Rain Younger,2026-09-22T13:56:42-04:00,"Aligned to the mean magnitude over 16 channels, ±100 ms, reading v4. 427 stamp(s) moved by -152.7 to 104.5 ms; 97 left where they were. No labels changed.",Shahriar Tafti,adc84ab8c916
PTEN,60,1,PTEN m60 s1 2025-07-10,ds,m60s1jul10,5,2305.10486,spike,Dentate Spike,Rain Younger,2026-09-22T13:56:42-04:00,"Aligned to the mean magnitude over 16 channels, ±100 ms, reading v4. 427 stamp(s) moved by -152.7 to 104.5 ms; 97 left where they were. No labels changed.",Shahriar Tafti,adc84ab8c916
PTEN,60,1,PTEN m60 s1 2025-07-10,ds,m60s1jul10,5,2309.981333,spike,Dentate Spike,Rain Younger,2026-09-22T13:56:42-04:00,"Aligned to the mean magnitude over 16 channels, ±100 ms, reading v4. 427 stamp(s) moved by -152.7 to 104.5 ms; 97 left where they were. No labels changed.",Shahriar Tafti,adc84ab8c916
PTEN,60,1,PTEN m60 s1 2025-07-10,ds,m60s1jul10,5,2311.268061,spike,Dentate Spike,Rain Younger,2026-09-22T13:56:42-04:00,"Aligned to the mean magnitude over 16 channels, ±100 ms, reading v4. 427 stamp(s) moved by -152.7 to 104.5 ms; 97 left where they were. No labels changed.",Shahriar Tafti,adc84ab8c916
PTEN,60,1,PTEN m60 s1 2025-07-10,ds,m60s1jul10,5,2321.949357,spike,Dentate Spike,Rain Younger,2026-09-22T13:56:42-04:00,"Aligned to the mean magnitude over 16 channels, ±100 ms, reading v4. 427 stamp(s) moved by -152.7 to 104.5 ms; 97 left where they were. No labels changed.",Shahriar Tafti,adc84ab8c916
PTEN,60,1,PTEN m60 s1 2025-07-10,ds,m60s1jul10,5,2322.101874,spike,Dentate Spike,Rain Younger,2026-09-22T13:56:42-04:00,"Aligned to the mean magnitude over 16 channels, ±100 ms, reading v4. 427 stamp(s) moved by -152.7 to 104.5 ms; 97 left where they were. No labels changed.",Shahriar Tafti,adc84ab8c916
PTEN,60,1,PTEN m60 s1 2025-07-10,ds,m60s1jul10,5,2332.994641,spike,Dentate Spike,Rain Younger,2026-09-22T13:56:42-04:00,"Aligned to the mean magnitude over 16 channels, ±100 ms, reading v4. 427 stamp(s) moved by -152.7 to 104.5 ms; 97 left where they were. No labels changed.",Shahriar Tafti,adc84ab8c916
PTEN,60,1,PTEN m60 s1 2025-07-10,ds,m60s1jul10,5,2335.019664,spike,Dentate Spike,Rain Younger,2026-09-22T13:56:42-04:00,"Aligned to the mean magnitude over 16 channels, ±100 ms, reading v4. 427 stamp(s) moved by -152.7 to 104.5 ms; 97 left where they were. No labels changed.",Shahriar Tafti,adc84ab8c916
PTEN,60,1,PTEN m60 s1 2025-07-10,ds,m60s1jul10,5,2336.665691,spike,Dentate Spike,Rain Younger,2026-09-22T13:56:42-04:00,"Aligned to the mean magnitude over 16 channels, ±100 ms, reading v4. 427 stamp(s) moved by -152.7 to 104.5 ms; 97 left where they were. No labels changed.",Shahriar Tafti,adc84ab8c916
PTEN,60,1,PTEN m60 s1 2025-07-10,ds,m60s1jul10,5,2340.953009,spike,Dentate Spike,Rain Younger,2026-09-22T13:56:42-04:00,"Aligned to the mean magnitude over 16 channels, ±100 ms, reading v4. 427 stamp(s) moved by -152.7 to 104.5 ms; 97 left where they were. No labels changed.",Shahriar Tafti,adc84ab8c916
PTEN,60,1,PTEN m60 s1 2025-07-10,ds,m60s1jul10,5,2346.707129,spike,Dentate Spike,Rain Younger,2026-09-22T13:56:42-04:00,"Aligned to the mean magnitude over 16 channels, ±100 ms, reading v4. 427 stamp(s) moved by -152.7 to 104.5 ms; 97 left where they were. No labels changed.",Shahriar Tafti,adc84ab8c916
PTEN,60,1,PTEN m60 s1 2025-07-10,ds,m60s1jul10,5,2347.826027,spike,Dentate Spike,Rain Younger,2026-09-22T13:56:42-04:00,"Aligned to the mean magnitude over 16 channels, ±100 ms, reading v4. 427 stamp(s) moved by -152.7 to 104.5 ms; 97 left where they were. No labels changed.",Shahriar Tafti,adc84ab8c916
PTEN,60,1,PTEN m60 s1 2025-07-10,ds,m60s1jul10,5,2378.539329,spike,Dentate Spike,Rain Younger,2026-09-22T13:56:42-04:00,"Aligned to the mean magnitude over 16 channels, ±100 ms, reading v4. 427 stamp(s) moved by -152.7 to 104.5 ms; 97 left where they were. No labels changed.",Shahriar Tafti,adc84ab8c916
PTEN,60,1,PTEN m60 s1 2025-07-10,ds,m60s1jul10,5,2387.093667,spike,Dentate Spike,Rain Younger,2026-09-22T13:56:42-04:00,"Aligned to the mean magnitude over 16 channels, ±100 ms, reading v4. 427 stamp(s) moved by -152.7 to 104.5 ms; 97 left where they were. No labels changed.",Shahriar Tafti,adc84ab8c916
PTEN,60,1,PTEN m60 s1 2025-07-10,ds,m60s1jul10,5,2392.009249,spike,Dentate Spike,Rain Younger,2026-09-22T13:56:42-04:00,"Aligned to the mean magnitude over 16 channels, ±100 ms, reading v4. 427 stamp(s) moved by -152.7 to 104.5 ms; 97 left where they were. No labels changed.",Shahriar Tafti,adc84ab8c916
PTEN,60,1,PTEN m60 s1 2025-07-10,ds,m60s1jul10,5,2393.770477,spike,Dentate Spike,Rain Younger,2026-09-22T13:56:42-04:00,"Aligned to the mean magnitude over 16 channels, ±100 ms, reading v4. 427 stamp(s) moved by -152.7 to 104.5 ms; 97 left where they were. No labels changed.",Shahriar Tafti,adc84ab8c916
PTEN,60,1,PTEN m60 s1 2025-07-10,ds,m60s1jul10,5,2399.889976,spike,Dentate Spike,Rain Younger,2026-09-22T13:56:42-04:00,"Aligned to the mean magnitude over 16 channels, ±100 ms, reading v4. 427 stamp(s) moved by -152.7 to 104.5 ms; 97 left where they were. No labels changed.",Shahriar Tafti,adc84ab8c916
PTEN,60,1,PTEN m60 s1 2025-07-10,ds,m60s1jul10,5,2407.199273,spike,Dentate Spike,Rain Younger,2026-09-22T13:56:42-04:00,"Aligned to the mean magnitude over 16 channels, ±100 ms, reading v4. 427 stamp(s) moved by -152.7 to 104.5 ms; 97 left where they were. No labels changed.",Shahriar Tafti,adc84ab8c916
PTEN,60,1,PTEN m60 s1 2025-07-10,ds,m60s1jul10,5,2407.37741,spike,Dentate Spike,Rain Younger,2026-09-22T13:56:42-04:00,"Aligned to the mean magnitude over 16 channels, ±100 ms, reading v4. 427 stamp(s) moved by -152.7 to 104.5 ms; 97 left where they were. No labels changed.",Shahriar Tafti,adc84ab8c916
PTEN,60,1,PTEN m60 s1 2025-07-10,ds,m60s1jul10,5,2411.852157,spike,Dentate Spike,Rain Younger,2026-09-22T13:56:42-04:00,"Aligned to the mean magnitude over 16 channels, ±100 ms, reading v4. 427 stamp(s) moved by -152.7 to 104.5 ms; 97 left where they were. No labels changed.",Shahriar Tafti,adc84ab8c916
PTEN,60,1,PTEN m60 s1 2025-07-10,ds,m60s1jul10,5,2413.830513,spike,Dentate Spike,Rain Younger,2026-09-22T13:56:42-04:00,"Aligned to the mean magnitude over 16 channels, ±100 ms, reading v4. 427 stamp(s) moved by -152.7 to 104.5 ms; 97 left where they were. No labels changed.",Shahriar Tafti,adc84ab8c916
PTEN,60,1,PTEN m60 s1 2025-07-10,ds,m60s1jul10,5,2415.136607,spike,Dentate Spike,Rain Younger,2026-09-22T13:56:42-04:00,"Aligned to the mean magnitude over 16 channels, ±100 ms, reading v4. 427 stamp(s) moved by -152.7 to 104.5 ms; 97 left where they were. No labels changed.",Shahriar Tafti,adc84ab8c916
PTEN,60,1,PTEN m60 s1 2025-07-10,ds,m60s1jul10,5,2415.782423,spike,Dentate Spike,Rain Younger,2026-09-22T13:56:42-04:00,"Aligned to the mean magnitude over 16 channels, ±100 ms, reading v4. 427 stamp(s) moved by -152.7 to 104.5 ms; 97 left where they were. No labels changed.",Shahriar Tafti,adc84ab8c916
