project,mouse,session,session_label,type,name,version,start_s,label,label_name,decided_by,version_at,version_note,added_by,entry_id
PTEN,59,4,PTEN m59 s4 2025-07-07,ds,m59s4jul7,5,25.096,spike,Dentate Spike,Rain Younger,2026-09-22T14:09:30-04:00,"Aligned to the mean magnitude over 16 channels, ±100 ms, reading v4. 341 stamp(s) moved by -80.9 to 65.1 ms; 74 left where they were. No labels changed.",Shahriar Tafti,dbf2676df67a
PTEN,59,4,PTEN m59 s4 2025-07-07,ds,m59s4jul7,5,36.913,spike,Dentate Spike,Rain Younger,2026-09-22T14:09:30-04:00,"Aligned to the mean magnitude over 16 channels, ±100 ms, reading v4. 341 stamp(s) moved by -80.9 to 65.1 ms; 74 left where they were. No labels changed.",Shahriar Tafti,dbf2676df67a
PTEN,59,4,PTEN m59 s4 2025-07-07,ds,m59s4jul7,5,38.740557,spike,Dentate Spike,Rain Younger,2026-09-22T14:09:30-04:00,"Aligned to the mean magnitude over 16 channels, ±100 ms, reading v4. 341 stamp(s) moved by -80.9 to 65.1 ms; 74 left where they were. No labels changed.",Shahriar Tafti,dbf2676df67a
PTEN,59,4,PTEN m59 s4 2025-07-07,ds,m59s4jul7,5,40.386996,spike,Dentate Spike,Rain Younger,2026-09-22T14:09:30-04:00,"Aligned to the mean magnitude over 16 channels, ±100 ms, reading v4. 341 stamp(s) moved by -80.9 to 65.1 ms; 74 left where they were. No labels changed.",Shahriar Tafti,dbf2676df67a
PTEN,59,4,PTEN m59 s4 2025-07-07,ds,m59s4jul7,5,43.209702,spike,Dentate Spike,Rain Younger,2026-09-22T14:09:30-04:00,"Aligned to the mean magnitude over 16 channels, ±100 ms, reading v4. 341 stamp(s) moved by -80.9 to 65.1 ms; 74 left where they were. No labels changed.",Shahriar Tafti,dbf2676df67a
PTEN,59,4,PTEN m59 s4 2025-07-07,ds,m59s4jul7,5,69.652894,spike,Dentate Spike,Rain Younger,2026-09-22T14:09:30-04:00,"Aligned to the mean magnitude over 16 channels, ±100 ms, reading v4. 341 stamp(s) moved by -80.9 to 65.1 ms; 74 left where they were. No labels changed.",Shahriar Tafti,dbf2676df67a
PTEN,59,4,PTEN m59 s4 2025-07-07,ds,m59s4jul7,5,70.570435,spike,Dentate Spike,Rain Younger,2026-09-22T14:09:30-04:00,"Aligned to the mean magnitude over 16 channels, ±100 ms, reading v4. 341 stamp(s) moved by -80.9 to 65.1 ms; 74 left where they were. No labels changed.",Shahriar Tafti,dbf2676df67a
PTEN,59,4,PTEN m59 s4 2025-07-07,ds,m59s4jul7,5,94.782,spike,Dentate Spike,Rain Younger,2026-09-22T14:09:30-04:00,"Aligned to the mean magnitude over 16 channels, ±100 ms, reading v4. 341 stamp(s) moved by -80.9 to 65.1 ms; 74 left where they were. No labels changed.",Shahriar Tafti,dbf2676df67a
PTEN,59,4,PTEN m59 s4 2025-07-07,ds,m59s4jul7,5,149.770953,spike,Dentate Spike,Rain Younger,2026-09-22T14:09:30-04:00,"Aligned to the mean magnitude over 16 channels, ±100 ms, reading v4. 341 stamp(s) moved by -80.9 to 65.1 ms; 74 left where they were. No labels changed.",Shahriar Tafti,dbf2676df67a
PTEN,59,4,PTEN m59 s4 2025-07-07,ds,m59s4jul7,5,160.355388,spike,Dentate Spike,Rain Younger,2026-09-22T14:09:30-04:00,"Aligned to the mean magnitude over 16 channels, ±100 ms, reading v4. 341 stamp(s) moved by -80.9 to 65.1 ms; 74 left where they were. No labels changed.",Shahriar Tafti,dbf2676df67a
PTEN,59,4,PTEN m59 s4 2025-07-07,ds,m59s4jul7,5,199.945,spike,Dentate Spike,Rain Younger,2026-09-22T14:09:30-04:00,"Aligned to the mean magnitude over 16 channels, ±100 ms, reading v4. 341 stamp(s) moved by -80.9 to 65.1 ms; 74 left where they were. No labels changed.",Shahriar Tafti,dbf2676df67a
PTEN,59,4,PTEN m59 s4 2025-07-07,ds,m59s4jul7,5,253.439374,spike,Dentate Spike,Rain Younger,2026-09-22T14:09:30-04:00,"Aligned to the mean magnitude over 16 channels, ±100 ms, reading v4. 341 stamp(s) moved by -80.9 to 65.1 ms; 74 left where they were. No labels changed.",Shahriar Tafti,dbf2676df67a
PTEN,59,4,PTEN m59 s4 2025-07-07,ds,m59s4jul7,5,253.676297,spike,Dentate Spike,Rain Younger,2026-09-22T14:09:30-04:00,"Aligned to the mean magnitude over 16 channels, ±100 ms, reading v4. 341 stamp(s) moved by -80.9 to 65.1 ms; 74 left where they were. No labels changed.",Shahriar Tafti,dbf2676df67a
PTEN,59,4,PTEN m59 s4 2025-07-07,ds,m59s4jul7,5,255.064,spike,Dentate Spike,Rain Younger,2026-09-22T14:09:30-04:00,"Aligned to the mean magnitude over 16 channels, ±100 ms, reading v4. 341 stamp(s) moved by -80.9 to 65.1 ms; 74 left where they were. No labels changed.",Shahriar Tafti,dbf2676df67a
PTEN,59,4,PTEN m59 s4 2025-07-07,ds,m59s4jul7,5,283.736776,spike,Dentate Spike,Rain Younger,2026-09-22T14:09:30-04:00,"Aligned to the mean magnitude over 16 channels, ±100 ms, reading v4. 341 stamp(s) moved by -80.9 to 65.1 ms; 74 left where they were. No labels changed.",Shahriar Tafti,dbf2676df67a
PTEN,59,4,PTEN m59 s4 2025-07-07,ds,m59s4jul7,5,289.550926,spike,Dentate Spike,Rain Younger,2026-09-22T14:09:30-04:00,"Aligned to the mean magnitude over 16 channels, ±100 ms, reading v4. 341 stamp(s) moved by -80.9 to 65.1 ms; 74 left where they were. No labels changed.",Shahriar Tafti,dbf2676df67a
PTEN,59,4,PTEN m59 s4 2025-07-07,ds,m59s4jul7,5,294.64,spike,Dentate Spike,Rain Younger,2026-09-22T14:09:30-04:00,"Aligned to the mean magnitude over 16 channels, ±100 ms, reading v4. 341 stamp(s) moved by -80.9 to 65.1 ms; 74 left where they were. No labels changed.",Shahriar Tafti,dbf2676df67a
PTEN,59,4,PTEN m59 s4 2025-07-07,ds,m59s4jul7,5,315.838322,spike,Dentate Spike,Rain Younger,2026-09-22T14:09:30-04:00,"Aligned to the mean magnitude over 16 channels, ±100 ms, reading v4. 341 stamp(s) moved by -80.9 to 65.1 ms; 74 left where they were. No labels changed.",Shahriar Tafti,dbf2676df67a
PTEN,59,4,PTEN m59 s4 2025-07-07,ds,m59s4jul7,5,318.960926,spike,Dentate Spike,Rain Younger,2026-09-22T14:09:30-04:00,"Aligned to the mean magnitude over 16 channels, ±100 ms, reading v4. 341 stamp(s) moved by -80.9 to 65.1 ms; 74 left where they were. No labels changed.",Shahriar Tafti,dbf2676df67a
PTEN,59,4,PTEN m59 s4 2025-07-07,ds,m59s4jul7,5,360.21215,spike,Dentate Spike,Rain Younger,2026-09-22T14:09:30-04:00,"Aligned to the mean magnitude over 16 channels, ±100 ms, reading v4. 341 stamp(s) moved by -80.9 to 65.1 ms; 74 left where they were. No labels changed.",Shahriar Tafti,dbf2676df67a
PTEN,59,4,PTEN m59 s4 2025-07-07,ds,m59s4jul7,5,364.138399,spike,Dentate Spike,Rain Younger,2026-09-22T14:09:30-04:00,"Aligned to the mean magnitude over 16 channels, ±100 ms, reading v4. 341 stamp(s) moved by -80.9 to 65.1 ms; 74 left where they were. No labels changed.",Shahriar Tafti,dbf2676df67a
PTEN,59,4,PTEN m59 s4 2025-07-07,ds,m59s4jul7,5,446.940488,spike,Dentate Spike,Rain Younger,2026-09-22T14:09:30-04:00,"Aligned to the mean magnitude over 16 channels, ±100 ms, reading v4. 341 stamp(s) moved by -80.9 to 65.1 ms; 74 left where they were. No labels changed.",Shahriar Tafti,dbf2676df67a
PTEN,59,4,PTEN m59 s4 2025-07-07,ds,m59s4jul7,5,468.666557,spike,Dentate Spike,Rain Younger,2026-09-22T14:09:30-04:00,"Aligned to the mean magnitude over 16 channels, ±100 ms, reading v4. 341 stamp(s) moved by -80.9 to 65.1 ms; 74 left where they were. No labels changed.",Shahriar Tafti,dbf2676df67a
PTEN,59,4,PTEN m59 s4 2025-07-07,ds,m59s4jul7,5,503.951426,spike,Dentate Spike,Rain Younger,2026-09-22T14:09:30-04:00,"Aligned to the mean magnitude over 16 channels, ±100 ms, reading v4. 341 stamp(s) moved by -80.9 to 65.1 ms; 74 left where they were. No labels changed.",Shahriar Tafti,dbf2676df67a
PTEN,59,4,PTEN m59 s4 2025-07-07,ds,m59s4jul7,5,509.860617,spike,Dentate Spike,Rain Younger,2026-09-22T14:09:30-04:00,"Aligned to the mean magnitude over 16 channels, ±100 ms, reading v4. 341 stamp(s) moved by -80.9 to 65.1 ms; 74 left where they were. No labels changed.",Shahriar Tafti,dbf2676df67a
PTEN,59,4,PTEN m59 s4 2025-07-07,ds,m59s4jul7,5,537.419926,spike,Dentate Spike,Rain Younger,2026-09-22T14:09:30-04:00,"Aligned to the mean magnitude over 16 channels, ±100 ms, reading v4. 341 stamp(s) moved by -80.9 to 65.1 ms; 74 left where they were. No labels changed.",Shahriar Tafti,dbf2676df67a
PTEN,59,4,PTEN m59 s4 2025-07-07,ds,m59s4jul7,5,540.210782,spike,Dentate Spike,Rain Younger,2026-09-22T14:09:30-04:00,"Aligned to the mean magnitude over 16 channels, ±100 ms, reading v4. 341 stamp(s) moved by -80.9 to 65.1 ms; 74 left where they were. No labels changed.",Shahriar Tafti,dbf2676df67a
PTEN,59,4,PTEN m59 s4 2025-07-07,ds,m59s4jul7,5,564.089872,spike,Dentate Spike,Rain Younger,2026-09-22T14:09:30-04:00,"Aligned to the mean magnitude over 16 channels, ±100 ms, reading v4. 341 stamp(s) moved by -80.9 to 65.1 ms; 74 left where they were. No labels changed.",Shahriar Tafti,dbf2676df67a
PTEN,59,4,PTEN m59 s4 2025-07-07,ds,m59s4jul7,5,577.839487,spike,Dentate Spike,Rain Younger,2026-09-22T14:09:30-04:00,"Aligned to the mean magnitude over 16 channels, ±100 ms, reading v4. 341 stamp(s) moved by -80.9 to 65.1 ms; 74 left where they were. No labels changed.",Shahriar Tafti,dbf2676df67a
PTEN,59,4,PTEN m59 s4 2025-07-07,ds,m59s4jul7,5,587.865851,spike,Dentate Spike,Rain Younger,2026-09-22T14:09:30-04:00,"Aligned to the mean magnitude over 16 channels, ±100 ms, reading v4. 341 stamp(s) moved by -80.9 to 65.1 ms; 74 left where they were. No labels changed.",Shahriar Tafti,dbf2676df67a
PTEN,59,4,PTEN m59 s4 2025-07-07,ds,m59s4jul7,5,647.011603,spike,Dentate Spike,Rain Younger,2026-09-22T14:09:30-04:00,"Aligned to the mean magnitude over 16 channels, ±100 ms, reading v4. 341 stamp(s) moved by -80.9 to 65.1 ms; 74 left where they were. No labels changed.",Shahriar Tafti,dbf2676df67a
PTEN,59,4,PTEN m59 s4 2025-07-07,ds,m59s4jul7,5,648.496236,spike,Dentate Spike,Rain Younger,2026-09-22T14:09:30-04:00,"Aligned to the mean magnitude over 16 channels, ±100 ms, reading v4. 341 stamp(s) moved by -80.9 to 65.1 ms; 74 left where they were. No labels changed.",Shahriar Tafti,dbf2676df67a
PTEN,59,4,PTEN m59 s4 2025-07-07,ds,m59s4jul7,5,689.373,spike,Dentate Spike,Rain Younger,2026-09-22T14:09:30-04:00,"Aligned to the mean magnitude over 16 channels, ±100 ms, reading v4. 341 stamp(s) moved by -80.9 to 65.1 ms; 74 left where they were. No labels changed.",Shahriar Tafti,dbf2676df67a
PTEN,59,4,PTEN m59 s4 2025-07-07,ds,m59s4jul7,5,690.307855,spike,Dentate Spike,Rain Younger,2026-09-22T14:09:30-04:00,"Aligned to the mean magnitude over 16 channels, ±100 ms, reading v4. 341 stamp(s) moved by -80.9 to 65.1 ms; 74 left where they were. No labels changed.",Shahriar Tafti,dbf2676df67a
PTEN,59,4,PTEN m59 s4 2025-07-07,ds,m59s4jul7,5,728.554513,spike,Dentate Spike,Rain Younger,2026-09-22T14:09:30-04:00,"Aligned to the mean magnitude over 16 channels, ±100 ms, reading v4. 341 stamp(s) moved by -80.9 to 65.1 ms; 74 left where they were. No labels changed.",Shahriar Tafti,dbf2676df67a
PTEN,59,4,PTEN m59 s4 2025-07-07,ds,m59s4jul7,5,775.309087,spike,Dentate Spike,Rain Younger,2026-09-22T14:09:30-04:00,"Aligned to the mean magnitude over 16 channels, ±100 ms, reading v4. 341 stamp(s) moved by -80.9 to 65.1 ms; 74 left where they were. No labels changed.",Shahriar Tafti,dbf2676df67a
PTEN,59,4,PTEN m59 s4 2025-07-07,ds,m59s4jul7,5,790.63589,spike,Dentate Spike,Rain Younger,2026-09-22T14:09:30-04:00,"Aligned to the mean magnitude over 16 channels, ±100 ms, reading v4. 341 stamp(s) moved by -80.9 to 65.1 ms; 74 left where they were. No labels changed.",Shahriar Tafti,dbf2676df67a
PTEN,59,4,PTEN m59 s4 2025-07-07,ds,m59s4jul7,5,803.129944,spike,Dentate Spike,Rain Younger,2026-09-22T14:09:30-04:00,"Aligned to the mean magnitude over 16 channels, ±100 ms, reading v4. 341 stamp(s) moved by -80.9 to 65.1 ms; 74 left where they were. No labels changed.",Shahriar Tafti,dbf2676df67a
PTEN,59,4,PTEN m59 s4 2025-07-07,ds,m59s4jul7,5,808.832183,spike,Dentate Spike,Rain Younger,2026-09-22T14:09:30-04:00,"Aligned to the mean magnitude over 16 channels, ±100 ms, reading v4. 341 stamp(s) moved by -80.9 to 65.1 ms; 74 left where they were. No labels changed.",Shahriar Tafti,dbf2676df67a
PTEN,59,4,PTEN m59 s4 2025-07-07,ds,m59s4jul7,5,809.546401,spike,Dentate Spike,Rain Younger,2026-09-22T14:09:30-04:00,"Aligned to the mean magnitude over 16 channels, ±100 ms, reading v4. 341 stamp(s) moved by -80.9 to 65.1 ms; 74 left where they were. No labels changed.",Shahriar Tafti,dbf2676df67a
PTEN,59,4,PTEN m59 s4 2025-07-07,ds,m59s4jul7,5,814.353822,spike,Dentate Spike,Rain Younger,2026-09-22T14:09:30-04:00,"Aligned to the mean magnitude over 16 channels, ±100 ms, reading v4. 341 stamp(s) moved by -80.9 to 65.1 ms; 74 left where they were. No labels changed.",Shahriar Tafti,dbf2676df67a
PTEN,59,4,PTEN m59 s4 2025-07-07,ds,m59s4jul7,5,818.205572,spike,Dentate Spike,Rain Younger,2026-09-22T14:09:30-04:00,"Aligned to the mean magnitude over 16 channels, ±100 ms, reading v4. 341 stamp(s) moved by -80.9 to 65.1 ms; 74 left where they were. No labels changed.",Shahriar Tafti,dbf2676df67a
PTEN,59,4,PTEN m59 s4 2025-07-07,ds,m59s4jul7,5,821.704806,spike,Dentate Spike,Rain Younger,2026-09-22T14:09:30-04:00,"Aligned to the mean magnitude over 16 channels, ±100 ms, reading v4. 341 stamp(s) moved by -80.9 to 65.1 ms; 74 left where they were. No labels changed.",Shahriar Tafti,dbf2676df67a
PTEN,59,4,PTEN m59 s4 2025-07-07,ds,m59s4jul7,5,821.870186,spike,Dentate Spike,Rain Younger,2026-09-22T14:09:30-04:00,"Aligned to the mean magnitude over 16 channels, ±100 ms, reading v4. 341 stamp(s) moved by -80.9 to 65.1 ms; 74 left where they were. No labels changed.",Shahriar Tafti,dbf2676df67a
PTEN,59,4,PTEN m59 s4 2025-07-07,ds,m59s4jul7,5,825.052784,spike,Dentate Spike,Rain Younger,2026-09-22T14:09:30-04:00,"Aligned to the mean magnitude over 16 channels, ±100 ms, reading v4. 341 stamp(s) moved by -80.9 to 65.1 ms; 74 left where they were. No labels changed.",Shahriar Tafti,dbf2676df67a
PTEN,59,4,PTEN m59 s4 2025-07-07,ds,m59s4jul7,5,826.192663,spike,Dentate Spike,Rain Younger,2026-09-22T14:09:30-04:00,"Aligned to the mean magnitude over 16 channels, ±100 ms, reading v4. 341 stamp(s) moved by -80.9 to 65.1 ms; 74 left where they were. No labels changed.",Shahriar Tafti,dbf2676df67a
PTEN,59,4,PTEN m59 s4 2025-07-07,ds,m59s4jul7,5,829.374314,spike,Dentate Spike,Rain Younger,2026-09-22T14:09:30-04:00,"Aligned to the mean magnitude over 16 channels, ±100 ms, reading v4. 341 stamp(s) moved by -80.9 to 65.1 ms; 74 left where they were. No labels changed.",Shahriar Tafti,dbf2676df67a
PTEN,59,4,PTEN m59 s4 2025-07-07,ds,m59s4jul7,5,831.539824,spike,Dentate Spike,Rain Younger,2026-09-22T14:09:30-04:00,"Aligned to the mean magnitude over 16 channels, ±100 ms, reading v4. 341 stamp(s) moved by -80.9 to 65.1 ms; 74 left where they were. No labels changed.",Shahriar Tafti,dbf2676df67a
PTEN,59,4,PTEN m59 s4 2025-07-07,ds,m59s4jul7,5,843.36386,spike,Dentate Spike,Rain Younger,2026-09-22T14:09:30-04:00,"Aligned to the mean magnitude over 16 channels, ±100 ms, reading v4. 341 stamp(s) moved by -80.9 to 65.1 ms; 74 left where they were. No labels changed.",Shahriar Tafti,dbf2676df67a
PTEN,59,4,PTEN m59 s4 2025-07-07,ds,m59s4jul7,5,849.375865,spike,Dentate Spike,Rain Younger,2026-09-22T14:09:30-04:00,"Aligned to the mean magnitude over 16 channels, ±100 ms, reading v4. 341 stamp(s) moved by -80.9 to 65.1 ms; 74 left where they were. No labels changed.",Shahriar Tafti,dbf2676df67a
PTEN,59,4,PTEN m59 s4 2025-07-07,ds,m59s4jul7,5,860.40572,spike,Dentate Spike,Rain Younger,2026-09-22T14:09:30-04:00,"Aligned to the mean magnitude over 16 channels, ±100 ms, reading v4. 341 stamp(s) moved by -80.9 to 65.1 ms; 74 left where they were. No labels changed.",Shahriar Tafti,dbf2676df67a
PTEN,59,4,PTEN m59 s4 2025-07-07,ds,m59s4jul7,5,863.328375,spike,Dentate Spike,Rain Younger,2026-09-22T14:09:30-04:00,"Aligned to the mean magnitude over 16 channels, ±100 ms, reading v4. 341 stamp(s) moved by -80.9 to 65.1 ms; 74 left where they were. No labels changed.",Shahriar Tafti,dbf2676df67a
PTEN,59,4,PTEN m59 s4 2025-07-07,ds,m59s4jul7,5,863.497313,spike,Dentate Spike,Rain Younger,2026-09-22T14:09:30-04:00,"Aligned to the mean magnitude over 16 channels, ±100 ms, reading v4. 341 stamp(s) moved by -80.9 to 65.1 ms; 74 left where they were. No labels changed.",Shahriar Tafti,dbf2676df67a
PTEN,59,4,PTEN m59 s4 2025-07-07,ds,m59s4jul7,5,869.303071,spike,Dentate Spike,Rain Younger,2026-09-22T14:09:30-04:00,"Aligned to the mean magnitude over 16 channels, ±100 ms, reading v4. 341 stamp(s) moved by -80.9 to 65.1 ms; 74 left where they were. No labels changed.",Shahriar Tafti,dbf2676df67a
PTEN,59,4,PTEN m59 s4 2025-07-07,ds,m59s4jul7,5,873.426839,spike,Dentate Spike,Rain Younger,2026-09-22T14:09:30-04:00,"Aligned to the mean magnitude over 16 channels, ±100 ms, reading v4. 341 stamp(s) moved by -80.9 to 65.1 ms; 74 left where they were. No labels changed.",Shahriar Tafti,dbf2676df67a
PTEN,59,4,PTEN m59 s4 2025-07-07,ds,m59s4jul7,5,880.623877,spike,Dentate Spike,Rain Younger,2026-09-22T14:09:30-04:00,"Aligned to the mean magnitude over 16 channels, ±100 ms, reading v4. 341 stamp(s) moved by -80.9 to 65.1 ms; 74 left where they were. No labels changed.",Shahriar Tafti,dbf2676df67a
PTEN,59,4,PTEN m59 s4 2025-07-07,ds,m59s4jul7,5,904.880317,spike,Dentate Spike,Rain Younger,2026-09-22T14:09:30-04:00,"Aligned to the mean magnitude over 16 channels, ±100 ms, reading v4. 341 stamp(s) moved by -80.9 to 65.1 ms; 74 left where they were. No labels changed.",Shahriar Tafti,dbf2676df67a
PTEN,59,4,PTEN m59 s4 2025-07-07,ds,m59s4jul7,5,912.311195,spike,Dentate Spike,Rain Younger,2026-09-22T14:09:30-04:00,"Aligned to the mean magnitude over 16 channels, ±100 ms, reading v4. 341 stamp(s) moved by -80.9 to 65.1 ms; 74 left where they were. No labels changed.",Shahriar Tafti,dbf2676df67a
PTEN,59,4,PTEN m59 s4 2025-07-07,ds,m59s4jul7,5,918.410229,spike,Dentate Spike,Rain Younger,2026-09-22T14:09:30-04:00,"Aligned to the mean magnitude over 16 channels, ±100 ms, reading v4. 341 stamp(s) moved by -80.9 to 65.1 ms; 74 left where they were. No labels changed.",Shahriar Tafti,dbf2676df67a
PTEN,59,4,PTEN m59 s4 2025-07-07,ds,m59s4jul7,5,931.945691,spike,Dentate Spike,Rain Younger,2026-09-22T14:09:30-04:00,"Aligned to the mean magnitude over 16 channels, ±100 ms, reading v4. 341 stamp(s) moved by -80.9 to 65.1 ms; 74 left where they were. No labels changed.",Shahriar Tafti,dbf2676df67a
PTEN,59,4,PTEN m59 s4 2025-07-07,ds,m59s4jul7,5,936.509578,spike,Dentate Spike,Rain Younger,2026-09-22T14:09:30-04:00,"Aligned to the mean magnitude over 16 channels, ±100 ms, reading v4. 341 stamp(s) moved by -80.9 to 65.1 ms; 74 left where they were. No labels changed.",Shahriar Tafti,dbf2676df67a
PTEN,59,4,PTEN m59 s4 2025-07-07,ds,m59s4jul7,5,951.292522,spike,Dentate Spike,Rain Younger,2026-09-22T14:09:30-04:00,"Aligned to the mean magnitude over 16 channels, ±100 ms, reading v4. 341 stamp(s) moved by -80.9 to 65.1 ms; 74 left where they were. No labels changed.",Shahriar Tafti,dbf2676df67a
PTEN,59,4,PTEN m59 s4 2025-07-07,ds,m59s4jul7,5,964.276834,spike,Dentate Spike,Rain Younger,2026-09-22T14:09:30-04:00,"Aligned to the mean magnitude over 16 channels, ±100 ms, reading v4. 341 stamp(s) moved by -80.9 to 65.1 ms; 74 left where they were. No labels changed.",Shahriar Tafti,dbf2676df67a
PTEN,59,4,PTEN m59 s4 2025-07-07,ds,m59s4jul7,5,967.726109,spike,Dentate Spike,Rain Younger,2026-09-22T14:09:30-04:00,"Aligned to the mean magnitude over 16 channels, ±100 ms, reading v4. 341 stamp(s) moved by -80.9 to 65.1 ms; 74 left where they were. No labels changed.",Shahriar Tafti,dbf2676df67a
PTEN,59,4,PTEN m59 s4 2025-07-07,ds,m59s4jul7,5,967.85185,spike,Dentate Spike,Rain Younger,2026-09-22T14:09:30-04:00,"Aligned to the mean magnitude over 16 channels, ±100 ms, reading v4. 341 stamp(s) moved by -80.9 to 65.1 ms; 74 left where they were. No labels changed.",Shahriar Tafti,dbf2676df67a
PTEN,59,4,PTEN m59 s4 2025-07-07,ds,m59s4jul7,5,977.825616,spike,Dentate Spike,Rain Younger,2026-09-22T14:09:30-04:00,"Aligned to the mean magnitude over 16 channels, ±100 ms, reading v4. 341 stamp(s) moved by -80.9 to 65.1 ms; 74 left where they were. No labels changed.",Shahriar Tafti,dbf2676df67a
PTEN,59,4,PTEN m59 s4 2025-07-07,ds,m59s4jul7,5,977.950978,spike,Dentate Spike,Rain Younger,2026-09-22T14:09:30-04:00,"Aligned to the mean magnitude over 16 channels, ±100 ms, reading v4. 341 stamp(s) moved by -80.9 to 65.1 ms; 74 left where they were. No labels changed.",Shahriar Tafti,dbf2676df67a
PTEN,59,4,PTEN m59 s4 2025-07-07,ds,m59s4jul7,5,1008.017987,spike,Dentate Spike,Rain Younger,2026-09-22T14:09:30-04:00,"Aligned to the mean magnitude over 16 channels, ±100 ms, reading v4. 341 stamp(s) moved by -80.9 to 65.1 ms; 74 left where they were. No labels changed.",Shahriar Tafti,dbf2676df67a
PTEN,59,4,PTEN m59 s4 2025-07-07,ds,m59s4jul7,5,1008.158092,spike,Dentate Spike,Rain Younger,2026-09-22T14:09:30-04:00,"Aligned to the mean magnitude over 16 channels, ±100 ms, reading v4. 341 stamp(s) moved by -80.9 to 65.1 ms; 74 left where they were. No labels changed.",Shahriar Tafti,dbf2676df67a
PTEN,59,4,PTEN m59 s4 2025-07-07,ds,m59s4jul7,5,1035.127082,spike,Dentate Spike,Rain Younger,2026-09-22T14:09:30-04:00,"Aligned to the mean magnitude over 16 channels, ±100 ms, reading v4. 341 stamp(s) moved by -80.9 to 65.1 ms; 74 left where they were. No labels changed.",Shahriar Tafti,dbf2676df67a
PTEN,59,4,PTEN m59 s4 2025-07-07,ds,m59s4jul7,5,1043.289918,spike,Dentate Spike,Rain Younger,2026-09-22T14:09:30-04:00,"Aligned to the mean magnitude over 16 channels, ±100 ms, reading v4. 341 stamp(s) moved by -80.9 to 65.1 ms; 74 left where they were. No labels changed.",Shahriar Tafti,dbf2676df67a
PTEN,59,4,PTEN m59 s4 2025-07-07,ds,m59s4jul7,5,1044.743052,spike,Dentate Spike,Rain Younger,2026-09-22T14:09:30-04:00,"Aligned to the mean magnitude over 16 channels, ±100 ms, reading v4. 341 stamp(s) moved by -80.9 to 65.1 ms; 74 left where they were. No labels changed.",Shahriar Tafti,dbf2676df67a
PTEN,59,4,PTEN m59 s4 2025-07-07,ds,m59s4jul7,5,1076.564587,spike,Dentate Spike,Rain Younger,2026-09-22T14:09:30-04:00,"Aligned to the mean magnitude over 16 channels, ±100 ms, reading v4. 341 stamp(s) moved by -80.9 to 65.1 ms; 74 left where they were. No labels changed.",Shahriar Tafti,dbf2676df67a
PTEN,59,4,PTEN m59 s4 2025-07-07,ds,m59s4jul7,5,1079.316231,spike,Dentate Spike,Rain Younger,2026-09-22T14:09:30-04:00,"Aligned to the mean magnitude over 16 channels, ±100 ms, reading v4. 341 stamp(s) moved by -80.9 to 65.1 ms; 74 left where they were. No labels changed.",Shahriar Tafti,dbf2676df67a
PTEN,59,4,PTEN m59 s4 2025-07-07,ds,m59s4jul7,5,1080.540669,spike,Dentate Spike,Rain Younger,2026-09-22T14:09:30-04:00,"Aligned to the mean magnitude over 16 channels, ±100 ms, reading v4. 341 stamp(s) moved by -80.9 to 65.1 ms; 74 left where they were. No labels changed.",Shahriar Tafti,dbf2676df67a
PTEN,59,4,PTEN m59 s4 2025-07-07,ds,m59s4jul7,5,1085.701686,spike,Dentate Spike,Rain Younger,2026-09-22T14:09:30-04:00,"Aligned to the mean magnitude over 16 channels, ±100 ms, reading v4. 341 stamp(s) moved by -80.9 to 65.1 ms; 74 left where they were. No labels changed.",Shahriar Tafti,dbf2676df67a
PTEN,59,4,PTEN m59 s4 2025-07-07,ds,m59s4jul7,5,1087.843381,spike,Dentate Spike,Rain Younger,2026-09-22T14:09:30-04:00,"Aligned to the mean magnitude over 16 channels, ±100 ms, reading v4. 341 stamp(s) moved by -80.9 to 65.1 ms; 74 left where they were. No labels changed.",Shahriar Tafti,dbf2676df67a
PTEN,59,4,PTEN m59 s4 2025-07-07,ds,m59s4jul7,5,1102.180999,spike,Dentate Spike,Rain Younger,2026-09-22T14:09:30-04:00,"Aligned to the mean magnitude over 16 channels, ±100 ms, reading v4. 341 stamp(s) moved by -80.9 to 65.1 ms; 74 left where they were. No labels changed.",Shahriar Tafti,dbf2676df67a
PTEN,59,4,PTEN m59 s4 2025-07-07,ds,m59s4jul7,5,1112.748936,spike,Dentate Spike,Rain Younger,2026-09-22T14:09:30-04:00,"Aligned to the mean magnitude over 16 channels, ±100 ms, reading v4. 341 stamp(s) moved by -80.9 to 65.1 ms; 74 left where they were. No labels changed.",Shahriar Tafti,dbf2676df67a
PTEN,59,4,PTEN m59 s4 2025-07-07,ds,m59s4jul7,5,1121.774936,spike,Dentate Spike,Rain Younger,2026-09-22T14:09:30-04:00,"Aligned to the mean magnitude over 16 channels, ±100 ms, reading v4. 341 stamp(s) moved by -80.9 to 65.1 ms; 74 left where they were. No labels changed.",Shahriar Tafti,dbf2676df67a
PTEN,59,4,PTEN m59 s4 2025-07-07,ds,m59s4jul7,5,1143.491278,spike,Dentate Spike,Rain Younger,2026-09-22T14:09:30-04:00,"Aligned to the mean magnitude over 16 channels, ±100 ms, reading v4. 341 stamp(s) moved by -80.9 to 65.1 ms; 74 left where they were. No labels changed.",Shahriar Tafti,dbf2676df67a
PTEN,59,4,PTEN m59 s4 2025-07-07,ds,m59s4jul7,5,1153.546416,spike,Dentate Spike,Rain Younger,2026-09-22T14:09:30-04:00,"Aligned to the mean magnitude over 16 channels, ±100 ms, reading v4. 341 stamp(s) moved by -80.9 to 65.1 ms; 74 left where they were. No labels changed.",Shahriar Tafti,dbf2676df67a
PTEN,59,4,PTEN m59 s4 2025-07-07,ds,m59s4jul7,5,1162.064636,spike,Dentate Spike,Rain Younger,2026-09-22T14:09:30-04:00,"Aligned to the mean magnitude over 16 channels, ±100 ms, reading v4. 341 stamp(s) moved by -80.9 to 65.1 ms; 74 left where they were. No labels changed.",Shahriar Tafti,dbf2676df67a
PTEN,59,4,PTEN m59 s4 2025-07-07,ds,m59s4jul7,5,1165.219402,spike,Dentate Spike,Rain Younger,2026-09-22T14:09:30-04:00,"Aligned to the mean magnitude over 16 channels, ±100 ms, reading v4. 341 stamp(s) moved by -80.9 to 65.1 ms; 74 left where they were. No labels changed.",Shahriar Tafti,dbf2676df67a
PTEN,59,4,PTEN m59 s4 2025-07-07,ds,m59s4jul7,5,1181.347032,spike,Dentate Spike,Rain Younger,2026-09-22T14:09:30-04:00,"Aligned to the mean magnitude over 16 channels, ±100 ms, reading v4. 341 stamp(s) moved by -80.9 to 65.1 ms; 74 left where they were. No labels changed.",Shahriar Tafti,dbf2676df67a
PTEN,59,4,PTEN m59 s4 2025-07-07,ds,m59s4jul7,5,1215.584558,spike,Dentate Spike,Rain Younger,2026-09-22T14:09:30-04:00,"Aligned to the mean magnitude over 16 channels, ±100 ms, reading v4. 341 stamp(s) moved by -80.9 to 65.1 ms; 74 left where they were. No labels changed.",Shahriar Tafti,dbf2676df67a
PTEN,59,4,PTEN m59 s4 2025-07-07,ds,m59s4jul7,5,1225.953076,spike,Dentate Spike,Rain Younger,2026-09-22T14:09:30-04:00,"Aligned to the mean magnitude over 16 channels, ±100 ms, reading v4. 341 stamp(s) moved by -80.9 to 65.1 ms; 74 left where they were. No labels changed.",Shahriar Tafti,dbf2676df67a
PTEN,59,4,PTEN m59 s4 2025-07-07,ds,m59s4jul7,5,1230.83197,spike,Dentate Spike,Rain Younger,2026-09-22T14:09:30-04:00,"Aligned to the mean magnitude over 16 channels, ±100 ms, reading v4. 341 stamp(s) moved by -80.9 to 65.1 ms; 74 left where they were. No labels changed.",Shahriar Tafti,dbf2676df67a
PTEN,59,4,PTEN m59 s4 2025-07-07,ds,m59s4jul7,5,1253.150824,spike,Dentate Spike,Rain Younger,2026-09-22T14:09:30-04:00,"Aligned to the mean magnitude over 16 channels, ±100 ms, reading v4. 341 stamp(s) moved by -80.9 to 65.1 ms; 74 left where they were. No labels changed.",Shahriar Tafti,dbf2676df67a
PTEN,59,4,PTEN m59 s4 2025-07-07,ds,m59s4jul7,5,1276.876567,spike,Dentate Spike,Rain Younger,2026-09-22T14:09:30-04:00,"Aligned to the mean magnitude over 16 channels, ±100 ms, reading v4. 341 stamp(s) moved by -80.9 to 65.1 ms; 74 left where they were. No labels changed.",Shahriar Tafti,dbf2676df67a
PTEN,59,4,PTEN m59 s4 2025-07-07,ds,m59s4jul7,5,1277.082556,spike,Dentate Spike,Rain Younger,2026-09-22T14:09:30-04:00,"Aligned to the mean magnitude over 16 channels, ±100 ms, reading v4. 341 stamp(s) moved by -80.9 to 65.1 ms; 74 left where they were. No labels changed.",Shahriar Tafti,dbf2676df67a
PTEN,59,4,PTEN m59 s4 2025-07-07,ds,m59s4jul7,5,1278.236019,spike,Dentate Spike,Rain Younger,2026-09-22T14:09:30-04:00,"Aligned to the mean magnitude over 16 channels, ±100 ms, reading v4. 341 stamp(s) moved by -80.9 to 65.1 ms; 74 left where they were. No labels changed.",Shahriar Tafti,dbf2676df67a
PTEN,59,4,PTEN m59 s4 2025-07-07,ds,m59s4jul7,5,1288.228833,spike,Dentate Spike,Rain Younger,2026-09-22T14:09:30-04:00,"Aligned to the mean magnitude over 16 channels, ±100 ms, reading v4. 341 stamp(s) moved by -80.9 to 65.1 ms; 74 left where they were. No labels changed.",Shahriar Tafti,dbf2676df67a
PTEN,59,4,PTEN m59 s4 2025-07-07,ds,m59s4jul7,5,1292.751617,spike,Dentate Spike,Rain Younger,2026-09-22T14:09:30-04:00,"Aligned to the mean magnitude over 16 channels, ±100 ms, reading v4. 341 stamp(s) moved by -80.9 to 65.1 ms; 74 left where they were. No labels changed.",Shahriar Tafti,dbf2676df67a
PTEN,59,4,PTEN m59 s4 2025-07-07,ds,m59s4jul7,5,1305.556909,spike,Dentate Spike,Rain Younger,2026-09-22T14:09:30-04:00,"Aligned to the mean magnitude over 16 channels, ±100 ms, reading v4. 341 stamp(s) moved by -80.9 to 65.1 ms; 74 left where they were. No labels changed.",Shahriar Tafti,dbf2676df67a
PTEN,59,4,PTEN m59 s4 2025-07-07,ds,m59s4jul7,5,1322.570774,spike,Dentate Spike,Rain Younger,2026-09-22T14:09:30-04:00,"Aligned to the mean magnitude over 16 channels, ±100 ms, reading v4. 341 stamp(s) moved by -80.9 to 65.1 ms; 74 left where they were. No labels changed.",Shahriar Tafti,dbf2676df67a
PTEN,59,4,PTEN m59 s4 2025-07-07,ds,m59s4jul7,5,1327.242719,spike,Dentate Spike,Rain Younger,2026-09-22T14:09:30-04:00,"Aligned to the mean magnitude over 16 channels, ±100 ms, reading v4. 341 stamp(s) moved by -80.9 to 65.1 ms; 74 left where they were. No labels changed.",Shahriar Tafti,dbf2676df67a
PTEN,59,4,PTEN m59 s4 2025-07-07,ds,m59s4jul7,5,1347.519267,spike,Dentate Spike,Rain Younger,2026-09-22T14:09:30-04:00,"Aligned to the mean magnitude over 16 channels, ±100 ms, reading v4. 341 stamp(s) moved by -80.9 to 65.1 ms; 74 left where they were. No labels changed.",Shahriar Tafti,dbf2676df67a
PTEN,59,4,PTEN m59 s4 2025-07-07,ds,m59s4jul7,5,1348.584648,spike,Dentate Spike,Rain Younger,2026-09-22T14:09:30-04:00,"Aligned to the mean magnitude over 16 channels, ±100 ms, reading v4. 341 stamp(s) moved by -80.9 to 65.1 ms; 74 left where they were. No labels changed.",Shahriar Tafti,dbf2676df67a
PTEN,59,4,PTEN m59 s4 2025-07-07,ds,m59s4jul7,5,1363.256038,spike,Dentate Spike,Rain Younger,2026-09-22T14:09:30-04:00,"Aligned to the mean magnitude over 16 channels, ±100 ms, reading v4. 341 stamp(s) moved by -80.9 to 65.1 ms; 74 left where they were. No labels changed.",Shahriar Tafti,dbf2676df67a
PTEN,59,4,PTEN m59 s4 2025-07-07,ds,m59s4jul7,5,1371.099903,spike,Dentate Spike,Rain Younger,2026-09-22T14:09:30-04:00,"Aligned to the mean magnitude over 16 channels, ±100 ms, reading v4. 341 stamp(s) moved by -80.9 to 65.1 ms; 74 left where they were. No labels changed.",Shahriar Tafti,dbf2676df67a
PTEN,59,4,PTEN m59 s4 2025-07-07,ds,m59s4jul7,5,1371.220763,spike,Dentate Spike,Rain Younger,2026-09-22T14:09:30-04:00,"Aligned to the mean magnitude over 16 channels, ±100 ms, reading v4. 341 stamp(s) moved by -80.9 to 65.1 ms; 74 left where they were. No labels changed.",Shahriar Tafti,dbf2676df67a
PTEN,59,4,PTEN m59 s4 2025-07-07,ds,m59s4jul7,5,1378.080381,spike,Dentate Spike,Rain Younger,2026-09-22T14:09:30-04:00,"Aligned to the mean magnitude over 16 channels, ±100 ms, reading v4. 341 stamp(s) moved by -80.9 to 65.1 ms; 74 left where they were. No labels changed.",Shahriar Tafti,dbf2676df67a
PTEN,59,4,PTEN m59 s4 2025-07-07,ds,m59s4jul7,5,1383.76304,spike,Dentate Spike,Rain Younger,2026-09-22T14:09:30-04:00,"Aligned to the mean magnitude over 16 channels, ±100 ms, reading v4. 341 stamp(s) moved by -80.9 to 65.1 ms; 74 left where they were. No labels changed.",Shahriar Tafti,dbf2676df67a
PTEN,59,4,PTEN m59 s4 2025-07-07,ds,m59s4jul7,5,1387.512923,spike,Dentate Spike,Rain Younger,2026-09-22T14:09:30-04:00,"Aligned to the mean magnitude over 16 channels, ±100 ms, reading v4. 341 stamp(s) moved by -80.9 to 65.1 ms; 74 left where they were. No labels changed.",Shahriar Tafti,dbf2676df67a
PTEN,59,4,PTEN m59 s4 2025-07-07,ds,m59s4jul7,5,1400.584345,spike,Dentate Spike,Rain Younger,2026-09-22T14:09:30-04:00,"Aligned to the mean magnitude over 16 channels, ±100 ms, reading v4. 341 stamp(s) moved by -80.9 to 65.1 ms; 74 left where they were. No labels changed.",Shahriar Tafti,dbf2676df67a
PTEN,59,4,PTEN m59 s4 2025-07-07,ds,m59s4jul7,5,1412.971832,spike,Dentate Spike,Rain Younger,2026-09-22T14:09:30-04:00,"Aligned to the mean magnitude over 16 channels, ±100 ms, reading v4. 341 stamp(s) moved by -80.9 to 65.1 ms; 74 left where they were. No labels changed.",Shahriar Tafti,dbf2676df67a
PTEN,59,4,PTEN m59 s4 2025-07-07,ds,m59s4jul7,5,1419.156093,spike,Dentate Spike,Rain Younger,2026-09-22T14:09:30-04:00,"Aligned to the mean magnitude over 16 channels, ±100 ms, reading v4. 341 stamp(s) moved by -80.9 to 65.1 ms; 74 left where they were. No labels changed.",Shahriar Tafti,dbf2676df67a
PTEN,59,4,PTEN m59 s4 2025-07-07,ds,m59s4jul7,5,1425.408735,spike,Dentate Spike,Rain Younger,2026-09-22T14:09:30-04:00,"Aligned to the mean magnitude over 16 channels, ±100 ms, reading v4. 341 stamp(s) moved by -80.9 to 65.1 ms; 74 left where they were. No labels changed.",Shahriar Tafti,dbf2676df67a
PTEN,59,4,PTEN m59 s4 2025-07-07,ds,m59s4jul7,5,1430.725524,spike,Dentate Spike,Rain Younger,2026-09-22T14:09:30-04:00,"Aligned to the mean magnitude over 16 channels, ±100 ms, reading v4. 341 stamp(s) moved by -80.9 to 65.1 ms; 74 left where they were. No labels changed.",Shahriar Tafti,dbf2676df67a
PTEN,59,4,PTEN m59 s4 2025-07-07,ds,m59s4jul7,5,1440.589819,spike,Dentate Spike,Rain Younger,2026-09-22T14:09:30-04:00,"Aligned to the mean magnitude over 16 channels, ±100 ms, reading v4. 341 stamp(s) moved by -80.9 to 65.1 ms; 74 left where they were. No labels changed.",Shahriar Tafti,dbf2676df67a
PTEN,59,4,PTEN m59 s4 2025-07-07,ds,m59s4jul7,5,1445.485017,spike,Dentate Spike,Rain Younger,2026-09-22T14:09:30-04:00,"Aligned to the mean magnitude over 16 channels, ±100 ms, reading v4. 341 stamp(s) moved by -80.9 to 65.1 ms; 74 left where they were. No labels changed.",Shahriar Tafti,dbf2676df67a
PTEN,59,4,PTEN m59 s4 2025-07-07,ds,m59s4jul7,5,1472.460583,spike,Dentate Spike,Rain Younger,2026-09-22T14:09:30-04:00,"Aligned to the mean magnitude over 16 channels, ±100 ms, reading v4. 341 stamp(s) moved by -80.9 to 65.1 ms; 74 left where they were. No labels changed.",Shahriar Tafti,dbf2676df67a
PTEN,59,4,PTEN m59 s4 2025-07-07,ds,m59s4jul7,5,1478.310785,spike,Dentate Spike,Rain Younger,2026-09-22T14:09:30-04:00,"Aligned to the mean magnitude over 16 channels, ±100 ms, reading v4. 341 stamp(s) moved by -80.9 to 65.1 ms; 74 left where they were. No labels changed.",Shahriar Tafti,dbf2676df67a
PTEN,59,4,PTEN m59 s4 2025-07-07,ds,m59s4jul7,5,1496.231989,spike,Dentate Spike,Rain Younger,2026-09-22T14:09:30-04:00,"Aligned to the mean magnitude over 16 channels, ±100 ms, reading v4. 341 stamp(s) moved by -80.9 to 65.1 ms; 74 left where they were. No labels changed.",Shahriar Tafti,dbf2676df67a
PTEN,59,4,PTEN m59 s4 2025-07-07,ds,m59s4jul7,5,1502.012951,spike,Dentate Spike,Rain Younger,2026-09-22T14:09:30-04:00,"Aligned to the mean magnitude over 16 channels, ±100 ms, reading v4. 341 stamp(s) moved by -80.9 to 65.1 ms; 74 left where they were. No labels changed.",Shahriar Tafti,dbf2676df67a
PTEN,59,4,PTEN m59 s4 2025-07-07,ds,m59s4jul7,5,1503.696951,spike,Dentate Spike,Rain Younger,2026-09-22T14:09:30-04:00,"Aligned to the mean magnitude over 16 channels, ±100 ms, reading v4. 341 stamp(s) moved by -80.9 to 65.1 ms; 74 left where they were. No labels changed.",Shahriar Tafti,dbf2676df67a
PTEN,59,4,PTEN m59 s4 2025-07-07,ds,m59s4jul7,5,1505.483951,spike,Dentate Spike,Rain Younger,2026-09-22T14:09:30-04:00,"Aligned to the mean magnitude over 16 channels, ±100 ms, reading v4. 341 stamp(s) moved by -80.9 to 65.1 ms; 74 left where they were. No labels changed.",Shahriar Tafti,dbf2676df67a
PTEN,59,4,PTEN m59 s4 2025-07-07,ds,m59s4jul7,5,1522.647951,spike,Dentate Spike,Rain Younger,2026-09-22T14:09:30-04:00,"Aligned to the mean magnitude over 16 channels, ±100 ms, reading v4. 341 stamp(s) moved by -80.9 to 65.1 ms; 74 left where they were. No labels changed.",Shahriar Tafti,dbf2676df67a
PTEN,59,4,PTEN m59 s4 2025-07-07,ds,m59s4jul7,5,1522.850139,spike,Dentate Spike,Rain Younger,2026-09-22T14:09:30-04:00,"Aligned to the mean magnitude over 16 channels, ±100 ms, reading v4. 341 stamp(s) moved by -80.9 to 65.1 ms; 74 left where they were. No labels changed.",Shahriar Tafti,dbf2676df67a
PTEN,59,4,PTEN m59 s4 2025-07-07,ds,m59s4jul7,5,1523.477951,spike,Dentate Spike,Rain Younger,2026-09-22T14:09:30-04:00,"Aligned to the mean magnitude over 16 channels, ±100 ms, reading v4. 341 stamp(s) moved by -80.9 to 65.1 ms; 74 left where they were. No labels changed.",Shahriar Tafti,dbf2676df67a
PTEN,59,4,PTEN m59 s4 2025-07-07,ds,m59s4jul7,5,1529.740752,spike,Dentate Spike,Rain Younger,2026-09-22T14:09:30-04:00,"Aligned to the mean magnitude over 16 channels, ±100 ms, reading v4. 341 stamp(s) moved by -80.9 to 65.1 ms; 74 left where they were. No labels changed.",Shahriar Tafti,dbf2676df67a
PTEN,59,4,PTEN m59 s4 2025-07-07,ds,m59s4jul7,5,1529.838486,spike,Dentate Spike,Rain Younger,2026-09-22T14:09:30-04:00,"Aligned to the mean magnitude over 16 channels, ±100 ms, reading v4. 341 stamp(s) moved by -80.9 to 65.1 ms; 74 left where they were. No labels changed.",Shahriar Tafti,dbf2676df67a
PTEN,59,4,PTEN m59 s4 2025-07-07,ds,m59s4jul7,5,1539.502951,spike,Dentate Spike,Rain Younger,2026-09-22T14:09:30-04:00,"Aligned to the mean magnitude over 16 channels, ±100 ms, reading v4. 341 stamp(s) moved by -80.9 to 65.1 ms; 74 left where they were. No labels changed.",Shahriar Tafti,dbf2676df67a
PTEN,59,4,PTEN m59 s4 2025-07-07,ds,m59s4jul7,5,1553.72399,spike,Dentate Spike,Rain Younger,2026-09-22T14:09:30-04:00,"Aligned to the mean magnitude over 16 channels, ±100 ms, reading v4. 341 stamp(s) moved by -80.9 to 65.1 ms; 74 left where they were. No labels changed.",Shahriar Tafti,dbf2676df67a
PTEN,59,4,PTEN m59 s4 2025-07-07,ds,m59s4jul7,5,1556.719728,spike,Dentate Spike,Rain Younger,2026-09-22T14:09:30-04:00,"Aligned to the mean magnitude over 16 channels, ±100 ms, reading v4. 341 stamp(s) moved by -80.9 to 65.1 ms; 74 left where they were. No labels changed.",Shahriar Tafti,dbf2676df67a
PTEN,59,4,PTEN m59 s4 2025-07-07,ds,m59s4jul7,5,1557.946554,spike,Dentate Spike,Rain Younger,2026-09-22T14:09:30-04:00,"Aligned to the mean magnitude over 16 channels, ±100 ms, reading v4. 341 stamp(s) moved by -80.9 to 65.1 ms; 74 left where they were. No labels changed.",Shahriar Tafti,dbf2676df67a
PTEN,59,4,PTEN m59 s4 2025-07-07,ds,m59s4jul7,5,1563.584423,spike,Dentate Spike,Rain Younger,2026-09-22T14:09:30-04:00,"Aligned to the mean magnitude over 16 channels, ±100 ms, reading v4. 341 stamp(s) moved by -80.9 to 65.1 ms; 74 left where they were. No labels changed.",Shahriar Tafti,dbf2676df67a
PTEN,59,4,PTEN m59 s4 2025-07-07,ds,m59s4jul7,5,1566.665951,spike,Dentate Spike,Rain Younger,2026-09-22T14:09:30-04:00,"Aligned to the mean magnitude over 16 channels, ±100 ms, reading v4. 341 stamp(s) moved by -80.9 to 65.1 ms; 74 left where they were. No labels changed.",Shahriar Tafti,dbf2676df67a
PTEN,59,4,PTEN m59 s4 2025-07-07,ds,m59s4jul7,5,1596.368951,spike,Dentate Spike,Rain Younger,2026-09-22T14:09:30-04:00,"Aligned to the mean magnitude over 16 channels, ±100 ms, reading v4. 341 stamp(s) moved by -80.9 to 65.1 ms; 74 left where they were. No labels changed.",Shahriar Tafti,dbf2676df67a
PTEN,59,4,PTEN m59 s4 2025-07-07,ds,m59s4jul7,5,1607.631951,spike,Dentate Spike,Rain Younger,2026-09-22T14:09:30-04:00,"Aligned to the mean magnitude over 16 channels, ±100 ms, reading v4. 341 stamp(s) moved by -80.9 to 65.1 ms; 74 left where they were. No labels changed.",Shahriar Tafti,dbf2676df67a
PTEN,59,4,PTEN m59 s4 2025-07-07,ds,m59s4jul7,5,1649.394083,spike,Dentate Spike,Rain Younger,2026-09-22T14:09:30-04:00,"Aligned to the mean magnitude over 16 channels, ±100 ms, reading v4. 341 stamp(s) moved by -80.9 to 65.1 ms; 74 left where they were. No labels changed.",Shahriar Tafti,dbf2676df67a
PTEN,59,4,PTEN m59 s4 2025-07-07,ds,m59s4jul7,5,1654.576951,spike,Dentate Spike,Rain Younger,2026-09-22T14:09:30-04:00,"Aligned to the mean magnitude over 16 channels, ±100 ms, reading v4. 341 stamp(s) moved by -80.9 to 65.1 ms; 74 left where they were. No labels changed.",Shahriar Tafti,dbf2676df67a
PTEN,59,4,PTEN m59 s4 2025-07-07,ds,m59s4jul7,5,1655.741951,spike,Dentate Spike,Rain Younger,2026-09-22T14:09:30-04:00,"Aligned to the mean magnitude over 16 channels, ±100 ms, reading v4. 341 stamp(s) moved by -80.9 to 65.1 ms; 74 left where they were. No labels changed.",Shahriar Tafti,dbf2676df67a
PTEN,59,4,PTEN m59 s4 2025-07-07,ds,m59s4jul7,5,1661.445714,spike,Dentate Spike,Rain Younger,2026-09-22T14:09:30-04:00,"Aligned to the mean magnitude over 16 channels, ±100 ms, reading v4. 341 stamp(s) moved by -80.9 to 65.1 ms; 74 left where they were. No labels changed.",Shahriar Tafti,dbf2676df67a
PTEN,59,4,PTEN m59 s4 2025-07-07,ds,m59s4jul7,5,1661.5768,spike,Dentate Spike,Rain Younger,2026-09-22T14:09:30-04:00,"Aligned to the mean magnitude over 16 channels, ±100 ms, reading v4. 341 stamp(s) moved by -80.9 to 65.1 ms; 74 left where they were. No labels changed.",Shahriar Tafti,dbf2676df67a
PTEN,59,4,PTEN m59 s4 2025-07-07,ds,m59s4jul7,5,1661.783951,spike,Dentate Spike,Rain Younger,2026-09-22T14:09:30-04:00,"Aligned to the mean magnitude over 16 channels, ±100 ms, reading v4. 341 stamp(s) moved by -80.9 to 65.1 ms; 74 left where they were. No labels changed.",Shahriar Tafti,dbf2676df67a
PTEN,59,4,PTEN m59 s4 2025-07-07,ds,m59s4jul7,5,1672.644951,spike,Dentate Spike,Rain Younger,2026-09-22T14:09:30-04:00,"Aligned to the mean magnitude over 16 channels, ±100 ms, reading v4. 341 stamp(s) moved by -80.9 to 65.1 ms; 74 left where they were. No labels changed.",Shahriar Tafti,dbf2676df67a
PTEN,59,4,PTEN m59 s4 2025-07-07,ds,m59s4jul7,5,1687.842872,spike,Dentate Spike,Rain Younger,2026-09-22T14:09:30-04:00,"Aligned to the mean magnitude over 16 channels, ±100 ms, reading v4. 341 stamp(s) moved by -80.9 to 65.1 ms; 74 left where they were. No labels changed.",Shahriar Tafti,dbf2676df67a
PTEN,59,4,PTEN m59 s4 2025-07-07,ds,m59s4jul7,5,1690.801951,spike,Dentate Spike,Rain Younger,2026-09-22T14:09:30-04:00,"Aligned to the mean magnitude over 16 channels, ±100 ms, reading v4. 341 stamp(s) moved by -80.9 to 65.1 ms; 74 left where they were. No labels changed.",Shahriar Tafti,dbf2676df67a
PTEN,59,4,PTEN m59 s4 2025-07-07,ds,m59s4jul7,5,1693.541259,spike,Dentate Spike,Rain Younger,2026-09-22T14:09:30-04:00,"Aligned to the mean magnitude over 16 channels, ±100 ms, reading v4. 341 stamp(s) moved by -80.9 to 65.1 ms; 74 left where they were. No labels changed.",Shahriar Tafti,dbf2676df67a
PTEN,59,4,PTEN m59 s4 2025-07-07,ds,m59s4jul7,5,1693.777951,spike,Dentate Spike,Rain Younger,2026-09-22T14:09:30-04:00,"Aligned to the mean magnitude over 16 channels, ±100 ms, reading v4. 341 stamp(s) moved by -80.9 to 65.1 ms; 74 left where they were. No labels changed.",Shahriar Tafti,dbf2676df67a
PTEN,59,4,PTEN m59 s4 2025-07-07,ds,m59s4jul7,5,1700.344469,spike,Dentate Spike,Rain Younger,2026-09-22T14:09:30-04:00,"Aligned to the mean magnitude over 16 channels, ±100 ms, reading v4. 341 stamp(s) moved by -80.9 to 65.1 ms; 74 left where they were. No labels changed.",Shahriar Tafti,dbf2676df67a
PTEN,59,4,PTEN m59 s4 2025-07-07,ds,m59s4jul7,5,1716.77473,spike,Dentate Spike,Rain Younger,2026-09-22T14:09:30-04:00,"Aligned to the mean magnitude over 16 channels, ±100 ms, reading v4. 341 stamp(s) moved by -80.9 to 65.1 ms; 74 left where they were. No labels changed.",Shahriar Tafti,dbf2676df67a
PTEN,59,4,PTEN m59 s4 2025-07-07,ds,m59s4jul7,5,1719.390455,spike,Dentate Spike,Rain Younger,2026-09-22T14:09:30-04:00,"Aligned to the mean magnitude over 16 channels, ±100 ms, reading v4. 341 stamp(s) moved by -80.9 to 65.1 ms; 74 left where they were. No labels changed.",Shahriar Tafti,dbf2676df67a
PTEN,59,4,PTEN m59 s4 2025-07-07,ds,m59s4jul7,5,1720.972951,spike,Dentate Spike,Rain Younger,2026-09-22T14:09:30-04:00,"Aligned to the mean magnitude over 16 channels, ±100 ms, reading v4. 341 stamp(s) moved by -80.9 to 65.1 ms; 74 left where they were. No labels changed.",Shahriar Tafti,dbf2676df67a
PTEN,59,4,PTEN m59 s4 2025-07-07,ds,m59s4jul7,5,1739.055951,spike,Dentate Spike,Rain Younger,2026-09-22T14:09:30-04:00,"Aligned to the mean magnitude over 16 channels, ±100 ms, reading v4. 341 stamp(s) moved by -80.9 to 65.1 ms; 74 left where they were. No labels changed.",Shahriar Tafti,dbf2676df67a
PTEN,59,4,PTEN m59 s4 2025-07-07,ds,m59s4jul7,5,1745.242004,spike,Dentate Spike,Rain Younger,2026-09-22T14:09:30-04:00,"Aligned to the mean magnitude over 16 channels, ±100 ms, reading v4. 341 stamp(s) moved by -80.9 to 65.1 ms; 74 left where they were. No labels changed.",Shahriar Tafti,dbf2676df67a
PTEN,59,4,PTEN m59 s4 2025-07-07,ds,m59s4jul7,5,1754.246123,spike,Dentate Spike,Rain Younger,2026-09-22T14:09:30-04:00,"Aligned to the mean magnitude over 16 channels, ±100 ms, reading v4. 341 stamp(s) moved by -80.9 to 65.1 ms; 74 left where they were. No labels changed.",Shahriar Tafti,dbf2676df67a
PTEN,59,4,PTEN m59 s4 2025-07-07,ds,m59s4jul7,5,1754.397469,spike,Dentate Spike,Rain Younger,2026-09-22T14:09:30-04:00,"Aligned to the mean magnitude over 16 channels, ±100 ms, reading v4. 341 stamp(s) moved by -80.9 to 65.1 ms; 74 left where they were. No labels changed.",Shahriar Tafti,dbf2676df67a
PTEN,59,4,PTEN m59 s4 2025-07-07,ds,m59s4jul7,5,1754.525134,spike,Dentate Spike,Rain Younger,2026-09-22T14:09:30-04:00,"Aligned to the mean magnitude over 16 channels, ±100 ms, reading v4. 341 stamp(s) moved by -80.9 to 65.1 ms; 74 left where they were. No labels changed.",Shahriar Tafti,dbf2676df67a
PTEN,59,4,PTEN m59 s4 2025-07-07,ds,m59s4jul7,5,1760.446556,spike,Dentate Spike,Rain Younger,2026-09-22T14:09:30-04:00,"Aligned to the mean magnitude over 16 channels, ±100 ms, reading v4. 341 stamp(s) moved by -80.9 to 65.1 ms; 74 left where they were. No labels changed.",Shahriar Tafti,dbf2676df67a
PTEN,59,4,PTEN m59 s4 2025-07-07,ds,m59s4jul7,5,1764.104586,spike,Dentate Spike,Rain Younger,2026-09-22T14:09:30-04:00,"Aligned to the mean magnitude over 16 channels, ±100 ms, reading v4. 341 stamp(s) moved by -80.9 to 65.1 ms; 74 left where they were. No labels changed.",Shahriar Tafti,dbf2676df67a
PTEN,59,4,PTEN m59 s4 2025-07-07,ds,m59s4jul7,5,1764.253044,spike,Dentate Spike,Rain Younger,2026-09-22T14:09:30-04:00,"Aligned to the mean magnitude over 16 channels, ±100 ms, reading v4. 341 stamp(s) moved by -80.9 to 65.1 ms; 74 left where they were. No labels changed.",Shahriar Tafti,dbf2676df67a
PTEN,59,4,PTEN m59 s4 2025-07-07,ds,m59s4jul7,5,1764.412879,spike,Dentate Spike,Rain Younger,2026-09-22T14:09:30-04:00,"Aligned to the mean magnitude over 16 channels, ±100 ms, reading v4. 341 stamp(s) moved by -80.9 to 65.1 ms; 74 left where they were. No labels changed.",Shahriar Tafti,dbf2676df67a
PTEN,59,4,PTEN m59 s4 2025-07-07,ds,m59s4jul7,5,1764.570653,spike,Dentate Spike,Rain Younger,2026-09-22T14:09:30-04:00,"Aligned to the mean magnitude over 16 channels, ±100 ms, reading v4. 341 stamp(s) moved by -80.9 to 65.1 ms; 74 left where they were. No labels changed.",Shahriar Tafti,dbf2676df67a
PTEN,59,4,PTEN m59 s4 2025-07-07,ds,m59s4jul7,5,1766.913038,spike,Dentate Spike,Rain Younger,2026-09-22T14:09:30-04:00,"Aligned to the mean magnitude over 16 channels, ±100 ms, reading v4. 341 stamp(s) moved by -80.9 to 65.1 ms; 74 left where they were. No labels changed.",Shahriar Tafti,dbf2676df67a
PTEN,59,4,PTEN m59 s4 2025-07-07,ds,m59s4jul7,5,1768.422673,spike,Dentate Spike,Rain Younger,2026-09-22T14:09:30-04:00,"Aligned to the mean magnitude over 16 channels, ±100 ms, reading v4. 341 stamp(s) moved by -80.9 to 65.1 ms; 74 left where they were. No labels changed.",Shahriar Tafti,dbf2676df67a
PTEN,59,4,PTEN m59 s4 2025-07-07,ds,m59s4jul7,5,1778.528523,spike,Dentate Spike,Rain Younger,2026-09-22T14:09:30-04:00,"Aligned to the mean magnitude over 16 channels, ±100 ms, reading v4. 341 stamp(s) moved by -80.9 to 65.1 ms; 74 left where they were. No labels changed.",Shahriar Tafti,dbf2676df67a
PTEN,59,4,PTEN m59 s4 2025-07-07,ds,m59s4jul7,5,1780.927951,spike,Dentate Spike,Rain Younger,2026-09-22T14:09:30-04:00,"Aligned to the mean magnitude over 16 channels, ±100 ms, reading v4. 341 stamp(s) moved by -80.9 to 65.1 ms; 74 left where they were. No labels changed.",Shahriar Tafti,dbf2676df67a
PTEN,59,4,PTEN m59 s4 2025-07-07,ds,m59s4jul7,5,1786.202951,spike,Dentate Spike,Rain Younger,2026-09-22T14:09:30-04:00,"Aligned to the mean magnitude over 16 channels, ±100 ms, reading v4. 341 stamp(s) moved by -80.9 to 65.1 ms; 74 left where they were. No labels changed.",Shahriar Tafti,dbf2676df67a
PTEN,59,4,PTEN m59 s4 2025-07-07,ds,m59s4jul7,5,1787.087361,spike,Dentate Spike,Rain Younger,2026-09-22T14:09:30-04:00,"Aligned to the mean magnitude over 16 channels, ±100 ms, reading v4. 341 stamp(s) moved by -80.9 to 65.1 ms; 74 left where they were. No labels changed.",Shahriar Tafti,dbf2676df67a
PTEN,59,4,PTEN m59 s4 2025-07-07,ds,m59s4jul7,5,1802.143951,spike,Dentate Spike,Rain Younger,2026-09-22T14:09:30-04:00,"Aligned to the mean magnitude over 16 channels, ±100 ms, reading v4. 341 stamp(s) moved by -80.9 to 65.1 ms; 74 left where they were. No labels changed.",Shahriar Tafti,dbf2676df67a
PTEN,59,4,PTEN m59 s4 2025-07-07,ds,m59s4jul7,5,1804.432048,spike,Dentate Spike,Rain Younger,2026-09-22T14:09:30-04:00,"Aligned to the mean magnitude over 16 channels, ±100 ms, reading v4. 341 stamp(s) moved by -80.9 to 65.1 ms; 74 left where they were. No labels changed.",Shahriar Tafti,dbf2676df67a
PTEN,59,4,PTEN m59 s4 2025-07-07,ds,m59s4jul7,5,1809.911951,spike,Dentate Spike,Rain Younger,2026-09-22T14:09:30-04:00,"Aligned to the mean magnitude over 16 channels, ±100 ms, reading v4. 341 stamp(s) moved by -80.9 to 65.1 ms; 74 left where they were. No labels changed.",Shahriar Tafti,dbf2676df67a
PTEN,59,4,PTEN m59 s4 2025-07-07,ds,m59s4jul7,5,1810.376193,spike,Dentate Spike,Rain Younger,2026-09-22T14:09:30-04:00,"Aligned to the mean magnitude over 16 channels, ±100 ms, reading v4. 341 stamp(s) moved by -80.9 to 65.1 ms; 74 left where they were. No labels changed.",Shahriar Tafti,dbf2676df67a
PTEN,59,4,PTEN m59 s4 2025-07-07,ds,m59s4jul7,5,1831.578565,spike,Dentate Spike,Rain Younger,2026-09-22T14:09:30-04:00,"Aligned to the mean magnitude over 16 channels, ±100 ms, reading v4. 341 stamp(s) moved by -80.9 to 65.1 ms; 74 left where they were. No labels changed.",Shahriar Tafti,dbf2676df67a
PTEN,59,4,PTEN m59 s4 2025-07-07,ds,m59s4jul7,5,1838.281965,spike,Dentate Spike,Rain Younger,2026-09-22T14:09:30-04:00,"Aligned to the mean magnitude over 16 channels, ±100 ms, reading v4. 341 stamp(s) moved by -80.9 to 65.1 ms; 74 left where they were. No labels changed.",Shahriar Tafti,dbf2676df67a
PTEN,59,4,PTEN m59 s4 2025-07-07,ds,m59s4jul7,5,1838.448889,spike,Dentate Spike,Rain Younger,2026-09-22T14:09:30-04:00,"Aligned to the mean magnitude over 16 channels, ±100 ms, reading v4. 341 stamp(s) moved by -80.9 to 65.1 ms; 74 left where they were. No labels changed.",Shahriar Tafti,dbf2676df67a
PTEN,59,4,PTEN m59 s4 2025-07-07,ds,m59s4jul7,5,1841.036755,spike,Dentate Spike,Rain Younger,2026-09-22T14:09:30-04:00,"Aligned to the mean magnitude over 16 channels, ±100 ms, reading v4. 341 stamp(s) moved by -80.9 to 65.1 ms; 74 left where they were. No labels changed.",Shahriar Tafti,dbf2676df67a
PTEN,59,4,PTEN m59 s4 2025-07-07,ds,m59s4jul7,5,1841.329681,spike,Dentate Spike,Rain Younger,2026-09-22T14:09:30-04:00,"Aligned to the mean magnitude over 16 channels, ±100 ms, reading v4. 341 stamp(s) moved by -80.9 to 65.1 ms; 74 left where they were. No labels changed.",Shahriar Tafti,dbf2676df67a
PTEN,59,4,PTEN m59 s4 2025-07-07,ds,m59s4jul7,5,1841.618551,spike,Dentate Spike,Rain Younger,2026-09-22T14:09:30-04:00,"Aligned to the mean magnitude over 16 channels, ±100 ms, reading v4. 341 stamp(s) moved by -80.9 to 65.1 ms; 74 left where they were. No labels changed.",Shahriar Tafti,dbf2676df67a
PTEN,59,4,PTEN m59 s4 2025-07-07,ds,m59s4jul7,5,1843.491182,spike,Dentate Spike,Rain Younger,2026-09-22T14:09:30-04:00,"Aligned to the mean magnitude over 16 channels, ±100 ms, reading v4. 341 stamp(s) moved by -80.9 to 65.1 ms; 74 left where they were. No labels changed.",Shahriar Tafti,dbf2676df67a
PTEN,59,4,PTEN m59 s4 2025-07-07,ds,m59s4jul7,5,1855.459063,spike,Dentate Spike,Rain Younger,2026-09-22T14:09:30-04:00,"Aligned to the mean magnitude over 16 channels, ±100 ms, reading v4. 341 stamp(s) moved by -80.9 to 65.1 ms; 74 left where they were. No labels changed.",Shahriar Tafti,dbf2676df67a
PTEN,59,4,PTEN m59 s4 2025-07-07,ds,m59s4jul7,5,1855.566227,spike,Dentate Spike,Rain Younger,2026-09-22T14:09:30-04:00,"Aligned to the mean magnitude over 16 channels, ±100 ms, reading v4. 341 stamp(s) moved by -80.9 to 65.1 ms; 74 left where they were. No labels changed.",Shahriar Tafti,dbf2676df67a
PTEN,59,4,PTEN m59 s4 2025-07-07,ds,m59s4jul7,5,1857.907318,spike,Dentate Spike,Rain Younger,2026-09-22T14:09:30-04:00,"Aligned to the mean magnitude over 16 channels, ±100 ms, reading v4. 341 stamp(s) moved by -80.9 to 65.1 ms; 74 left where they were. No labels changed.",Shahriar Tafti,dbf2676df67a
PTEN,59,4,PTEN m59 s4 2025-07-07,ds,m59s4jul7,5,1860.671173,spike,Dentate Spike,Rain Younger,2026-09-22T14:09:30-04:00,"Aligned to the mean magnitude over 16 channels, ±100 ms, reading v4. 341 stamp(s) moved by -80.9 to 65.1 ms; 74 left where they were. No labels changed.",Shahriar Tafti,dbf2676df67a
PTEN,59,4,PTEN m59 s4 2025-07-07,ds,m59s4jul7,5,1860.82088,spike,Dentate Spike,Rain Younger,2026-09-22T14:09:30-04:00,"Aligned to the mean magnitude over 16 channels, ±100 ms, reading v4. 341 stamp(s) moved by -80.9 to 65.1 ms; 74 left where they were. No labels changed.",Shahriar Tafti,dbf2676df67a
PTEN,59,4,PTEN m59 s4 2025-07-07,ds,m59s4jul7,5,1866.962555,spike,Dentate Spike,Rain Younger,2026-09-22T14:09:30-04:00,"Aligned to the mean magnitude over 16 channels, ±100 ms, reading v4. 341 stamp(s) moved by -80.9 to 65.1 ms; 74 left where they were. No labels changed.",Shahriar Tafti,dbf2676df67a
PTEN,59,4,PTEN m59 s4 2025-07-07,ds,m59s4jul7,5,1872.243558,spike,Dentate Spike,Rain Younger,2026-09-22T14:09:30-04:00,"Aligned to the mean magnitude over 16 channels, ±100 ms, reading v4. 341 stamp(s) moved by -80.9 to 65.1 ms; 74 left where they were. No labels changed.",Shahriar Tafti,dbf2676df67a
PTEN,59,4,PTEN m59 s4 2025-07-07,ds,m59s4jul7,5,1874.397244,spike,Dentate Spike,Rain Younger,2026-09-22T14:09:30-04:00,"Aligned to the mean magnitude over 16 channels, ±100 ms, reading v4. 341 stamp(s) moved by -80.9 to 65.1 ms; 74 left where they were. No labels changed.",Shahriar Tafti,dbf2676df67a
PTEN,59,4,PTEN m59 s4 2025-07-07,ds,m59s4jul7,5,1889.336031,spike,Dentate Spike,Rain Younger,2026-09-22T14:09:30-04:00,"Aligned to the mean magnitude over 16 channels, ±100 ms, reading v4. 341 stamp(s) moved by -80.9 to 65.1 ms; 74 left where they were. No labels changed.",Shahriar Tafti,dbf2676df67a
PTEN,59,4,PTEN m59 s4 2025-07-07,ds,m59s4jul7,5,1896.544266,spike,Dentate Spike,Rain Younger,2026-09-22T14:09:30-04:00,"Aligned to the mean magnitude over 16 channels, ±100 ms, reading v4. 341 stamp(s) moved by -80.9 to 65.1 ms; 74 left where they were. No labels changed.",Shahriar Tafti,dbf2676df67a
PTEN,59,4,PTEN m59 s4 2025-07-07,ds,m59s4jul7,5,1916.226223,spike,Dentate Spike,Rain Younger,2026-09-22T14:09:30-04:00,"Aligned to the mean magnitude over 16 channels, ±100 ms, reading v4. 341 stamp(s) moved by -80.9 to 65.1 ms; 74 left where they were. No labels changed.",Shahriar Tafti,dbf2676df67a
PTEN,59,4,PTEN m59 s4 2025-07-07,ds,m59s4jul7,5,1920.373267,spike,Dentate Spike,Rain Younger,2026-09-22T14:09:30-04:00,"Aligned to the mean magnitude over 16 channels, ±100 ms, reading v4. 341 stamp(s) moved by -80.9 to 65.1 ms; 74 left where they were. No labels changed.",Shahriar Tafti,dbf2676df67a
PTEN,59,4,PTEN m59 s4 2025-07-07,ds,m59s4jul7,5,1923.799225,spike,Dentate Spike,Rain Younger,2026-09-22T14:09:30-04:00,"Aligned to the mean magnitude over 16 channels, ±100 ms, reading v4. 341 stamp(s) moved by -80.9 to 65.1 ms; 74 left where they were. No labels changed.",Shahriar Tafti,dbf2676df67a
PTEN,59,4,PTEN m59 s4 2025-07-07,ds,m59s4jul7,5,1927.367987,spike,Dentate Spike,Rain Younger,2026-09-22T14:09:30-04:00,"Aligned to the mean magnitude over 16 channels, ±100 ms, reading v4. 341 stamp(s) moved by -80.9 to 65.1 ms; 74 left where they were. No labels changed.",Shahriar Tafti,dbf2676df67a
PTEN,59,4,PTEN m59 s4 2025-07-07,ds,m59s4jul7,5,1932.925587,spike,Dentate Spike,Rain Younger,2026-09-22T14:09:30-04:00,"Aligned to the mean magnitude over 16 channels, ±100 ms, reading v4. 341 stamp(s) moved by -80.9 to 65.1 ms; 74 left where they were. No labels changed.",Shahriar Tafti,dbf2676df67a
PTEN,59,4,PTEN m59 s4 2025-07-07,ds,m59s4jul7,5,1934.584148,spike,Dentate Spike,Rain Younger,2026-09-22T14:09:30-04:00,"Aligned to the mean magnitude over 16 channels, ±100 ms, reading v4. 341 stamp(s) moved by -80.9 to 65.1 ms; 74 left where they were. No labels changed.",Shahriar Tafti,dbf2676df67a
PTEN,59,4,PTEN m59 s4 2025-07-07,ds,m59s4jul7,5,1944.408959,spike,Dentate Spike,Rain Younger,2026-09-22T14:09:30-04:00,"Aligned to the mean magnitude over 16 channels, ±100 ms, reading v4. 341 stamp(s) moved by -80.9 to 65.1 ms; 74 left where they were. No labels changed.",Shahriar Tafti,dbf2676df67a
PTEN,59,4,PTEN m59 s4 2025-07-07,ds,m59s4jul7,5,1956.381157,spike,Dentate Spike,Rain Younger,2026-09-22T14:09:30-04:00,"Aligned to the mean magnitude over 16 channels, ±100 ms, reading v4. 341 stamp(s) moved by -80.9 to 65.1 ms; 74 left where they were. No labels changed.",Shahriar Tafti,dbf2676df67a
PTEN,59,4,PTEN m59 s4 2025-07-07,ds,m59s4jul7,5,1998.327828,spike,Dentate Spike,Rain Younger,2026-09-22T14:09:30-04:00,"Aligned to the mean magnitude over 16 channels, ±100 ms, reading v4. 341 stamp(s) moved by -80.9 to 65.1 ms; 74 left where they were. No labels changed.",Shahriar Tafti,dbf2676df67a
PTEN,59,4,PTEN m59 s4 2025-07-07,ds,m59s4jul7,5,2016.056744,spike,Dentate Spike,Rain Younger,2026-09-22T14:09:30-04:00,"Aligned to the mean magnitude over 16 channels, ±100 ms, reading v4. 341 stamp(s) moved by -80.9 to 65.1 ms; 74 left where they were. No labels changed.",Shahriar Tafti,dbf2676df67a
PTEN,59,4,PTEN m59 s4 2025-07-07,ds,m59s4jul7,5,2016.288701,spike,Dentate Spike,Rain Younger,2026-09-22T14:09:30-04:00,"Aligned to the mean magnitude over 16 channels, ±100 ms, reading v4. 341 stamp(s) moved by -80.9 to 65.1 ms; 74 left where they were. No labels changed.",Shahriar Tafti,dbf2676df67a
PTEN,59,4,PTEN m59 s4 2025-07-07,ds,m59s4jul7,5,2024.866239,spike,Dentate Spike,Rain Younger,2026-09-22T14:09:30-04:00,"Aligned to the mean magnitude over 16 channels, ±100 ms, reading v4. 341 stamp(s) moved by -80.9 to 65.1 ms; 74 left where they were. No labels changed.",Shahriar Tafti,dbf2676df67a
PTEN,59,4,PTEN m59 s4 2025-07-07,ds,m59s4jul7,5,2025.93376,spike,Dentate Spike,Rain Younger,2026-09-22T14:09:30-04:00,"Aligned to the mean magnitude over 16 channels, ±100 ms, reading v4. 341 stamp(s) moved by -80.9 to 65.1 ms; 74 left where they were. No labels changed.",Shahriar Tafti,dbf2676df67a
PTEN,59,4,PTEN m59 s4 2025-07-07,ds,m59s4jul7,5,2034.163697,spike,Dentate Spike,Rain Younger,2026-09-22T14:09:30-04:00,"Aligned to the mean magnitude over 16 channels, ±100 ms, reading v4. 341 stamp(s) moved by -80.9 to 65.1 ms; 74 left where they were. No labels changed.",Shahriar Tafti,dbf2676df67a
PTEN,59,4,PTEN m59 s4 2025-07-07,ds,m59s4jul7,5,2037.803772,spike,Dentate Spike,Rain Younger,2026-09-22T14:09:30-04:00,"Aligned to the mean magnitude over 16 channels, ±100 ms, reading v4. 341 stamp(s) moved by -80.9 to 65.1 ms; 74 left where they were. No labels changed.",Shahriar Tafti,dbf2676df67a
PTEN,59,4,PTEN m59 s4 2025-07-07,ds,m59s4jul7,5,2040.636296,spike,Dentate Spike,Rain Younger,2026-09-22T14:09:30-04:00,"Aligned to the mean magnitude over 16 channels, ±100 ms, reading v4. 341 stamp(s) moved by -80.9 to 65.1 ms; 74 left where they were. No labels changed.",Shahriar Tafti,dbf2676df67a
PTEN,59,4,PTEN m59 s4 2025-07-07,ds,m59s4jul7,5,2052.128761,spike,Dentate Spike,Rain Younger,2026-09-22T14:09:30-04:00,"Aligned to the mean magnitude over 16 channels, ±100 ms, reading v4. 341 stamp(s) moved by -80.9 to 65.1 ms; 74 left where they were. No labels changed.",Shahriar Tafti,dbf2676df67a
PTEN,59,4,PTEN m59 s4 2025-07-07,ds,m59s4jul7,5,2055.147173,spike,Dentate Spike,Rain Younger,2026-09-22T14:09:30-04:00,"Aligned to the mean magnitude over 16 channels, ±100 ms, reading v4. 341 stamp(s) moved by -80.9 to 65.1 ms; 74 left where they were. No labels changed.",Shahriar Tafti,dbf2676df67a
PTEN,59,4,PTEN m59 s4 2025-07-07,ds,m59s4jul7,5,2063.215945,spike,Dentate Spike,Rain Younger,2026-09-22T14:09:30-04:00,"Aligned to the mean magnitude over 16 channels, ±100 ms, reading v4. 341 stamp(s) moved by -80.9 to 65.1 ms; 74 left where they were. No labels changed.",Shahriar Tafti,dbf2676df67a
PTEN,59,4,PTEN m59 s4 2025-07-07,ds,m59s4jul7,5,2064.181741,spike,Dentate Spike,Rain Younger,2026-09-22T14:09:30-04:00,"Aligned to the mean magnitude over 16 channels, ±100 ms, reading v4. 341 stamp(s) moved by -80.9 to 65.1 ms; 74 left where they were. No labels changed.",Shahriar Tafti,dbf2676df67a
PTEN,59,4,PTEN m59 s4 2025-07-07,ds,m59s4jul7,5,2067.575044,spike,Dentate Spike,Rain Younger,2026-09-22T14:09:30-04:00,"Aligned to the mean magnitude over 16 channels, ±100 ms, reading v4. 341 stamp(s) moved by -80.9 to 65.1 ms; 74 left where they were. No labels changed.",Shahriar Tafti,dbf2676df67a
PTEN,59,4,PTEN m59 s4 2025-07-07,ds,m59s4jul7,5,2073.418413,spike,Dentate Spike,Rain Younger,2026-09-22T14:09:30-04:00,"Aligned to the mean magnitude over 16 channels, ±100 ms, reading v4. 341 stamp(s) moved by -80.9 to 65.1 ms; 74 left where they were. No labels changed.",Shahriar Tafti,dbf2676df67a
PTEN,59,4,PTEN m59 s4 2025-07-07,ds,m59s4jul7,5,2075.038216,spike,Dentate Spike,Rain Younger,2026-09-22T14:09:30-04:00,"Aligned to the mean magnitude over 16 channels, ±100 ms, reading v4. 341 stamp(s) moved by -80.9 to 65.1 ms; 74 left where they were. No labels changed.",Shahriar Tafti,dbf2676df67a
PTEN,59,4,PTEN m59 s4 2025-07-07,ds,m59s4jul7,5,2076.050268,spike,Dentate Spike,Rain Younger,2026-09-22T14:09:30-04:00,"Aligned to the mean magnitude over 16 channels, ±100 ms, reading v4. 341 stamp(s) moved by -80.9 to 65.1 ms; 74 left where they were. No labels changed.",Shahriar Tafti,dbf2676df67a
PTEN,59,4,PTEN m59 s4 2025-07-07,ds,m59s4jul7,5,2080.335888,spike,Dentate Spike,Rain Younger,2026-09-22T14:09:30-04:00,"Aligned to the mean magnitude over 16 channels, ±100 ms, reading v4. 341 stamp(s) moved by -80.9 to 65.1 ms; 74 left where they were. No labels changed.",Shahriar Tafti,dbf2676df67a
PTEN,59,4,PTEN m59 s4 2025-07-07,ds,m59s4jul7,5,2110.459515,spike,Dentate Spike,Rain Younger,2026-09-22T14:09:30-04:00,"Aligned to the mean magnitude over 16 channels, ±100 ms, reading v4. 341 stamp(s) moved by -80.9 to 65.1 ms; 74 left where they were. No labels changed.",Shahriar Tafti,dbf2676df67a
PTEN,59,4,PTEN m59 s4 2025-07-07,ds,m59s4jul7,5,2112.666189,spike,Dentate Spike,Rain Younger,2026-09-22T14:09:30-04:00,"Aligned to the mean magnitude over 16 channels, ±100 ms, reading v4. 341 stamp(s) moved by -80.9 to 65.1 ms; 74 left where they were. No labels changed.",Shahriar Tafti,dbf2676df67a
PTEN,59,4,PTEN m59 s4 2025-07-07,ds,m59s4jul7,5,2115.998087,spike,Dentate Spike,Rain Younger,2026-09-22T14:09:30-04:00,"Aligned to the mean magnitude over 16 channels, ±100 ms, reading v4. 341 stamp(s) moved by -80.9 to 65.1 ms; 74 left where they were. No labels changed.",Shahriar Tafti,dbf2676df67a
PTEN,59,4,PTEN m59 s4 2025-07-07,ds,m59s4jul7,5,2116.203808,spike,Dentate Spike,Rain Younger,2026-09-22T14:09:30-04:00,"Aligned to the mean magnitude over 16 channels, ±100 ms, reading v4. 341 stamp(s) moved by -80.9 to 65.1 ms; 74 left where they were. No labels changed.",Shahriar Tafti,dbf2676df67a
PTEN,59,4,PTEN m59 s4 2025-07-07,ds,m59s4jul7,5,2122.145931,spike,Dentate Spike,Rain Younger,2026-09-22T14:09:30-04:00,"Aligned to the mean magnitude over 16 channels, ±100 ms, reading v4. 341 stamp(s) moved by -80.9 to 65.1 ms; 74 left where they were. No labels changed.",Shahriar Tafti,dbf2676df67a
PTEN,59,4,PTEN m59 s4 2025-07-07,ds,m59s4jul7,5,2148.880085,spike,Dentate Spike,Rain Younger,2026-09-22T14:09:30-04:00,"Aligned to the mean magnitude over 16 channels, ±100 ms, reading v4. 341 stamp(s) moved by -80.9 to 65.1 ms; 74 left where they were. No labels changed.",Shahriar Tafti,dbf2676df67a
PTEN,59,4,PTEN m59 s4 2025-07-07,ds,m59s4jul7,5,2174.216091,spike,Dentate Spike,Rain Younger,2026-09-22T14:09:30-04:00,"Aligned to the mean magnitude over 16 channels, ±100 ms, reading v4. 341 stamp(s) moved by -80.9 to 65.1 ms; 74 left where they were. No labels changed.",Shahriar Tafti,dbf2676df67a
PTEN,59,4,PTEN m59 s4 2025-07-07,ds,m59s4jul7,5,2191.431175,spike,Dentate Spike,Rain Younger,2026-09-22T14:09:30-04:00,"Aligned to the mean magnitude over 16 channels, ±100 ms, reading v4. 341 stamp(s) moved by -80.9 to 65.1 ms; 74 left where they were. No labels changed.",Shahriar Tafti,dbf2676df67a
PTEN,59,4,PTEN m59 s4 2025-07-07,ds,m59s4jul7,5,2214.361455,spike,Dentate Spike,Rain Younger,2026-09-22T14:09:30-04:00,"Aligned to the mean magnitude over 16 channels, ±100 ms, reading v4. 341 stamp(s) moved by -80.9 to 65.1 ms; 74 left where they were. No labels changed.",Shahriar Tafti,dbf2676df67a
PTEN,59,4,PTEN m59 s4 2025-07-07,ds,m59s4jul7,5,2216.529263,spike,Dentate Spike,Rain Younger,2026-09-22T14:09:30-04:00,"Aligned to the mean magnitude over 16 channels, ±100 ms, reading v4. 341 stamp(s) moved by -80.9 to 65.1 ms; 74 left where they were. No labels changed.",Shahriar Tafti,dbf2676df67a
PTEN,59,4,PTEN m59 s4 2025-07-07,ds,m59s4jul7,5,2217.169304,spike,Dentate Spike,Rain Younger,2026-09-22T14:09:30-04:00,"Aligned to the mean magnitude over 16 channels, ±100 ms, reading v4. 341 stamp(s) moved by -80.9 to 65.1 ms; 74 left where they were. No labels changed.",Shahriar Tafti,dbf2676df67a
PTEN,59,4,PTEN m59 s4 2025-07-07,ds,m59s4jul7,5,2238.865682,spike,Dentate Spike,Rain Younger,2026-09-22T14:09:30-04:00,"Aligned to the mean magnitude over 16 channels, ±100 ms, reading v4. 341 stamp(s) moved by -80.9 to 65.1 ms; 74 left where they were. No labels changed.",Shahriar Tafti,dbf2676df67a
PTEN,59,4,PTEN m59 s4 2025-07-07,ds,m59s4jul7,5,2245.651632,spike,Dentate Spike,Rain Younger,2026-09-22T14:09:30-04:00,"Aligned to the mean magnitude over 16 channels, ±100 ms, reading v4. 341 stamp(s) moved by -80.9 to 65.1 ms; 74 left where they were. No labels changed.",Shahriar Tafti,dbf2676df67a
PTEN,59,4,PTEN m59 s4 2025-07-07,ds,m59s4jul7,5,2258.228334,spike,Dentate Spike,Rain Younger,2026-09-22T14:09:30-04:00,"Aligned to the mean magnitude over 16 channels, ±100 ms, reading v4. 341 stamp(s) moved by -80.9 to 65.1 ms; 74 left where they were. No labels changed.",Shahriar Tafti,dbf2676df67a
PTEN,59,4,PTEN m59 s4 2025-07-07,ds,m59s4jul7,5,2264.368925,spike,Dentate Spike,Rain Younger,2026-09-22T14:09:30-04:00,"Aligned to the mean magnitude over 16 channels, ±100 ms, reading v4. 341 stamp(s) moved by -80.9 to 65.1 ms; 74 left where they were. No labels changed.",Shahriar Tafti,dbf2676df67a
PTEN,59,4,PTEN m59 s4 2025-07-07,ds,m59s4jul7,5,2277.225908,spike,Dentate Spike,Rain Younger,2026-09-22T14:09:30-04:00,"Aligned to the mean magnitude over 16 channels, ±100 ms, reading v4. 341 stamp(s) moved by -80.9 to 65.1 ms; 74 left where they were. No labels changed.",Shahriar Tafti,dbf2676df67a
PTEN,59,4,PTEN m59 s4 2025-07-07,ds,m59s4jul7,5,2292.335562,spike,Dentate Spike,Rain Younger,2026-09-22T14:09:30-04:00,"Aligned to the mean magnitude over 16 channels, ±100 ms, reading v4. 341 stamp(s) moved by -80.9 to 65.1 ms; 74 left where they were. No labels changed.",Shahriar Tafti,dbf2676df67a
PTEN,59,4,PTEN m59 s4 2025-07-07,ds,m59s4jul7,5,2299.600124,spike,Dentate Spike,Rain Younger,2026-09-22T14:09:30-04:00,"Aligned to the mean magnitude over 16 channels, ±100 ms, reading v4. 341 stamp(s) moved by -80.9 to 65.1 ms; 74 left where they were. No labels changed.",Shahriar Tafti,dbf2676df67a
PTEN,59,4,PTEN m59 s4 2025-07-07,ds,m59s4jul7,5,2318.954153,spike,Dentate Spike,Rain Younger,2026-09-22T14:09:30-04:00,"Aligned to the mean magnitude over 16 channels, ±100 ms, reading v4. 341 stamp(s) moved by -80.9 to 65.1 ms; 74 left where they were. No labels changed.",Shahriar Tafti,dbf2676df67a
PTEN,59,4,PTEN m59 s4 2025-07-07,ds,m59s4jul7,5,2324.658796,spike,Dentate Spike,Rain Younger,2026-09-22T14:09:30-04:00,"Aligned to the mean magnitude over 16 channels, ±100 ms, reading v4. 341 stamp(s) moved by -80.9 to 65.1 ms; 74 left where they were. No labels changed.",Shahriar Tafti,dbf2676df67a
PTEN,59,4,PTEN m59 s4 2025-07-07,ds,m59s4jul7,5,2339.215347,spike,Dentate Spike,Rain Younger,2026-09-22T14:09:30-04:00,"Aligned to the mean magnitude over 16 channels, ±100 ms, reading v4. 341 stamp(s) moved by -80.9 to 65.1 ms; 74 left where they were. No labels changed.",Shahriar Tafti,dbf2676df67a
PTEN,59,4,PTEN m59 s4 2025-07-07,ds,m59s4jul7,5,2357.703166,spike,Dentate Spike,Rain Younger,2026-09-22T14:09:30-04:00,"Aligned to the mean magnitude over 16 channels, ±100 ms, reading v4. 341 stamp(s) moved by -80.9 to 65.1 ms; 74 left where they were. No labels changed.",Shahriar Tafti,dbf2676df67a
PTEN,59,4,PTEN m59 s4 2025-07-07,ds,m59s4jul7,5,2366.413321,spike,Dentate Spike,Rain Younger,2026-09-22T14:09:30-04:00,"Aligned to the mean magnitude over 16 channels, ±100 ms, reading v4. 341 stamp(s) moved by -80.9 to 65.1 ms; 74 left where they were. No labels changed.",Shahriar Tafti,dbf2676df67a
PTEN,59,4,PTEN m59 s4 2025-07-07,ds,m59s4jul7,5,2372.390982,spike,Dentate Spike,Rain Younger,2026-09-22T14:09:30-04:00,"Aligned to the mean magnitude over 16 channels, ±100 ms, reading v4. 341 stamp(s) moved by -80.9 to 65.1 ms; 74 left where they were. No labels changed.",Shahriar Tafti,dbf2676df67a
PTEN,59,4,PTEN m59 s4 2025-07-07,ds,m59s4jul7,5,2392.387684,spike,Dentate Spike,Rain Younger,2026-09-22T14:09:30-04:00,"Aligned to the mean magnitude over 16 channels, ±100 ms, reading v4. 341 stamp(s) moved by -80.9 to 65.1 ms; 74 left where they were. No labels changed.",Shahriar Tafti,dbf2676df67a
PTEN,59,4,PTEN m59 s4 2025-07-07,ds,m59s4jul7,5,2392.697401,spike,Dentate Spike,Rain Younger,2026-09-22T14:09:30-04:00,"Aligned to the mean magnitude over 16 channels, ±100 ms, reading v4. 341 stamp(s) moved by -80.9 to 65.1 ms; 74 left where they were. No labels changed.",Shahriar Tafti,dbf2676df67a
PTEN,59,4,PTEN m59 s4 2025-07-07,ds,m59s4jul7,5,2394.861039,spike,Dentate Spike,Rain Younger,2026-09-22T14:09:30-04:00,"Aligned to the mean magnitude over 16 channels, ±100 ms, reading v4. 341 stamp(s) moved by -80.9 to 65.1 ms; 74 left where they were. No labels changed.",Shahriar Tafti,dbf2676df67a
PTEN,59,4,PTEN m59 s4 2025-07-07,ds,m59s4jul7,5,2404.624852,spike,Dentate Spike,Rain Younger,2026-09-22T14:09:30-04:00,"Aligned to the mean magnitude over 16 channels, ±100 ms, reading v4. 341 stamp(s) moved by -80.9 to 65.1 ms; 74 left where they were. No labels changed.",Shahriar Tafti,dbf2676df67a
PTEN,59,4,PTEN m59 s4 2025-07-07,ds,m59s4jul7,5,2406.937156,spike,Dentate Spike,Rain Younger,2026-09-22T14:09:30-04:00,"Aligned to the mean magnitude over 16 channels, ±100 ms, reading v4. 341 stamp(s) moved by -80.9 to 65.1 ms; 74 left where they were. No labels changed.",Shahriar Tafti,dbf2676df67a
PTEN,59,4,PTEN m59 s4 2025-07-07,ds,m59s4jul7,5,2412.078561,spike,Dentate Spike,Rain Younger,2026-09-22T14:09:30-04:00,"Aligned to the mean magnitude over 16 channels, ±100 ms, reading v4. 341 stamp(s) moved by -80.9 to 65.1 ms; 74 left where they were. No labels changed.",Shahriar Tafti,dbf2676df67a
PTEN,59,4,PTEN m59 s4 2025-07-07,ds,m59s4jul7,5,2427.777313,spike,Dentate Spike,Rain Younger,2026-09-22T14:09:30-04:00,"Aligned to the mean magnitude over 16 channels, ±100 ms, reading v4. 341 stamp(s) moved by -80.9 to 65.1 ms; 74 left where they were. No labels changed.",Shahriar Tafti,dbf2676df67a
PTEN,59,4,PTEN m59 s4 2025-07-07,ds,m59s4jul7,5,2431.037825,spike,Dentate Spike,Rain Younger,2026-09-22T14:09:30-04:00,"Aligned to the mean magnitude over 16 channels, ±100 ms, reading v4. 341 stamp(s) moved by -80.9 to 65.1 ms; 74 left where they were. No labels changed.",Shahriar Tafti,dbf2676df67a
PTEN,59,4,PTEN m59 s4 2025-07-07,ds,m59s4jul7,5,2434.586586,spike,Dentate Spike,Rain Younger,2026-09-22T14:09:30-04:00,"Aligned to the mean magnitude over 16 channels, ±100 ms, reading v4. 341 stamp(s) moved by -80.9 to 65.1 ms; 74 left where they were. No labels changed.",Shahriar Tafti,dbf2676df67a
PTEN,59,4,PTEN m59 s4 2025-07-07,ds,m59s4jul7,5,2434.79732,spike,Dentate Spike,Rain Younger,2026-09-22T14:09:30-04:00,"Aligned to the mean magnitude over 16 channels, ±100 ms, reading v4. 341 stamp(s) moved by -80.9 to 65.1 ms; 74 left where they were. No labels changed.",Shahriar Tafti,dbf2676df67a
PTEN,59,4,PTEN m59 s4 2025-07-07,ds,m59s4jul7,5,2441.330816,spike,Dentate Spike,Rain Younger,2026-09-22T14:09:30-04:00,"Aligned to the mean magnitude over 16 channels, ±100 ms, reading v4. 341 stamp(s) moved by -80.9 to 65.1 ms; 74 left where they were. No labels changed.",Shahriar Tafti,dbf2676df67a
PTEN,59,4,PTEN m59 s4 2025-07-07,ds,m59s4jul7,5,2451.449756,spike,Dentate Spike,Rain Younger,2026-09-22T14:09:30-04:00,"Aligned to the mean magnitude over 16 channels, ±100 ms, reading v4. 341 stamp(s) moved by -80.9 to 65.1 ms; 74 left where they were. No labels changed.",Shahriar Tafti,dbf2676df67a
PTEN,59,4,PTEN m59 s4 2025-07-07,ds,m59s4jul7,5,2462.069678,spike,Dentate Spike,Rain Younger,2026-09-22T14:09:30-04:00,"Aligned to the mean magnitude over 16 channels, ±100 ms, reading v4. 341 stamp(s) moved by -80.9 to 65.1 ms; 74 left where they were. No labels changed.",Shahriar Tafti,dbf2676df67a
PTEN,59,4,PTEN m59 s4 2025-07-07,ds,m59s4jul7,5,2471.793653,spike,Dentate Spike,Rain Younger,2026-09-22T14:09:30-04:00,"Aligned to the mean magnitude over 16 channels, ±100 ms, reading v4. 341 stamp(s) moved by -80.9 to 65.1 ms; 74 left where they were. No labels changed.",Shahriar Tafti,dbf2676df67a
PTEN,59,4,PTEN m59 s4 2025-07-07,ds,m59s4jul7,5,2476.670322,spike,Dentate Spike,Rain Younger,2026-09-22T14:09:30-04:00,"Aligned to the mean magnitude over 16 channels, ±100 ms, reading v4. 341 stamp(s) moved by -80.9 to 65.1 ms; 74 left where they were. No labels changed.",Shahriar Tafti,dbf2676df67a
PTEN,59,4,PTEN m59 s4 2025-07-07,ds,m59s4jul7,5,2487.571514,spike,Dentate Spike,Rain Younger,2026-09-22T14:09:30-04:00,"Aligned to the mean magnitude over 16 channels, ±100 ms, reading v4. 341 stamp(s) moved by -80.9 to 65.1 ms; 74 left where they were. No labels changed.",Shahriar Tafti,dbf2676df67a
PTEN,59,4,PTEN m59 s4 2025-07-07,ds,m59s4jul7,5,2498.246483,spike,Dentate Spike,Rain Younger,2026-09-22T14:09:30-04:00,"Aligned to the mean magnitude over 16 channels, ±100 ms, reading v4. 341 stamp(s) moved by -80.9 to 65.1 ms; 74 left where they were. No labels changed.",Shahriar Tafti,dbf2676df67a
PTEN,59,4,PTEN m59 s4 2025-07-07,ds,m59s4jul7,5,2509.066275,spike,Dentate Spike,Rain Younger,2026-09-22T14:09:30-04:00,"Aligned to the mean magnitude over 16 channels, ±100 ms, reading v4. 341 stamp(s) moved by -80.9 to 65.1 ms; 74 left where they were. No labels changed.",Shahriar Tafti,dbf2676df67a
PTEN,59,4,PTEN m59 s4 2025-07-07,ds,m59s4jul7,5,2509.347275,spike,Dentate Spike,Rain Younger,2026-09-22T14:09:30-04:00,"Aligned to the mean magnitude over 16 channels, ±100 ms, reading v4. 341 stamp(s) moved by -80.9 to 65.1 ms; 74 left where they were. No labels changed.",Shahriar Tafti,dbf2676df67a
PTEN,59,4,PTEN m59 s4 2025-07-07,ds,m59s4jul7,5,2509.503967,spike,Dentate Spike,Rain Younger,2026-09-22T14:09:30-04:00,"Aligned to the mean magnitude over 16 channels, ±100 ms, reading v4. 341 stamp(s) moved by -80.9 to 65.1 ms; 74 left where they were. No labels changed.",Shahriar Tafti,dbf2676df67a
PTEN,59,4,PTEN m59 s4 2025-07-07,ds,m59s4jul7,5,2509.824311,spike,Dentate Spike,Rain Younger,2026-09-22T14:09:30-04:00,"Aligned to the mean magnitude over 16 channels, ±100 ms, reading v4. 341 stamp(s) moved by -80.9 to 65.1 ms; 74 left where they were. No labels changed.",Shahriar Tafti,dbf2676df67a
PTEN,59,4,PTEN m59 s4 2025-07-07,ds,m59s4jul7,5,2514.711258,spike,Dentate Spike,Rain Younger,2026-09-22T14:09:30-04:00,"Aligned to the mean magnitude over 16 channels, ±100 ms, reading v4. 341 stamp(s) moved by -80.9 to 65.1 ms; 74 left where they were. No labels changed.",Shahriar Tafti,dbf2676df67a
PTEN,59,4,PTEN m59 s4 2025-07-07,ds,m59s4jul7,5,2518.048098,spike,Dentate Spike,Rain Younger,2026-09-22T14:09:30-04:00,"Aligned to the mean magnitude over 16 channels, ±100 ms, reading v4. 341 stamp(s) moved by -80.9 to 65.1 ms; 74 left where they were. No labels changed.",Shahriar Tafti,dbf2676df67a
PTEN,59,4,PTEN m59 s4 2025-07-07,ds,m59s4jul7,5,2534.433395,spike,Dentate Spike,Rain Younger,2026-09-22T14:09:30-04:00,"Aligned to the mean magnitude over 16 channels, ±100 ms, reading v4. 341 stamp(s) moved by -80.9 to 65.1 ms; 74 left where they were. No labels changed.",Shahriar Tafti,dbf2676df67a
PTEN,59,4,PTEN m59 s4 2025-07-07,ds,m59s4jul7,5,2540.277833,spike,Dentate Spike,Rain Younger,2026-09-22T14:09:30-04:00,"Aligned to the mean magnitude over 16 channels, ±100 ms, reading v4. 341 stamp(s) moved by -80.9 to 65.1 ms; 74 left where they were. No labels changed.",Shahriar Tafti,dbf2676df67a
PTEN,59,4,PTEN m59 s4 2025-07-07,ds,m59s4jul7,5,2551.456263,spike,Dentate Spike,Rain Younger,2026-09-22T14:09:30-04:00,"Aligned to the mean magnitude over 16 channels, ±100 ms, reading v4. 341 stamp(s) moved by -80.9 to 65.1 ms; 74 left where they were. No labels changed.",Shahriar Tafti,dbf2676df67a
PTEN,59,4,PTEN m59 s4 2025-07-07,ds,m59s4jul7,5,2557.036354,spike,Dentate Spike,Rain Younger,2026-09-22T14:09:30-04:00,"Aligned to the mean magnitude over 16 channels, ±100 ms, reading v4. 341 stamp(s) moved by -80.9 to 65.1 ms; 74 left where they were. No labels changed.",Shahriar Tafti,dbf2676df67a
PTEN,59,4,PTEN m59 s4 2025-07-07,ds,m59s4jul7,5,2573.106656,spike,Dentate Spike,Rain Younger,2026-09-22T14:09:30-04:00,"Aligned to the mean magnitude over 16 channels, ±100 ms, reading v4. 341 stamp(s) moved by -80.9 to 65.1 ms; 74 left where they were. No labels changed.",Shahriar Tafti,dbf2676df67a
PTEN,59,4,PTEN m59 s4 2025-07-07,ds,m59s4jul7,5,2580.298634,spike,Dentate Spike,Rain Younger,2026-09-22T14:09:30-04:00,"Aligned to the mean magnitude over 16 channels, ±100 ms, reading v4. 341 stamp(s) moved by -80.9 to 65.1 ms; 74 left where they were. No labels changed.",Shahriar Tafti,dbf2676df67a
PTEN,59,4,PTEN m59 s4 2025-07-07,ds,m59s4jul7,5,2586.670017,spike,Dentate Spike,Rain Younger,2026-09-22T14:09:30-04:00,"Aligned to the mean magnitude over 16 channels, ±100 ms, reading v4. 341 stamp(s) moved by -80.9 to 65.1 ms; 74 left where they were. No labels changed.",Shahriar Tafti,dbf2676df67a
PTEN,59,4,PTEN m59 s4 2025-07-07,ds,m59s4jul7,5,2586.673747,spike,Dentate Spike,Rain Younger,2026-09-22T14:09:30-04:00,"Aligned to the mean magnitude over 16 channels, ±100 ms, reading v4. 341 stamp(s) moved by -80.9 to 65.1 ms; 74 left where they were. No labels changed.",Shahriar Tafti,dbf2676df67a
PTEN,59,4,PTEN m59 s4 2025-07-07,ds,m59s4jul7,5,2588.110815,spike,Dentate Spike,Rain Younger,2026-09-22T14:09:30-04:00,"Aligned to the mean magnitude over 16 channels, ±100 ms, reading v4. 341 stamp(s) moved by -80.9 to 65.1 ms; 74 left where they were. No labels changed.",Shahriar Tafti,dbf2676df67a
PTEN,59,4,PTEN m59 s4 2025-07-07,ds,m59s4jul7,5,2594.207216,spike,Dentate Spike,Rain Younger,2026-09-22T14:09:30-04:00,"Aligned to the mean magnitude over 16 channels, ±100 ms, reading v4. 341 stamp(s) moved by -80.9 to 65.1 ms; 74 left where they were. No labels changed.",Shahriar Tafti,dbf2676df67a
PTEN,59,4,PTEN m59 s4 2025-07-07,ds,m59s4jul7,5,2602.870661,spike,Dentate Spike,Rain Younger,2026-09-22T14:09:30-04:00,"Aligned to the mean magnitude over 16 channels, ±100 ms, reading v4. 341 stamp(s) moved by -80.9 to 65.1 ms; 74 left where they were. No labels changed.",Shahriar Tafti,dbf2676df67a
PTEN,59,4,PTEN m59 s4 2025-07-07,ds,m59s4jul7,5,2603.058537,spike,Dentate Spike,Rain Younger,2026-09-22T14:09:30-04:00,"Aligned to the mean magnitude over 16 channels, ±100 ms, reading v4. 341 stamp(s) moved by -80.9 to 65.1 ms; 74 left where they were. No labels changed.",Shahriar Tafti,dbf2676df67a
PTEN,59,4,PTEN m59 s4 2025-07-07,ds,m59s4jul7,5,2607.625382,spike,Dentate Spike,Rain Younger,2026-09-22T14:09:30-04:00,"Aligned to the mean magnitude over 16 channels, ±100 ms, reading v4. 341 stamp(s) moved by -80.9 to 65.1 ms; 74 left where they were. No labels changed.",Shahriar Tafti,dbf2676df67a
PTEN,59,4,PTEN m59 s4 2025-07-07,ds,m59s4jul7,5,2620.637238,spike,Dentate Spike,Rain Younger,2026-09-22T14:09:30-04:00,"Aligned to the mean magnitude over 16 channels, ±100 ms, reading v4. 341 stamp(s) moved by -80.9 to 65.1 ms; 74 left where they were. No labels changed.",Shahriar Tafti,dbf2676df67a
PTEN,59,4,PTEN m59 s4 2025-07-07,ds,m59s4jul7,5,2624.549524,spike,Dentate Spike,Rain Younger,2026-09-22T14:09:30-04:00,"Aligned to the mean magnitude over 16 channels, ±100 ms, reading v4. 341 stamp(s) moved by -80.9 to 65.1 ms; 74 left where they were. No labels changed.",Shahriar Tafti,dbf2676df67a
PTEN,59,4,PTEN m59 s4 2025-07-07,ds,m59s4jul7,5,2625.74143,spike,Dentate Spike,Rain Younger,2026-09-22T14:09:30-04:00,"Aligned to the mean magnitude over 16 channels, ±100 ms, reading v4. 341 stamp(s) moved by -80.9 to 65.1 ms; 74 left where they were. No labels changed.",Shahriar Tafti,dbf2676df67a
PTEN,59,4,PTEN m59 s4 2025-07-07,ds,m59s4jul7,5,2629.586538,spike,Dentate Spike,Rain Younger,2026-09-22T14:09:30-04:00,"Aligned to the mean magnitude over 16 channels, ±100 ms, reading v4. 341 stamp(s) moved by -80.9 to 65.1 ms; 74 left where they were. No labels changed.",Shahriar Tafti,dbf2676df67a
PTEN,59,4,PTEN m59 s4 2025-07-07,ds,m59s4jul7,5,2633.80094,spike,Dentate Spike,Rain Younger,2026-09-22T14:09:30-04:00,"Aligned to the mean magnitude over 16 channels, ±100 ms, reading v4. 341 stamp(s) moved by -80.9 to 65.1 ms; 74 left where they were. No labels changed.",Shahriar Tafti,dbf2676df67a
PTEN,59,4,PTEN m59 s4 2025-07-07,ds,m59s4jul7,5,2646.263812,spike,Dentate Spike,Rain Younger,2026-09-22T14:09:30-04:00,"Aligned to the mean magnitude over 16 channels, ±100 ms, reading v4. 341 stamp(s) moved by -80.9 to 65.1 ms; 74 left where they were. No labels changed.",Shahriar Tafti,dbf2676df67a
PTEN,59,4,PTEN m59 s4 2025-07-07,ds,m59s4jul7,5,2653.962094,spike,Dentate Spike,Rain Younger,2026-09-22T14:09:30-04:00,"Aligned to the mean magnitude over 16 channels, ±100 ms, reading v4. 341 stamp(s) moved by -80.9 to 65.1 ms; 74 left where they were. No labels changed.",Shahriar Tafti,dbf2676df67a
PTEN,59,4,PTEN m59 s4 2025-07-07,ds,m59s4jul7,5,2657.971052,spike,Dentate Spike,Rain Younger,2026-09-22T14:09:30-04:00,"Aligned to the mean magnitude over 16 channels, ±100 ms, reading v4. 341 stamp(s) moved by -80.9 to 65.1 ms; 74 left where they were. No labels changed.",Shahriar Tafti,dbf2676df67a
PTEN,59,4,PTEN m59 s4 2025-07-07,ds,m59s4jul7,5,2659.055204,spike,Dentate Spike,Rain Younger,2026-09-22T14:09:30-04:00,"Aligned to the mean magnitude over 16 channels, ±100 ms, reading v4. 341 stamp(s) moved by -80.9 to 65.1 ms; 74 left where they were. No labels changed.",Shahriar Tafti,dbf2676df67a
PTEN,59,4,PTEN m59 s4 2025-07-07,ds,m59s4jul7,5,2665.793597,spike,Dentate Spike,Rain Younger,2026-09-22T14:09:30-04:00,"Aligned to the mean magnitude over 16 channels, ±100 ms, reading v4. 341 stamp(s) moved by -80.9 to 65.1 ms; 74 left where they were. No labels changed.",Shahriar Tafti,dbf2676df67a
PTEN,59,4,PTEN m59 s4 2025-07-07,ds,m59s4jul7,5,2687.47931,spike,Dentate Spike,Rain Younger,2026-09-22T14:09:30-04:00,"Aligned to the mean magnitude over 16 channels, ±100 ms, reading v4. 341 stamp(s) moved by -80.9 to 65.1 ms; 74 left where they were. No labels changed.",Shahriar Tafti,dbf2676df67a
PTEN,59,4,PTEN m59 s4 2025-07-07,ds,m59s4jul7,5,2694.860674,spike,Dentate Spike,Rain Younger,2026-09-22T14:09:30-04:00,"Aligned to the mean magnitude over 16 channels, ±100 ms, reading v4. 341 stamp(s) moved by -80.9 to 65.1 ms; 74 left where they were. No labels changed.",Shahriar Tafti,dbf2676df67a
PTEN,59,4,PTEN m59 s4 2025-07-07,ds,m59s4jul7,5,2695.567335,spike,Dentate Spike,Rain Younger,2026-09-22T14:09:30-04:00,"Aligned to the mean magnitude over 16 channels, ±100 ms, reading v4. 341 stamp(s) moved by -80.9 to 65.1 ms; 74 left where they were. No labels changed.",Shahriar Tafti,dbf2676df67a
PTEN,59,4,PTEN m59 s4 2025-07-07,ds,m59s4jul7,5,2702.861794,spike,Dentate Spike,Rain Younger,2026-09-22T14:09:30-04:00,"Aligned to the mean magnitude over 16 channels, ±100 ms, reading v4. 341 stamp(s) moved by -80.9 to 65.1 ms; 74 left where they were. No labels changed.",Shahriar Tafti,dbf2676df67a
PTEN,59,4,PTEN m59 s4 2025-07-07,ds,m59s4jul7,5,2702.9949,spike,Dentate Spike,Rain Younger,2026-09-22T14:09:30-04:00,"Aligned to the mean magnitude over 16 channels, ±100 ms, reading v4. 341 stamp(s) moved by -80.9 to 65.1 ms; 74 left where they were. No labels changed.",Shahriar Tafti,dbf2676df67a
PTEN,59,4,PTEN m59 s4 2025-07-07,ds,m59s4jul7,5,2705.255748,spike,Dentate Spike,Rain Younger,2026-09-22T14:09:30-04:00,"Aligned to the mean magnitude over 16 channels, ±100 ms, reading v4. 341 stamp(s) moved by -80.9 to 65.1 ms; 74 left where they were. No labels changed.",Shahriar Tafti,dbf2676df67a
PTEN,59,4,PTEN m59 s4 2025-07-07,ds,m59s4jul7,5,2710.010025,spike,Dentate Spike,Rain Younger,2026-09-22T14:09:30-04:00,"Aligned to the mean magnitude over 16 channels, ±100 ms, reading v4. 341 stamp(s) moved by -80.9 to 65.1 ms; 74 left where they were. No labels changed.",Shahriar Tafti,dbf2676df67a
PTEN,59,4,PTEN m59 s4 2025-07-07,ds,m59s4jul7,5,2719.812289,spike,Dentate Spike,Rain Younger,2026-09-22T14:09:30-04:00,"Aligned to the mean magnitude over 16 channels, ±100 ms, reading v4. 341 stamp(s) moved by -80.9 to 65.1 ms; 74 left where they were. No labels changed.",Shahriar Tafti,dbf2676df67a
PTEN,59,4,PTEN m59 s4 2025-07-07,ds,m59s4jul7,5,2725.098192,spike,Dentate Spike,Rain Younger,2026-09-22T14:09:30-04:00,"Aligned to the mean magnitude over 16 channels, ±100 ms, reading v4. 341 stamp(s) moved by -80.9 to 65.1 ms; 74 left where they were. No labels changed.",Shahriar Tafti,dbf2676df67a
PTEN,59,4,PTEN m59 s4 2025-07-07,ds,m59s4jul7,5,2733.041375,spike,Dentate Spike,Rain Younger,2026-09-22T14:09:30-04:00,"Aligned to the mean magnitude over 16 channels, ±100 ms, reading v4. 341 stamp(s) moved by -80.9 to 65.1 ms; 74 left where they were. No labels changed.",Shahriar Tafti,dbf2676df67a
PTEN,59,4,PTEN m59 s4 2025-07-07,ds,m59s4jul7,5,2734.134452,spike,Dentate Spike,Rain Younger,2026-09-22T14:09:30-04:00,"Aligned to the mean magnitude over 16 channels, ±100 ms, reading v4. 341 stamp(s) moved by -80.9 to 65.1 ms; 74 left where they were. No labels changed.",Shahriar Tafti,dbf2676df67a
PTEN,59,4,PTEN m59 s4 2025-07-07,ds,m59s4jul7,5,2737.173729,spike,Dentate Spike,Rain Younger,2026-09-22T14:09:30-04:00,"Aligned to the mean magnitude over 16 channels, ±100 ms, reading v4. 341 stamp(s) moved by -80.9 to 65.1 ms; 74 left where they were. No labels changed.",Shahriar Tafti,dbf2676df67a
PTEN,59,4,PTEN m59 s4 2025-07-07,ds,m59s4jul7,5,2737.307255,spike,Dentate Spike,Rain Younger,2026-09-22T14:09:30-04:00,"Aligned to the mean magnitude over 16 channels, ±100 ms, reading v4. 341 stamp(s) moved by -80.9 to 65.1 ms; 74 left where they were. No labels changed.",Shahriar Tafti,dbf2676df67a
PTEN,59,4,PTEN m59 s4 2025-07-07,ds,m59s4jul7,5,2741.748356,spike,Dentate Spike,Rain Younger,2026-09-22T14:09:30-04:00,"Aligned to the mean magnitude over 16 channels, ±100 ms, reading v4. 341 stamp(s) moved by -80.9 to 65.1 ms; 74 left where they were. No labels changed.",Shahriar Tafti,dbf2676df67a
PTEN,59,4,PTEN m59 s4 2025-07-07,ds,m59s4jul7,5,2756.330297,spike,Dentate Spike,Rain Younger,2026-09-22T14:09:30-04:00,"Aligned to the mean magnitude over 16 channels, ±100 ms, reading v4. 341 stamp(s) moved by -80.9 to 65.1 ms; 74 left where they were. No labels changed.",Shahriar Tafti,dbf2676df67a
PTEN,59,4,PTEN m59 s4 2025-07-07,ds,m59s4jul7,5,2769.61317,spike,Dentate Spike,Rain Younger,2026-09-22T14:09:30-04:00,"Aligned to the mean magnitude over 16 channels, ±100 ms, reading v4. 341 stamp(s) moved by -80.9 to 65.1 ms; 74 left where they were. No labels changed.",Shahriar Tafti,dbf2676df67a
PTEN,59,4,PTEN m59 s4 2025-07-07,ds,m59s4jul7,5,2778.418862,spike,Dentate Spike,Rain Younger,2026-09-22T14:09:30-04:00,"Aligned to the mean magnitude over 16 channels, ±100 ms, reading v4. 341 stamp(s) moved by -80.9 to 65.1 ms; 74 left where they were. No labels changed.",Shahriar Tafti,dbf2676df67a
PTEN,59,4,PTEN m59 s4 2025-07-07,ds,m59s4jul7,5,2785.806956,spike,Dentate Spike,Rain Younger,2026-09-22T14:09:30-04:00,"Aligned to the mean magnitude over 16 channels, ±100 ms, reading v4. 341 stamp(s) moved by -80.9 to 65.1 ms; 74 left where they were. No labels changed.",Shahriar Tafti,dbf2676df67a
PTEN,59,4,PTEN m59 s4 2025-07-07,ds,m59s4jul7,5,2794.677577,spike,Dentate Spike,Rain Younger,2026-09-22T14:09:30-04:00,"Aligned to the mean magnitude over 16 channels, ±100 ms, reading v4. 341 stamp(s) moved by -80.9 to 65.1 ms; 74 left where they were. No labels changed.",Shahriar Tafti,dbf2676df67a
PTEN,59,4,PTEN m59 s4 2025-07-07,ds,m59s4jul7,5,2794.915028,spike,Dentate Spike,Rain Younger,2026-09-22T14:09:30-04:00,"Aligned to the mean magnitude over 16 channels, ±100 ms, reading v4. 341 stamp(s) moved by -80.9 to 65.1 ms; 74 left where they were. No labels changed.",Shahriar Tafti,dbf2676df67a
PTEN,59,4,PTEN m59 s4 2025-07-07,ds,m59s4jul7,5,2795.746505,spike,Dentate Spike,Rain Younger,2026-09-22T14:09:30-04:00,"Aligned to the mean magnitude over 16 channels, ±100 ms, reading v4. 341 stamp(s) moved by -80.9 to 65.1 ms; 74 left where they were. No labels changed.",Shahriar Tafti,dbf2676df67a
PTEN,59,4,PTEN m59 s4 2025-07-07,ds,m59s4jul7,5,2796.611897,spike,Dentate Spike,Rain Younger,2026-09-22T14:09:30-04:00,"Aligned to the mean magnitude over 16 channels, ±100 ms, reading v4. 341 stamp(s) moved by -80.9 to 65.1 ms; 74 left where they were. No labels changed.",Shahriar Tafti,dbf2676df67a
PTEN,59,4,PTEN m59 s4 2025-07-07,ds,m59s4jul7,5,2798.67614,spike,Dentate Spike,Rain Younger,2026-09-22T14:09:30-04:00,"Aligned to the mean magnitude over 16 channels, ±100 ms, reading v4. 341 stamp(s) moved by -80.9 to 65.1 ms; 74 left where they were. No labels changed.",Shahriar Tafti,dbf2676df67a
PTEN,59,4,PTEN m59 s4 2025-07-07,ds,m59s4jul7,5,2807.260603,spike,Dentate Spike,Rain Younger,2026-09-22T14:09:30-04:00,"Aligned to the mean magnitude over 16 channels, ±100 ms, reading v4. 341 stamp(s) moved by -80.9 to 65.1 ms; 74 left where they were. No labels changed.",Shahriar Tafti,dbf2676df67a
PTEN,59,4,PTEN m59 s4 2025-07-07,ds,m59s4jul7,5,2809.841086,spike,Dentate Spike,Rain Younger,2026-09-22T14:09:30-04:00,"Aligned to the mean magnitude over 16 channels, ±100 ms, reading v4. 341 stamp(s) moved by -80.9 to 65.1 ms; 74 left where they were. No labels changed.",Shahriar Tafti,dbf2676df67a
PTEN,59,4,PTEN m59 s4 2025-07-07,ds,m59s4jul7,5,2810.02535,spike,Dentate Spike,Rain Younger,2026-09-22T14:09:30-04:00,"Aligned to the mean magnitude over 16 channels, ±100 ms, reading v4. 341 stamp(s) moved by -80.9 to 65.1 ms; 74 left where they were. No labels changed.",Shahriar Tafti,dbf2676df67a
PTEN,59,4,PTEN m59 s4 2025-07-07,ds,m59s4jul7,5,2812.010449,spike,Dentate Spike,Rain Younger,2026-09-22T14:09:30-04:00,"Aligned to the mean magnitude over 16 channels, ±100 ms, reading v4. 341 stamp(s) moved by -80.9 to 65.1 ms; 74 left where they were. No labels changed.",Shahriar Tafti,dbf2676df67a
PTEN,59,4,PTEN m59 s4 2025-07-07,ds,m59s4jul7,5,2821.118839,spike,Dentate Spike,Rain Younger,2026-09-22T14:09:30-04:00,"Aligned to the mean magnitude over 16 channels, ±100 ms, reading v4. 341 stamp(s) moved by -80.9 to 65.1 ms; 74 left where they were. No labels changed.",Shahriar Tafti,dbf2676df67a
PTEN,59,4,PTEN m59 s4 2025-07-07,ds,m59s4jul7,5,2827.620915,spike,Dentate Spike,Rain Younger,2026-09-22T14:09:30-04:00,"Aligned to the mean magnitude over 16 channels, ±100 ms, reading v4. 341 stamp(s) moved by -80.9 to 65.1 ms; 74 left where they were. No labels changed.",Shahriar Tafti,dbf2676df67a
PTEN,59,4,PTEN m59 s4 2025-07-07,ds,m59s4jul7,5,2832.936879,spike,Dentate Spike,Rain Younger,2026-09-22T14:09:30-04:00,"Aligned to the mean magnitude over 16 channels, ±100 ms, reading v4. 341 stamp(s) moved by -80.9 to 65.1 ms; 74 left where they were. No labels changed.",Shahriar Tafti,dbf2676df67a
PTEN,59,4,PTEN m59 s4 2025-07-07,ds,m59s4jul7,5,2835.674985,spike,Dentate Spike,Rain Younger,2026-09-22T14:09:30-04:00,"Aligned to the mean magnitude over 16 channels, ±100 ms, reading v4. 341 stamp(s) moved by -80.9 to 65.1 ms; 74 left where they were. No labels changed.",Shahriar Tafti,dbf2676df67a
PTEN,59,4,PTEN m59 s4 2025-07-07,ds,m59s4jul7,5,2838.111372,spike,Dentate Spike,Rain Younger,2026-09-22T14:09:30-04:00,"Aligned to the mean magnitude over 16 channels, ±100 ms, reading v4. 341 stamp(s) moved by -80.9 to 65.1 ms; 74 left where they were. No labels changed.",Shahriar Tafti,dbf2676df67a
PTEN,59,4,PTEN m59 s4 2025-07-07,ds,m59s4jul7,5,2840.842909,spike,Dentate Spike,Rain Younger,2026-09-22T14:09:30-04:00,"Aligned to the mean magnitude over 16 channels, ±100 ms, reading v4. 341 stamp(s) moved by -80.9 to 65.1 ms; 74 left where they were. No labels changed.",Shahriar Tafti,dbf2676df67a
PTEN,59,4,PTEN m59 s4 2025-07-07,ds,m59s4jul7,5,2841.178205,spike,Dentate Spike,Rain Younger,2026-09-22T14:09:30-04:00,"Aligned to the mean magnitude over 16 channels, ±100 ms, reading v4. 341 stamp(s) moved by -80.9 to 65.1 ms; 74 left where they were. No labels changed.",Shahriar Tafti,dbf2676df67a
PTEN,59,4,PTEN m59 s4 2025-07-07,ds,m59s4jul7,5,2849.378106,spike,Dentate Spike,Rain Younger,2026-09-22T14:09:30-04:00,"Aligned to the mean magnitude over 16 channels, ±100 ms, reading v4. 341 stamp(s) moved by -80.9 to 65.1 ms; 74 left where they were. No labels changed.",Shahriar Tafti,dbf2676df67a
PTEN,59,4,PTEN m59 s4 2025-07-07,ds,m59s4jul7,5,2849.90547,spike,Dentate Spike,Rain Younger,2026-09-22T14:09:30-04:00,"Aligned to the mean magnitude over 16 channels, ±100 ms, reading v4. 341 stamp(s) moved by -80.9 to 65.1 ms; 74 left where they were. No labels changed.",Shahriar Tafti,dbf2676df67a
PTEN,59,4,PTEN m59 s4 2025-07-07,ds,m59s4jul7,5,2854.944131,spike,Dentate Spike,Rain Younger,2026-09-22T14:09:30-04:00,"Aligned to the mean magnitude over 16 channels, ±100 ms, reading v4. 341 stamp(s) moved by -80.9 to 65.1 ms; 74 left where they were. No labels changed.",Shahriar Tafti,dbf2676df67a
PTEN,59,4,PTEN m59 s4 2025-07-07,ds,m59s4jul7,5,2856.600108,spike,Dentate Spike,Rain Younger,2026-09-22T14:09:30-04:00,"Aligned to the mean magnitude over 16 channels, ±100 ms, reading v4. 341 stamp(s) moved by -80.9 to 65.1 ms; 74 left where they were. No labels changed.",Shahriar Tafti,dbf2676df67a
PTEN,59,4,PTEN m59 s4 2025-07-07,ds,m59s4jul7,5,2863.987506,spike,Dentate Spike,Rain Younger,2026-09-22T14:09:30-04:00,"Aligned to the mean magnitude over 16 channels, ±100 ms, reading v4. 341 stamp(s) moved by -80.9 to 65.1 ms; 74 left where they were. No labels changed.",Shahriar Tafti,dbf2676df67a
PTEN,59,4,PTEN m59 s4 2025-07-07,ds,m59s4jul7,5,2871.543736,spike,Dentate Spike,Rain Younger,2026-09-22T14:09:30-04:00,"Aligned to the mean magnitude over 16 channels, ±100 ms, reading v4. 341 stamp(s) moved by -80.9 to 65.1 ms; 74 left where they were. No labels changed.",Shahriar Tafti,dbf2676df67a
PTEN,59,4,PTEN m59 s4 2025-07-07,ds,m59s4jul7,5,2876.801407,spike,Dentate Spike,Rain Younger,2026-09-22T14:09:30-04:00,"Aligned to the mean magnitude over 16 channels, ±100 ms, reading v4. 341 stamp(s) moved by -80.9 to 65.1 ms; 74 left where they were. No labels changed.",Shahriar Tafti,dbf2676df67a
PTEN,59,4,PTEN m59 s4 2025-07-07,ds,m59s4jul7,5,2877.564856,spike,Dentate Spike,Rain Younger,2026-09-22T14:09:30-04:00,"Aligned to the mean magnitude over 16 channels, ±100 ms, reading v4. 341 stamp(s) moved by -80.9 to 65.1 ms; 74 left where they were. No labels changed.",Shahriar Tafti,dbf2676df67a
PTEN,59,4,PTEN m59 s4 2025-07-07,ds,m59s4jul7,5,2897.073878,spike,Dentate Spike,Rain Younger,2026-09-22T14:09:30-04:00,"Aligned to the mean magnitude over 16 channels, ±100 ms, reading v4. 341 stamp(s) moved by -80.9 to 65.1 ms; 74 left where they were. No labels changed.",Shahriar Tafti,dbf2676df67a
PTEN,59,4,PTEN m59 s4 2025-07-07,ds,m59s4jul7,5,2901.310051,spike,Dentate Spike,Rain Younger,2026-09-22T14:09:30-04:00,"Aligned to the mean magnitude over 16 channels, ±100 ms, reading v4. 341 stamp(s) moved by -80.9 to 65.1 ms; 74 left where they were. No labels changed.",Shahriar Tafti,dbf2676df67a
PTEN,59,4,PTEN m59 s4 2025-07-07,ds,m59s4jul7,5,2903.815444,spike,Dentate Spike,Rain Younger,2026-09-22T14:09:30-04:00,"Aligned to the mean magnitude over 16 channels, ±100 ms, reading v4. 341 stamp(s) moved by -80.9 to 65.1 ms; 74 left where they were. No labels changed.",Shahriar Tafti,dbf2676df67a
PTEN,59,4,PTEN m59 s4 2025-07-07,ds,m59s4jul7,5,2906.384845,spike,Dentate Spike,Rain Younger,2026-09-22T14:09:30-04:00,"Aligned to the mean magnitude over 16 channels, ±100 ms, reading v4. 341 stamp(s) moved by -80.9 to 65.1 ms; 74 left where they were. No labels changed.",Shahriar Tafti,dbf2676df67a
PTEN,59,4,PTEN m59 s4 2025-07-07,ds,m59s4jul7,5,2908.582521,spike,Dentate Spike,Rain Younger,2026-09-22T14:09:30-04:00,"Aligned to the mean magnitude over 16 channels, ±100 ms, reading v4. 341 stamp(s) moved by -80.9 to 65.1 ms; 74 left where they were. No labels changed.",Shahriar Tafti,dbf2676df67a
PTEN,59,4,PTEN m59 s4 2025-07-07,ds,m59s4jul7,5,2918.399566,spike,Dentate Spike,Rain Younger,2026-09-22T14:09:30-04:00,"Aligned to the mean magnitude over 16 channels, ±100 ms, reading v4. 341 stamp(s) moved by -80.9 to 65.1 ms; 74 left where they were. No labels changed.",Shahriar Tafti,dbf2676df67a
PTEN,59,4,PTEN m59 s4 2025-07-07,ds,m59s4jul7,5,2928.269813,spike,Dentate Spike,Rain Younger,2026-09-22T14:09:30-04:00,"Aligned to the mean magnitude over 16 channels, ±100 ms, reading v4. 341 stamp(s) moved by -80.9 to 65.1 ms; 74 left where they were. No labels changed.",Shahriar Tafti,dbf2676df67a
PTEN,59,4,PTEN m59 s4 2025-07-07,ds,m59s4jul7,5,2928.420192,spike,Dentate Spike,Rain Younger,2026-09-22T14:09:30-04:00,"Aligned to the mean magnitude over 16 channels, ±100 ms, reading v4. 341 stamp(s) moved by -80.9 to 65.1 ms; 74 left where they were. No labels changed.",Shahriar Tafti,dbf2676df67a
PTEN,59,4,PTEN m59 s4 2025-07-07,ds,m59s4jul7,5,2931.702783,spike,Dentate Spike,Rain Younger,2026-09-22T14:09:30-04:00,"Aligned to the mean magnitude over 16 channels, ±100 ms, reading v4. 341 stamp(s) moved by -80.9 to 65.1 ms; 74 left where they were. No labels changed.",Shahriar Tafti,dbf2676df67a
PTEN,59,4,PTEN m59 s4 2025-07-07,ds,m59s4jul7,5,2939.965838,spike,Dentate Spike,Rain Younger,2026-09-22T14:09:30-04:00,"Aligned to the mean magnitude over 16 channels, ±100 ms, reading v4. 341 stamp(s) moved by -80.9 to 65.1 ms; 74 left where they were. No labels changed.",Shahriar Tafti,dbf2676df67a
PTEN,59,4,PTEN m59 s4 2025-07-07,ds,m59s4jul7,5,2942.73035,spike,Dentate Spike,Rain Younger,2026-09-22T14:09:30-04:00,"Aligned to the mean magnitude over 16 channels, ±100 ms, reading v4. 341 stamp(s) moved by -80.9 to 65.1 ms; 74 left where they were. No labels changed.",Shahriar Tafti,dbf2676df67a
PTEN,59,4,PTEN m59 s4 2025-07-07,ds,m59s4jul7,5,2946.769578,spike,Dentate Spike,Rain Younger,2026-09-22T14:09:30-04:00,"Aligned to the mean magnitude over 16 channels, ±100 ms, reading v4. 341 stamp(s) moved by -80.9 to 65.1 ms; 74 left where they were. No labels changed.",Shahriar Tafti,dbf2676df67a
PTEN,59,4,PTEN m59 s4 2025-07-07,ds,m59s4jul7,5,2947.470315,spike,Dentate Spike,Rain Younger,2026-09-22T14:09:30-04:00,"Aligned to the mean magnitude over 16 channels, ±100 ms, reading v4. 341 stamp(s) moved by -80.9 to 65.1 ms; 74 left where they were. No labels changed.",Shahriar Tafti,dbf2676df67a
PTEN,59,4,PTEN m59 s4 2025-07-07,ds,m59s4jul7,5,2952.28196,spike,Dentate Spike,Rain Younger,2026-09-22T14:09:30-04:00,"Aligned to the mean magnitude over 16 channels, ±100 ms, reading v4. 341 stamp(s) moved by -80.9 to 65.1 ms; 74 left where they were. No labels changed.",Shahriar Tafti,dbf2676df67a
PTEN,59,4,PTEN m59 s4 2025-07-07,ds,m59s4jul7,5,2952.808983,spike,Dentate Spike,Rain Younger,2026-09-22T14:09:30-04:00,"Aligned to the mean magnitude over 16 channels, ±100 ms, reading v4. 341 stamp(s) moved by -80.9 to 65.1 ms; 74 left where they were. No labels changed.",Shahriar Tafti,dbf2676df67a
PTEN,59,4,PTEN m59 s4 2025-07-07,ds,m59s4jul7,5,2961.238688,spike,Dentate Spike,Rain Younger,2026-09-22T14:09:30-04:00,"Aligned to the mean magnitude over 16 channels, ±100 ms, reading v4. 341 stamp(s) moved by -80.9 to 65.1 ms; 74 left where they were. No labels changed.",Shahriar Tafti,dbf2676df67a
PTEN,59,4,PTEN m59 s4 2025-07-07,ds,m59s4jul7,5,2963.351175,spike,Dentate Spike,Rain Younger,2026-09-22T14:09:30-04:00,"Aligned to the mean magnitude over 16 channels, ±100 ms, reading v4. 341 stamp(s) moved by -80.9 to 65.1 ms; 74 left where they were. No labels changed.",Shahriar Tafti,dbf2676df67a
PTEN,59,4,PTEN m59 s4 2025-07-07,ds,m59s4jul7,5,2969.280468,spike,Dentate Spike,Rain Younger,2026-09-22T14:09:30-04:00,"Aligned to the mean magnitude over 16 channels, ±100 ms, reading v4. 341 stamp(s) moved by -80.9 to 65.1 ms; 74 left where they were. No labels changed.",Shahriar Tafti,dbf2676df67a
PTEN,59,4,PTEN m59 s4 2025-07-07,ds,m59s4jul7,5,2975.92962,spike,Dentate Spike,Rain Younger,2026-09-22T14:09:30-04:00,"Aligned to the mean magnitude over 16 channels, ±100 ms, reading v4. 341 stamp(s) moved by -80.9 to 65.1 ms; 74 left where they were. No labels changed.",Shahriar Tafti,dbf2676df67a
PTEN,59,4,PTEN m59 s4 2025-07-07,ds,m59s4jul7,5,2984.398135,spike,Dentate Spike,Rain Younger,2026-09-22T14:09:30-04:00,"Aligned to the mean magnitude over 16 channels, ±100 ms, reading v4. 341 stamp(s) moved by -80.9 to 65.1 ms; 74 left where they were. No labels changed.",Shahriar Tafti,dbf2676df67a
PTEN,59,4,PTEN m59 s4 2025-07-07,ds,m59s4jul7,5,2988.906083,spike,Dentate Spike,Rain Younger,2026-09-22T14:09:30-04:00,"Aligned to the mean magnitude over 16 channels, ±100 ms, reading v4. 341 stamp(s) moved by -80.9 to 65.1 ms; 74 left where they were. No labels changed.",Shahriar Tafti,dbf2676df67a
PTEN,59,4,PTEN m59 s4 2025-07-07,ds,m59s4jul7,5,2995.176023,spike,Dentate Spike,Rain Younger,2026-09-22T14:09:30-04:00,"Aligned to the mean magnitude over 16 channels, ±100 ms, reading v4. 341 stamp(s) moved by -80.9 to 65.1 ms; 74 left where they were. No labels changed.",Shahriar Tafti,dbf2676df67a
PTEN,59,4,PTEN m59 s4 2025-07-07,ds,m59s4jul7,5,2999.563195,spike,Dentate Spike,Rain Younger,2026-09-22T14:09:30-04:00,"Aligned to the mean magnitude over 16 channels, ±100 ms, reading v4. 341 stamp(s) moved by -80.9 to 65.1 ms; 74 left where they were. No labels changed.",Shahriar Tafti,dbf2676df67a
PTEN,59,4,PTEN m59 s4 2025-07-07,ds,m59s4jul7,5,2999.744668,spike,Dentate Spike,Rain Younger,2026-09-22T14:09:30-04:00,"Aligned to the mean magnitude over 16 channels, ±100 ms, reading v4. 341 stamp(s) moved by -80.9 to 65.1 ms; 74 left where they were. No labels changed.",Shahriar Tafti,dbf2676df67a
PTEN,59,4,PTEN m59 s4 2025-07-07,ds,m59s4jul7,5,3013.491597,spike,Dentate Spike,Rain Younger,2026-09-22T14:09:30-04:00,"Aligned to the mean magnitude over 16 channels, ±100 ms, reading v4. 341 stamp(s) moved by -80.9 to 65.1 ms; 74 left where they were. No labels changed.",Shahriar Tafti,dbf2676df67a
PTEN,59,4,PTEN m59 s4 2025-07-07,ds,m59s4jul7,5,3013.716412,spike,Dentate Spike,Rain Younger,2026-09-22T14:09:30-04:00,"Aligned to the mean magnitude over 16 channels, ±100 ms, reading v4. 341 stamp(s) moved by -80.9 to 65.1 ms; 74 left where they were. No labels changed.",Shahriar Tafti,dbf2676df67a
PTEN,59,4,PTEN m59 s4 2025-07-07,ds,m59s4jul7,5,3021.179542,spike,Dentate Spike,Rain Younger,2026-09-22T14:09:30-04:00,"Aligned to the mean magnitude over 16 channels, ±100 ms, reading v4. 341 stamp(s) moved by -80.9 to 65.1 ms; 74 left where they were. No labels changed.",Shahriar Tafti,dbf2676df67a
PTEN,59,4,PTEN m59 s4 2025-07-07,ds,m59s4jul7,5,3042.656213,spike,Dentate Spike,Rain Younger,2026-09-22T14:09:30-04:00,"Aligned to the mean magnitude over 16 channels, ±100 ms, reading v4. 341 stamp(s) moved by -80.9 to 65.1 ms; 74 left where they were. No labels changed.",Shahriar Tafti,dbf2676df67a
PTEN,59,4,PTEN m59 s4 2025-07-07,ds,m59s4jul7,5,3043.695546,spike,Dentate Spike,Rain Younger,2026-09-22T14:09:30-04:00,"Aligned to the mean magnitude over 16 channels, ±100 ms, reading v4. 341 stamp(s) moved by -80.9 to 65.1 ms; 74 left where they were. No labels changed.",Shahriar Tafti,dbf2676df67a
PTEN,59,4,PTEN m59 s4 2025-07-07,ds,m59s4jul7,5,3046.846509,spike,Dentate Spike,Rain Younger,2026-09-22T14:09:30-04:00,"Aligned to the mean magnitude over 16 channels, ±100 ms, reading v4. 341 stamp(s) moved by -80.9 to 65.1 ms; 74 left where they were. No labels changed.",Shahriar Tafti,dbf2676df67a
PTEN,59,4,PTEN m59 s4 2025-07-07,ds,m59s4jul7,5,3056.75406,spike,Dentate Spike,Rain Younger,2026-09-22T14:09:30-04:00,"Aligned to the mean magnitude over 16 channels, ±100 ms, reading v4. 341 stamp(s) moved by -80.9 to 65.1 ms; 74 left where they were. No labels changed.",Shahriar Tafti,dbf2676df67a
PTEN,59,4,PTEN m59 s4 2025-07-07,ds,m59s4jul7,5,3073.003387,spike,Dentate Spike,Rain Younger,2026-09-22T14:09:30-04:00,"Aligned to the mean magnitude over 16 channels, ±100 ms, reading v4. 341 stamp(s) moved by -80.9 to 65.1 ms; 74 left where they were. No labels changed.",Shahriar Tafti,dbf2676df67a
PTEN,59,4,PTEN m59 s4 2025-07-07,ds,m59s4jul7,5,3075.489233,spike,Dentate Spike,Rain Younger,2026-09-22T14:09:30-04:00,"Aligned to the mean magnitude over 16 channels, ±100 ms, reading v4. 341 stamp(s) moved by -80.9 to 65.1 ms; 74 left where they were. No labels changed.",Shahriar Tafti,dbf2676df67a
PTEN,59,4,PTEN m59 s4 2025-07-07,ds,m59s4jul7,5,3076.547052,spike,Dentate Spike,Rain Younger,2026-09-22T14:09:30-04:00,"Aligned to the mean magnitude over 16 channels, ±100 ms, reading v4. 341 stamp(s) moved by -80.9 to 65.1 ms; 74 left where they were. No labels changed.",Shahriar Tafti,dbf2676df67a
PTEN,59,4,PTEN m59 s4 2025-07-07,ds,m59s4jul7,5,3084.53021,spike,Dentate Spike,Rain Younger,2026-09-22T14:09:30-04:00,"Aligned to the mean magnitude over 16 channels, ±100 ms, reading v4. 341 stamp(s) moved by -80.9 to 65.1 ms; 74 left where they were. No labels changed.",Shahriar Tafti,dbf2676df67a
PTEN,59,4,PTEN m59 s4 2025-07-07,ds,m59s4jul7,5,3095.229775,spike,Dentate Spike,Rain Younger,2026-09-22T14:09:30-04:00,"Aligned to the mean magnitude over 16 channels, ±100 ms, reading v4. 341 stamp(s) moved by -80.9 to 65.1 ms; 74 left where they were. No labels changed.",Shahriar Tafti,dbf2676df67a
PTEN,59,4,PTEN m59 s4 2025-07-07,ds,m59s4jul7,5,3098.649887,spike,Dentate Spike,Rain Younger,2026-09-22T14:09:30-04:00,"Aligned to the mean magnitude over 16 channels, ±100 ms, reading v4. 341 stamp(s) moved by -80.9 to 65.1 ms; 74 left where they were. No labels changed.",Shahriar Tafti,dbf2676df67a
PTEN,59,4,PTEN m59 s4 2025-07-07,ds,m59s4jul7,5,3111.995356,spike,Dentate Spike,Rain Younger,2026-09-22T14:09:30-04:00,"Aligned to the mean magnitude over 16 channels, ±100 ms, reading v4. 341 stamp(s) moved by -80.9 to 65.1 ms; 74 left where they were. No labels changed.",Shahriar Tafti,dbf2676df67a
PTEN,59,4,PTEN m59 s4 2025-07-07,ds,m59s4jul7,5,3117.267912,spike,Dentate Spike,Rain Younger,2026-09-22T14:09:30-04:00,"Aligned to the mean magnitude over 16 channels, ±100 ms, reading v4. 341 stamp(s) moved by -80.9 to 65.1 ms; 74 left where they were. No labels changed.",Shahriar Tafti,dbf2676df67a
PTEN,59,4,PTEN m59 s4 2025-07-07,ds,m59s4jul7,5,3123.169558,spike,Dentate Spike,Rain Younger,2026-09-22T14:09:30-04:00,"Aligned to the mean magnitude over 16 channels, ±100 ms, reading v4. 341 stamp(s) moved by -80.9 to 65.1 ms; 74 left where they were. No labels changed.",Shahriar Tafti,dbf2676df67a
PTEN,59,4,PTEN m59 s4 2025-07-07,ds,m59s4jul7,5,3128.008049,spike,Dentate Spike,Rain Younger,2026-09-22T14:09:30-04:00,"Aligned to the mean magnitude over 16 channels, ±100 ms, reading v4. 341 stamp(s) moved by -80.9 to 65.1 ms; 74 left where they were. No labels changed.",Shahriar Tafti,dbf2676df67a
PTEN,59,4,PTEN m59 s4 2025-07-07,ds,m59s4jul7,5,3137.369096,spike,Dentate Spike,Rain Younger,2026-09-22T14:09:30-04:00,"Aligned to the mean magnitude over 16 channels, ±100 ms, reading v4. 341 stamp(s) moved by -80.9 to 65.1 ms; 74 left where they were. No labels changed.",Shahriar Tafti,dbf2676df67a
PTEN,59,4,PTEN m59 s4 2025-07-07,ds,m59s4jul7,5,3140.412648,spike,Dentate Spike,Rain Younger,2026-09-22T14:09:30-04:00,"Aligned to the mean magnitude over 16 channels, ±100 ms, reading v4. 341 stamp(s) moved by -80.9 to 65.1 ms; 74 left where they were. No labels changed.",Shahriar Tafti,dbf2676df67a
PTEN,59,4,PTEN m59 s4 2025-07-07,ds,m59s4jul7,5,3140.840645,spike,Dentate Spike,Rain Younger,2026-09-22T14:09:30-04:00,"Aligned to the mean magnitude over 16 channels, ±100 ms, reading v4. 341 stamp(s) moved by -80.9 to 65.1 ms; 74 left where they were. No labels changed.",Shahriar Tafti,dbf2676df67a
PTEN,59,4,PTEN m59 s4 2025-07-07,ds,m59s4jul7,5,3148.44031,spike,Dentate Spike,Rain Younger,2026-09-22T14:09:30-04:00,"Aligned to the mean magnitude over 16 channels, ±100 ms, reading v4. 341 stamp(s) moved by -80.9 to 65.1 ms; 74 left where they were. No labels changed.",Shahriar Tafti,dbf2676df67a
PTEN,59,4,PTEN m59 s4 2025-07-07,ds,m59s4jul7,5,3150.481439,spike,Dentate Spike,Rain Younger,2026-09-22T14:09:30-04:00,"Aligned to the mean magnitude over 16 channels, ±100 ms, reading v4. 341 stamp(s) moved by -80.9 to 65.1 ms; 74 left where they were. No labels changed.",Shahriar Tafti,dbf2676df67a
PTEN,59,4,PTEN m59 s4 2025-07-07,ds,m59s4jul7,5,3152.78109,spike,Dentate Spike,Rain Younger,2026-09-22T14:09:30-04:00,"Aligned to the mean magnitude over 16 channels, ±100 ms, reading v4. 341 stamp(s) moved by -80.9 to 65.1 ms; 74 left where they were. No labels changed.",Shahriar Tafti,dbf2676df67a
PTEN,59,4,PTEN m59 s4 2025-07-07,ds,m59s4jul7,5,3188.611737,spike,Dentate Spike,Rain Younger,2026-09-22T14:09:30-04:00,"Aligned to the mean magnitude over 16 channels, ±100 ms, reading v4. 341 stamp(s) moved by -80.9 to 65.1 ms; 74 left where they were. No labels changed.",Shahriar Tafti,dbf2676df67a
PTEN,59,4,PTEN m59 s4 2025-07-07,ds,m59s4jul7,5,3190.295875,spike,Dentate Spike,Rain Younger,2026-09-22T14:09:30-04:00,"Aligned to the mean magnitude over 16 channels, ±100 ms, reading v4. 341 stamp(s) moved by -80.9 to 65.1 ms; 74 left where they were. No labels changed.",Shahriar Tafti,dbf2676df67a
