band,window type,window,method,layer,region pair,change,se,t,df,p,q,tier,rats,rats same way,artifact,version
theta,state,pre,coherence,raw,Left DHC – Left ACC,0.00232499990844199,0.038315910040656584,0.060679751726501044,5,0.9539650160825894,0.986746205034125,0,6,3,d7df0f7a3cd6,2
theta,state,pre,coherence,raw,Left DHC – Left OFC,-0.005517899756216106,0.032620579598634826,-0.16915394588657248,5,0.8723059687285156,0.9845262465406244,0,6,4,d7df0f7a3cd6,2
theta,state,pre,coherence,raw,Left OFC – Left ACC,-0.0771264282055566,0.07137603131176966,-1.0805648169014788,7,0.3157072658263726,0.8913314914861878,0,8,5,d7df0f7a3cd6,2
theta,state,pre,coherence,raw,Left PER – Left ACC,0.12089785114964376,,,1,,,0,2,1,d7df0f7a3cd6,2
theta,state,pre,coherence,raw,Left PER – Left DHC,0.01261896361188099,,,1,,,0,2,1,d7df0f7a3cd6,2
theta,state,pre,coherence,raw,Left PER – Left OFC,-0.00251832021981067,,,1,,,0,2,1,d7df0f7a3cd6,2
theta,state,pre,coherence,raw,Left PER – Left RSC,0.053722161740453585,,,1,,,0,2,2,d7df0f7a3cd6,2
theta,state,pre,coherence,raw,Left RSC – Left ACC,-0.0025396419623985944,0.03903989153446753,-0.06505248510120465,6,0.95024549950934,0.986746205034125,0,7,4,d7df0f7a3cd6,2
theta,state,pre,coherence,raw,Left RSC – Left DHC,0.016844841710013124,0.10166003880110007,0.16569776982842196,4,0.8764324239166414,0.9845262465406244,0,5,2,d7df0f7a3cd6,2
theta,state,pre,coherence,raw,Left RSC – Left OFC,-0.014813078047694507,0.019466756078363172,-0.7609422950626522,6,0.47552365609712527,0.9784729779631979,0,7,3,d7df0f7a3cd6,2
theta,state,pre,coherence,raw,Right ACC – Left ACC,0.28263291246863176,0.08850255122640911,3.1935001709226913,7,0.01520249730907443,0.28140152017203496,0,8,7,d7df0f7a3cd6,2
theta,state,pre,coherence,raw,Right ACC – Left DHC,0.05042534638549814,0.03818897342237217,1.3204163889872347,5,0.2439061936456021,0.7753703662055038,0,6,5,d7df0f7a3cd6,2
theta,state,pre,coherence,raw,Right ACC – Left OFC,0.08125407133295376,0.04591201150605019,1.7697780747908696,7,0.12007529129654299,0.574545727965739,0,8,6,d7df0f7a3cd6,2
theta,state,pre,coherence,raw,Right ACC – Left PER,0.22210422612383307,,,1,,,0,2,2,d7df0f7a3cd6,2
theta,state,pre,coherence,raw,Right ACC – Left RSC,0.016438471436296575,0.027644881163028576,0.5946298462762389,6,0.5738144982642488,0.9784729779631979,0,7,4,d7df0f7a3cd6,2
theta,state,pre,coherence,raw,Right ACC – Right DHC,0.02621580508395276,0.039623444461135936,0.6616235776691787,4,0.5443816904417044,0.9784729779631979,0,5,3,d7df0f7a3cd6,2
theta,state,pre,coherence,raw,Right ACC – Right OFC,-0.003454456215448879,0.03308069537208097,-0.10442513909076795,7,0.9197610468958932,0.9845262465406244,0,8,3,d7df0f7a3cd6,2
theta,state,pre,coherence,raw,Right ACC – Right PER,0.1614289902571506,,,1,,,0,2,2,d7df0f7a3cd6,2
theta,state,pre,coherence,raw,Right ACC – Right RSC,0.17135545019720186,0.07638817805313425,2.2432194950115196,5,0.074911372999072,0.4993217063515323,0,6,6,d7df0f7a3cd6,2
theta,state,pre,coherence,raw,Right DHC – Left ACC,-0.0010250052496611594,0.04307962798497472,-0.02379327068512894,4,0.9821571513359302,0.9887488100697284,0,5,3,d7df0f7a3cd6,2
theta,state,pre,coherence,raw,Right DHC – Left DHC,-0.06971404492893339,0.09551742921477464,-0.7298567968383933,4,0.5059218968247623,0.9784729779631979,0,5,3,d7df0f7a3cd6,2
theta,state,pre,coherence,raw,Right DHC – Left OFC,-0.00027648817589229766,0.0548612655525367,-0.005039770284327924,4,0.9962201922876456,0.9962201922876456,0,5,3,d7df0f7a3cd6,2
theta,state,pre,coherence,raw,Right DHC – Left PER,-0.037202576923076915,,,,,,0,1,1,d7df0f7a3cd6,2
theta,state,pre,coherence,raw,Right DHC – Left RSC,-0.108236343810686,,,3,,,0,4,4,d7df0f7a3cd6,2
theta,state,pre,coherence,raw,Right DHC – Right PER,0.009188533333333332,,,,,,0,1,1,d7df0f7a3cd6,2
theta,state,pre,coherence,raw,Right DHC – Right RSC,-0.0616401560040944,,,2,,,0,3,3,d7df0f7a3cd6,2
theta,state,pre,coherence,raw,Right OFC – Left ACC,-0.10439400971879202,0.048677497289387396,-2.1446051159567703,7,0.06916239872448747,0.4715618094851418,0,8,5,d7df0f7a3cd6,2
theta,state,pre,coherence,raw,Right OFC – Left DHC,-0.002680522908923093,0.027113020758756663,-0.09886478282053346,5,0.9250869206304072,0.9845262465406244,0,6,3,d7df0f7a3cd6,2
theta,state,pre,coherence,raw,Right OFC – Left OFC,-0.15842609247146708,0.0722190259283714,-2.193689134336954,7,0.06432749225037424,0.4487964575607505,0,8,6,d7df0f7a3cd6,2
theta,state,pre,coherence,raw,Right OFC – Left PER,0.011245600720888106,,,1,,,0,2,1,d7df0f7a3cd6,2
theta,state,pre,coherence,raw,Right OFC – Left RSC,-0.01527917072274778,0.01603843479665356,-0.9526597150200591,6,0.37754708695618877,0.9331924622235905,0,7,5,d7df0f7a3cd6,2
theta,state,pre,coherence,raw,Right OFC – Right DHC,-0.020175732439956517,0.0490190157195091,-0.411589913502216,4,0.7017387921857362,0.9845262465406244,0,5,4,d7df0f7a3cd6,2
theta,state,pre,coherence,raw,Right OFC – Right PER,-0.12409518232726839,,,1,,,0,2,2,d7df0f7a3cd6,2
theta,state,pre,coherence,raw,Right OFC – Right RSC,-0.07093985756619002,0.03767096274049154,-1.883144268302403,5,0.11839764421634706,0.574545727965739,0,6,4,d7df0f7a3cd6,2
theta,state,pre,coherence,raw,Right PER – Left ACC,-0.07466816235733394,,,1,,,0,2,2,d7df0f7a3cd6,2
theta,state,pre,coherence,raw,Right PER – Left DHC,-0.005590022222222228,,,,,,0,1,1,d7df0f7a3cd6,2
theta,state,pre,coherence,raw,Right PER – Left OFC,-0.09340147082378221,,,1,,,0,2,2,d7df0f7a3cd6,2
theta,state,pre,coherence,raw,Right PER – Left RSC,-0.0069189647065576705,,,1,,,0,2,2,d7df0f7a3cd6,2
theta,state,pre,coherence,raw,Right RSC – Left ACC,0.020026211479436076,0.05775983637896417,0.3467151698291431,5,0.7429203696415445,0.9845262465406244,0,6,3,d7df0f7a3cd6,2
theta,state,pre,coherence,raw,Right RSC – Left DHC,0.015353368459469892,,,3,,,0,4,1,d7df0f7a3cd6,2
theta,state,pre,coherence,raw,Right RSC – Left OFC,-0.029444343129425267,0.040734801217610965,-0.7228301660815649,5,0.502169828832963,0.9784729779631979,0,6,5,d7df0f7a3cd6,2
theta,state,pre,coherence,raw,Right RSC – Left PER,0.09012921147941486,,,1,,,0,2,1,d7df0f7a3cd6,2
theta,state,pre,coherence,raw,Right RSC – Left RSC,-0.05616188256242027,0.13891311877839482,-0.4042950230785196,5,0.7027092725569244,0.9845262465406244,0,6,4,d7df0f7a3cd6,2
theta,state,pre,coherence,raw,Right RSC – Right PER,-0.025236015490241244,,,1,,,0,2,1,d7df0f7a3cd6,2
theta,state,pre,raw_cc,raw,Left DHC – Left ACC,-0.032415309698886494,0.07934326318487928,-0.4085452046931187,5,0.6997822547239366,0.9845262465406244,0,6,2,d7df0f7a3cd6,2
theta,state,pre,raw_cc,raw,Left DHC – Left OFC,0.05387521224033965,0.09578767019352578,0.5624441238782842,5,0.5980942670768744,0.9784729779631979,0,6,3,d7df0f7a3cd6,2
theta,state,pre,raw_cc,raw,Left OFC – Left ACC,-0.11924617154359377,0.07352645459530219,-1.6218131582698772,7,0.1488737511494715,0.6290440189414289,0,8,6,d7df0f7a3cd6,2
theta,state,pre,raw_cc,raw,Left PER – Left ACC,0.28557600717376874,,,1,,,0,2,1,d7df0f7a3cd6,2
theta,state,pre,raw_cc,raw,Left PER – Left DHC,0.11275617767928689,,,1,,,0,2,1,d7df0f7a3cd6,2
theta,state,pre,raw_cc,raw,Left PER – Left OFC,0.2546527615236773,,,1,,,0,2,1,d7df0f7a3cd6,2
theta,state,pre,raw_cc,raw,Left PER – Left RSC,0.08093708831800958,,,1,,,0,2,1,d7df0f7a3cd6,2
theta,state,pre,raw_cc,raw,Left RSC – Left ACC,-0.01975335623936349,0.06680354111723054,-0.2956932508218271,6,0.7774308123930478,0.9845262465406244,0,7,3,d7df0f7a3cd6,2
theta,state,pre,raw_cc,raw,Left RSC – Left DHC,0.09841154292953626,0.1385182212090934,0.7104591877554067,4,0.5166479909220645,0.9784729779631979,0,5,3,d7df0f7a3cd6,2
theta,state,pre,raw_cc,raw,Left RSC – Left OFC,-0.11620983700629327,0.0485875149120721,-2.39176334119158,6,0.053896519147521305,0.42549883537516814,0,7,6,d7df0f7a3cd6,2
theta,state,pre,raw_cc,raw,Right ACC – Left ACC,0.3696990272855522,0.12268021616066412,3.013517899262486,7,0.019564634157167925,0.28140152017203496,0,8,7,d7df0f7a3cd6,2
theta,state,pre,raw_cc,raw,Right ACC – Left DHC,0.09183448530158643,0.07534663021368375,1.2188267085222388,5,0.2772717119453923,0.8465586133517575,0,6,4,d7df0f7a3cd6,2
theta,state,pre,raw_cc,raw,Right ACC – Left OFC,0.1316068100256848,0.07796530791947319,1.6880175752222446,7,0.13526349519664313,0.6242930547537375,0,8,5,d7df0f7a3cd6,2
theta,state,pre,raw_cc,raw,Right ACC – Left PER,0.2758597956761177,,,1,,,0,2,2,d7df0f7a3cd6,2
theta,state,pre,raw_cc,raw,Right ACC – Left RSC,-0.04472770996225072,0.0648968371037799,-0.6892124787333521,6,0.5164425359855531,0.9784729779631979,0,7,5,d7df0f7a3cd6,2
theta,state,pre,raw_cc,raw,Right ACC – Right DHC,0.041731630114519025,0.050282019526108314,0.8299513525476119,4,0.45322725211192505,0.9784729779631979,0,5,3,d7df0f7a3cd6,2
theta,state,pre,raw_cc,raw,Right ACC – Right OFC,-0.06324955523832866,0.05882139405255893,-1.0752814729588527,7,0.317908231963407,0.8913314914861878,0,8,5,d7df0f7a3cd6,2
theta,state,pre,raw_cc,raw,Right ACC – Right PER,0.23781662305543325,,,1,,,0,2,2,d7df0f7a3cd6,2
theta,state,pre,raw_cc,raw,Right ACC – Right RSC,0.2666179262561008,0.13256189699698762,2.0112712045917656,5,0.10048315907596692,0.5595310682460427,0,6,5,d7df0f7a3cd6,2
theta,state,pre,raw_cc,raw,Right DHC – Left ACC,-0.029484239869361245,0.09449988597493005,-0.31200291476735903,4,0.7706252817287144,0.9845262465406244,0,5,4,d7df0f7a3cd6,2
theta,state,pre,raw_cc,raw,Right DHC – Left DHC,-0.03198358439247579,0.17472276961303632,-0.18305332764190255,4,0.8636600625430598,0.9845262465406244,0,5,2,d7df0f7a3cd6,2
theta,state,pre,raw_cc,raw,Right DHC – Left OFC,0.024785344513283566,0.055759619712178674,0.44450347117181116,4,0.6796693157767317,0.9845262465406244,0,5,3,d7df0f7a3cd6,2
theta,state,pre,raw_cc,raw,Right DHC – Left PER,-0.04422503846153847,,,,,,0,1,1,d7df0f7a3cd6,2
theta,state,pre,raw_cc,raw,Right DHC – Left RSC,-0.2088711306272345,,,3,,,0,4,4,d7df0f7a3cd6,2
theta,state,pre,raw_cc,raw,Right DHC – Right PER,0.02702488888888889,,,,,,0,1,1,d7df0f7a3cd6,2
theta,state,pre,raw_cc,raw,Right DHC – Right RSC,-0.10973872306151072,,,2,,,0,3,3,d7df0f7a3cd6,2
theta,state,pre,raw_cc,raw,Right OFC – Left ACC,-0.2191725416140143,0.0981416906945723,-2.233225656322788,7,0.06068136639604758,0.44411176059068697,0,8,5,d7df0f7a3cd6,2
theta,state,pre,raw_cc,raw,Right OFC – Left DHC,-0.005493554628555836,0.11683860371709344,-0.04701831803688468,5,0.9643188386903149,0.986746205034125,0,6,3,d7df0f7a3cd6,2
theta,state,pre,raw_cc,raw,Right OFC – Left OFC,-0.21728654718114157,0.1046779556743846,-2.075762234572499,7,0.07656266164056828,0.4993217063515323,0,8,6,d7df0f7a3cd6,2
theta,state,pre,raw_cc,raw,Right OFC – Left PER,0.12058335908750796,,,1,,,0,2,1,d7df0f7a3cd6,2
theta,state,pre,raw_cc,raw,Right OFC – Left RSC,0.02993661301812438,0.051974444353454836,0.575987168127069,6,0.5855642169983492,0.9784729779631979,0,7,5,d7df0f7a3cd6,2
theta,state,pre,raw_cc,raw,Right OFC – Right DHC,-0.10692794839650276,0.08733955718986057,-1.224278572469294,4,0.2880219255224632,0.8555106698687026,0,5,4,d7df0f7a3cd6,2
theta,state,pre,raw_cc,raw,Right OFC – Right PER,-0.29465801725674834,,,1,,,0,2,2,d7df0f7a3cd6,2
theta,state,pre,raw_cc,raw,Right OFC – Right RSC,-0.11384057358885034,0.09448832221103289,-1.2048110382846633,5,0.28218620445058584,0.8465586133517575,0,6,4,d7df0f7a3cd6,2
theta,state,pre,raw_cc,raw,Right PER – Left ACC,-0.14063160375491948,,,1,,,0,2,2,d7df0f7a3cd6,2
theta,state,pre,raw_cc,raw,Right PER – Left DHC,0.12555808888888886,,,,,,0,1,1,d7df0f7a3cd6,2
theta,state,pre,raw_cc,raw,Right PER – Left OFC,-0.21757027082013136,,,1,,,0,2,2,d7df0f7a3cd6,2
theta,state,pre,raw_cc,raw,Right PER – Left RSC,0.01788558680023476,,,1,,,0,2,1,d7df0f7a3cd6,2
theta,state,pre,raw_cc,raw,Right RSC – Left ACC,0.03861891768781882,0.07436232747539331,0.5193344398828549,5,0.6256892271578843,0.9784729779631979,0,6,3,d7df0f7a3cd6,2
theta,state,pre,raw_cc,raw,Right RSC – Left DHC,0.036335643515379275,,,3,,,0,4,2,d7df0f7a3cd6,2
theta,state,pre,raw_cc,raw,Right RSC – Left OFC,-0.037976980027030996,0.06651421703070363,-0.5709603408471371,5,0.5927300917314704,0.9784729779631979,0,6,4,d7df0f7a3cd6,2
theta,state,pre,raw_cc,raw,Right RSC – Left PER,0.4185425756219628,,,1,,,0,2,2,d7df0f7a3cd6,2
theta,state,pre,raw_cc,raw,Right RSC – Left RSC,-0.09962314687586708,0.19213276533651857,-0.5185120127812566,5,0.6262227058964466,0.9784729779631979,0,6,4,d7df0f7a3cd6,2
theta,state,pre,raw_cc,raw,Right RSC – Right PER,-0.08459275775799702,,,1,,,0,2,2,d7df0f7a3cd6,2
theta,state,pre,amp_cc,raw,Left DHC – Left ACC,-0.008926980642607043,0.1046000093299191,-0.08534397558656458,5,0.9352999342135931,0.9845262465406244,0,6,2,d7df0f7a3cd6,2
theta,state,pre,amp_cc,raw,Left DHC – Left OFC,0.014343575118016743,0.07389868453758426,0.19409784095306484,5,0.8537387119778451,0.9845262465406244,0,6,3,d7df0f7a3cd6,2
theta,state,pre,amp_cc,raw,Left OFC – Left ACC,-0.05522700376022628,0.07862574555947106,-0.7024035621824863,7,0.5051069297902101,0.9784729779631979,0,8,5,d7df0f7a3cd6,2
theta,state,pre,amp_cc,raw,Left PER – Left ACC,0.226249796641949,,,1,,,0,2,2,d7df0f7a3cd6,2
theta,state,pre,amp_cc,raw,Left PER – Left DHC,-0.0012387700431483514,,,1,,,0,2,1,d7df0f7a3cd6,2
theta,state,pre,amp_cc,raw,Left PER – Left OFC,0.04780465407093037,,,1,,,0,2,1,d7df0f7a3cd6,2
theta,state,pre,amp_cc,raw,Left PER – Left RSC,0.1016408767740997,,,1,,,0,2,1,d7df0f7a3cd6,2
theta,state,pre,amp_cc,raw,Left RSC – Left ACC,-0.022703111217868083,0.06396771042504565,-0.3549151762195791,6,0.734795304059599,0.9845262465406244,0,7,2,d7df0f7a3cd6,2
theta,state,pre,amp_cc,raw,Left RSC – Left DHC,-0.0564813725182334,0.1335984378022627,-0.4227697078451677,4,0.6942008659573063,0.9845262465406244,0,5,4,d7df0f7a3cd6,2
theta,state,pre,amp_cc,raw,Left RSC – Left OFC,-0.07964587061487508,0.0503028843784741,-1.583326117357946,6,0.16443627505646896,0.6633835880014542,0,7,5,d7df0f7a3cd6,2
theta,state,pre,amp_cc,raw,Right ACC – Left ACC,0.33140251033980733,0.10164529027417894,3.2603823496974544,7,0.013857072339240105,0.28140152017203496,0,8,8,d7df0f7a3cd6,2
theta,state,pre,amp_cc,raw,Right ACC – Left DHC,0.06543029746720189,0.08210922881226593,0.7968689806696558,5,0.4616725096333949,0.9784729779631979,0,6,5,d7df0f7a3cd6,2
theta,state,pre,amp_cc,raw,Right ACC – Left OFC,0.10000902454022108,0.05756845434002437,1.737219206017313,7,0.12591828475553152,0.590241959791554,0,8,5,d7df0f7a3cd6,2
theta,state,pre,amp_cc,raw,Right ACC – Left PER,0.27682010328029544,,,1,,,0,2,2,d7df0f7a3cd6,2
theta,state,pre,amp_cc,raw,Right ACC – Left RSC,0.014164495324957609,0.06654038745946063,0.21287064692232593,6,0.838476075644182,0.9845262465406244,0,7,4,d7df0f7a3cd6,2
theta,state,pre,amp_cc,raw,Right ACC – Right DHC,0.03255617556613951,0.0775143520322524,0.4200019056160521,4,0.6960631155187542,0.9845262465406244,0,5,3,d7df0f7a3cd6,2
theta,state,pre,amp_cc,raw,Right ACC – Right OFC,-0.03811829893503762,0.057082181240297805,-0.6677792983167851,7,0.525671226049422,0.9784729779631979,0,8,4,d7df0f7a3cd6,2
theta,state,pre,amp_cc,raw,Right ACC – Right PER,0.22096061516192156,,,1,,,0,2,2,d7df0f7a3cd6,2
theta,state,pre,amp_cc,raw,Right ACC – Right RSC,0.19901825231717862,0.12001831228769666,1.6582323857388588,5,0.1581682980917573,0.6590345753823221,0,6,5,d7df0f7a3cd6,2
theta,state,pre,amp_cc,raw,Right DHC – Left ACC,-0.03411516992243342,0.061181450324758316,-0.5576064271334873,4,0.6068438305548778,0.9784729779631979,0,5,4,d7df0f7a3cd6,2
theta,state,pre,amp_cc,raw,Right DHC – Left DHC,-0.1493113295365903,0.10855169552643584,-1.3754859268893516,4,0.24098343046150458,0.7753703662055038,0,5,4,d7df0f7a3cd6,2
theta,state,pre,amp_cc,raw,Right DHC – Left OFC,-0.07398073086851338,0.1144953186172508,-0.6461463382256297,4,0.5533868344191054,0.9784729779631979,0,5,4,d7df0f7a3cd6,2
theta,state,pre,amp_cc,raw,Right DHC – Left PER,0.04185004615384617,,,,,,0,1,1,d7df0f7a3cd6,2
theta,state,pre,amp_cc,raw,Right DHC – Left RSC,-0.20519026398675402,,,3,,,0,4,4,d7df0f7a3cd6,2
theta,state,pre,amp_cc,raw,Right DHC – Right PER,0.05129075555555554,,,,,,0,1,1,d7df0f7a3cd6,2
theta,state,pre,amp_cc,raw,Right DHC – Right RSC,-0.09556599079685879,,,2,,,0,3,3,d7df0f7a3cd6,2
theta,state,pre,amp_cc,raw,Right OFC – Left ACC,-0.1288381761851858,0.0696638698201031,-1.8494260585564917,7,0.10685705004844782,0.5605801002322252,0,8,5,d7df0f7a3cd6,2
theta,state,pre,amp_cc,raw,Right OFC – Left DHC,-0.015743701524742602,0.07225952463088497,-0.21787718096907424,5,0.8361375048944386,0.9845262465406244,0,6,4,d7df0f7a3cd6,2
theta,state,pre,amp_cc,raw,Right OFC – Left OFC,-0.20005925539261465,0.08597422851215215,-2.3269677303860536,7,0.052849350416696764,0.42549883537516814,0,8,7,d7df0f7a3cd6,2
theta,state,pre,amp_cc,raw,Right OFC – Left PER,-0.026252497639597656,,,1,,,0,2,2,d7df0f7a3cd6,2
theta,state,pre,amp_cc,raw,Right OFC – Left RSC,-0.05912394926007565,0.056161301927605004,-1.0527524688848855,6,0.33299265833641223,0.9056976502396311,0,7,6,d7df0f7a3cd6,2
theta,state,pre,amp_cc,raw,Right OFC – Right DHC,-0.1033149032491202,0.09645294016013085,-1.0711431199256045,4,0.3444328822669041,0.9216984452204602,0,5,4,d7df0f7a3cd6,2
theta,state,pre,amp_cc,raw,Right OFC – Right PER,-0.13952621876544052,,,1,,,0,2,1,d7df0f7a3cd6,2
theta,state,pre,amp_cc,raw,Right OFC – Right RSC,-0.09738551364696588,0.03013645470061498,-3.2314854090975267,5,0.023167514990171445,0.2970855997220201,0,6,6,d7df0f7a3cd6,2
theta,state,pre,amp_cc,raw,Right PER – Left ACC,-0.029155109066447353,,,1,,,0,2,2,d7df0f7a3cd6,2
theta,state,pre,amp_cc,raw,Right PER – Left DHC,0.057401377777777776,,,,,,0,1,1,d7df0f7a3cd6,2
theta,state,pre,amp_cc,raw,Right PER – Left OFC,-0.012497509869284447,,,1,,,0,2,1,d7df0f7a3cd6,2
theta,state,pre,amp_cc,raw,Right PER – Left RSC,0.08366002306878051,,,1,,,0,2,1,d7df0f7a3cd6,2
theta,state,pre,amp_cc,raw,Right RSC – Left ACC,0.025956601034406324,0.09782271114869567,0.26534330044227583,5,0.8013374039220964,0.9845262465406244,0,6,3,d7df0f7a3cd6,2
theta,state,pre,amp_cc,raw,Right RSC – Left DHC,0.05183499661680629,,,3,,,0,4,2,d7df0f7a3cd6,2
theta,state,pre,amp_cc,raw,Right RSC – Left OFC,-0.024760483267415957,0.055823572761751886,-0.4435488816362694,5,0.6759042242062204,0.9845262465406244,0,6,4,d7df0f7a3cd6,2
theta,state,pre,amp_cc,raw,Right RSC – Left PER,0.11891904174976216,,,1,,,0,2,1,d7df0f7a3cd6,2
theta,state,pre,amp_cc,raw,Right RSC – Left RSC,-0.050528590772007706,0.16524850833993476,-0.30577335480732276,5,0.772098519864821,0.9845262465406244,0,6,3,d7df0f7a3cd6,2
theta,state,pre,amp_cc,raw,Right RSC – Right PER,-0.02504175872329497,,,1,,,0,2,2,d7df0f7a3cd6,2
theta,state,cue1,coherence,raw,Left DHC – Left ACC,-0.005938553761279262,0.06594079496678794,-0.09005887424120838,5,0.9317367929295893,0.9845262465406244,0,6,2,d7df0f7a3cd6,2
theta,state,cue1,coherence,raw,Left DHC – Left OFC,0.015205265872744424,0.04109967924780146,0.3699606943661926,5,0.7265651323031965,0.9845262465406244,0,6,3,d7df0f7a3cd6,2
theta,state,cue1,coherence,raw,Left OFC – Left ACC,-0.05477122072786371,0.06917097728789365,-0.791823722540491,7,0.4544545373315395,0.9784729779631979,0,8,5,d7df0f7a3cd6,2
theta,state,cue1,coherence,raw,Left PER – Left ACC,0.0717693033733107,,,1,,,0,2,2,d7df0f7a3cd6,2
theta,state,cue1,coherence,raw,Left PER – Left DHC,0.048213745357249156,,,1,,,0,2,1,d7df0f7a3cd6,2
theta,state,cue1,coherence,raw,Left PER – Left OFC,0.03446974852648985,,,1,,,0,2,1,d7df0f7a3cd6,2
theta,state,cue1,coherence,raw,Left PER – Left RSC,0.054158090742493094,,,1,,,0,2,2,d7df0f7a3cd6,2
theta,state,cue1,coherence,raw,Left RSC – Left ACC,-0.002714188889305014,0.04528620985090537,-0.05993411456248754,6,0.9541545182366999,0.986746205034125,0,7,4,d7df0f7a3cd6,2
theta,state,cue1,coherence,raw,Left RSC – Left DHC,-0.025602971656683654,0.11202533171677131,-0.22854626952959634,4,0.830430348633023,0.9845262465406244,0,5,4,d7df0f7a3cd6,2
theta,state,cue1,coherence,raw,Left RSC – Left OFC,-0.0224941830523888,0.019005878968107567,-1.183538161541211,6,0.2813576038998306,0.8465586133517575,0,7,5,d7df0f7a3cd6,2
theta,state,cue1,coherence,raw,Right ACC – Left ACC,0.31236353787821397,0.08699360187355923,3.5906495552652076,7,0.008849465232786216,0.28140152017203496,2,8,8,d7df0f7a3cd6,2
theta,state,cue1,coherence,raw,Right ACC – Left DHC,0.08473269962277755,0.04156262330453219,2.0386754464927597,5,0.09703238280185093,0.5595310682460427,0,6,5,d7df0f7a3cd6,2
theta,state,cue1,coherence,raw,Right ACC – Left OFC,0.1071765270524105,0.05416015101850977,1.978881613823083,7,0.08832729971308972,0.5299637982785383,0,8,6,d7df0f7a3cd6,2
theta,state,cue1,coherence,raw,Right ACC – Left PER,0.24900622346176374,,,1,,,0,2,2,d7df0f7a3cd6,2
theta,state,cue1,coherence,raw,Right ACC – Left RSC,0.03245100949322076,0.02956409630135978,1.097649296039135,6,0.3144433119984783,0.8913314914861878,0,7,4,d7df0f7a3cd6,2
theta,state,cue1,coherence,raw,Right ACC – Right DHC,0.07647031325515458,0.051518812759940184,1.4843182355827906,4,0.21189040474044846,0.7351600821201674,0,5,4,d7df0f7a3cd6,2
theta,state,cue1,coherence,raw,Right ACC – Right OFC,0.011854295090320904,0.0393970531095214,0.30089293880348583,7,0.772236853225308,0.9845262465406244,0,8,5,d7df0f7a3cd6,2
theta,state,cue1,coherence,raw,Right ACC – Right PER,0.28398782203775774,,,1,,,0,2,2,d7df0f7a3cd6,2
theta,state,cue1,coherence,raw,Right ACC – Right RSC,0.1842612715582235,0.06651468266428757,2.770234543374816,5,0.03935438593666146,0.39790423798651803,0,6,6,d7df0f7a3cd6,2
theta,state,cue1,coherence,raw,Right DHC – Left ACC,0.0020923154105734216,0.08717218074551727,0.024002100127350736,4,0.9820005851448864,0.9887488100697284,0,5,3,d7df0f7a3cd6,2
theta,state,cue1,coherence,raw,Right DHC – Left DHC,-0.09794551463318703,0.11886065736009581,-0.8240364541856349,4,0.45621700381636104,0.9784729779631979,0,5,3,d7df0f7a3cd6,2
theta,state,cue1,coherence,raw,Right DHC – Left OFC,0.024801671436868327,0.07254597820148327,0.3418752086847074,4,0.7496512806522955,0.9845262465406244,0,5,2,d7df0f7a3cd6,2
theta,state,cue1,coherence,raw,Right DHC – Left PER,0.004532623376623385,,,,,,0,1,1,d7df0f7a3cd6,2
theta,state,cue1,coherence,raw,Right DHC – Left RSC,-0.13690300456563215,,,3,,,0,4,3,d7df0f7a3cd6,2
theta,state,cue1,coherence,raw,Right DHC – Right PER,-0.0032001153846153985,,,,,,0,1,1,d7df0f7a3cd6,2
theta,state,cue1,coherence,raw,Right DHC – Right RSC,-0.03157068782024304,,,2,,,0,3,2,d7df0f7a3cd6,2
theta,state,cue1,coherence,raw,Right OFC – Left ACC,-0.12123093940563756,0.04602440318518895,-2.634057826189275,7,0.03371324043949819,0.3889989281480561,0,8,7,d7df0f7a3cd6,2
theta,state,cue1,coherence,raw,Right OFC – Left DHC,0.001661467613637152,0.042459284586111014,0.039130843343993596,5,0.9703004349502229,0.986746205034125,0,6,3,d7df0f7a3cd6,2
theta,state,cue1,coherence,raw,Right OFC – Left OFC,-0.13966795481088304,0.06360019381893359,-2.1960303329972604,7,0.06410555887865521,0.4487964575607505,0,8,6,d7df0f7a3cd6,2
theta,state,cue1,coherence,raw,Right OFC – Left PER,-0.004749310160209019,,,1,,,0,2,2,d7df0f7a3cd6,2
theta,state,cue1,coherence,raw,Right OFC – Left RSC,-0.011035398463884636,0.01959947409795116,-0.5630456413643378,6,0.5938033848389707,0.9784729779631979,0,7,4,d7df0f7a3cd6,2
theta,state,cue1,coherence,raw,Right OFC – Right DHC,-0.03273946973169467,0.06331443885021108,-0.5170932622359571,4,0.6323687029740218,0.9829565331202411,0,5,4,d7df0f7a3cd6,2
theta,state,cue1,coherence,raw,Right OFC – Right PER,-0.1320746394601381,,,1,,,0,2,2,d7df0f7a3cd6,2
theta,state,cue1,coherence,raw,Right OFC – Right RSC,-0.09085146121169924,0.028315319391183556,-3.208562119909809,5,0.02376684797776161,0.2970855997220201,0,6,6,d7df0f7a3cd6,2
theta,state,cue1,coherence,raw,Right PER – Left ACC,0.026812420199402227,,,1,,,0,2,1,d7df0f7a3cd6,2
theta,state,cue1,coherence,raw,Right PER – Left DHC,-0.05785801923076925,,,,,,0,1,1,d7df0f7a3cd6,2
theta,state,cue1,coherence,raw,Right PER – Left OFC,-0.029815607558682154,,,1,,,0,2,2,d7df0f7a3cd6,2
theta,state,cue1,coherence,raw,Right PER – Left RSC,-0.05295221720559031,,,1,,,0,2,2,d7df0f7a3cd6,2
theta,state,cue1,coherence,raw,Right RSC – Left ACC,-0.0031977343705834314,0.030256460865727437,-0.1056876541104521,5,0.919939292752877,0.9845262465406244,0,6,2,d7df0f7a3cd6,2
theta,state,cue1,coherence,raw,Right RSC – Left DHC,-0.024852936010147313,,,3,,,0,4,2,d7df0f7a3cd6,2
theta,state,cue1,coherence,raw,Right RSC – Left OFC,-0.013869089116641574,0.037608533004695396,-0.36877506269415056,5,0.7273954395841302,0.9845262465406244,0,6,4,d7df0f7a3cd6,2
theta,state,cue1,coherence,raw,Right RSC – Left PER,-0.0057863132573728136,,,1,,,0,2,1,d7df0f7a3cd6,2
theta,state,cue1,coherence,raw,Right RSC – Left RSC,-0.05819042222065672,0.13766933501762169,-0.42268252558355385,5,0.6900888299015516,0.9845262465406244,0,6,4,d7df0f7a3cd6,2
theta,state,cue1,coherence,raw,Right RSC – Right PER,0.017745538491480552,,,1,,,0,2,1,d7df0f7a3cd6,2
theta,state,cue1,raw_cc,raw,Left DHC – Left ACC,-0.057661988081058206,0.15049572464999997,-0.3831470177319633,5,0.7173595554283279,0.9845262465406244,0,6,4,d7df0f7a3cd6,2
theta,state,cue1,raw_cc,raw,Left DHC – Left OFC,0.040557924754325084,0.09473153807147444,0.42813539798883393,5,0.686367785779498,0.9845262465406244,0,6,2,d7df0f7a3cd6,2
theta,state,cue1,raw_cc,raw,Left OFC – Left ACC,-0.08996444722187197,0.06870125891408481,-1.3095021640633704,7,0.23170484277691242,0.7638621190447661,0,8,5,d7df0f7a3cd6,2
theta,state,cue1,raw_cc,raw,Left PER – Left ACC,0.03550385089265971,,,1,,,0,2,1,d7df0f7a3cd6,2
theta,state,cue1,raw_cc,raw,Left PER – Left DHC,0.033069254212831106,,,1,,,0,2,1,d7df0f7a3cd6,2
theta,state,cue1,raw_cc,raw,Left PER – Left OFC,0.030252527916178096,,,1,,,0,2,1,d7df0f7a3cd6,2
theta,state,cue1,raw_cc,raw,Left PER – Left RSC,0.04465110132169476,,,1,,,0,2,2,d7df0f7a3cd6,2
theta,state,cue1,raw_cc,raw,Left RSC – Left ACC,-0.07200078012193102,0.10023538492372311,-0.718316991317208,6,0.499564711127043,0.9784729779631979,0,7,5,d7df0f7a3cd6,2
theta,state,cue1,raw_cc,raw,Left RSC – Left DHC,-0.0558316107596159,0.20270597138346108,-0.27543150494564683,4,0.7966274828327261,0.9845262465406244,0,5,4,d7df0f7a3cd6,2
theta,state,cue1,raw_cc,raw,Left RSC – Left OFC,-0.053797347025261254,0.055336689850467566,-0.9721822387756484,6,0.3685054321370125,0.9331924622235905,0,7,6,d7df0f7a3cd6,2
theta,state,cue1,raw_cc,raw,Right ACC – Left ACC,0.42767318685031364,0.139611938921739,3.0632995297776824,7,0.018238566821227202,0.28140152017203496,0,8,7,d7df0f7a3cd6,2
theta,state,cue1,raw_cc,raw,Right ACC – Left DHC,0.11695325120765827,0.0820142844344124,1.4260107493980136,5,0.21319642381484855,0.7351600821201674,0,6,4,d7df0f7a3cd6,2
theta,state,cue1,raw_cc,raw,Right ACC – Left OFC,0.22245246862324758,0.11200300491639947,1.9861294684842523,7,0.08738854590874975,0.5299637982785383,0,8,5,d7df0f7a3cd6,2
theta,state,cue1,raw_cc,raw,Right ACC – Left PER,0.5114200184008151,,,1,,,0,2,2,d7df0f7a3cd6,2
theta,state,cue1,raw_cc,raw,Right ACC – Left RSC,0.019345871028909018,0.05526265593491145,0.35007132215459663,6,0.7382464245226429,0.9845262465406244,0,7,3,d7df0f7a3cd6,2
theta,state,cue1,raw_cc,raw,Right ACC – Right DHC,0.012348898287111384,0.0704300940022473,0.1753355360666898,4,0.8693338351095861,0.9845262465406244,0,5,2,d7df0f7a3cd6,2
theta,state,cue1,raw_cc,raw,Right ACC – Right OFC,0.03658653328949512,0.08660483577899608,0.4224536997317222,7,0.6853674410926438,0.9845262465406244,0,8,5,d7df0f7a3cd6,2
theta,state,cue1,raw_cc,raw,Right ACC – Right PER,0.510836469443149,,,1,,,0,2,2,d7df0f7a3cd6,2
theta,state,cue1,raw_cc,raw,Right ACC – Right RSC,0.3834066395403645,0.1066021791515996,3.5966116508286348,5,0.015598876592373046,0.28140152017203496,0,6,5,d7df0f7a3cd6,2
theta,state,cue1,raw_cc,raw,Right DHC – Left ACC,-0.0929040168128064,0.14220213672277854,-0.6533236346084007,4,0.5491980622942135,0.9784729779631979,0,5,3,d7df0f7a3cd6,2
theta,state,cue1,raw_cc,raw,Right DHC – Left DHC,-0.16693670690278384,0.17736039160387576,-0.9412287906740044,4,0.3998798130304965,0.9520947929297536,0,5,3,d7df0f7a3cd6,2
theta,state,cue1,raw_cc,raw,Right DHC – Left OFC,-0.07652780646921226,0.14105699028808832,-0.5425311167700047,4,0.6162660624478167,0.9784729779631979,0,5,4,d7df0f7a3cd6,2
theta,state,cue1,raw_cc,raw,Right DHC – Left PER,0.024116993506493507,,,,,,0,1,1,d7df0f7a3cd6,2
theta,state,cue1,raw_cc,raw,Right DHC – Left RSC,-0.3052970209134356,,,3,,,0,4,3,d7df0f7a3cd6,2
theta,state,cue1,raw_cc,raw,Right DHC – Right PER,-0.15042138461538457,,,,,,0,1,1,d7df0f7a3cd6,2
theta,state,cue1,raw_cc,raw,Right DHC – Right RSC,-0.017911236696025894,,,2,,,0,3,2,d7df0f7a3cd6,2
theta,state,cue1,raw_cc,raw,Right OFC – Left ACC,-0.23040490199126948,0.0845324566108027,-2.725638307805019,7,0.0295241006561676,0.3542892078740112,0,8,6,d7df0f7a3cd6,2
theta,state,cue1,raw_cc,raw,Right OFC – Left DHC,-0.016817398409292392,0.1070229881237429,-0.1571381878241678,5,0.8812842821367564,0.9845262465406244,0,6,3,d7df0f7a3cd6,2
theta,state,cue1,raw_cc,raw,Right OFC – Left OFC,-0.23732305095522796,0.10567389566290006,-2.245805829968538,7,0.05956550938006767,0.44411176059068697,0,8,6,d7df0f7a3cd6,2
theta,state,cue1,raw_cc,raw,Right OFC – Left PER,-0.12861329548762984,,,1,,,0,2,2,d7df0f7a3cd6,2
theta,state,cue1,raw_cc,raw,Right OFC – Left RSC,-0.11393582897372963,0.043961458386263294,-2.591720865414495,6,0.04111677125860686,0.39790423798651803,0,7,6,d7df0f7a3cd6,2
theta,state,cue1,raw_cc,raw,Right OFC – Right DHC,-0.12650797951966375,0.105526877755088,-1.1988223494422883,4,0.2967611371867704,0.8694135406456037,0,5,4,d7df0f7a3cd6,2
theta,state,cue1,raw_cc,raw,Right OFC – Right PER,-0.290779186683487,,,1,,,0,2,2,d7df0f7a3cd6,2
theta,state,cue1,raw_cc,raw,Right OFC – Right RSC,-0.18276766270696235,0.0665242628475717,-2.747383509167796,5,0.04043568429727894,0.39790423798651803,0,6,6,d7df0f7a3cd6,2
theta,state,cue1,raw_cc,raw,Right PER – Left ACC,-0.002464075668915755,,,1,,,0,2,1,d7df0f7a3cd6,2
theta,state,cue1,raw_cc,raw,Right PER – Left DHC,-0.28395253846153845,,,,,,0,1,1,d7df0f7a3cd6,2
theta,state,cue1,raw_cc,raw,Right PER – Left OFC,-0.022167594174023506,,,1,,,0,2,2,d7df0f7a3cd6,2
theta,state,cue1,raw_cc,raw,Right PER – Left RSC,-0.21542095009451448,,,1,,,0,2,2,d7df0f7a3cd6,2
theta,state,cue1,raw_cc,raw,Right RSC – Left ACC,0.009849460501816412,0.03611245959475377,0.27274410583895237,5,0.7959557556749518,0.9845262465406244,0,6,2,d7df0f7a3cd6,2
theta,state,cue1,raw_cc,raw,Right RSC – Left DHC,-0.06429301827410089,,,3,,,0,4,2,d7df0f7a3cd6,2
theta,state,cue1,raw_cc,raw,Right RSC – Left OFC,-0.028023777107404443,0.046677257769139884,-0.6003732534161857,5,0.5744302868478084,0.9784729779631979,0,6,4,d7df0f7a3cd6,2
theta,state,cue1,raw_cc,raw,Right RSC – Left PER,0.03647882735062255,,,1,,,0,2,2,d7df0f7a3cd6,2
theta,state,cue1,raw_cc,raw,Right RSC – Left RSC,-0.0832136297548282,0.20554213886532008,-0.4048494883540805,5,0.7023270902499421,0.9845262465406244,0,6,4,d7df0f7a3cd6,2
theta,state,cue1,raw_cc,raw,Right RSC – Right PER,0.1369572733066287,,,1,,,0,2,1,d7df0f7a3cd6,2
theta,state,cue1,amp_cc,raw,Left DHC – Left ACC,-0.046610580615588065,0.0996997284430885,-0.46750960452409596,5,0.6598023633881419,0.9845262465406244,0,6,3,d7df0f7a3cd6,2
theta,state,cue1,amp_cc,raw,Left DHC – Left OFC,0.040831472674494725,0.07838457406137997,0.5209120948022394,5,0.6246665856307185,0.9784729779631979,0,6,4,d7df0f7a3cd6,2
theta,state,cue1,amp_cc,raw,Left OFC – Left ACC,-0.06634877172385667,0.06125345825919684,-1.0831840945714244,7,0.31462066399963295,0.8913314914861878,0,8,5,d7df0f7a3cd6,2
theta,state,cue1,amp_cc,raw,Left PER – Left ACC,-0.004471732197798168,,,1,,,0,2,1,d7df0f7a3cd6,2
theta,state,cue1,amp_cc,raw,Left PER – Left DHC,0.06195749857487294,,,1,,,0,2,2,d7df0f7a3cd6,2
theta,state,cue1,amp_cc,raw,Left PER – Left OFC,0.08936660980109763,,,1,,,0,2,1,d7df0f7a3cd6,2
theta,state,cue1,amp_cc,raw,Left PER – Left RSC,-0.03488324046044362,,,1,,,0,2,1,d7df0f7a3cd6,2
theta,state,cue1,amp_cc,raw,Left RSC – Left ACC,-0.032614339973630425,0.06625164030973342,-0.4922797355832239,6,0.6400138340317826,0.9845262465406244,0,7,5,d7df0f7a3cd6,2
theta,state,cue1,amp_cc,raw,Left RSC – Left DHC,-0.02873456515197483,0.12187848374533757,-0.23576405177484056,4,0.8251951586051779,0.9845262465406244,0,5,4,d7df0f7a3cd6,2
theta,state,cue1,amp_cc,raw,Left RSC – Left OFC,-0.060787903024379066,0.044351280878317176,-1.3706008444526698,6,0.219561592184515,0.740095254554545,0,7,5,d7df0f7a3cd6,2
theta,state,cue1,amp_cc,raw,Right ACC – Left ACC,0.37086527057248403,0.08324435565225184,4.455140143335973,7,0.0029532898071443865,0.28140152017203496,2,8,8,d7df0f7a3cd6,2
theta,state,cue1,amp_cc,raw,Right ACC – Left DHC,0.09640249855117936,0.10039357012438707,0.9602457451382315,5,0.381032513562192,0.9331924622235905,0,6,3,d7df0f7a3cd6,2
theta,state,cue1,amp_cc,raw,Right ACC – Left OFC,0.14681168625392715,0.08798902286503202,1.6685227483333267,7,0.1391446445869652,0.6253023428956953,0,8,6,d7df0f7a3cd6,2
theta,state,cue1,amp_cc,raw,Right ACC – Left PER,0.4070947221897834,,,1,,,0,2,2,d7df0f7a3cd6,2
theta,state,cue1,amp_cc,raw,Right ACC – Left RSC,0.049354374944249574,0.08074685931015195,0.6112234626324898,6,0.5634761221779908,0.9784729779631979,0,7,3,d7df0f7a3cd6,2
theta,state,cue1,amp_cc,raw,Right ACC – Right DHC,0.07859701378977729,0.04331984499145568,1.8143419904960327,4,0.14381953886600993,0.6253023428956953,0,5,4,d7df0f7a3cd6,2
theta,state,cue1,amp_cc,raw,Right ACC – Right OFC,0.022505777998284165,0.050920199476234176,0.4419813400139608,7,0.6718351232498537,0.9845262465406244,0,8,5,d7df0f7a3cd6,2
theta,state,cue1,amp_cc,raw,Right ACC – Right PER,0.3578151598655642,,,1,,,0,2,2,d7df0f7a3cd6,2
theta,state,cue1,amp_cc,raw,Right ACC – Right RSC,0.2749557345519596,0.08552865658481122,3.214779063895506,5,0.023602594091887828,0.2970855997220201,0,6,5,d7df0f7a3cd6,2
theta,state,cue1,amp_cc,raw,Right DHC – Left ACC,0.010296444610604407,0.08005199794477373,0.1286219566650631,4,0.9038645748864561,0.9845262465406244,0,5,2,d7df0f7a3cd6,2
theta,state,cue1,amp_cc,raw,Right DHC – Left DHC,-0.1527694895804284,0.15750228731157787,-0.9699509269869406,4,0.38699636657137315,0.9331924622235905,0,5,3,d7df0f7a3cd6,2
theta,state,cue1,amp_cc,raw,Right DHC – Left OFC,-0.03795741809879004,0.09440663528746546,-0.40206303278589267,4,0.708195195793221,0.9845262465406244,0,5,3,d7df0f7a3cd6,2
theta,state,cue1,amp_cc,raw,Right DHC – Left PER,-0.003696324675324672,,,,,,0,1,1,d7df0f7a3cd6,2
theta,state,cue1,amp_cc,raw,Right DHC – Left RSC,-0.1598954968717623,,,3,,,0,4,3,d7df0f7a3cd6,2
theta,state,cue1,amp_cc,raw,Right DHC – Right PER,0.01799678461538462,,,,,,0,1,1,d7df0f7a3cd6,2
theta,state,cue1,amp_cc,raw,Right DHC – Right RSC,0.015802636606499266,,,2,,,0,3,2,d7df0f7a3cd6,2
theta,state,cue1,amp_cc,raw,Right OFC – Left ACC,-0.13228507261316047,0.05618366452546955,-2.35451129310357,7,0.05074946546842148,0.42549883537516814,0,8,7,d7df0f7a3cd6,2
theta,state,cue1,amp_cc,raw,Right OFC – Left DHC,-0.020893236780575086,0.08183853003961016,-0.2552982900653602,5,0.8086618102516948,0.9845262465406244,0,6,3,d7df0f7a3cd6,2
theta,state,cue1,amp_cc,raw,Right OFC – Left OFC,-0.21738524256604952,0.0619402866290628,-3.5095937457940485,7,0.009864774572101158,0.28140152017203496,2,8,7,d7df0f7a3cd6,2
theta,state,cue1,amp_cc,raw,Right OFC – Left PER,-0.010760085841442325,,,1,,,0,2,1,d7df0f7a3cd6,2
theta,state,cue1,amp_cc,raw,Right OFC – Left RSC,-0.03386452358818677,0.05312265594929959,-0.6374779834145937,6,0.547353182081793,0.9784729779631979,0,7,4,d7df0f7a3cd6,2
theta,state,cue1,amp_cc,raw,Right OFC – Right DHC,-0.12022561225234527,0.11296169679408735,-1.0643042346601694,4,0.34717308103304,0.9216984452204602,0,5,4,d7df0f7a3cd6,2
theta,state,cue1,amp_cc,raw,Right OFC – Right PER,-0.13876318294540213,,,1,,,0,2,2,d7df0f7a3cd6,2
theta,state,cue1,amp_cc,raw,Right OFC – Right RSC,-0.06291484956989181,0.03245126382862567,-1.9387488235325314,5,0.1102474197123376,0.5605801002322252,0,6,4,d7df0f7a3cd6,2
theta,state,cue1,amp_cc,raw,Right PER – Left ACC,0.035594751481772255,,,1,,,0,2,1,d7df0f7a3cd6,2
theta,state,cue1,amp_cc,raw,Right PER – Left DHC,-0.19720253846153846,,,,,,0,1,1,d7df0f7a3cd6,2
theta,state,cue1,amp_cc,raw,Right PER – Left OFC,-0.05775048881259281,,,1,,,0,2,2,d7df0f7a3cd6,2
theta,state,cue1,amp_cc,raw,Right PER – Left RSC,-0.13024740954446185,,,1,,,0,2,2,d7df0f7a3cd6,2
theta,state,cue1,amp_cc,raw,Right RSC – Left ACC,0.06498849548621345,0.033423210644006975,1.944412108651398,5,0.10945055628649557,0.5605801002322252,0,6,4,d7df0f7a3cd6,2
theta,state,cue1,amp_cc,raw,Right RSC – Left DHC,-0.027952314989409567,,,3,,,0,4,3,d7df0f7a3cd6,2
theta,state,cue1,amp_cc,raw,Right RSC – Left OFC,0.01068847809171836,0.03187777310659609,0.3352956323510164,5,0.7510123721880929,0.9845262465406244,0,6,3,d7df0f7a3cd6,2
theta,state,cue1,amp_cc,raw,Right RSC – Left PER,0.03939613209956538,,,1,,,0,2,2,d7df0f7a3cd6,2
theta,state,cue1,amp_cc,raw,Right RSC – Left RSC,-0.08277886988546779,0.17145767745617913,-0.4827947696108521,5,0.6496377691013189,0.9845262465406244,0,6,4,d7df0f7a3cd6,2
theta,state,cue1,amp_cc,raw,Right RSC – Right PER,0.07843349051005204,,,1,,,0,2,1,d7df0f7a3cd6,2
theta,state,cue2,coherence,raw,Left DHC – Left ACC,-0.002558371598432619,0.05874295667115577,-0.04355197190285184,5,0.9669472979730236,0.986746205034125,0,6,4,d7df0f7a3cd6,2
theta,state,cue2,coherence,raw,Left DHC – Left OFC,0.011576799013024682,0.044272927241340375,0.26148709232432926,5,0.8041465062605585,0.9845262465406244,0,6,4,d7df0f7a3cd6,2
theta,state,cue2,coherence,raw,Left OFC – Left ACC,-0.0710307500970108,0.07680856516975015,-0.9247764222652756,7,0.38585265174828803,0.9331924622235905,0,8,5,d7df0f7a3cd6,2
theta,state,cue2,coherence,raw,Left PER – Left ACC,0.07826793324499058,,,1,,,0,2,2,d7df0f7a3cd6,2
theta,state,cue2,coherence,raw,Left PER – Left DHC,-0.017082591989244576,,,1,,,0,2,1,d7df0f7a3cd6,2
theta,state,cue2,coherence,raw,Left PER – Left OFC,0.010918391579252337,,,1,,,0,2,1,d7df0f7a3cd6,2
theta,state,cue2,coherence,raw,Left PER – Left RSC,0.05150589157396287,,,1,,,0,2,2,d7df0f7a3cd6,2
theta,state,cue2,coherence,raw,Left RSC – Left ACC,-0.01994297252103106,0.04557385609129729,-0.4375967765615369,6,0.6769911742776088,0.9845262465406244,0,7,4,d7df0f7a3cd6,2
theta,state,cue2,coherence,raw,Left RSC – Left DHC,-0.03222460469469987,0.12915431681495693,-0.24950466611866315,4,0.8152594150542217,0.9845262465406244,0,5,3,d7df0f7a3cd6,2
theta,state,cue2,coherence,raw,Left RSC – Left OFC,-0.013059662107515675,0.02202241855619389,-0.5930167058714173,6,0.5748255901835091,0.9784729779631979,0,7,4,d7df0f7a3cd6,2
theta,state,cue2,coherence,raw,Right ACC – Left ACC,0.2849438399774228,0.08486033752624433,3.3577976270634045,7,0.012120769924505578,0.28140152017203496,0,8,8,d7df0f7a3cd6,2
theta,state,cue2,coherence,raw,Right ACC – Left DHC,0.06317433120100613,0.03845143039188372,1.642964398389218,5,0.1613120965864502,0.6629264243278776,0,6,5,d7df0f7a3cd6,2
theta,state,cue2,coherence,raw,Right ACC – Left OFC,0.09150671617181586,0.0356598514011785,2.566099200536537,7,0.03721900416716763,0.39790423798651803,0,8,7,d7df0f7a3cd6,2
theta,state,cue2,coherence,raw,Right ACC – Left PER,0.16828917357852954,,,1,,,0,2,2,d7df0f7a3cd6,2
theta,state,cue2,coherence,raw,Right ACC – Left RSC,0.016724561186754545,0.024322811878608894,0.6876080475491093,6,0.5173837602324414,0.9784729779631979,0,7,4,d7df0f7a3cd6,2
theta,state,cue2,coherence,raw,Right ACC – Right DHC,0.0481715929871522,0.04034994049703583,1.1938454528995144,4,0.2984986489549906,0.8694135406456037,0,5,4,d7df0f7a3cd6,2
theta,state,cue2,coherence,raw,Right ACC – Right OFC,0.029288591634081627,0.03732381699100747,0.7847158730077957,7,0.4583492845029659,0.9784729779631979,0,8,5,d7df0f7a3cd6,2
theta,state,cue2,coherence,raw,Right ACC – Right PER,0.18275932416838042,,,1,,,0,2,2,d7df0f7a3cd6,2
theta,state,cue2,coherence,raw,Right ACC – Right RSC,0.16453508533239664,0.061676054912348434,2.667730378770617,5,0.044469406055113805,0.40426732777376184,0,6,6,d7df0f7a3cd6,2
theta,state,cue2,coherence,raw,Right DHC – Left ACC,0.006479704168647923,0.07102263335859788,0.09123435533474909,4,0.9316926323272466,0.9845262465406244,0,5,2,d7df0f7a3cd6,2
theta,state,cue2,coherence,raw,Right DHC – Left DHC,-0.06664521828090338,0.10639464898480563,-0.6263963358760747,4,0.5650267516415202,0.9784729779631979,0,5,4,d7df0f7a3cd6,2
theta,state,cue2,coherence,raw,Right DHC – Left OFC,0.03910810261445157,0.05483257853777244,0.7132274946273269,4,0.5151070933473109,0.9784729779631979,0,5,3,d7df0f7a3cd6,2
theta,state,cue2,coherence,raw,Right DHC – Left PER,-0.03398829166666667,,,,,,0,1,1,d7df0f7a3cd6,2
theta,state,cue2,coherence,raw,Right DHC – Left RSC,-0.14242099014291737,,,3,,,0,4,3,d7df0f7a3cd6,2
theta,state,cue2,coherence,raw,Right DHC – Right PER,0.03187539285714286,,,,,,0,1,1,d7df0f7a3cd6,2
theta,state,cue2,coherence,raw,Right DHC – Right RSC,-0.07014138489905807,,,2,,,0,3,2,d7df0f7a3cd6,2
theta,state,cue2,coherence,raw,Right OFC – Left ACC,-0.09453940188766657,0.058272547561482556,-1.6223660341590413,7,0.1487549600600394,0.6290440189414289,0,8,7,d7df0f7a3cd6,2
theta,state,cue2,coherence,raw,Right OFC – Left DHC,0.0058491930196272425,0.03905419046084854,0.14977120126176993,5,0.8867990959770095,0.9845262465406244,0,6,2,d7df0f7a3cd6,2
theta,state,cue2,coherence,raw,Right OFC – Left OFC,-0.11313060515841918,0.07485087752533702,-1.5114132111560679,7,0.17443761240469235,0.6709138938642014,0,8,6,d7df0f7a3cd6,2
theta,state,cue2,coherence,raw,Right OFC – Left PER,-0.0012114177998406373,,,1,,,0,2,1,d7df0f7a3cd6,2
theta,state,cue2,coherence,raw,Right OFC – Left RSC,-0.024333040404650345,0.018907762516659713,-1.2869338920039002,6,0.24553394929840952,0.7753703662055038,0,7,5,d7df0f7a3cd6,2
theta,state,cue2,coherence,raw,Right OFC – Right DHC,0.022566541464907944,0.056734527248451946,0.39775675517810355,4,0.711123380416304,0.9845262465406244,0,5,2,d7df0f7a3cd6,2
theta,state,cue2,coherence,raw,Right OFC – Right PER,-0.09199368497171997,,,1,,,0,2,1,d7df0f7a3cd6,2
theta,state,cue2,coherence,raw,Right OFC – Right RSC,-0.06034023169640459,0.039544793369005744,-1.5258704510945253,5,0.18756361219497164,0.6946800451665616,0,6,4,d7df0f7a3cd6,2
theta,state,cue2,coherence,raw,Right PER – Left ACC,0.0027564139708306165,,,1,,,0,2,1,d7df0f7a3cd6,2
theta,state,cue2,coherence,raw,Right PER – Left DHC,0.004739083333333338,,,,,,0,1,1,d7df0f7a3cd6,2
theta,state,cue2,coherence,raw,Right PER – Left OFC,-0.04300004479231342,,,1,,,0,2,2,d7df0f7a3cd6,2
theta,state,cue2,coherence,raw,Right PER – Left RSC,-0.00470064249388102,,,1,,,0,2,2,d7df0f7a3cd6,2
theta,state,cue2,coherence,raw,Right RSC – Left ACC,0.005017122428357208,0.037128234296010136,0.13512957250693597,5,0.8977808524032553,0.9845262465406244,0,6,3,d7df0f7a3cd6,2
theta,state,cue2,coherence,raw,Right RSC – Left DHC,-0.04382686301309997,,,3,,,0,4,3,d7df0f7a3cd6,2
theta,state,cue2,coherence,raw,Right RSC – Left OFC,-0.029701128827615116,0.039241660808108356,-0.7568774668547689,5,0.48324259432414607,0.9784729779631979,0,6,3,d7df0f7a3cd6,2
theta,state,cue2,coherence,raw,Right RSC – Left PER,0.0035507387479032353,,,1,,,0,2,1,d7df0f7a3cd6,2
theta,state,cue2,coherence,raw,Right RSC – Left RSC,-0.04576835841269403,0.12878904872339209,-0.3553746134967846,5,0.7368091150826417,0.9845262465406244,0,6,4,d7df0f7a3cd6,2
theta,state,cue2,coherence,raw,Right RSC – Right PER,0.01451578127679185,,,1,,,0,2,1,d7df0f7a3cd6,2
theta,state,cue2,raw_cc,raw,Left DHC – Left ACC,-0.06588007149888048,0.09365475392649233,-0.703435423583392,5,0.5131812170792484,0.9784729779631979,0,6,3,d7df0f7a3cd6,2
theta,state,cue2,raw_cc,raw,Left DHC – Left OFC,-0.02048863983979664,0.07023815030009238,-0.29170244023025893,5,0.7822290612834591,0.9845262465406244,0,6,4,d7df0f7a3cd6,2
theta,state,cue2,raw_cc,raw,Left OFC – Left ACC,-0.11958652392318758,0.08854863553651801,-1.3505179746543847,7,0.21887955813433163,0.740095254554545,0,8,5,d7df0f7a3cd6,2
theta,state,cue2,raw_cc,raw,Left PER – Left ACC,0.007132052739322615,,,1,,,0,2,1,d7df0f7a3cd6,2
theta,state,cue2,raw_cc,raw,Left PER – Left DHC,-0.12719840383119863,,,1,,,0,2,1,d7df0f7a3cd6,2
theta,state,cue2,raw_cc,raw,Left PER – Left OFC,-0.13076116868923968,,,1,,,0,2,2,d7df0f7a3cd6,2
theta,state,cue2,raw_cc,raw,Left PER – Left RSC,0.036291231665704825,,,1,,,0,2,1,d7df0f7a3cd6,2
theta,state,cue2,raw_cc,raw,Left RSC – Left ACC,-0.026668044418583777,0.07411732715617139,-0.35980850149104787,6,0.7313158138593977,0.9845262465406244,0,7,2,d7df0f7a3cd6,2
theta,state,cue2,raw_cc,raw,Left RSC – Left DHC,-0.05292468843827146,0.20069038361791663,-0.26371312608097786,4,0.8050293973306022,0.9845262465406244,0,5,3,d7df0f7a3cd6,2
theta,state,cue2,raw_cc,raw,Left RSC – Left OFC,-0.03599246531071341,0.0683420347413469,-0.526651941911498,6,0.6173284972341794,0.9784729779631979,0,7,3,d7df0f7a3cd6,2
theta,state,cue2,raw_cc,raw,Right ACC – Left ACC,0.38968567815417804,0.12846272610079854,3.0334532823817733,7,0.01902170565530443,0.28140152017203496,0,8,8,d7df0f7a3cd6,2
theta,state,cue2,raw_cc,raw,Right ACC – Left DHC,0.10321597703240269,0.06397471316309619,1.6133871013890349,5,0.16757978192069847,0.6633835880014542,0,6,4,d7df0f7a3cd6,2
theta,state,cue2,raw_cc,raw,Right ACC – Left OFC,0.15460379649280923,0.08178265490349133,1.8904228124563993,7,0.10061281452943945,0.5595310682460427,0,8,5,d7df0f7a3cd6,2
theta,state,cue2,raw_cc,raw,Right ACC – Left PER,0.36050805608775244,,,1,,,0,2,2,d7df0f7a3cd6,2
theta,state,cue2,raw_cc,raw,Right ACC – Left RSC,0.01372613928188688,0.0671100416503474,0.20453182481098678,6,0.8446995712970556,0.9845262465406244,0,7,4,d7df0f7a3cd6,2
theta,state,cue2,raw_cc,raw,Right ACC – Right DHC,0.0534519844355826,0.05862502487014261,0.9117605417478534,4,0.4134735209847269,0.9767091046883312,0,5,3,d7df0f7a3cd6,2
theta,state,cue2,raw_cc,raw,Right ACC – Right OFC,0.014128209700246273,0.07910446571780791,0.1786019230652075,7,0.8633094634123801,0.9845262465406244,0,8,5,d7df0f7a3cd6,2
theta,state,cue2,raw_cc,raw,Right ACC – Right PER,0.1721552375932414,,,1,,,0,2,2,d7df0f7a3cd6,2
theta,state,cue2,raw_cc,raw,Right ACC – Right RSC,0.27723266724762585,0.11007691952796829,2.5185358423587307,5,0.05326977720872794,0.42549883537516814,0,6,5,d7df0f7a3cd6,2
theta,state,cue2,raw_cc,raw,Right DHC – Left ACC,-0.058713976338426996,0.13543261982689958,-0.43352905978981326,4,0.6869865525351421,0.9845262465406244,0,5,3,d7df0f7a3cd6,2
theta,state,cue2,raw_cc,raw,Right DHC – Left DHC,-0.14136430421013135,0.1832712067955508,-0.7713394083110451,4,0.483542316274454,0.9784729779631979,0,5,4,d7df0f7a3cd6,2
theta,state,cue2,raw_cc,raw,Right DHC – Left OFC,0.061618521419905134,0.07941239180932981,0.7759308089832126,4,0.4811122771964161,0.9784729779631979,0,5,3,d7df0f7a3cd6,2
theta,state,cue2,raw_cc,raw,Right DHC – Left PER,-0.16451931250000001,,,,,,0,1,1,d7df0f7a3cd6,2
theta,state,cue2,raw_cc,raw,Right DHC – Left RSC,-0.3180709915653085,,,3,,,0,4,3,d7df0f7a3cd6,2
theta,state,cue2,raw_cc,raw,Right DHC – Right PER,-0.018037440476190478,,,,,,0,1,1,d7df0f7a3cd6,2
theta,state,cue2,raw_cc,raw,Right DHC – Right RSC,-0.042458877075412356,,,2,,,0,3,2,d7df0f7a3cd6,2
theta,state,cue2,raw_cc,raw,Right OFC – Left ACC,-0.2304341752235254,0.09326612584041602,-2.470716706061236,7,0.04278803077390144,0.401137788505326,0,8,6,d7df0f7a3cd6,2
theta,state,cue2,raw_cc,raw,Right OFC – Left DHC,-0.005781673968931046,0.04693074589390185,-0.12319586784326632,5,0.9067509294195982,0.9845262465406244,0,6,3,d7df0f7a3cd6,2
theta,state,cue2,raw_cc,raw,Right OFC – Left OFC,-0.16057840132298368,0.10551611219768826,-1.5218377362324933,7,0.17186145929761112,0.6695901011595239,0,8,6,d7df0f7a3cd6,2
theta,state,cue2,raw_cc,raw,Right OFC – Left PER,-0.05869444707377158,,,1,,,0,2,1,d7df0f7a3cd6,2
theta,state,cue2,raw_cc,raw,Right OFC – Left RSC,-0.04866425967155621,0.06857242214784715,-0.709676837236878,6,0.5045362550842953,0.9784729779631979,0,7,3,d7df0f7a3cd6,2
theta,state,cue2,raw_cc,raw,Right OFC – Right DHC,-0.014093149247110127,0.11128749448428037,-0.1266373127764218,4,0.905338010863019,0.9845262465406244,0,5,3,d7df0f7a3cd6,2
theta,state,cue2,raw_cc,raw,Right OFC – Right PER,-0.15581365490016935,,,1,,,0,2,1,d7df0f7a3cd6,2
theta,state,cue2,raw_cc,raw,Right OFC – Right RSC,-0.1343346967358043,0.08613636833994033,-1.559558399370258,5,0.17960913933752914,0.675828788625225,0,6,4,d7df0f7a3cd6,2
theta,state,cue2,raw_cc,raw,Right PER – Left ACC,0.006881064674903228,,,1,,,0,2,1,d7df0f7a3cd6,2
theta,state,cue2,raw_cc,raw,Right PER – Left DHC,-0.1690819523809524,,,,,,0,1,1,d7df0f7a3cd6,2
theta,state,cue2,raw_cc,raw,Right PER – Left OFC,-0.10278392022754787,,,1,,,0,2,2,d7df0f7a3cd6,2
theta,state,cue2,raw_cc,raw,Right PER – Left RSC,-0.14284047656613885,,,1,,,0,2,2,d7df0f7a3cd6,2
theta,state,cue2,raw_cc,raw,Right RSC – Left ACC,0.012146848276614922,0.022928066659515217,0.5297807467588613,5,0.6189357371469112,0.9784729779631979,0,6,3,d7df0f7a3cd6,2
theta,state,cue2,raw_cc,raw,Right RSC – Left DHC,-0.08322113468568054,,,3,,,0,4,3,d7df0f7a3cd6,2
theta,state,cue2,raw_cc,raw,Right RSC – Left OFC,-0.08696600435517976,0.09219140876104609,-0.9433200503594622,5,0.3888301925931627,0.9331924622235905,0,6,3,d7df0f7a3cd6,2
theta,state,cue2,raw_cc,raw,Right RSC – Left PER,0.06640427898230687,,,1,,,0,2,1,d7df0f7a3cd6,2
theta,state,cue2,raw_cc,raw,Right RSC – Left RSC,-0.06834142761604198,0.2165248063145999,-0.3156286283279027,5,0.7650334618515212,0.9845262465406244,0,6,3,d7df0f7a3cd6,2
theta,state,cue2,raw_cc,raw,Right RSC – Right PER,-0.1779641451654505,,,1,,,0,2,2,d7df0f7a3cd6,2
theta,state,cue2,amp_cc,raw,Left DHC – Left ACC,0.0075572712994334944,0.05520817306674791,0.13688682091139992,5,0.8964614245948446,0.9845262465406244,0,6,3,d7df0f7a3cd6,2
theta,state,cue2,amp_cc,raw,Left DHC – Left OFC,0.043853704260571266,0.03168734199109865,1.383950230754296,5,0.22496551834525277,0.7498850611508426,0,6,4,d7df0f7a3cd6,2
theta,state,cue2,amp_cc,raw,Left OFC – Left ACC,-0.056386496679549945,0.05990723429153834,-0.9412301760609623,7,0.3779252559926056,0.9331924622235905,0,8,5,d7df0f7a3cd6,2
theta,state,cue2,amp_cc,raw,Left PER – Left ACC,0.1067166389059478,,,1,,,0,2,2,d7df0f7a3cd6,2
theta,state,cue2,amp_cc,raw,Left PER – Left DHC,-0.07195739801722066,,,1,,,0,2,1,d7df0f7a3cd6,2
theta,state,cue2,amp_cc,raw,Left PER – Left OFC,0.028071346880238084,,,1,,,0,2,1,d7df0f7a3cd6,2
theta,state,cue2,amp_cc,raw,Left PER – Left RSC,-0.009596536400947446,,,1,,,0,2,1,d7df0f7a3cd6,2
theta,state,cue2,amp_cc,raw,Left RSC – Left ACC,-0.040503889665186574,0.07731097389544757,-0.5239086720077087,6,0.6191226223221239,0.9784729779631979,0,7,3,d7df0f7a3cd6,2
theta,state,cue2,amp_cc,raw,Left RSC – Left DHC,-0.05142553365538966,0.17233036051137154,-0.29841249970573963,4,0.7802479589084944,0.9845262465406244,0,5,2,d7df0f7a3cd6,2
theta,state,cue2,amp_cc,raw,Left RSC – Left OFC,0.004572208793079521,0.06067651342078598,0.07535384838894216,6,0.9423828291911927,0.9850691594333024,0,7,4,d7df0f7a3cd6,2
theta,state,cue2,amp_cc,raw,Right ACC – Left ACC,0.3359724040141795,0.09511996997498885,3.5320911487095836,7,0.009570909752450072,0.28140152017203496,2,8,8,d7df0f7a3cd6,2
theta,state,cue2,amp_cc,raw,Right ACC – Left DHC,0.03929540900573504,0.04145311878770915,0.9479481919557311,5,0.3866853239373731,0.9331924622235905,0,6,4,d7df0f7a3cd6,2
theta,state,cue2,amp_cc,raw,Right ACC – Left OFC,0.13755297160562027,0.03844923938794521,3.5775212668770386,7,0.009005933157616131,0.28140152017203496,2,8,7,d7df0f7a3cd6,2
theta,state,cue2,amp_cc,raw,Right ACC – Left PER,0.2803875811704765,,,1,,,0,2,2,d7df0f7a3cd6,2
theta,state,cue2,amp_cc,raw,Right ACC – Left RSC,-0.026290733768421767,0.0358927561117047,-0.7324802165261505,6,0.49148670720488524,0.9784729779631979,0,7,4,d7df0f7a3cd6,2
theta,state,cue2,amp_cc,raw,Right ACC – Right DHC,0.026971898559313208,0.06132177730739366,0.43984208781341316,4,0.6827721751618421,0.9845262465406244,0,5,3,d7df0f7a3cd6,2
theta,state,cue2,amp_cc,raw,Right ACC – Right OFC,0.023783527675297005,0.04637623422156558,0.5128387001339867,7,0.6238467602077472,0.9784729779631979,0,8,5,d7df0f7a3cd6,2
theta,state,cue2,amp_cc,raw,Right ACC – Right PER,0.15835573139039602,,,1,,,0,2,2,d7df0f7a3cd6,2
theta,state,cue2,amp_cc,raw,Right ACC – Right RSC,0.22452161509097407,0.04804717741852627,4.672940787660128,5,0.00546811889148374,0.28140152017203496,2,6,6,d7df0f7a3cd6,2
theta,state,cue2,amp_cc,raw,Right DHC – Left ACC,-0.04684705514526313,0.06900148075002362,-0.6789282582931686,4,0.5344356278324263,0.9784729779631979,0,5,4,d7df0f7a3cd6,2
theta,state,cue2,amp_cc,raw,Right DHC – Left DHC,-0.11896271092553086,0.10554583930008388,-1.1271189060072813,4,0.32272840190412494,0.8964677830670138,0,5,4,d7df0f7a3cd6,2
theta,state,cue2,amp_cc,raw,Right DHC – Left OFC,-0.04694860581563445,0.07666479146353593,-0.6123880978397315,4,0.5733828649206967,0.9784729779631979,0,5,4,d7df0f7a3cd6,2
theta,state,cue2,amp_cc,raw,Right DHC – Left PER,-0.1706047708333333,,,,,,0,1,1,d7df0f7a3cd6,2
theta,state,cue2,amp_cc,raw,Right DHC – Left RSC,-0.15618580335247118,,,3,,,0,4,3,d7df0f7a3cd6,2
theta,state,cue2,amp_cc,raw,Right DHC – Right PER,-0.0839712023809524,,,,,,0,1,1,d7df0f7a3cd6,2
theta,state,cue2,amp_cc,raw,Right DHC – Right RSC,-0.0920864913758478,,,2,,,0,3,3,d7df0f7a3cd6,2
theta,state,cue2,amp_cc,raw,Right OFC – Left ACC,-0.0992478724720365,0.06905324520112088,-1.437265869011258,7,0.1937979890434313,0.7081560860412124,0,8,6,d7df0f7a3cd6,2
theta,state,cue2,amp_cc,raw,Right OFC – Left DHC,-0.013677525887990956,0.06811567510587525,-0.20079850734403445,5,0.8487686528454619,0.9845262465406244,0,6,3,d7df0f7a3cd6,2
theta,state,cue2,amp_cc,raw,Right OFC – Left OFC,-0.11866642141228452,0.07718158448377309,-1.5374965700170788,7,0.1680571756270351,0.6633835880014542,0,8,7,d7df0f7a3cd6,2
theta,state,cue2,amp_cc,raw,Right OFC – Left PER,-0.06651695918468985,,,1,,,0,2,2,d7df0f7a3cd6,2
theta,state,cue2,amp_cc,raw,Right OFC – Left RSC,-0.08047135156876294,0.04180757494576051,-1.9248031408940431,6,0.10258069584510783,0.5595310682460427,0,7,5,d7df0f7a3cd6,2
theta,state,cue2,amp_cc,raw,Right OFC – Right DHC,-0.054292905637653203,0.07850903451847868,-0.6915497811258178,4,0.527263268574526,0.9784729779631979,0,5,4,d7df0f7a3cd6,2
theta,state,cue2,amp_cc,raw,Right OFC – Right PER,-0.15727337260972,,,1,,,0,2,2,d7df0f7a3cd6,2
theta,state,cue2,amp_cc,raw,Right OFC – Right RSC,-0.0775499001437598,0.05421920045580732,-1.4303032780235987,5,0.21202870712933336,0.7351600821201674,0,6,3,d7df0f7a3cd6,2
theta,state,cue2,amp_cc,raw,Right PER – Left ACC,-0.05059172141618084,,,1,,,0,2,2,d7df0f7a3cd6,2
theta,state,cue2,amp_cc,raw,Right PER – Left DHC,0.05193305952380953,,,,,,0,1,1,d7df0f7a3cd6,2
theta,state,cue2,amp_cc,raw,Right PER – Left OFC,-0.07522349373565812,,,1,,,0,2,2,d7df0f7a3cd6,2
theta,state,cue2,amp_cc,raw,Right PER – Left RSC,-0.05789434964327092,,,1,,,0,2,1,d7df0f7a3cd6,2
theta,state,cue2,amp_cc,raw,Right RSC – Left ACC,0.0032529474107736173,0.024140728520173804,0.13474934727239946,5,0.8980663935197736,0.9845262465406244,0,6,3,d7df0f7a3cd6,2
theta,state,cue2,amp_cc,raw,Right RSC – Left DHC,-0.025329656983569652,,,3,,,0,4,2,d7df0f7a3cd6,2
theta,state,cue2,amp_cc,raw,Right RSC – Left OFC,-0.03630693196604218,0.050480295231177474,-0.7192297865884589,5,0.5042014006321325,0.9784729779631979,0,6,3,d7df0f7a3cd6,2
theta,state,cue2,amp_cc,raw,Right RSC – Left PER,0.1624993952820803,,,1,,,0,2,2,d7df0f7a3cd6,2
theta,state,cue2,amp_cc,raw,Right RSC – Left RSC,-0.03960072278705968,0.16784750348061822,-0.23593274827368807,5,0.8228445618707381,0.9845262465406244,0,6,3,d7df0f7a3cd6,2
theta,state,cue2,amp_cc,raw,Right RSC – Right PER,-0.07531359040356603,,,1,,,0,2,2,d7df0f7a3cd6,2
theta,state,post,coherence,raw,Left DHC – Left ACC,0.007280347994708141,0.06410953183473107,0.1135610850111378,5,0.9140045919006621,0.9845262465406244,0,6,4,d7df0f7a3cd6,2
theta,state,post,coherence,raw,Left DHC – Left OFC,0.026133174810010918,0.03517666557172855,0.7429122227836775,5,0.4909436194355922,0.9784729779631979,0,6,2,d7df0f7a3cd6,2
theta,state,post,coherence,raw,Left OFC – Left ACC,-0.07040605443200158,0.06724284780337067,-1.04704153277209,7,0.32988174513566587,0.9056976502396311,0,8,5,d7df0f7a3cd6,2
theta,state,post,coherence,raw,Left PER – Left ACC,0.11780597910888695,,,1,,,0,2,2,d7df0f7a3cd6,2
theta,state,post,coherence,raw,Left PER – Left DHC,0.03405472992196506,,,1,,,0,2,2,d7df0f7a3cd6,2
theta,state,post,coherence,raw,Left PER – Left OFC,0.027519092510048512,,,1,,,0,2,1,d7df0f7a3cd6,2
theta,state,post,coherence,raw,Left PER – Left RSC,0.06412415158321157,,,1,,,0,2,2,d7df0f7a3cd6,2
theta,state,post,coherence,raw,Left RSC – Left ACC,-0.0070351844707115556,0.04260192727193592,-0.16513770435324865,6,0.8742589744039261,0.9845262465406244,0,7,4,d7df0f7a3cd6,2
theta,state,post,coherence,raw,Left RSC – Left DHC,-0.03670441578941012,0.11240102388397077,-0.32654876727190063,4,0.7603811752315303,0.9845262465406244,0,5,3,d7df0f7a3cd6,2
theta,state,post,coherence,raw,Left RSC – Left OFC,-0.02001736293643093,0.01910484780328812,-1.0477635384766455,6,0.3351081305886635,0.9056976502396311,0,7,5,d7df0f7a3cd6,2
theta,state,post,coherence,raw,Right ACC – Left ACC,0.28303558422400893,0.08725138733076479,3.2439092704742674,7,0.014176177887925025,0.28140152017203496,0,8,8,d7df0f7a3cd6,2
theta,state,post,coherence,raw,Right ACC – Left DHC,0.08448999652947363,0.035025403831438935,2.4122490331898785,5,0.06069527394739389,0.44411176059068697,0,6,5,d7df0f7a3cd6,2
theta,state,post,coherence,raw,Right ACC – Left OFC,0.10228862963582933,0.03388721526287388,3.018502076442221,7,0.019427368539552396,0.28140152017203496,0,8,7,d7df0f7a3cd6,2
theta,state,post,coherence,raw,Right ACC – Left PER,0.18103599482556654,,,1,,,0,2,2,d7df0f7a3cd6,2
theta,state,post,coherence,raw,Right ACC – Left RSC,0.015741752056644156,0.028736823092280935,0.5477902691641855,6,0.6036013629324959,0.9784729779631979,0,7,5,d7df0f7a3cd6,2
theta,state,post,coherence,raw,Right ACC – Right DHC,0.06658485165322023,0.05086196387103133,1.309128601916686,4,0.2606295104865488,0.8060706509893262,0,5,4,d7df0f7a3cd6,2
theta,state,post,coherence,raw,Right ACC – Right OFC,0.008181423533517019,0.04048795085174308,0.20207057560100733,7,0.8456087381707462,0.9845262465406244,0,8,5,d7df0f7a3cd6,2
theta,state,post,coherence,raw,Right ACC – Right PER,0.200499711810702,,,1,,,0,2,2,d7df0f7a3cd6,2
theta,state,post,coherence,raw,Right ACC – Right RSC,0.19258505743526358,0.07430861980819496,2.591692026205885,5,0.04873691727385651,0.42549883537516814,0,6,5,d7df0f7a3cd6,2
theta,state,post,coherence,raw,Right DHC – Left ACC,0.009833773565827677,0.07116598016676161,0.13818082098756204,4,0.8967745810305581,0.9845262465406244,0,5,3,d7df0f7a3cd6,2
theta,state,post,coherence,raw,Right DHC – Left DHC,-0.07962797906483246,0.12338022195997285,-0.645386900751933,4,0.5538313440673305,0.9784729779631979,0,5,3,d7df0f7a3cd6,2
theta,state,post,coherence,raw,Right DHC – Left OFC,0.025834769037701193,0.050537520088291175,0.5111997777604989,4,0.6361353221794409,0.9837144157414035,0,5,1,d7df0f7a3cd6,2
theta,state,post,coherence,raw,Right DHC – Left PER,-0.007880000000000005,,,,,,0,1,1,d7df0f7a3cd6,2
theta,state,post,coherence,raw,Right DHC – Left RSC,-0.16083561828740167,,,3,,,0,4,3,d7df0f7a3cd6,2
theta,state,post,coherence,raw,Right DHC – Right PER,0.06020242857142859,,,,,,0,1,1,d7df0f7a3cd6,2
theta,state,post,coherence,raw,Right DHC – Right RSC,-0.05234309766094961,,,2,,,0,3,2,d7df0f7a3cd6,2
theta,state,post,coherence,raw,Right OFC – Left ACC,-0.08663993269480642,0.05241877113085603,-1.6528417363795522,7,0.14234232220603357,0.6253023428956953,0,8,6,d7df0f7a3cd6,2
theta,state,post,coherence,raw,Right OFC – Left DHC,0.02305456688050796,0.03543186871291268,0.650673185411359,5,0.5439692698540036,0.9784729779631979,0,6,2,d7df0f7a3cd6,2
theta,state,post,coherence,raw,Right OFC – Left OFC,-0.11479866107619688,0.06498712317757835,-1.7664831964096597,7,0.12065460287280518,0.574545727965739,0,8,6,d7df0f7a3cd6,2
theta,state,post,coherence,raw,Right OFC – Left PER,0.011821196118781553,,,1,,,0,2,1,d7df0f7a3cd6,2
theta,state,post,coherence,raw,Right OFC – Left RSC,-0.007673644970123348,0.012742476989774874,-0.6022098353625452,6,0.5690777992196318,0.9784729779631979,0,7,5,d7df0f7a3cd6,2
theta,state,post,coherence,raw,Right OFC – Right DHC,0.0022104132003298565,0.055471066528630576,0.039848038602051834,4,0.9701238533907721,0.986746205034125,0,5,1,d7df0f7a3cd6,2
theta,state,post,coherence,raw,Right OFC – Right PER,-0.12463308131175305,,,1,,,0,2,2,d7df0f7a3cd6,2
theta,state,post,coherence,raw,Right OFC – Right RSC,-0.05978233908717833,0.038397925139947435,-1.5569158716074358,5,0.18022101030006002,0.675828788625225,0,6,5,d7df0f7a3cd6,2
theta,state,post,coherence,raw,Right PER – Left ACC,0.008157569239085952,,,1,,,0,2,1,d7df0f7a3cd6,2
theta,state,post,coherence,raw,Right PER – Left DHC,-0.003219296703296709,,,,,,0,1,1,d7df0f7a3cd6,2
theta,state,post,coherence,raw,Right PER – Left OFC,-0.04610004110591854,,,1,,,0,2,1,d7df0f7a3cd6,2
theta,state,post,coherence,raw,Right PER – Left RSC,-0.0021092051001149244,,,1,,,0,2,1,d7df0f7a3cd6,2
theta,state,post,coherence,raw,Right RSC – Left ACC,0.023062513089202295,0.04975176264681637,0.4635516786193317,5,0.6624481147694977,0.9845262465406244,0,6,3,d7df0f7a3cd6,2
theta,state,post,coherence,raw,Right RSC – Left DHC,-0.026257760571245965,,,3,,,0,4,3,d7df0f7a3cd6,2
theta,state,post,coherence,raw,Right RSC – Left OFC,-0.030714910790370017,0.03914392180476631,-0.7846661595014237,5,0.4681782037074481,0.9784729779631979,0,6,4,d7df0f7a3cd6,2
theta,state,post,coherence,raw,Right RSC – Left PER,0.053794372188646515,,,1,,,0,2,1,d7df0f7a3cd6,2
theta,state,post,coherence,raw,Right RSC – Left RSC,-0.014509770574526225,0.1374107076483669,-0.10559417692292679,5,0.9200097887883446,0.9845262465406244,0,6,3,d7df0f7a3cd6,2
theta,state,post,coherence,raw,Right RSC – Right PER,0.018757572749262753,,,1,,,0,2,2,d7df0f7a3cd6,2
theta,state,post,raw_cc,raw,Left DHC – Left ACC,0.011558916318187515,0.1214178379461412,0.09519949056673901,5,0.9278539966550895,0.9845262465406244,0,6,2,d7df0f7a3cd6,2
theta,state,post,raw_cc,raw,Left DHC – Left OFC,-0.00911733574417684,0.10552365642071017,-0.08640087022598152,5,0.9345010654719221,0.9845262465406244,0,6,4,d7df0f7a3cd6,2
theta,state,post,raw_cc,raw,Left OFC – Left ACC,-0.061791896610958415,0.06285338774456532,-0.9831116321379401,7,0.35830367897523396,0.9331924622235905,0,8,4,d7df0f7a3cd6,2
theta,state,post,raw_cc,raw,Left PER – Left ACC,0.15432756449263557,,,1,,,0,2,1,d7df0f7a3cd6,2
theta,state,post,raw_cc,raw,Left PER – Left DHC,0.09473709450890373,,,1,,,0,2,1,d7df0f7a3cd6,2
theta,state,post,raw_cc,raw,Left PER – Left OFC,0.10527189295835399,,,1,,,0,2,2,d7df0f7a3cd6,2
theta,state,post,raw_cc,raw,Left PER – Left RSC,0.030446937552653833,,,1,,,0,2,1,d7df0f7a3cd6,2
theta,state,post,raw_cc,raw,Left RSC – Left ACC,-0.015227009569111426,0.057684332379608814,-0.2639713235979847,6,0.8006345027812896,0.9845262465406244,0,7,3,d7df0f7a3cd6,2
theta,state,post,raw_cc,raw,Left RSC – Left DHC,-0.040804968359720105,0.1947524812814372,-0.20952220013439912,4,0.8442791575737917,0.9845262465406244,0,5,3,d7df0f7a3cd6,2
theta,state,post,raw_cc,raw,Left RSC – Left OFC,-0.006303280612368174,0.04324982501543265,-0.1457411818456838,6,0.8888987079064189,0.9845262465406244,0,7,4,d7df0f7a3cd6,2
theta,state,post,raw_cc,raw,Right ACC – Left ACC,0.4312414021048309,0.11000954712083859,3.920036154963344,7,0.0057487727026823325,0.28140152017203496,2,8,8,d7df0f7a3cd6,2
theta,state,post,raw_cc,raw,Right ACC – Left DHC,0.15068026158702522,0.07546425511850532,1.9967103809665172,5,0.10236866396883955,0.5595310682460427,0,6,5,d7df0f7a3cd6,2
theta,state,post,raw_cc,raw,Right ACC – Left OFC,0.18423236757745357,0.061233072181032945,3.0087069130351405,7,0.01969810641204245,0.28140152017203496,0,8,8,d7df0f7a3cd6,2
theta,state,post,raw_cc,raw,Right ACC – Left PER,0.26100405737310184,,,1,,,0,2,2,d7df0f7a3cd6,2
theta,state,post,raw_cc,raw,Right ACC – Left RSC,0.08438062293639158,0.05834983610152078,1.4461158518008648,6,0.19828370409153945,0.7081560860412124,0,7,4,d7df0f7a3cd6,2
theta,state,post,raw_cc,raw,Right ACC – Right DHC,0.10501664519844034,0.10814781972908698,0.9710472708697198,4,0.386511714487665,0.9331924622235905,0,5,3,d7df0f7a3cd6,2
theta,state,post,raw_cc,raw,Right ACC – Right OFC,0.002595354139482608,0.08242482593695066,0.03148752951529283,7,0.9757597183359912,0.9887488100697284,0,8,5,d7df0f7a3cd6,2
theta,state,post,raw_cc,raw,Right ACC – Right PER,0.25333046239880375,,,1,,,0,2,2,d7df0f7a3cd6,2
theta,state,post,raw_cc,raw,Right ACC – Right RSC,0.29453192235846787,0.10309912537251423,2.8567839086342897,5,0.03554007480191945,0.3948897200213273,0,6,6,d7df0f7a3cd6,2
theta,state,post,raw_cc,raw,Right DHC – Left ACC,0.012410846259636421,0.1611781646849112,0.07700079153958918,4,0.94232063097634,0.9850691594333024,0,5,3,d7df0f7a3cd6,2
theta,state,post,raw_cc,raw,Right DHC – Left DHC,-0.13497311653306224,0.19545796722747033,-0.6905480418507732,4,0.5278299841741465,0.9784729779631979,0,5,3,d7df0f7a3cd6,2
theta,state,post,raw_cc,raw,Right DHC – Left OFC,-0.055203843338507454,0.10327705186054069,-0.5345218743564786,4,0.6213086797217948,0.9784729779631979,0,5,4,d7df0f7a3cd6,2
theta,state,post,raw_cc,raw,Right DHC – Left PER,-0.08956285714285714,,,,,,0,1,1,d7df0f7a3cd6,2
theta,state,post,raw_cc,raw,Right DHC – Left RSC,-0.3494236158981164,,,3,,,0,4,4,d7df0f7a3cd6,2
theta,state,post,raw_cc,raw,Right DHC – Right PER,0.023152384615384602,,,,,,0,1,1,d7df0f7a3cd6,2
theta,state,post,raw_cc,raw,Right DHC – Right RSC,-0.09778498959818914,,,2,,,0,3,2,d7df0f7a3cd6,2
theta,state,post,raw_cc,raw,Right OFC – Left ACC,-0.23629377278461539,0.07293698750214976,-3.2396974549799005,7,0.014259023453001334,0.28140152017203496,0,8,7,d7df0f7a3cd6,2
theta,state,post,raw_cc,raw,Right OFC – Left DHC,-0.034418373791114364,0.11600124286959557,-0.29670693985413815,5,0.7786202641237145,0.9845262465406244,0,6,4,d7df0f7a3cd6,2
theta,state,post,raw_cc,raw,Right OFC – Left OFC,-0.18040078998421216,0.09852781002898527,-1.8309631557947061,7,0.10979022389462864,0.5605801002322252,0,8,6,d7df0f7a3cd6,2
theta,state,post,raw_cc,raw,Right OFC – Left PER,-0.08672119604195667,,,1,,,0,2,2,d7df0f7a3cd6,2
theta,state,post,raw_cc,raw,Right OFC – Left RSC,-0.03666567859499272,0.06732970724590992,-0.5445691076760185,6,0.6056819349057282,0.9784729779631979,0,7,3,d7df0f7a3cd6,2
theta,state,post,raw_cc,raw,Right OFC – Right DHC,0.026505110860406446,0.09458587593596363,0.2802227139953844,4,0.7932017451667265,0.9845262465406244,0,5,2,d7df0f7a3cd6,2
theta,state,post,raw_cc,raw,Right OFC – Right PER,-0.2798141818095935,,,1,,,0,2,2,d7df0f7a3cd6,2
theta,state,post,raw_cc,raw,Right OFC – Right RSC,-0.1180028498546444,0.05545240489321388,-2.1280023847817877,5,0.0866229831366946,0.5299637982785383,0,6,4,d7df0f7a3cd6,2
theta,state,post,raw_cc,raw,Right PER – Left ACC,-0.11617059557629916,,,1,,,0,2,2,d7df0f7a3cd6,2
theta,state,post,raw_cc,raw,Right PER – Left DHC,-0.13763174725274724,,,,,,0,1,1,d7df0f7a3cd6,2
theta,state,post,raw_cc,raw,Right PER – Left OFC,-0.06544372111541194,,,1,,,0,2,1,d7df0f7a3cd6,2
theta,state,post,raw_cc,raw,Right PER – Left RSC,0.07131866928554272,,,1,,,0,2,1,d7df0f7a3cd6,2
theta,state,post,raw_cc,raw,Right RSC – Left ACC,0.09806066865173665,0.07395602404872399,1.3259321321429063,5,0.24220476160243473,0.7753703662055038,0,6,5,d7df0f7a3cd6,2
theta,state,post,raw_cc,raw,Right RSC – Left DHC,-0.06507580925528487,,,3,,,0,4,2,d7df0f7a3cd6,2
theta,state,post,raw_cc,raw,Right RSC – Left OFC,0.011152917470394503,0.07560391219121061,0.14751772953478318,5,0.8884874793109543,0.9845262465406244,0,6,2,d7df0f7a3cd6,2
theta,state,post,raw_cc,raw,Right RSC – Left PER,0.26403761019637295,,,1,,,0,2,1,d7df0f7a3cd6,2
theta,state,post,raw_cc,raw,Right RSC – Left RSC,-0.032362040806441505,0.2036564988738054,-0.15890502382884653,5,0.8799627753204408,0.9845262465406244,0,6,4,d7df0f7a3cd6,2
theta,state,post,raw_cc,raw,Right RSC – Right PER,0.0146391884735551,,,1,,,0,2,1,d7df0f7a3cd6,2
theta,state,post,amp_cc,raw,Left DHC – Left ACC,0.05893811182869108,0.0881582168275265,0.6685492736768724,5,0.5334029302143389,0.9784729779631979,0,6,5,d7df0f7a3cd6,2
theta,state,post,amp_cc,raw,Left DHC – Left OFC,0.02516628246800674,0.05886627594586482,0.42751612979816156,5,0.6867898710893732,0.9845262465406244,0,6,3,d7df0f7a3cd6,2
theta,state,post,amp_cc,raw,Left OFC – Left ACC,-0.06134491849548807,0.07426080096677637,-0.8260740215141666,7,0.4360090486670571,0.9784729779631979,0,8,6,d7df0f7a3cd6,2
theta,state,post,amp_cc,raw,Left PER – Left ACC,0.16837262185374774,,,1,,,0,2,2,d7df0f7a3cd6,2
theta,state,post,amp_cc,raw,Left PER – Left DHC,0.1400851368117856,,,1,,,0,2,2,d7df0f7a3cd6,2
theta,state,post,amp_cc,raw,Left PER – Left OFC,0.15719750681863753,,,1,,,0,2,2,d7df0f7a3cd6,2
theta,state,post,amp_cc,raw,Left PER – Left RSC,0.16592027689277444,,,1,,,0,2,2,d7df0f7a3cd6,2
theta,state,post,amp_cc,raw,Left RSC – Left ACC,0.02353638019092565,0.04025218626442873,0.5847230268763063,6,0.5800407477317863,0.9784729779631979,0,7,5,d7df0f7a3cd6,2
theta,state,post,amp_cc,raw,Left RSC – Left DHC,-0.10017776704951169,0.12782893760604766,-0.783686142790662,4,0.47702902115949464,0.9784729779631979,0,5,3,d7df0f7a3cd6,2
theta,state,post,amp_cc,raw,Left RSC – Left OFC,-0.06052404671714145,0.04801889459161596,-1.2604214909959397,6,0.2543165400364353,0.7947391876138603,0,7,4,d7df0f7a3cd6,2
theta,state,post,amp_cc,raw,Right ACC – Left ACC,0.3381620085612344,0.08713363186628965,3.880958492355268,7,0.006045503338982972,0.28140152017203496,2,8,8,d7df0f7a3cd6,2
theta,state,post,amp_cc,raw,Right ACC – Left DHC,0.1293791921698526,0.06033443964697845,2.1443671794560526,5,0.08484727477715155,0.5299637982785383,0,6,5,d7df0f7a3cd6,2
theta,state,post,amp_cc,raw,Right ACC – Left OFC,0.14254527154221058,0.0422830947186915,3.371211887175268,7,0.011900601179042328,0.28140152017203496,0,8,7,d7df0f7a3cd6,2
theta,state,post,amp_cc,raw,Right ACC – Left PER,0.25868426697014546,,,1,,,0,2,2,d7df0f7a3cd6,2
theta,state,post,amp_cc,raw,Right ACC – Left RSC,0.03208400188562199,0.050980552950094786,0.6293380520417118,6,0.5523209231313353,0.9784729779631979,0,7,4,d7df0f7a3cd6,2
theta,state,post,amp_cc,raw,Right ACC – Right DHC,0.06016246960576978,0.07454203296354708,0.807094564152694,4,0.46486687686353934,0.9784729779631979,0,5,3,d7df0f7a3cd6,2
theta,state,post,amp_cc,raw,Right ACC – Right OFC,0.0003430311070579021,0.05516952751779927,0.006217764089917761,7,0.9952124632191943,0.9962201922876456,0,8,4,d7df0f7a3cd6,2
theta,state,post,amp_cc,raw,Right ACC – Right PER,0.16321417625972962,,,1,,,0,2,2,d7df0f7a3cd6,2
theta,state,post,amp_cc,raw,Right ACC – Right RSC,0.26531012275748367,0.07786641589575208,3.407247138646809,5,0.01910027084835353,0.28140152017203496,0,6,6,d7df0f7a3cd6,2
theta,state,post,amp_cc,raw,Right DHC – Left ACC,0.059353048760504734,0.07211081563159825,0.8230810904113087,4,0.45670136760334734,0.9784729779631979,0,5,2,d7df0f7a3cd6,2
theta,state,post,amp_cc,raw,Right DHC – Left DHC,-0.1433600028745437,0.1396453901519759,-1.0266003247119377,4,0.3626321173415656,0.9331924622235905,0,5,4,d7df0f7a3cd6,2
theta,state,post,amp_cc,raw,Right DHC – Left OFC,-0.04985636968813643,0.08818506250363661,-0.5653607115840104,4,0.6020328458182944,0.9784729779631979,0,5,4,d7df0f7a3cd6,2
theta,state,post,amp_cc,raw,Right DHC – Left PER,0.024826499999999998,,,,,,0,1,1,d7df0f7a3cd6,2
theta,state,post,amp_cc,raw,Right DHC – Left RSC,-0.14650325444469223,,,3,,,0,4,4,d7df0f7a3cd6,2
theta,state,post,amp_cc,raw,Right DHC – Right PER,-0.08582725274725275,,,,,,0,1,1,d7df0f7a3cd6,2
theta,state,post,amp_cc,raw,Right DHC – Right RSC,-0.011996713083496233,,,2,,,0,3,3,d7df0f7a3cd6,2
theta,state,post,amp_cc,raw,Right OFC – Left ACC,-0.08846097606918503,0.06218766250346022,-1.4224843402702734,7,0.19788165797345486,0.7081560860412124,0,8,6,d7df0f7a3cd6,2
theta,state,post,amp_cc,raw,Right OFC – Left DHC,0.006344527273799242,0.06963787383025218,0.09110742365949497,5,0.9309446266093852,0.9845262465406244,0,6,4,d7df0f7a3cd6,2
theta,state,post,amp_cc,raw,Right OFC – Left OFC,-0.16245555919007668,0.08949196469146113,-1.8153088911408977,7,0.11233793986883737,0.5616896993441869,0,8,6,d7df0f7a3cd6,2
theta,state,post,amp_cc,raw,Right OFC – Left PER,0.01242981295876156,,,1,,,0,2,1,d7df0f7a3cd6,2
theta,state,post,amp_cc,raw,Right OFC – Left RSC,-0.018195369075524537,0.047353876177580564,-0.38424244315904676,6,0.7140477018488399,0.9845262465406244,0,7,4,d7df0f7a3cd6,2
theta,state,post,amp_cc,raw,Right OFC – Right DHC,0.020253155750330345,0.08158842416698744,0.2482356529999661,4,0.8161753076228382,0.9845262465406244,0,5,3,d7df0f7a3cd6,2
theta,state,post,amp_cc,raw,Right OFC – Right PER,-0.11070591004015026,,,1,,,0,2,1,d7df0f7a3cd6,2
theta,state,post,amp_cc,raw,Right OFC – Right RSC,-0.07088282660155197,0.07136950042702321,-0.99318092711089,5,0.366223715475752,0.9331924622235905,0,6,4,d7df0f7a3cd6,2
theta,state,post,amp_cc,raw,Right PER – Left ACC,0.006745855255722104,,,1,,,0,2,1,d7df0f7a3cd6,2
theta,state,post,amp_cc,raw,Right PER – Left DHC,-0.1712967912087912,,,,,,0,1,1,d7df0f7a3cd6,2
theta,state,post,amp_cc,raw,Right PER – Left OFC,-0.11117584965037573,,,1,,,0,2,1,d7df0f7a3cd6,2
theta,state,post,amp_cc,raw,Right PER – Left RSC,-0.08965363510605187,,,1,,,0,2,2,d7df0f7a3cd6,2
theta,state,post,amp_cc,raw,Right RSC – Left ACC,0.08872001054119388,0.05109598495455485,1.7363401570613057,5,0.14301796844063708,0.6253023428956953,0,6,6,d7df0f7a3cd6,2
theta,state,post,amp_cc,raw,Right RSC – Left DHC,0.02807455984849287,,,3,,,0,4,2,d7df0f7a3cd6,2
theta,state,post,amp_cc,raw,Right RSC – Left OFC,0.04804159264629412,0.06833517247583813,0.7030287757491299,5,0.5134138651228509,0.9784729779631979,0,6,3,d7df0f7a3cd6,2
theta,state,post,amp_cc,raw,Right RSC – Left PER,0.2508928155539657,,,1,,,0,2,1,d7df0f7a3cd6,2
theta,state,post,amp_cc,raw,Right RSC – Left RSC,-0.006417684643795206,0.15712022867902845,-0.040845693121447216,5,0.9689997465736234,0.986746205034125,0,6,2,d7df0f7a3cd6,2
theta,state,post,amp_cc,raw,Right RSC – Right PER,-0.05451929430824217,,,1,,,0,2,1,d7df0f7a3cd6,2
theta,state,pre,coherence,minus_fp,Left DHC – Left ACC,-0.006400561741133853,0.029326874361335,-0.21824902518668854,5,0.8358630995187242,0.9654819621696838,0,6,4,d7df0f7a3cd6,2
theta,state,pre,coherence,minus_fp,Left DHC – Left OFC,-0.01439491277022566,0.015328072577196912,-0.9391208645267323,5,0.39078453783507255,0.8094840253496158,0,6,4,d7df0f7a3cd6,2
theta,state,pre,coherence,minus_fp,Left OFC – Left ACC,0.017648492112793505,0.047667264669227605,0.3702434413902248,7,0.7221498023576868,0.9501971083653773,0,8,4,d7df0f7a3cd6,2
theta,state,pre,coherence,minus_fp,Left PER – Left ACC,0.11490368091462648,,,1,,,0,2,1,d7df0f7a3cd6,2
theta,state,pre,coherence,minus_fp,Left PER – Left DHC,0.1532413881759461,,,1,,,0,2,2,d7df0f7a3cd6,2
theta,state,pre,coherence,minus_fp,Left PER – Left OFC,-0.017186804968585753,,,1,,,0,2,1,d7df0f7a3cd6,2
theta,state,pre,coherence,minus_fp,Left PER – Left RSC,0.24292279008818712,,,1,,,0,2,2,d7df0f7a3cd6,2
theta,state,pre,coherence,minus_fp,Left RSC – Left ACC,0.011903956814805333,0.03102199939001301,0.3837262925947192,6,0.7144106130663788,0.9501971083653773,0,7,4,d7df0f7a3cd6,2
theta,state,pre,coherence,minus_fp,Left RSC – Left DHC,0.2307219834743454,0.16781525808205097,1.3748570071115764,4,0.24116262144280776,0.7163246181469538,0,5,3,d7df0f7a3cd6,2
theta,state,pre,coherence,minus_fp,Left RSC – Left OFC,0.0009389098581697017,0.012529204908007414,0.07493770475169134,6,0.9427003257342447,0.9752072335181842,0,7,4,d7df0f7a3cd6,2
theta,state,pre,coherence,minus_fp,Right ACC – Left ACC,0.150155586538914,0.04680962103785207,3.207793252961659,7,0.014903655398879596,0.34850477578371175,0,8,7,d7df0f7a3cd6,2
theta,state,pre,coherence,minus_fp,Right ACC – Left DHC,0.02626698462874312,0.042401553625301465,0.6194816553389055,5,0.5627330269012832,0.8856143590982091,0,6,4,d7df0f7a3cd6,2
theta,state,pre,coherence,minus_fp,Right ACC – Left OFC,0.0774632841334406,0.03669025228605359,2.1112769552387443,7,0.0726513066260502,0.42803065543590485,0,8,6,d7df0f7a3cd6,2
theta,state,pre,coherence,minus_fp,Right ACC – Left PER,0.16203178652790542,,,1,,,0,2,2,d7df0f7a3cd6,2
theta,state,pre,coherence,minus_fp,Right ACC – Left RSC,-0.002516126202456947,0.04777384363328348,-0.05266744333512222,6,0.9597066176642789,0.9796092855666679,0,7,3,d7df0f7a3cd6,2
theta,state,pre,coherence,minus_fp,Right ACC – Right DHC,0.011549776910520065,0.04477216679057586,0.25796778977762563,4,0.8091604774152786,0.9654819621696838,0,5,3,d7df0f7a3cd6,2
theta,state,pre,coherence,minus_fp,Right ACC – Right OFC,0.05861112974917664,0.03327932985485047,1.7611871995263166,7,0.12159135710591557,0.5526879868450707,0,8,5,d7df0f7a3cd6,2
theta,state,pre,coherence,minus_fp,Right ACC – Right PER,0.03250175456622296,,,1,,,0,2,1,d7df0f7a3cd6,2
theta,state,pre,coherence,minus_fp,Right ACC – Right RSC,0.10364527575308892,0.04556094949838133,2.274870846507955,5,0.07199857049760858,0.42803065543590485,0,6,6,d7df0f7a3cd6,2
theta,state,pre,coherence,minus_fp,Right DHC – Left ACC,-0.0029516448562328787,0.06024077431294085,-0.04899745877932399,4,0.9632702741363898,0.9796092855666679,0,5,2,d7df0f7a3cd6,2
theta,state,pre,coherence,minus_fp,Right DHC – Left DHC,0.061990256858590165,0.0805288352782348,0.7697895622655899,4,0.4843647042790219,0.874437141003275,0,5,2,d7df0f7a3cd6,2
theta,state,pre,coherence,minus_fp,Right DHC – Left OFC,0.004421767287491657,0.033722128240342264,0.13112361283893803,4,0.9020079673435266,0.965993584717813,0,5,2,d7df0f7a3cd6,2
theta,state,pre,coherence,minus_fp,Right DHC – Left PER,-0.06545274358974357,,,,,,0,1,1,d7df0f7a3cd6,2
theta,state,pre,coherence,minus_fp,Right DHC – Left RSC,0.010337600634381584,,,3,,,0,4,2,d7df0f7a3cd6,2
theta,state,pre,coherence,minus_fp,Right DHC – Right PER,0.10942419404761905,,,,,,0,1,1,d7df0f7a3cd6,2
theta,state,pre,coherence,minus_fp,Right DHC – Right RSC,0.06874803532955627,,,2,,,0,3,2,d7df0f7a3cd6,2
theta,state,pre,coherence,minus_fp,Right OFC – Left ACC,0.03291423206847688,0.024474642006952946,1.3448299696937895,7,0.22062017458200398,0.6966952881536967,0,8,6,d7df0f7a3cd6,2
theta,state,pre,coherence,minus_fp,Right OFC – Left DHC,-0.004621929938920855,0.014092860915517806,-0.32796250290326756,5,0.756227983537883,0.9654819621696838,0,6,4,d7df0f7a3cd6,2
theta,state,pre,coherence,minus_fp,Right OFC – Left OFC,0.00727872410407572,0.0350448511511055,0.20769738963054807,7,0.8413785793647544,0.9654819621696838,0,8,3,d7df0f7a3cd6,2
theta,state,pre,coherence,minus_fp,Right OFC – Left PER,0.03428938126738103,,,1,,,0,2,1,d7df0f7a3cd6,2
theta,state,pre,coherence,minus_fp,Right OFC – Left RSC,0.001736648711960962,0.013284085194461724,0.13073152471838928,6,0.9002608021692895,0.965993584717813,0,7,3,d7df0f7a3cd6,2
theta,state,pre,coherence,minus_fp,Right OFC – Right DHC,-0.0010710367908014298,0.006102378243453045,-0.17551137410246487,4,0.8692044592917498,0.9656127336829688,0,5,4,d7df0f7a3cd6,2
theta,state,pre,coherence,minus_fp,Right OFC – Right PER,-0.018491868981066084,,,1,,,0,2,2,d7df0f7a3cd6,2
theta,state,pre,coherence,minus_fp,Right OFC – Right RSC,0.02224949935844103,0.021286572454464317,1.045236352918563,5,0.3437895864175028,0.7898543650514612,0,6,4,d7df0f7a3cd6,2
theta,state,pre,coherence,minus_fp,Right PER – Left ACC,-0.059087542043094333,,,1,,,0,2,2,d7df0f7a3cd6,2
theta,state,pre,coherence,minus_fp,Right PER – Left DHC,0.13032772777777776,,,,,,0,1,1,d7df0f7a3cd6,2
theta,state,pre,coherence,minus_fp,Right PER – Left OFC,-0.007273381039478516,,,1,,,0,2,1,d7df0f7a3cd6,2
theta,state,pre,coherence,minus_fp,Right PER – Left RSC,-0.025012324594182414,,,1,,,0,2,2,d7df0f7a3cd6,2
theta,state,pre,coherence,minus_fp,Right RSC – Left ACC,0.04310036752743555,0.05746487342558743,0.7500298000873036,5,0.4870078166015198,0.874437141003275,0,6,3,d7df0f7a3cd6,2
theta,state,pre,coherence,minus_fp,Right RSC – Left DHC,0.21826062214283964,,,3,,,0,4,4,d7df0f7a3cd6,2
theta,state,pre,coherence,minus_fp,Right RSC – Left OFC,0.021136807244153538,0.029882802971412686,0.7073234483516829,5,0.5109605020202349,0.8782077182776522,0,6,5,d7df0f7a3cd6,2
theta,state,pre,coherence,minus_fp,Right RSC – Left PER,0.12848612781922375,,,1,,,0,2,1,d7df0f7a3cd6,2
theta,state,pre,coherence,minus_fp,Right RSC – Left RSC,0.05962145413114963,0.10197890560835694,0.5846449692264964,5,0.5841719173117137,0.8982963887181048,0,6,4,d7df0f7a3cd6,2
theta,state,pre,coherence,minus_fp,Right RSC – Right PER,0.009808792489175691,,,1,,,0,2,1,d7df0f7a3cd6,2
theta,state,pre,raw_cc,minus_fp,Left DHC – Left ACC,-0.07276690361363845,0.1440538191394812,-0.5051369276310637,5,0.6349348391946326,0.933727704697989,0,6,3,d7df0f7a3cd6,2
theta,state,pre,raw_cc,minus_fp,Left DHC – Left OFC,-0.02027757354964189,0.11392374853343647,-0.17799250648507628,5,0.8657154927454832,0.9654819621696838,0,6,3,d7df0f7a3cd6,2
theta,state,pre,raw_cc,minus_fp,Left OFC – Left ACC,0.007904784594865768,0.07067094144159096,0.11185339311489174,7,0.914079494390524,0.9661017675478654,0,8,4,d7df0f7a3cd6,2
theta,state,pre,raw_cc,minus_fp,Left PER – Left ACC,0.1596825637913283,,,1,,,0,2,1,d7df0f7a3cd6,2
theta,state,pre,raw_cc,minus_fp,Left PER – Left DHC,0.3607557054218411,,,1,,,0,2,2,d7df0f7a3cd6,2
theta,state,pre,raw_cc,minus_fp,Left PER – Left OFC,0.20708130375967215,,,1,,,0,2,1,d7df0f7a3cd6,2
theta,state,pre,raw_cc,minus_fp,Left PER – Left RSC,0.5033512459609291,,,1,,,0,2,2,d7df0f7a3cd6,2
theta,state,pre,raw_cc,minus_fp,Left RSC – Left ACC,-0.1220533134928624,0.08764819650376413,-1.3925365080115564,6,0.21317541705165743,0.6966952881536967,0,7,4,d7df0f7a3cd6,2
theta,state,pre,raw_cc,minus_fp,Left RSC – Left DHC,0.35070831019195725,0.2118861899422909,1.6551730449609567,4,0.17323157616997847,0.6687315027481452,0,5,3,d7df0f7a3cd6,2
theta,state,pre,raw_cc,minus_fp,Left RSC – Left OFC,-0.04236458234346037,0.043232055221431746,-0.9799344982900249,6,0.36496261640917127,0.7898543650514612,0,7,5,d7df0f7a3cd6,2
theta,state,pre,raw_cc,minus_fp,Right ACC – Left ACC,0.14199710745628816,0.06470461707021725,2.1945436645145944,7,0.06424639778313047,0.42803065543590485,0,8,6,d7df0f7a3cd6,2
theta,state,pre,raw_cc,minus_fp,Right ACC – Left DHC,-0.03628040789175804,0.10645274643535527,-0.34081232383975896,5,0.7470985742198828,0.9654666203021349,0,6,3,d7df0f7a3cd6,2
theta,state,pre,raw_cc,minus_fp,Right ACC – Left OFC,0.06609992480135352,0.04537108010967259,1.4568735115314517,7,0.18849788063831024,0.6687315027481452,0,8,7,d7df0f7a3cd6,2
theta,state,pre,raw_cc,minus_fp,Right ACC – Left PER,0.176376914954228,,,1,,,0,2,2,d7df0f7a3cd6,2
theta,state,pre,raw_cc,minus_fp,Right ACC – Left RSC,-0.06205934737179343,0.11492421411353615,-0.5400023646059797,6,0.608638585101143,0.9129578776517145,0,7,3,d7df0f7a3cd6,2
theta,state,pre,raw_cc,minus_fp,Right ACC – Right DHC,-0.0010689451792522454,0.09816941693438336,-0.010888779954420332,4,0.9918336167519619,0.991833616751962,0,5,4,d7df0f7a3cd6,2
theta,state,pre,raw_cc,minus_fp,Right ACC – Right OFC,0.13359399033888797,0.06526756152229174,2.0468665784803335,7,0.0798990556813689,0.42803065543590485,0,8,6,d7df0f7a3cd6,2
theta,state,pre,raw_cc,minus_fp,Right ACC – Right PER,0.17073728176727707,,,1,,,0,2,1,d7df0f7a3cd6,2
theta,state,pre,raw_cc,minus_fp,Right ACC – Right RSC,0.22123855808053605,0.11681855934613408,1.8938648046925908,5,0.11677922429032532,0.5526879868450707,0,6,4,d7df0f7a3cd6,2
theta,state,pre,raw_cc,minus_fp,Right DHC – Left ACC,-0.13854468610624462,0.1061063426438133,-1.3057154045100121,4,0.2616812440807707,0.7276333480667728,0,5,3,d7df0f7a3cd6,2
theta,state,pre,raw_cc,minus_fp,Right DHC – Left DHC,0.21065911789820377,0.2661338956067643,0.7915531293671465,4,0.47291436416983545,0.874437141003275,0,5,2,d7df0f7a3cd6,2
theta,state,pre,raw_cc,minus_fp,Right DHC – Left OFC,0.11175516691002371,0.08401608811925639,1.3301638937460785,4,0.25423789588694096,0.7276333480667728,0,5,4,d7df0f7a3cd6,2
theta,state,pre,raw_cc,minus_fp,Right DHC – Left PER,-0.05573953846153846,,,,,,0,1,1,d7df0f7a3cd6,2
theta,state,pre,raw_cc,minus_fp,Right DHC – Left RSC,-0.10167379891393934,,,3,,,0,4,2,d7df0f7a3cd6,2
theta,state,pre,raw_cc,minus_fp,Right DHC – Right PER,0.04128174603174602,,,,,,0,1,1,d7df0f7a3cd6,2
theta,state,pre,raw_cc,minus_fp,Right DHC – Right RSC,0.09696229928417337,,,2,,,0,3,2,d7df0f7a3cd6,2
theta,state,pre,raw_cc,minus_fp,Right OFC – Left ACC,-0.019015522822656603,0.06665283296269457,-0.2852920420246735,7,0.7836771574239952,0.9654819621696838,0,8,3,d7df0f7a3cd6,2
theta,state,pre,raw_cc,minus_fp,Right OFC – Left DHC,-0.06796612663725529,0.10831938900880923,-0.6274603952181437,5,0.5578940704435724,0.8856143590982091,0,6,3,d7df0f7a3cd6,2
theta,state,pre,raw_cc,minus_fp,Right OFC – Left OFC,0.1099178209913969,0.07802799357923265,1.4086972629865468,7,0.20175982993928454,0.6800893144020828,0,8,4,d7df0f7a3cd6,2
theta,state,pre,raw_cc,minus_fp,Right OFC – Left PER,0.051681820959360726,,,1,,,0,2,1,d7df0f7a3cd6,2
theta,state,pre,raw_cc,minus_fp,Right OFC – Left RSC,0.10757895030072027,0.0704040246094009,1.5280227358814298,6,0.17736826011647297,0.6687315027481452,0,7,6,d7df0f7a3cd6,2
theta,state,pre,raw_cc,minus_fp,Right OFC – Right DHC,-0.13823698680085303,0.05410394978406529,-2.5550257855955394,4,0.06296901500773673,0.42803065543590485,0,5,4,d7df0f7a3cd6,2
theta,state,pre,raw_cc,minus_fp,Right OFC – Right PER,0.03862736404104066,,,1,,,0,2,2,d7df0f7a3cd6,2
theta,state,pre,raw_cc,minus_fp,Right OFC – Right RSC,0.034878283712612895,0.06017385682487325,0.5796251985994644,5,0.5873023668093467,0.8982963887181048,0,6,4,d7df0f7a3cd6,2
theta,state,pre,raw_cc,minus_fp,Right PER – Left ACC,-0.23783226971753577,,,1,,,0,2,1,d7df0f7a3cd6,2
theta,state,pre,raw_cc,minus_fp,Right PER – Left DHC,0.45212583888888885,,,,,,0,1,1,d7df0f7a3cd6,2
theta,state,pre,raw_cc,minus_fp,Right PER – Left OFC,-0.12970607007913926,,,1,,,0,2,2,d7df0f7a3cd6,2
theta,state,pre,raw_cc,minus_fp,Right PER – Left RSC,0.1381767906919101,,,1,,,0,2,2,d7df0f7a3cd6,2
theta,state,pre,raw_cc,minus_fp,Right RSC – Left ACC,0.053598129360351306,0.0793941413529537,0.675089225061029,5,0.52957170197522,0.8800492904650745,0,6,4,d7df0f7a3cd6,2
theta,state,pre,raw_cc,minus_fp,Right RSC – Left DHC,0.3333804912455819,,,3,,,0,4,4,d7df0f7a3cd6,2
theta,state,pre,raw_cc,minus_fp,Right RSC – Left OFC,0.16080183278709864,0.09837831103510719,1.6345252433711233,5,0.16307634960413395,0.6630149517698753,0,6,4,d7df0f7a3cd6,2
theta,state,pre,raw_cc,minus_fp,Right RSC – Left PER,0.6792795597200806,,,1,,,0,2,2,d7df0f7a3cd6,2
theta,state,pre,raw_cc,minus_fp,Right RSC – Left RSC,0.019104222376318133,0.16936036678162206,0.1128022024240869,5,0.9145763399453125,0.9661017675478654,0,6,4,d7df0f7a3cd6,2
theta,state,pre,raw_cc,minus_fp,Right RSC – Right PER,-0.2148509343302939,,,1,,,0,2,1,d7df0f7a3cd6,2
theta,state,pre,amp_cc,minus_fp,Left DHC – Left ACC,-0.013429356286048967,0.12478685701476343,-0.10761835506811548,5,0.9184834377340032,0.9668246712989508,0,6,2,d7df0f7a3cd6,2
theta,state,pre,amp_cc,minus_fp,Left DHC – Left OFC,-0.07858388022305889,0.06632723607004617,-1.1847905156196896,5,0.289341348292456,0.7683710454691095,0,6,4,d7df0f7a3cd6,2
theta,state,pre,amp_cc,minus_fp,Left OFC – Left ACC,0.049386329122057364,0.06477851698250268,0.7623874615005017,7,0.47073281605655753,0.874437141003275,0,8,5,d7df0f7a3cd6,2
theta,state,pre,amp_cc,minus_fp,Left PER – Left ACC,0.2807361017143804,,,1,,,0,2,2,d7df0f7a3cd6,2
theta,state,pre,amp_cc,minus_fp,Left PER – Left DHC,0.21140156073623403,,,1,,,0,2,2,d7df0f7a3cd6,2
theta,state,pre,amp_cc,minus_fp,Left PER – Left OFC,0.06157977352596645,,,1,,,0,2,2,d7df0f7a3cd6,2
theta,state,pre,amp_cc,minus_fp,Left PER – Left RSC,0.1341420870169805,,,1,,,0,2,2,d7df0f7a3cd6,2
theta,state,pre,amp_cc,minus_fp,Left RSC – Left ACC,0.006979429463892633,0.05595789317387145,0.12472645176626405,6,0.9048139910190182,0.965993584717813,0,7,4,d7df0f7a3cd6,2
theta,state,pre,amp_cc,minus_fp,Left RSC – Left DHC,0.2419358309894176,0.15808728889558127,1.5303939531104198,4,0.2006652053248055,0.6800893144020828,0,5,3,d7df0f7a3cd6,2
theta,state,pre,amp_cc,minus_fp,Left RSC – Left OFC,-0.08181706651488253,0.0758401814866876,-1.0788089494385515,6,0.32212069965091716,0.7898543650514612,0,7,5,d7df0f7a3cd6,2
theta,state,pre,amp_cc,minus_fp,Right ACC – Left ACC,0.23200619495858307,0.0943939018021842,2.4578515193151453,7,0.043602426234935314,0.3963856930448665,0,8,6,d7df0f7a3cd6,2
theta,state,pre,amp_cc,minus_fp,Right ACC – Left DHC,-0.0007782742130941893,0.0632773687241616,-0.012299408600361347,5,0.9906624069368976,0.991833616751962,0,6,3,d7df0f7a3cd6,2
theta,state,pre,amp_cc,minus_fp,Right ACC – Left OFC,0.11982905804924383,0.05968354158092408,2.007740406737916,7,0.08464742558936506,0.4455127662598161,0,8,5,d7df0f7a3cd6,2
theta,state,pre,amp_cc,minus_fp,Right ACC – Left PER,0.2272894835028983,,,1,,,0,2,2,d7df0f7a3cd6,2
theta,state,pre,amp_cc,minus_fp,Right ACC – Left RSC,-0.05466855698713608,0.07409754070404595,-0.7377917872536222,6,0.48848023653812317,0.874437141003275,0,7,3,d7df0f7a3cd6,2
theta,state,pre,amp_cc,minus_fp,Right ACC – Right DHC,-0.05845372088623426,0.04144276661483068,-1.4104685970775912,4,0.23122114340357122,0.7089308340951879,0,5,4,d7df0f7a3cd6,2
theta,state,pre,amp_cc,minus_fp,Right ACC – Right OFC,0.040476757248090016,0.04243245086205662,0.9539104252939724,7,0.37190025355064876,0.7898543650514612,0,8,4,d7df0f7a3cd6,2
theta,state,pre,amp_cc,minus_fp,Right ACC – Right PER,0.03694704297599745,,,1,,,0,2,1,d7df0f7a3cd6,2
theta,state,pre,amp_cc,minus_fp,Right ACC – Right RSC,0.13979720839048632,0.11059782375642478,1.2640140975863035,5,0.2619480053040382,0.7276333480667728,0,6,3,d7df0f7a3cd6,2
theta,state,pre,amp_cc,minus_fp,Right DHC – Left ACC,-0.14611141847929546,0.04975483665458974,-2.9366274377230237,4,0.0425318069760142,0.3963856930448665,0,5,5,d7df0f7a3cd6,2
theta,state,pre,amp_cc,minus_fp,Right DHC – Left DHC,-0.12128239649081354,0.09222300301988107,-1.3150991891325419,4,0.2587996118052406,0.7276333480667728,0,5,4,d7df0f7a3cd6,2
theta,state,pre,amp_cc,minus_fp,Right DHC – Left OFC,-0.14547192251139485,0.08394644017603808,-1.7329135363731454,4,0.1581427955185959,0.6630149517698753,0,5,3,d7df0f7a3cd6,2
theta,state,pre,amp_cc,minus_fp,Right DHC – Left PER,-0.06982591217948717,,,,,,0,1,1,d7df0f7a3cd6,2
theta,state,pre,amp_cc,minus_fp,Right DHC – Left RSC,-0.09566395634536476,,,3,,,0,4,3,d7df0f7a3cd6,2
theta,state,pre,amp_cc,minus_fp,Right DHC – Right PER,0.11156436269841268,,,,,,0,1,1,d7df0f7a3cd6,2
theta,state,pre,amp_cc,minus_fp,Right DHC – Right RSC,-0.004843947138361427,,,2,,,0,3,1,d7df0f7a3cd6,2
theta,state,pre,amp_cc,minus_fp,Right OFC – Left ACC,0.02653034129643619,0.04379769121165853,0.6057474849124939,7,0.5637992002195212,0.8856143590982091,0,8,5,d7df0f7a3cd6,2
theta,state,pre,amp_cc,minus_fp,Right OFC – Left DHC,-0.043259331185845795,0.058051858405240395,-0.745184260663406,5,0.4896847989618339,0.874437141003275,0,6,4,d7df0f7a3cd6,2
theta,state,pre,amp_cc,minus_fp,Right OFC – Left OFC,0.048036638128005765,0.044848892131895336,1.0710774747063014,7,0.3196683432261867,0.7898543650514612,0,8,5,d7df0f7a3cd6,2
theta,state,pre,amp_cc,minus_fp,Right OFC – Left PER,-0.004885602337142001,,,1,,,0,2,1,d7df0f7a3cd6,2
theta,state,pre,amp_cc,minus_fp,Right OFC – Left RSC,-0.08378846702494226,0.056439427761144786,-1.4845732912023901,6,0.18819277547252627,0.6687315027481452,0,7,5,d7df0f7a3cd6,2
theta,state,pre,amp_cc,minus_fp,Right OFC – Right DHC,-0.11850894807515037,0.04856701031958138,-2.440112069804915,4,0.07119981610605078,0.42803065543590485,0,5,5,d7df0f7a3cd6,2
theta,state,pre,amp_cc,minus_fp,Right OFC – Right PER,-0.07330632538484926,,,1,,,0,2,1,d7df0f7a3cd6,2
theta,state,pre,amp_cc,minus_fp,Right OFC – Right RSC,-0.01905974727805447,0.07225862568240304,-0.2637712397385942,5,0.8024821829946435,0.9654819621696838,0,6,3,d7df0f7a3cd6,2
theta,state,pre,amp_cc,minus_fp,Right PER – Left ACC,-0.004262065434826898,,,1,,,0,2,1,d7df0f7a3cd6,2
theta,state,pre,amp_cc,minus_fp,Right PER – Left DHC,0.22664400277777783,,,,,,0,1,1,d7df0f7a3cd6,2
theta,state,pre,amp_cc,minus_fp,Right PER – Left OFC,0.09585214093176579,,,1,,,0,2,2,d7df0f7a3cd6,2
theta,state,pre,amp_cc,minus_fp,Right PER – Left RSC,0.14239141536259153,,,1,,,0,2,2,d7df0f7a3cd6,2
theta,state,pre,amp_cc,minus_fp,Right RSC – Left ACC,0.015312298543898682,0.13184099218714757,0.11614216708990598,5,0.9120604282757075,0.9661017675478654,0,6,3,d7df0f7a3cd6,2
theta,state,pre,amp_cc,minus_fp,Right RSC – Left DHC,0.17761271859665756,,,3,,,0,4,2,d7df0f7a3cd6,2
theta,state,pre,amp_cc,minus_fp,Right RSC – Left OFC,-0.029621257239386075,0.09317723196870302,-0.3179023095399041,5,0.7634071423504507,0.9654819621696838,0,6,4,d7df0f7a3cd6,2
theta,state,pre,amp_cc,minus_fp,Right RSC – Left PER,0.22037997652519395,,,1,,,0,2,1,d7df0f7a3cd6,2
theta,state,pre,amp_cc,minus_fp,Right RSC – Left RSC,0.1467103544933372,0.07154544958560809,2.0505895950488107,5,0.09557108353555009,0.4778554176777504,0,6,4,d7df0f7a3cd6,2
theta,state,pre,amp_cc,minus_fp,Right RSC – Right PER,-0.03789442055545643,,,1,,,0,2,2,d7df0f7a3cd6,2
theta,state,cue1,coherence,minus_fp,Left DHC – Left ACC,-0.0097331506475926,0.05420013625355394,-0.17957797379069118,5,0.8645345781583933,0.9654819621696838,0,6,3,d7df0f7a3cd6,2
theta,state,cue1,coherence,minus_fp,Left DHC – Left OFC,-0.01353872647483801,0.015433160345685395,-0.8772491292506395,5,0.42049658483033403,0.8466374191214779,0,6,3,d7df0f7a3cd6,2
theta,state,cue1,coherence,minus_fp,Left OFC – Left ACC,0.036054013044892384,0.046599217584232716,0.7737042575816037,7,0.4644282783897189,0.874437141003275,0,8,4,d7df0f7a3cd6,2
theta,state,cue1,coherence,minus_fp,Left PER – Left ACC,0.050473117961243465,,,1,,,0,2,2,d7df0f7a3cd6,2
theta,state,cue1,coherence,minus_fp,Left PER – Left DHC,0.18910573595141028,,,1,,,0,2,2,d7df0f7a3cd6,2
theta,state,cue1,coherence,minus_fp,Left PER – Left OFC,0.020562697587561397,,,1,,,0,2,1,d7df0f7a3cd6,2
theta,state,cue1,coherence,minus_fp,Left PER – Left RSC,0.22953339811614118,,,1,,,0,2,2,d7df0f7a3cd6,2
theta,state,cue1,coherence,minus_fp,Left RSC – Left ACC,0.01256098638514273,0.04131175827817697,0.304053540896566,6,0.7713559906228383,0.9654819621696838,0,7,5,d7df0f7a3cd6,2
theta,state,cue1,coherence,minus_fp,Left RSC – Left DHC,0.19079429828891134,0.17187837899494607,1.1100540940901094,4,0.32920970463532107,0.7898543650514612,0,5,3,d7df0f7a3cd6,2
theta,state,cue1,coherence,minus_fp,Left RSC – Left OFC,-0.0034846303578791506,0.013882589910766727,-0.2510072241762774,6,0.8101835586964926,0.9654819621696838,0,7,4,d7df0f7a3cd6,2
theta,state,cue1,coherence,minus_fp,Right ACC – Left ACC,0.18248920012881753,0.04940168692564333,3.693987219575925,7,0.007715913661417422,0.33693017739430076,2,8,8,d7df0f7a3cd6,2
theta,state,cue1,coherence,minus_fp,Right ACC – Left DHC,0.05212796239845747,0.04121348929536431,1.2648276884510437,5,0.26167928969026216,0.7276333480667728,0,6,4,d7df0f7a3cd6,2
theta,state,cue1,coherence,minus_fp,Right ACC – Left OFC,0.10417078954579974,0.040045730124709626,2.6012957991124925,7,0.03535840468434474,0.3963856930448665,0,8,7,d7df0f7a3cd6,2
theta,state,cue1,coherence,minus_fp,Right ACC – Left PER,0.2032014671013227,,,1,,,0,2,2,d7df0f7a3cd6,2
theta,state,cue1,coherence,minus_fp,Right ACC – Left RSC,0.013749521717852622,0.04846098622094432,0.28372352257062045,6,0.7861583501080234,0.9654819621696838,0,7,4,d7df0f7a3cd6,2
theta,state,cue1,coherence,minus_fp,Right ACC – Right DHC,0.07053807930373479,0.045576998096299726,1.5476683908557283,4,0.19661470063558653,0.6779817263296087,0,5,4,d7df0f7a3cd6,2
theta,state,cue1,coherence,minus_fp,Right ACC – Right OFC,0.07941943074297854,0.037386836536239705,2.1242618552654466,7,0.07127155153360504,0.42803065543590485,0,8,4,d7df0f7a3cd6,2
theta,state,cue1,coherence,minus_fp,Right ACC – Right PER,0.16328951678448808,,,1,,,0,2,2,d7df0f7a3cd6,2
theta,state,cue1,coherence,minus_fp,Right ACC – Right RSC,0.12315991054488654,0.028305308892365953,4.351124059914542,5,0.007351415586809918,0.33693017739430076,2,6,6,d7df0f7a3cd6,2
theta,state,cue1,coherence,minus_fp,Right DHC – Left ACC,-0.0018563218033115776,0.058340807575337446,-0.03181858257471748,4,0.9761410951440279,0.9835876400904818,0,5,3,d7df0f7a3cd6,2
theta,state,cue1,coherence,minus_fp,Right DHC – Left DHC,0.03351819349199141,0.07689811398414911,0.4358779657313892,4,0.685416878763147,0.9404529660938861,0,5,2,d7df0f7a3cd6,2
theta,state,cue1,coherence,minus_fp,Right DHC – Left OFC,0.030566360615248013,0.03792759166480043,0.8059135651266733,4,0.46547462496510167,0.874437141003275,0,5,3,d7df0f7a3cd6,2
theta,state,cue1,coherence,minus_fp,Right DHC – Left PER,-0.02371754329004326,,,,,,0,1,1,d7df0f7a3cd6,2
theta,state,cue1,coherence,minus_fp,Right DHC – Left RSC,-0.012173455922426479,,,3,,,0,4,2,d7df0f7a3cd6,2
theta,state,cue1,coherence,minus_fp,Right DHC – Right PER,0.09703554532967032,,,,,,0,1,1,d7df0f7a3cd6,2
theta,state,cue1,coherence,minus_fp,Right DHC – Right RSC,0.12393398840718421,,,2,,,0,3,2,d7df0f7a3cd6,2
theta,state,cue1,coherence,minus_fp,Right OFC – Left ACC,0.015351411825420519,0.027756824541575263,0.5530680140455754,7,0.5974283226684909,0.901454626469582,0,8,4,d7df0f7a3cd6,2
theta,state,cue1,coherence,minus_fp,Right OFC – Left DHC,-0.009320463602764553,0.02132575438955467,-0.4370519997796517,5,0.6803047682894432,0.9404529660938861,0,6,3,d7df0f7a3cd6,2
theta,state,cue1,coherence,minus_fp,Right OFC – Left OFC,0.024764948623380106,0.04385196182626433,0.5647398107636679,7,0.5898812952582222,0.8982963887181048,0,8,3,d7df0f7a3cd6,2
theta,state,cue1,coherence,minus_fp,Right OFC – Left PER,-0.004004237354515162,,,1,,,0,2,2,d7df0f7a3cd6,2
theta,state,cue1,coherence,minus_fp,Right OFC – Left RSC,0.008260783083087456,0.012664689539673275,0.6522688974893394,6,0.5383983850466985,0.8824261836284907,0,7,3,d7df0f7a3cd6,2
theta,state,cue1,coherence,minus_fp,Right OFC – Right DHC,-0.008719245296238473,0.027439382149304425,-0.31776390768549073,4,0.7665611007975939,0.9654819621696838,0,5,2,d7df0f7a3cd6,2
theta,state,cue1,coherence,minus_fp,Right OFC – Right PER,-0.025578222655746875,,,1,,,0,2,1,d7df0f7a3cd6,2
theta,state,cue1,coherence,minus_fp,Right OFC – Right RSC,-0.005660991896090064,0.013435007915386939,-0.42136126243785865,5,0.6909919619151358,0.9422617662479124,0,6,2,d7df0f7a3cd6,2
theta,state,cue1,coherence,minus_fp,Right PER – Left ACC,0.03154549885768494,,,1,,,0,2,1,d7df0f7a3cd6,2
theta,state,cue1,coherence,minus_fp,Right PER – Left DHC,0.07805973076923074,,,,,,0,1,1,d7df0f7a3cd6,2
theta,state,cue1,coherence,minus_fp,Right PER – Left OFC,0.05510993703462244,,,1,,,0,2,2,d7df0f7a3cd6,2
theta,state,cue1,coherence,minus_fp,Right PER – Left RSC,-0.06925265280097094,,,1,,,0,2,2,d7df0f7a3cd6,2
theta,state,cue1,coherence,minus_fp,Right RSC – Left ACC,0.004631883827904101,0.02560819901395477,0.18087503246050343,5,0.8635687789000729,0.9654819621696838,0,6,3,d7df0f7a3cd6,2
theta,state,cue1,coherence,minus_fp,Right RSC – Left DHC,0.1670852698667691,,,3,,,0,4,4,d7df0f7a3cd6,2
theta,state,cue1,coherence,minus_fp,Right RSC – Left OFC,0.032811734808814684,0.02865188378904644,1.1451859518346417,5,0.30397123395525105,0.7755802069890785,0,6,4,d7df0f7a3cd6,2
theta,state,cue1,coherence,minus_fp,Right RSC – Left PER,0.0356977078569973,,,1,,,0,2,1,d7df0f7a3cd6,2
theta,state,cue1,coherence,minus_fp,Right RSC – Left RSC,0.05718752786625156,0.1269448414171566,0.450491152124301,5,0.6712181620811339,0.9404529660938861,0,6,3,d7df0f7a3cd6,2
theta,state,cue1,coherence,minus_fp,Right RSC – Right PER,0.04890495515717641,,,1,,,0,2,2,d7df0f7a3cd6,2
theta,state,cue1,raw_cc,minus_fp,Left DHC – Left ACC,-0.09598916959289742,0.14648131976452258,-0.6552997320559762,5,0.5412213926254743,0.8824261836284907,0,6,4,d7df0f7a3cd6,2
theta,state,cue1,raw_cc,minus_fp,Left DHC – Left OFC,-0.03840173752697927,0.06474197233241752,-0.5931505659080887,5,0.5788911627221237,0.8982963887181048,0,6,3,d7df0f7a3cd6,2
theta,state,cue1,raw_cc,minus_fp,Left OFC – Left ACC,0.03506060150142924,0.0742898315207782,0.4719434784506559,7,0.6513245496325816,0.9404529660938861,0,8,5,d7df0f7a3cd6,2
theta,state,cue1,raw_cc,minus_fp,Left PER – Left ACC,0.009876327877996123,,,1,,,0,2,1,d7df0f7a3cd6,2
theta,state,cue1,raw_cc,minus_fp,Left PER – Left DHC,0.2707717484438825,,,1,,,0,2,2,d7df0f7a3cd6,2
theta,state,cue1,raw_cc,minus_fp,Left PER – Left OFC,-0.013849469915670447,,,1,,,0,2,1,d7df0f7a3cd6,2
theta,state,cue1,raw_cc,minus_fp,Left PER – Left RSC,0.4410838572104423,,,1,,,0,2,2,d7df0f7a3cd6,2
theta,state,cue1,raw_cc,minus_fp,Left RSC – Left ACC,-0.16207828816612507,0.06633912765400012,-2.4431778634694195,6,0.05025424494620504,0.4093364325684097,0,7,5,d7df0f7a3cd6,2
theta,state,cue1,raw_cc,minus_fp,Left RSC – Left DHC,0.21416664598382892,0.2698571028924846,0.7936298273725867,4,0.4718327957583757,0.874437141003275,0,5,3,d7df0f7a3cd6,2
theta,state,cue1,raw_cc,minus_fp,Left RSC – Left OFC,0.025389102780432944,0.07140753136883957,0.3555521706707831,6,0.7343419643004371,0.9620200405682582,0,7,2,d7df0f7a3cd6,2
theta,state,cue1,raw_cc,minus_fp,Right ACC – Left ACC,0.20079462328628156,0.08056890535280731,2.4922098966966435,7,0.04146223026736597,0.3963856930448665,0,8,6,d7df0f7a3cd6,2
theta,state,cue1,raw_cc,minus_fp,Right ACC – Left DHC,-0.023540307081211444,0.11248614157918174,-0.2092729535454894,5,0.8424943571864155,0.9654819621696838,0,6,4,d7df0f7a3cd6,2
theta,state,cue1,raw_cc,minus_fp,Right ACC – Left OFC,0.21559138256069565,0.0812161101843058,2.6545396236220697,7,0.03272536936398265,0.3963856930448665,0,8,8,d7df0f7a3cd6,2
theta,state,cue1,raw_cc,minus_fp,Right ACC – Left PER,0.4098384779279978,,,1,,,0,2,2,d7df0f7a3cd6,2
theta,state,cue1,raw_cc,minus_fp,Right ACC – Left RSC,-0.00986494820963853,0.10997812056713646,-0.08969918888199625,6,0.9314455877964725,0.9736365029231419,0,7,3,d7df0f7a3cd6,2
theta,state,cue1,raw_cc,minus_fp,Right ACC – Right DHC,-0.02215669477009143,0.09345676860367337,-0.2370796155391633,4,0.8242421292555911,0.9654819621696838,0,5,3,d7df0f7a3cd6,2
theta,state,cue1,raw_cc,minus_fp,Right ACC – Right OFC,0.228305603539252,0.062042853443453026,3.6798050197245336,7,0.007861704139200352,0.33693017739430076,2,8,7,d7df0f7a3cd6,2
theta,state,cue1,raw_cc,minus_fp,Right ACC – Right PER,0.4242775251522333,,,1,,,0,2,2,d7df0f7a3cd6,2
theta,state,cue1,raw_cc,minus_fp,Right ACC – Right RSC,0.353833008537573,0.07768354934060837,4.554799716812244,5,0.006085748208891112,0.33693017739430076,2,6,6,d7df0f7a3cd6,2
theta,state,cue1,raw_cc,minus_fp,Right DHC – Left ACC,-0.1818184725595432,0.11587349390044573,-1.569111851548681,4,0.19170303078780163,0.6687315027481452,0,5,4,d7df0f7a3cd6,2
theta,state,cue1,raw_cc,minus_fp,Right DHC – Left DHC,0.07281798274384768,0.22390985700420415,0.32521115290820113,4,0.7613207740929464,0.9654819621696838,0,5,2,d7df0f7a3cd6,2
theta,state,cue1,raw_cc,minus_fp,Right DHC – Left OFC,0.02625393572645215,0.10484054182887975,0.2504177798823637,4,0.8146006085766427,0.9654819621696838,0,5,3,d7df0f7a3cd6,2
theta,state,cue1,raw_cc,minus_fp,Right DHC – Left PER,0.012602493506493504,,,,,,0,1,1,d7df0f7a3cd6,2
theta,state,cue1,raw_cc,minus_fp,Right DHC – Left RSC,-0.18835158468490307,,,3,,,0,4,2,d7df0f7a3cd6,2
theta,state,cue1,raw_cc,minus_fp,Right DHC – Right PER,-0.13616452747252747,,,,,,0,1,1,d7df0f7a3cd6,2
theta,state,cue1,raw_cc,minus_fp,Right DHC – Right RSC,0.20806042486461096,,,2,,,0,3,2,d7df0f7a3cd6,2
theta,state,cue1,raw_cc,minus_fp,Right OFC – Left ACC,-0.048034524702553344,0.07359880875222569,-0.6526535621556612,7,0.5348177713361773,0.8815677549497427,0,8,4,d7df0f7a3cd6,2
theta,state,cue1,raw_cc,minus_fp,Right OFC – Left DHC,-0.09789496687340095,0.05242068592308562,-1.8674873315667324,5,0.12080287683174469,0.5526879868450707,0,6,4,d7df0f7a3cd6,2
theta,state,cue1,raw_cc,minus_fp,Right OFC – Left OFC,0.09045783509563014,0.09390889025986156,0.9632510281541846,7,0.3675089443978956,0.7898543650514612,0,8,4,d7df0f7a3cd6,2
theta,state,cue1,raw_cc,minus_fp,Right OFC – Left PER,-0.21484934510833312,,,1,,,0,2,2,d7df0f7a3cd6,2
theta,state,cue1,raw_cc,minus_fp,Right OFC – Left RSC,-0.03218184575299885,0.06926935424624156,-0.4645899489491052,6,0.658605763657081,0.9404529660938861,0,7,4,d7df0f7a3cd6,2
theta,state,cue1,raw_cc,minus_fp,Right OFC – Right DHC,-0.13881087609529902,0.04956175804543164,-2.80076578332947,4,0.048773466659924054,0.4093364325684097,0,5,4,d7df0f7a3cd6,2
theta,state,cue1,raw_cc,minus_fp,Right OFC – Right PER,0.0382018489989439,,,1,,,0,2,1,d7df0f7a3cd6,2
theta,state,cue1,raw_cc,minus_fp,Right OFC – Right RSC,-0.036886859994280166,0.06316436171135464,-0.5839821537791184,5,0.5845846755290647,0.8982963887181048,0,6,3,d7df0f7a3cd6,2
theta,state,cue1,raw_cc,minus_fp,Right PER – Left ACC,-0.1465123838553416,,,1,,,0,2,1,d7df0f7a3cd6,2
theta,state,cue1,raw_cc,minus_fp,Right PER – Left DHC,0.04261521153846153,,,,,,0,1,1,d7df0f7a3cd6,2
theta,state,cue1,raw_cc,minus_fp,Right PER – Left OFC,0.07294248253152348,,,1,,,0,2,1,d7df0f7a3cd6,2
theta,state,cue1,raw_cc,minus_fp,Right PER – Left RSC,-0.13510415302945583,,,1,,,0,2,2,d7df0f7a3cd6,2
theta,state,cue1,raw_cc,minus_fp,Right RSC – Left ACC,0.02965164659854563,0.06641443225923094,0.4464639023459295,5,0.6739345297183672,0.9404529660938861,0,6,3,d7df0f7a3cd6,2
theta,state,cue1,raw_cc,minus_fp,Right RSC – Left DHC,0.23549398064166607,,,3,,,0,4,3,d7df0f7a3cd6,2
theta,state,cue1,raw_cc,minus_fp,Right RSC – Left OFC,0.15636605526928232,0.0706792287937095,2.2123339195687293,5,0.07787546469475669,0.42803065543590485,0,6,4,d7df0f7a3cd6,2
theta,state,cue1,raw_cc,minus_fp,Right RSC – Left PER,0.273288439004949,,,1,,,0,2,2,d7df0f7a3cd6,2
theta,state,cue1,raw_cc,minus_fp,Right RSC – Left RSC,0.032922841877769955,0.21086063848682182,0.15613555054196393,5,0.8820344009175627,0.9657310958951416,0,6,3,d7df0f7a3cd6,2
theta,state,cue1,raw_cc,minus_fp,Right RSC – Right PER,0.03423662169161042,,,1,,,0,2,1,d7df0f7a3cd6,2
theta,state,cue1,amp_cc,minus_fp,Left DHC – Left ACC,-0.04816587546168007,0.11883892262028337,-0.40530387182641076,5,0.7020139667168734,0.9483743245070186,0,6,2,d7df0f7a3cd6,2
theta,state,cue1,amp_cc,minus_fp,Left DHC – Left OFC,-0.05175806536054135,0.07512017269501046,-0.6890035459673426,5,0.5214822423924415,0.8782077182776522,0,6,3,d7df0f7a3cd6,2
theta,state,cue1,amp_cc,minus_fp,Left OFC – Left ACC,0.028139720199852582,0.05867423779459157,0.4795924285947252,7,0.6461389729548288,0.9404529660938861,0,8,3,d7df0f7a3cd6,2
theta,state,cue1,amp_cc,minus_fp,Left PER – Left ACC,0.07777713878079498,,,1,,,0,2,2,d7df0f7a3cd6,2
theta,state,cue1,amp_cc,minus_fp,Left PER – Left DHC,0.2677495177076836,,,1,,,0,2,2,d7df0f7a3cd6,2
theta,state,cue1,amp_cc,minus_fp,Left PER – Left OFC,0.13023802483160188,,,1,,,0,2,2,d7df0f7a3cd6,2
theta,state,cue1,amp_cc,minus_fp,Left PER – Left RSC,0.027591890567871646,,,1,,,0,2,2,d7df0f7a3cd6,2
theta,state,cue1,amp_cc,minus_fp,Left RSC – Left ACC,0.01649169618481214,0.06677421932376966,0.24697699728765804,6,0.8131595330453025,0.9654819621696838,0,7,3,d7df0f7a3cd6,2
theta,state,cue1,amp_cc,minus_fp,Left RSC – Left DHC,0.2576760969788502,0.15119857696200042,1.7042230301123134,4,0.1635436881032359,0.6630149517698753,0,5,3,d7df0f7a3cd6,2
theta,state,cue1,amp_cc,minus_fp,Left RSC – Left OFC,-0.0657275993685969,0.08042909327372734,-0.8172117413397127,6,0.44503707378047064,0.874437141003275,0,7,4,d7df0f7a3cd6,2
theta,state,cue1,amp_cc,minus_fp,Right ACC – Left ACC,0.26785806590052397,0.09557183242217879,2.802688397950647,7,0.02642198049108792,0.34850477578371175,0,8,6,d7df0f7a3cd6,2
theta,state,cue1,amp_cc,minus_fp,Right ACC – Left DHC,0.027740920855978797,0.10618476136376755,0.26125143099341724,5,0.8043182858971901,0.9654819621696838,0,6,4,d7df0f7a3cd6,2
theta,state,cue1,amp_cc,minus_fp,Right ACC – Left OFC,0.17763464168010912,0.08031831072324284,2.2116331890021246,7,0.06264605362438602,0.42803065543590485,0,8,6,d7df0f7a3cd6,2
theta,state,cue1,amp_cc,minus_fp,Right ACC – Left PER,0.4025087558762056,,,1,,,0,2,2,d7df0f7a3cd6,2
theta,state,cue1,amp_cc,minus_fp,Right ACC – Left RSC,-0.02161358679985733,0.09446163428536623,-0.22880809720656775,6,0.8266174549746647,0.9654819621696838,0,7,4,d7df0f7a3cd6,2
theta,state,cue1,amp_cc,minus_fp,Right ACC – Right DHC,-0.017631328234767495,0.035059237814965456,-0.502901070691313,4,0.641461751494612,0.938724514382359,0,5,3,d7df0f7a3cd6,2
theta,state,cue1,amp_cc,minus_fp,Right ACC – Right OFC,0.11068902625588542,0.05233087668707025,2.1151762260316596,7,0.0722341963753867,0.42803065543590485,0,8,5,d7df0f7a3cd6,2
theta,state,cue1,amp_cc,minus_fp,Right ACC – Right PER,0.2003017406933776,,,1,,,0,2,2,d7df0f7a3cd6,2
theta,state,cue1,amp_cc,minus_fp,Right ACC – Right RSC,0.22870175837013076,0.05725901732871895,3.9941614271368686,5,0.010383446098294969,0.34850477578371175,0,6,6,d7df0f7a3cd6,2
theta,state,cue1,amp_cc,minus_fp,Right DHC – Left ACC,-0.10569010037385747,0.07963296534430997,-1.3272154304047823,4,0.25512450147987326,0.7276333480667728,0,5,4,d7df0f7a3cd6,2
theta,state,cue1,amp_cc,minus_fp,Right DHC – Left DHC,-0.12317345275506753,0.09430220791697261,-1.306156615797525,4,0.2615450590069276,0.7276333480667728,0,5,5,d7df0f7a3cd6,2
theta,state,cue1,amp_cc,minus_fp,Right DHC – Left OFC,-0.11049119165014015,0.06694117418421282,-1.6505714606392135,4,0.17417078254024937,0.6687315027481452,0,5,5,d7df0f7a3cd6,2
theta,state,cue1,amp_cc,minus_fp,Right DHC – Left PER,-0.11537228300865801,,,,,,0,1,1,d7df0f7a3cd6,2
theta,state,cue1,amp_cc,minus_fp,Right DHC – Left RSC,-0.021499791834187456,,,3,,,0,4,2,d7df0f7a3cd6,2
theta,state,cue1,amp_cc,minus_fp,Right DHC – Right PER,0.0782703917582418,,,,,,0,1,1,d7df0f7a3cd6,2
theta,state,cue1,amp_cc,minus_fp,Right DHC – Right RSC,0.1265940530651138,,,2,,,0,3,2,d7df0f7a3cd6,2
theta,state,cue1,amp_cc,minus_fp,Right OFC – Left ACC,0.04242172926761095,0.044927723164957765,0.9442216582365917,7,0.37649724734119655,0.7898543650514612,0,8,4,d7df0f7a3cd6,2
theta,state,cue1,amp_cc,minus_fp,Right OFC – Left DHC,-0.051695227545333934,0.07684617539234812,-0.6727104801429251,5,0.5309630719139283,0.8800492904650745,0,6,3,d7df0f7a3cd6,2
theta,state,cue1,amp_cc,minus_fp,Right OFC – Left OFC,0.03039774587679352,0.07181475834773145,0.4232799298663065,7,0.6847923152397476,0.9404529660938861,0,8,3,d7df0f7a3cd6,2
theta,state,cue1,amp_cc,minus_fp,Right OFC – Left PER,-0.007416162781432879,,,1,,,0,2,1,d7df0f7a3cd6,2
theta,state,cue1,amp_cc,minus_fp,Right OFC – Left RSC,-0.062472191381042666,0.059687556618978725,-1.04665352243919,6,0.3355803005464771,0.7898543650514612,0,7,5,d7df0f7a3cd6,2
theta,state,cue1,amp_cc,minus_fp,Right OFC – Right DHC,-0.13367923785091157,0.09089679795635408,-1.4706704840703007,4,0.21533612543973019,0.6966952881536967,0,5,4,d7df0f7a3cd6,2
theta,state,cue1,amp_cc,minus_fp,Right OFC – Right PER,-0.07311380626060941,,,1,,,0,2,1,d7df0f7a3cd6,2
theta,state,cue1,amp_cc,minus_fp,Right OFC – Right RSC,0.00802472871961854,0.04769104316797835,0.16826490230783336,5,0.8729695454713904,0.9656127336829688,0,6,4,d7df0f7a3cd6,2
theta,state,cue1,amp_cc,minus_fp,Right PER – Left ACC,0.06063418907175183,,,1,,,0,2,1,d7df0f7a3cd6,2
theta,state,cue1,amp_cc,minus_fp,Right PER – Left DHC,-0.027959913461538463,,,,,,0,1,1,d7df0f7a3cd6,2
theta,state,cue1,amp_cc,minus_fp,Right PER – Left OFC,-0.014071475867891035,,,1,,,0,2,1,d7df0f7a3cd6,2
theta,state,cue1,amp_cc,minus_fp,Right PER – Left RSC,-0.07198331340562128,,,1,,,0,2,2,d7df0f7a3cd6,2
theta,state,cue1,amp_cc,minus_fp,Right RSC – Left ACC,0.0389481605253697,0.09651323331883177,0.40355254078686115,5,0.7032212073120107,0.9483743245070186,0,6,2,d7df0f7a3cd6,2
theta,state,cue1,amp_cc,minus_fp,Right RSC – Left DHC,0.07804905189825254,,,3,,,0,4,2,d7df0f7a3cd6,2
theta,state,cue1,amp_cc,minus_fp,Right RSC – Left OFC,0.025134433199633592,0.06556277574267982,0.3833643849717557,5,0.7172082569434391,0.9501971083653773,0,6,4,d7df0f7a3cd6,2
theta,state,cue1,amp_cc,minus_fp,Right RSC – Left PER,0.12857794919547583,,,1,,,0,2,2,d7df0f7a3cd6,2
theta,state,cue1,amp_cc,minus_fp,Right RSC – Left RSC,0.11361677724355922,0.09699852464985975,1.1713247975027163,5,0.2942441878619445,0.7683710454691095,0,6,4,d7df0f7a3cd6,2
theta,state,cue1,amp_cc,minus_fp,Right RSC – Right PER,0.06130913059006341,,,1,,,0,2,1,d7df0f7a3cd6,2
theta,state,cue2,coherence,minus_fp,Left DHC – Left ACC,-0.001390339858758022,0.04347013097798203,-0.031983797321941364,5,0.9757224399486378,0.9835876400904818,0,6,2,d7df0f7a3cd6,2
theta,state,cue2,coherence,minus_fp,Left DHC – Left OFC,-0.005248827451721642,0.02490031929192636,-0.21079358020214278,5,0.8413699030505902,0.9654819621696838,0,6,2,d7df0f7a3cd6,2
theta,state,cue2,coherence,minus_fp,Left OFC – Left ACC,0.025516863914216575,0.060350312212552645,0.4228124591028903,7,0.6851176868094301,0.9404529660938861,0,8,3,d7df0f7a3cd6,2
theta,state,cue2,coherence,minus_fp,Left PER – Left ACC,0.07234383045629793,,,1,,,0,2,1,d7df0f7a3cd6,2
theta,state,cue2,coherence,minus_fp,Left PER – Left DHC,0.1280192785650924,,,1,,,0,2,2,d7df0f7a3cd6,2
theta,state,cue2,coherence,minus_fp,Left PER – Left OFC,-0.00300641394679403,,,1,,,0,2,1,d7df0f7a3cd6,2
theta,state,cue2,coherence,minus_fp,Left PER – Left RSC,0.24143497667879119,,,1,,,0,2,2,d7df0f7a3cd6,2
theta,state,cue2,coherence,minus_fp,Left RSC – Left ACC,0.012459358843121,0.03731925114934336,0.3338587581315984,6,0.7498457417679915,0.9654666203021349,0,7,4,d7df0f7a3cd6,2
theta,state,cue2,coherence,minus_fp,Left RSC – Left DHC,0.19153487643122694,0.18785931227274938,1.0195655148206924,4,0.3655829567434854,0.7898543650514612,0,5,3,d7df0f7a3cd6,2
theta,state,cue2,coherence,minus_fp,Left RSC – Left OFC,0.008601161033647255,0.007139046259600975,1.2048053368585403,6,0.27363935648726045,0.740412055892463,0,7,5,d7df0f7a3cd6,2
theta,state,cue2,coherence,minus_fp,Right ACC – Left ACC,0.15872536360755982,0.04662542035745292,3.4042666509104853,7,0.011376220105012696,0.34850477578371175,0,8,7,d7df0f7a3cd6,2
theta,state,cue2,coherence,minus_fp,Right ACC – Left DHC,0.030506608121416413,0.037000799564922957,0.8244851051904541,5,0.4471970755828729,0.874437141003275,0,6,4,d7df0f7a3cd6,2
theta,state,cue2,coherence,minus_fp,Right ACC – Left OFC,0.0845802250542774,0.028688161357224424,2.948262316329237,7,0.021459781962370365,0.34850477578371175,0,8,7,d7df0f7a3cd6,2
theta,state,cue2,coherence,minus_fp,Right ACC – Left PER,0.12679779683034137,,,1,,,0,2,2,d7df0f7a3cd6,2
theta,state,cue2,coherence,minus_fp,Right ACC – Left RSC,-0.0019823928335103826,0.03915513489978569,-0.0506291917671629,6,0.9612644033260472,0.9796092855666679,0,7,3,d7df0f7a3cd6,2
theta,state,cue2,coherence,minus_fp,Right ACC – Right DHC,0.03939869882772849,0.04134743199507488,0.9528693059443568,4,0.3946150279965036,0.8106390970483572,0,5,4,d7df0f7a3cd6,2
theta,state,cue2,coherence,minus_fp,Right ACC – Right OFC,0.07762261521545881,0.02429146250504213,3.195468992422619,7,0.015160955239987749,0.34850477578371175,0,8,7,d7df0f7a3cd6,2
theta,state,cue2,coherence,minus_fp,Right ACC – Right PER,0.05110809333694242,,,1,,,0,2,2,d7df0f7a3cd6,2
theta,state,cue2,coherence,minus_fp,Right ACC – Right RSC,0.10092489822034523,0.03744795854483393,2.6950707633238435,5,0.043036882244325544,0.3963856930448665,0,6,6,d7df0f7a3cd6,2
theta,state,cue2,coherence,minus_fp,Right DHC – Left ACC,-0.0022951349945972816,0.04685748578128067,-0.04898118104992685,4,0.9632824641405568,0.9796092855666679,0,5,2,d7df0f7a3cd6,2
theta,state,cue2,coherence,minus_fp,Right DHC – Left DHC,0.07007285081954744,0.067951642950518,1.0312164324058226,4,0.36070725248072366,0.7898543650514612,0,5,3,d7df0f7a3cd6,2
theta,state,cue2,coherence,minus_fp,Right DHC – Left OFC,0.047467343565852596,0.03177862250772774,1.4936878889042393,4,0.20955715200624117,0.6966952881536967,0,5,4,d7df0f7a3cd6,2
theta,state,cue2,coherence,minus_fp,Right DHC – Left PER,-0.06223845833333332,,,,,,0,1,1,d7df0f7a3cd6,2
theta,state,cue2,coherence,minus_fp,Right DHC – Left RSC,-0.020071063266043094,,,3,,,0,4,2,d7df0f7a3cd6,2
theta,state,cue2,coherence,minus_fp,Right DHC – Right PER,0.13211105357142858,,,,,,0,1,1,d7df0f7a3cd6,2
theta,state,cue2,coherence,minus_fp,Right DHC – Right RSC,0.060264013749189486,,,2,,,0,3,2,d7df0f7a3cd6,2
theta,state,cue2,coherence,minus_fp,Right OFC – Left ACC,0.036335667361680216,0.018697836203146675,1.943308678442977,7,0.09308037281677076,0.4732900312717157,0,8,6,d7df0f7a3cd6,2
theta,state,cue2,coherence,minus_fp,Right OFC – Left DHC,-0.0033541949874425197,0.013320125231660781,-0.25181407299909536,5,0.8112076024144048,0.9654819621696838,0,6,4,d7df0f7a3cd6,2
theta,state,cue2,coherence,minus_fp,Right OFC – Left OFC,0.04280651965110746,0.03606352217223079,1.1869755662431893,7,0.2739524606802113,0.740412055892463,0,8,5,d7df0f7a3cd6,2
theta,state,cue2,coherence,minus_fp,Right OFC – Left PER,0.02243802493210892,,,1,,,0,2,1,d7df0f7a3cd6,2
theta,state,cue2,coherence,minus_fp,Right OFC – Left RSC,0.0029684195242211083,0.012858358767756543,0.23085524193528334,6,0.8250977801060986,0.9654819621696838,0,7,3,d7df0f7a3cd6,2
theta,state,cue2,coherence,minus_fp,Right OFC – Right DHC,0.021840670556741146,0.008815575615942916,2.4775092981157605,4,0.06839350889580131,0.42803065543590485,0,5,4,d7df0f7a3cd6,2
theta,state,cue2,coherence,minus_fp,Right OFC – Right PER,0.006603571208168312,,,1,,,0,2,1,d7df0f7a3cd6,2
theta,state,cue2,coherence,minus_fp,Right OFC – Right RSC,0.0328206361306878,0.020573510917812433,1.5952861065765822,5,0.17153368829041626,0.6687315027481452,0,6,4,d7df0f7a3cd6,2
theta,state,cue2,coherence,minus_fp,Right PER – Left ACC,0.01962490356080404,,,1,,,0,2,2,d7df0f7a3cd6,2
theta,state,cue2,coherence,minus_fp,Right PER – Left DHC,0.14065683333333331,,,,,,0,1,1,d7df0f7a3cd6,2
theta,state,cue2,coherence,minus_fp,Right PER – Left OFC,0.044222971481815886,,,1,,,0,2,2,d7df0f7a3cd6,2
theta,state,cue2,coherence,minus_fp,Right PER – Left RSC,-0.032497639818002334,,,1,,,0,2,2,d7df0f7a3cd6,2
theta,state,cue2,coherence,minus_fp,Right RSC – Left ACC,0.028184134332535738,0.03686360228462546,0.7645518230943581,5,0.4790477128599183,0.874437141003275,0,6,4,d7df0f7a3cd6,2
theta,state,cue2,coherence,minus_fp,Right RSC – Left DHC,0.14694780661025686,,,3,,,0,4,4,d7df0f7a3cd6,2
theta,state,cue2,coherence,minus_fp,Right RSC – Left OFC,0.02764238461254829,0.027827130358719636,0.9933609486932433,5,0.36614408844668267,0.7898543650514612,0,6,4,d7df0f7a3cd6,2
theta,state,cue2,coherence,minus_fp,Right RSC – Left PER,0.04127241574809801,,,1,,,0,2,1,d7df0f7a3cd6,2
theta,state,cue2,coherence,minus_fp,Right RSC – Left RSC,0.05999586381628842,0.11388801081773002,0.5267970121306949,5,0.6208604102135875,0.9220699161587933,0,6,4,d7df0f7a3cd6,2
theta,state,cue2,coherence,minus_fp,Right RSC – Right PER,0.0472016039887514,,,1,,,0,2,2,d7df0f7a3cd6,2
theta,state,cue2,raw_cc,minus_fp,Left DHC – Left ACC,-0.0878963858984503,0.14357025240125795,-0.6122186485595407,5,0.5671611479084477,0.8861892936069496,0,6,2,d7df0f7a3cd6,2
theta,state,cue2,raw_cc,minus_fp,Left DHC – Left OFC,-0.08799193570237882,0.03860561149662738,-2.279252478880327,5,0.07160499679194504,0.42803065543590485,0,6,5,d7df0f7a3cd6,2
theta,state,cue2,raw_cc,minus_fp,Left OFC – Left ACC,0.013275128630125022,0.09118090592205559,0.14559110260949848,7,0.8883479056019473,0.965993584717813,0,8,4,d7df0f7a3cd6,2
theta,state,cue2,raw_cc,minus_fp,Left PER – Left ACC,-0.09077524969799833,,,1,,,0,2,2,d7df0f7a3cd6,2
theta,state,cue2,raw_cc,minus_fp,Left PER – Left DHC,0.10952279241935277,,,1,,,0,2,1,d7df0f7a3cd6,2
theta,state,cue2,raw_cc,minus_fp,Left PER – Left OFC,-0.19080590086244215,,,1,,,0,2,2,d7df0f7a3cd6,2
theta,state,cue2,raw_cc,minus_fp,Left PER – Left RSC,0.4398914882625814,,,1,,,0,2,2,d7df0f7a3cd6,2
theta,state,cue2,raw_cc,minus_fp,Left RSC – Left ACC,-0.10797835533332548,0.06383572410139125,-1.6915035719156535,6,0.14169163844692123,0.6072498790582339,0,7,5,d7df0f7a3cd6,2
theta,state,cue2,raw_cc,minus_fp,Left RSC – Left DHC,0.213364507738067,0.2828821276663715,0.7542523435404412,4,0.4926681827534602,0.8745589042960832,0,5,3,d7df0f7a3cd6,2
theta,state,cue2,raw_cc,minus_fp,Left RSC – Left OFC,0.04919847618081226,0.059173521544161896,0.8314272143511834,6,0.4375620671350336,0.874437141003275,0,7,5,d7df0f7a3cd6,2
theta,state,cue2,raw_cc,minus_fp,Right ACC – Left ACC,0.18012880633923442,0.08718205535352637,2.066122502031016,7,0.07766002408504628,0.42803065543590485,0,8,6,d7df0f7a3cd6,2
theta,state,cue2,raw_cc,minus_fp,Right ACC – Left DHC,-0.019439143132603712,0.1210529974098299,-0.16058374058092667,5,0.8787075876515016,0.9656127336829688,0,6,3,d7df0f7a3cd6,2
theta,state,cue2,raw_cc,minus_fp,Right ACC – Left OFC,0.1217607057073868,0.05861894660548925,2.077156154423027,7,0.076405262541101,0.42803065543590485,0,8,7,d7df0f7a3cd6,2
theta,state,cue2,raw_cc,minus_fp,Right ACC – Left PER,0.25135726132207986,,,1,,,0,2,2,d7df0f7a3cd6,2
theta,state,cue2,raw_cc,minus_fp,Right ACC – Left RSC,-0.007128010240217081,0.12320434292890979,-0.057855186519926646,6,0.9557426500401042,0.9796092855666679,0,7,3,d7df0f7a3cd6,2
theta,state,cue2,raw_cc,minus_fp,Right ACC – Right DHC,0.018790961978122925,0.09833008266462952,0.19110084593554658,4,0.857754468567369,0.9654819621696838,0,5,3,d7df0f7a3cd6,2
theta,state,cue2,raw_cc,minus_fp,Right ACC – Right OFC,0.20602553502914386,0.05327944264478449,3.8668860784209356,7,0.0061564168441895755,0.33693017739430076,2,8,6,d7df0f7a3cd6,2
theta,state,cue2,raw_cc,minus_fp,Right ACC – Right PER,0.09966062990645447,,,1,,,0,2,1,d7df0f7a3cd6,2
theta,state,cue2,raw_cc,minus_fp,Right ACC – Right RSC,0.22557065312041108,0.10054223908694768,2.243541174026773,5,0.0748811431529077,0.42803065543590485,0,6,4,d7df0f7a3cd6,2
theta,state,cue2,raw_cc,minus_fp,Right DHC – Left ACC,-0.14232827047594707,0.07340838500891946,-1.9388557650281166,4,0.12454099708672108,0.557646255612184,0,5,4,d7df0f7a3cd6,2
theta,state,cue2,raw_cc,minus_fp,Right DHC – Left DHC,0.09157188241683155,0.193483982387556,0.4732788796615188,4,0.6606862618770752,0.9404529660938861,0,5,2,d7df0f7a3cd6,2
theta,state,cue2,raw_cc,minus_fp,Right DHC – Left OFC,0.15587223808672454,0.09855980016215606,1.5814991287550795,4,0.18892339915763023,0.6687315027481452,0,5,3,d7df0f7a3cd6,2
theta,state,cue2,raw_cc,minus_fp,Right DHC – Left PER,-0.1760338125,,,,,,0,1,1,d7df0f7a3cd6,2
theta,state,cue2,raw_cc,minus_fp,Right DHC – Left RSC,-0.17716225237070107,,,3,,,0,4,2,d7df0f7a3cd6,2
theta,state,cue2,raw_cc,minus_fp,Right DHC – Right PER,-0.003780583333333349,,,,,,0,1,1,d7df0f7a3cd6,2
theta,state,cue2,raw_cc,minus_fp,Right DHC – Right RSC,0.18115695750012545,,,2,,,0,3,2,d7df0f7a3cd6,2
theta,state,cue2,raw_cc,minus_fp,Right OFC – Left ACC,-0.04296789988072191,0.04765569207396247,-0.9016320613712834,7,0.397213157553695,0.8106390970483572,0,8,4,d7df0f7a3cd6,2
theta,state,cue2,raw_cc,minus_fp,Right OFC – Left DHC,-0.0671922027135456,0.09010344797549859,-0.7457228799037399,5,0.4893867146441259,0.874437141003275,0,6,3,d7df0f7a3cd6,2
theta,state,cue2,raw_cc,minus_fp,Right OFC – Left OFC,0.1427027192479628,0.0696687116461056,2.0483042656629884,7,0.07972969490263677,0.42803065543590485,0,8,6,d7df0f7a3cd6,2
theta,state,cue2,raw_cc,minus_fp,Right OFC – Left PER,-0.08115738990646201,,,1,,,0,2,2,d7df0f7a3cd6,2
theta,state,cue2,raw_cc,minus_fp,Right OFC – Left RSC,0.05915446649166835,0.05883849727212262,1.005370110288242,6,0.35352751800200183,0.7898543650514612,0,7,3,d7df0f7a3cd6,2
theta,state,cue2,raw_cc,minus_fp,Right OFC – Right DHC,-0.03064458151389097,0.04394509009805002,-0.697338006260016,4,0.5239972719056658,0.8782077182776522,0,5,3,d7df0f7a3cd6,2
theta,state,cue2,raw_cc,minus_fp,Right OFC – Right PER,0.1434703035639959,,,1,,,0,2,2,d7df0f7a3cd6,2
theta,state,cue2,raw_cc,minus_fp,Right OFC – Right RSC,0.008781616186939022,0.06354233524976528,0.13820103010726947,5,0.895474899936305,0.965993584717813,0,6,4,d7df0f7a3cd6,2
theta,state,cue2,raw_cc,minus_fp,Right PER – Left ACC,-0.12414831392192971,,,1,,,0,2,1,d7df0f7a3cd6,2
theta,state,cue2,raw_cc,minus_fp,Right PER – Left DHC,0.15748579761904757,,,,,,0,1,1,d7df0f7a3cd6,2
theta,state,cue2,raw_cc,minus_fp,Right PER – Left OFC,-0.05591852736323756,,,1,,,0,2,2,d7df0f7a3cd6,2
theta,state,cue2,raw_cc,minus_fp,Right PER – Left RSC,-0.03330912726921708,,,1,,,0,2,1,d7df0f7a3cd6,2
theta,state,cue2,raw_cc,minus_fp,Right RSC – Left ACC,0.031863186753096885,0.09362732244686285,0.3403193204759271,5,0.747447984707957,0.9654666203021349,0,6,3,d7df0f7a3cd6,2
theta,state,cue2,raw_cc,minus_fp,Right RSC – Left DHC,0.1813265129183286,,,3,,,0,4,3,d7df0f7a3cd6,2
theta,state,cue2,raw_cc,minus_fp,Right RSC – Left OFC,0.10165066893275407,0.05553259675417641,1.8304684973174656,5,0.12669128968468052,0.5589321603735905,0,6,4,d7df0f7a3cd6,2
theta,state,cue2,raw_cc,minus_fp,Right RSC – Left PER,0.3244721352116368,,,1,,,0,2,2,d7df0f7a3cd6,2
theta,state,cue2,raw_cc,minus_fp,Right RSC – Left RSC,0.03808613624367731,0.18021895714603237,0.21133257481240394,5,0.8409714367445226,0.9654819621696838,0,6,3,d7df0f7a3cd6,2
theta,state,cue2,raw_cc,minus_fp,Right RSC – Right PER,-0.32108357918628144,,,1,,,0,2,2,d7df0f7a3cd6,2
theta,state,cue2,amp_cc,minus_fp,Left DHC – Left ACC,0.006806061372899685,0.08384314346447683,0.08117612355246817,5,0.9384510955915694,0.974170687465297,0,6,3,d7df0f7a3cd6,2
theta,state,cue2,amp_cc,minus_fp,Left DHC – Left OFC,-0.05693131455414026,0.042070873842288616,-1.3532239612507,5,0.23394717525141198,0.7089308340951879,0,6,4,d7df0f7a3cd6,2
theta,state,cue2,amp_cc,minus_fp,Left OFC – Left ACC,0.04491974612323175,0.056569572103861016,0.7940619745321683,7,0.45323283115803276,0.874437141003275,0,8,3,d7df0f7a3cd6,2
theta,state,cue2,amp_cc,minus_fp,Left PER – Left ACC,0.17050791877072624,,,1,,,0,2,2,d7df0f7a3cd6,2
theta,state,cue2,amp_cc,minus_fp,Left PER – Left DHC,0.1318483356088962,,,1,,,0,2,2,d7df0f7a3cd6,2
theta,state,cue2,amp_cc,minus_fp,Left PER – Left OFC,0.05363950813625841,,,1,,,0,2,2,d7df0f7a3cd6,2
theta,state,cue2,amp_cc,minus_fp,Left PER – Left RSC,0.05082229077820717,,,1,,,0,2,1,d7df0f7a3cd6,2
theta,state,cue2,amp_cc,minus_fp,Left RSC – Left ACC,0.010609632679688027,0.06652226984121937,0.15948993780596996,6,0.8785163498600086,0.9656127336829688,0,7,3,d7df0f7a3cd6,2
theta,state,cue2,amp_cc,minus_fp,Left RSC – Left DHC,0.2486689868615043,0.230659747189837,1.0780770805963182,4,0.34167442467469855,0.7898543650514612,0,5,4,d7df0f7a3cd6,2
theta,state,cue2,amp_cc,minus_fp,Left RSC – Left OFC,0.0067590127994435695,0.06609789573288573,0.10225760933083311,6,0.9218841003259306,0.967011294048179,0,7,3,d7df0f7a3cd6,2
theta,state,cue2,amp_cc,minus_fp,Right ACC – Left ACC,0.2346525416728445,0.09407388872314269,2.494342955922887,7,0.041332983392859526,0.3963856930448665,0,8,6,d7df0f7a3cd6,2
theta,state,cue2,amp_cc,minus_fp,Right ACC – Left DHC,-0.03715221100341296,0.05312332133858146,-0.6993578350763003,5,0.5155173402116711,0.8782077182776522,0,6,4,d7df0f7a3cd6,2
theta,state,cue2,amp_cc,minus_fp,Right ACC – Left OFC,0.14039095387519984,0.04841810717145891,2.8995547756141176,7,0.02300053130670637,0.34850477578371175,0,8,7,d7df0f7a3cd6,2
theta,state,cue2,amp_cc,minus_fp,Right ACC – Left PER,0.2893851128722883,,,1,,,0,2,2,d7df0f7a3cd6,2
theta,state,cue2,amp_cc,minus_fp,Right ACC – Left RSC,-0.09031751743640998,0.0680593785591833,-1.3270399957864936,6,0.23275916910530428,0.7089308340951879,0,7,5,d7df0f7a3cd6,2
theta,state,cue2,amp_cc,minus_fp,Right ACC – Right DHC,-0.05423810173395074,0.03168541894264749,-1.7117684898572736,4,0.16210467483658267,0.6630149517698753,0,5,4,d7df0f7a3cd6,2
theta,state,cue2,amp_cc,minus_fp,Right ACC – Right OFC,0.10324535572950273,0.0418215250509209,2.468713314586057,7,0.04291381360867227,0.3963856930448665,0,8,6,d7df0f7a3cd6,2
theta,state,cue2,amp_cc,minus_fp,Right ACC – Right PER,-0.013260319862706085,,,1,,,0,2,1,d7df0f7a3cd6,2
theta,state,cue2,amp_cc,minus_fp,Right ACC – Right RSC,0.15959502025613387,0.035607269988876,4.482090884979181,5,0.006506130227121474,0.33693017739430076,2,6,6,d7df0f7a3cd6,2
theta,state,cue2,amp_cc,minus_fp,Right DHC – Left ACC,-0.16641672554312617,0.06071269189226494,-2.7410533177878804,4,0.05184928145866523,0.4093364325684097,0,5,5,d7df0f7a3cd6,2
theta,state,cue2,amp_cc,minus_fp,Right DHC – Left DHC,-0.08271505681796157,0.07037851412551446,-1.1752884789588747,4,0.30506154808237085,0.7755802069890785,0,5,4,d7df0f7a3cd6,2
theta,state,cue2,amp_cc,minus_fp,Right DHC – Left OFC,-0.11801521473125455,0.04502945884944533,-2.620844614762859,4,0.058747300463663964,0.42803065543590485,0,5,5,d7df0f7a3cd6,2
theta,state,cue2,amp_cc,minus_fp,Right DHC – Left PER,-0.28228072916666663,,,,,,0,1,1,d7df0f7a3cd6,2
theta,state,cue2,amp_cc,minus_fp,Right DHC – Left RSC,-0.028847799735757164,,,3,,,0,4,2,d7df0f7a3cd6,2
theta,state,cue2,amp_cc,minus_fp,Right DHC – Right PER,-0.02369759523809525,,,,,,0,1,1,d7df0f7a3cd6,2
theta,state,cue2,amp_cc,minus_fp,Right DHC – Right RSC,0.00884785724402247,,,2,,,0,3,2,d7df0f7a3cd6,2
theta,state,cue2,amp_cc,minus_fp,Right OFC – Left ACC,0.051773411347529434,0.035648048040040146,1.452349124119704,7,0.18970913784389865,0.6687315027481452,0,8,5,d7df0f7a3cd6,2
theta,state,cue2,amp_cc,minus_fp,Right OFC – Left DHC,-0.03144205900170082,0.0669094898958755,-0.4699192752871219,5,0.6581943244657129,0.9404529660938861,0,6,4,d7df0f7a3cd6,2
theta,state,cue2,amp_cc,minus_fp,Right OFC – Left OFC,0.12482485397993995,0.05311133826706489,2.350248704942644,7,0.05106878928149678,0.4093364325684097,0,8,6,d7df0f7a3cd6,2
theta,state,cue2,amp_cc,minus_fp,Right OFC – Left PER,-0.04697086540650521,,,1,,,0,2,2,d7df0f7a3cd6,2
theta,state,cue2,amp_cc,minus_fp,Right OFC – Left RSC,-0.1120118223450692,0.038095097934656,-2.9403211546325867,6,0.025936827969631593,0.34850477578371175,0,7,7,d7df0f7a3cd6,2
theta,state,cue2,amp_cc,minus_fp,Right OFC – Right DHC,-0.07609135357610884,0.03612229571995774,-2.1064927369516,4,0.10289664494476455,0.5060490734988421,0,5,4,d7df0f7a3cd6,2
theta,state,cue2,amp_cc,minus_fp,Right OFC – Right PER,-0.08701367094869705,,,1,,,0,2,2,d7df0f7a3cd6,2
theta,state,cue2,amp_cc,minus_fp,Right OFC – Right RSC,0.022273431212137915,0.05205332638839958,0.42789640465900547,5,0.6865306652485368,0.9404529660938861,0,6,2,d7df0f7a3cd6,2
theta,state,cue2,amp_cc,minus_fp,Right PER – Left ACC,-0.021672258718417308,,,1,,,0,2,1,d7df0f7a3cd6,2
theta,state,cue2,amp_cc,minus_fp,Right PER – Left DHC,0.22117568452380953,,,,,,0,1,1,d7df0f7a3cd6,2
theta,state,cue2,amp_cc,minus_fp,Right PER – Left OFC,-0.026643975735949187,,,1,,,0,2,1,d7df0f7a3cd6,2
theta,state,cue2,amp_cc,minus_fp,Right PER – Left RSC,-0.011873098373963374,,,1,,,0,2,1,d7df0f7a3cd6,2
theta,state,cue2,amp_cc,minus_fp,Right RSC – Left ACC,-0.009628258582176386,0.07019757725340196,-0.1371594143116923,5,0.8962567820458404,0.965993584717813,0,6,4,d7df0f7a3cd6,2
theta,state,cue2,amp_cc,minus_fp,Right RSC – Left DHC,0.08312159762920521,,,3,,,0,4,3,d7df0f7a3cd6,2
theta,state,cue2,amp_cc,minus_fp,Right RSC – Left OFC,-0.02150572655941076,0.07205888026463,-0.29844658257848083,5,0.7773672636274965,0.9654819621696838,0,6,4,d7df0f7a3cd6,2
theta,state,cue2,amp_cc,minus_fp,Right RSC – Left PER,0.27244856567312353,,,1,,,0,2,2,d7df0f7a3cd6,2
theta,state,cue2,amp_cc,minus_fp,Right RSC – Left RSC,0.13798626571015282,0.09807611152157975,1.4069304295347356,5,0.21846125044556988,0.6966952881536967,0,6,5,d7df0f7a3cd6,2
theta,state,cue2,amp_cc,minus_fp,Right RSC – Right PER,-0.0888951671848413,,,1,,,0,2,2,d7df0f7a3cd6,2
theta,state,post,coherence,minus_fp,Left DHC – Left ACC,0.001731636077146723,0.05722519975050044,0.0302600267835951,5,0.9770303891565453,0.9835876400904818,0,6,4,d7df0f7a3cd6,2
theta,state,post,coherence,minus_fp,Left DHC – Left OFC,0.004314585389451444,0.014882542443504527,0.2899091607384961,5,0.7835237328354329,0.9654819621696838,0,6,4,d7df0f7a3cd6,2
theta,state,post,coherence,minus_fp,Left OFC – Left ACC,0.02201555825347458,0.039865829204858254,0.5522413227715242,7,0.5979649022248227,0.901454626469582,0,8,5,d7df0f7a3cd6,2
theta,state,post,coherence,minus_fp,Left PER – Left ACC,0.11063506478099959,,,1,,,0,2,1,d7df0f7a3cd6,2
theta,state,post,coherence,minus_fp,Left PER – Left DHC,0.1759045526618048,,,1,,,0,2,2,d7df0f7a3cd6,2
theta,state,post,coherence,minus_fp,Left PER – Left OFC,0.013285536607485233,,,1,,,0,2,1,d7df0f7a3cd6,2
theta,state,post,coherence,minus_fp,Left PER – Left RSC,0.24837725905484803,,,1,,,0,2,2,d7df0f7a3cd6,2
theta,state,post,coherence,minus_fp,Left RSC – Left ACC,0.015591574227562148,0.04625150837247497,0.33710412430226705,6,0.747517968869858,0.9654666203021349,0,7,4,d7df0f7a3cd6,2
theta,state,post,coherence,minus_fp,Left RSC – Left DHC,0.19028727462105738,0.18122025163922145,1.0500331662704387,4,0.3529540759477625,0.7898543650514612,0,5,3,d7df0f7a3cd6,2
theta,state,post,coherence,minus_fp,Left RSC – Left OFC,0.002580362697154433,0.013079292024488624,0.19728611398255863,6,0.8501172593500692,0.9654819621696838,0,7,3,d7df0f7a3cd6,2
theta,state,post,coherence,minus_fp,Right ACC – Left ACC,0.15485609014809987,0.04752836478251499,3.2581825791126153,7,0.013899236080297557,0.34850477578371175,0,8,7,d7df0f7a3cd6,2
theta,state,post,coherence,minus_fp,Right ACC – Left DHC,0.05340924074813411,0.03390356344306386,1.5753282346803223,5,0.1759997333261237,0.6687315027481452,0,6,5,d7df0f7a3cd6,2
theta,state,post,coherence,minus_fp,Right ACC – Left OFC,0.09453559082578257,0.02411045894171494,3.920937011373969,7,0.005742122295916834,0.33693017739430076,2,8,8,d7df0f7a3cd6,2
theta,state,post,coherence,minus_fp,Right ACC – Left PER,0.12633476585486259,,,1,,,0,2,2,d7df0f7a3cd6,2
theta,state,post,coherence,minus_fp,Right ACC – Left RSC,-0.0034435698543354536,0.041495688727158225,-0.08298620796433957,6,0.9365618481744648,0.974170687465297,0,7,4,d7df0f7a3cd6,2
theta,state,post,coherence,minus_fp,Right ACC – Right DHC,0.060589768407542086,0.049975489295648996,1.2123896986600828,4,0.29207275070031635,0.7683710454691095,0,5,4,d7df0f7a3cd6,2
theta,state,post,coherence,minus_fp,Right ACC – Right OFC,0.06796222600880994,0.026169375753123846,2.5970136486995594,7,0.035579519118413096,0.3963856930448665,0,8,7,d7df0f7a3cd6,2
theta,state,post,coherence,minus_fp,Right ACC – Right PER,0.06904334740493555,,,1,,,0,2,2,d7df0f7a3cd6,2
theta,state,post,coherence,minus_fp,Right ACC – Right RSC,0.13027244210644673,0.038628516022550165,3.372442317752968,5,0.019836825610167374,0.34850477578371175,0,6,6,d7df0f7a3cd6,2
theta,state,post,coherence,minus_fp,Right DHC – Left ACC,0.00986519796537766,0.05132525551582667,0.19220942723481668,4,0.8569418176057872,0.9654819621696838,0,5,3,d7df0f7a3cd6,2
theta,state,post,coherence,minus_fp,Right DHC – Left DHC,0.06181022993980377,0.08274328135719519,0.7470120706595458,4,0.4965741905069381,0.876202360886887,0,5,3,d7df0f7a3cd6,2
theta,state,post,coherence,minus_fp,Right DHC – Left OFC,0.031204240810397563,0.029094921119109374,1.0724978659558144,4,0.34389237160377767,0.7898543650514612,0,5,4,d7df0f7a3cd6,2
theta,state,post,coherence,minus_fp,Right DHC – Left PER,-0.036130166666666644,,,,,,0,1,1,d7df0f7a3cd6,2
theta,state,post,coherence,minus_fp,Right DHC – Left RSC,-0.024199324639447923,,,3,,,0,4,2,d7df0f7a3cd6,2
theta,state,post,coherence,minus_fp,Right DHC – Right PER,0.1604380892857143,,,,,,0,1,1,d7df0f7a3cd6,2
theta,state,post,coherence,minus_fp,Right DHC – Right RSC,0.11331213065989165,,,2,,,0,3,2,d7df0f7a3cd6,2
theta,state,post,coherence,minus_fp,Right OFC – Left ACC,0.05934561348612413,0.033327289921393374,1.7806912481062296,7,0.11817546383208818,0.5526879868450707,0,8,6,d7df0f7a3cd6,2
theta,state,post,coherence,minus_fp,Right OFC – Left DHC,0.004017597268044996,0.010614490830730183,0.37850117656266524,5,0.7205967954337509,0.9501971083653773,0,6,3,d7df0f7a3cd6,2
theta,state,post,coherence,minus_fp,Right OFC – Left OFC,0.047494415895716534,0.04192083934278219,1.1329547938522844,7,0.294542234096492,0.7683710454691095,0,8,5,d7df0f7a3cd6,2
theta,state,post,coherence,minus_fp,Right OFC – Left PER,0.03484476121618637,,,1,,,0,2,1,d7df0f7a3cd6,2
theta,state,post,coherence,minus_fp,Right OFC – Left RSC,0.007779190280628305,0.01457993271442766,0.5335546077610057,6,0.6128268834932358,0.9146669902884116,0,7,4,d7df0f7a3cd6,2
theta,state,post,coherence,minus_fp,Right OFC – Right DHC,0.013136551226544484,0.013169260327045492,0.9975162537842893,4,0.37496862546198595,0.7898543650514612,0,5,4,d7df0f7a3cd6,2
theta,state,post,coherence,minus_fp,Right OFC – Right PER,-0.0025003098657617453,,,1,,,0,2,1,d7df0f7a3cd6,2
theta,state,post,coherence,minus_fp,Right OFC – Right RSC,0.029166005747101768,0.026120571623806748,1.1165914041681753,5,0.314933829393828,0.7898543650514612,0,6,2,d7df0f7a3cd6,2
theta,state,post,coherence,minus_fp,Right PER – Left ACC,0.036150229623037565,,,1,,,0,2,1,d7df0f7a3cd6,2
theta,state,post,coherence,minus_fp,Right PER – Left DHC,0.13269845329670327,,,,,,0,1,1,d7df0f7a3cd6,2
theta,state,post,coherence,minus_fp,Right PER – Left OFC,0.03896209288689387,,,1,,,0,2,1,d7df0f7a3cd6,2
theta,state,post,coherence,minus_fp,Right PER – Left RSC,-0.02354261042001459,,,1,,,0,2,2,d7df0f7a3cd6,2
theta,state,post,coherence,minus_fp,Right RSC – Left ACC,0.04499230475106343,0.04518135548279299,0.995815735723078,5,0.3650597122528409,0.7898543650514612,0,6,3,d7df0f7a3cd6,2
theta,state,post,coherence,minus_fp,Right RSC – Left DHC,0.16205580259943134,,,3,,,0,4,4,d7df0f7a3cd6,2
theta,state,post,coherence,minus_fp,Right RSC – Left OFC,0.008005920605271206,0.01751108894934404,0.45719147612296873,5,0.6667114111046614,0.9404529660938861,0,6,5,d7df0f7a3cd6,2
theta,state,post,coherence,minus_fp,Right RSC – Left PER,0.0914470615200158,,,1,,,0,2,1,d7df0f7a3cd6,2
theta,state,post,coherence,minus_fp,Right RSC – Left RSC,0.09851120520620033,0.14272147878560057,0.6902339160469748,5,0.5207709950417229,0.8782077182776522,0,6,4,d7df0f7a3cd6,2
theta,state,post,coherence,minus_fp,Right RSC – Right PER,0.05483784630085453,,,1,,,0,2,2,d7df0f7a3cd6,2
theta,state,post,raw_cc,minus_fp,Left DHC – Left ACC,-0.021064562662579122,0.11028924211838298,-0.19099381098265872,5,0.8560436784372477,0.9654819621696838,0,6,3,d7df0f7a3cd6,2
theta,state,post,raw_cc,minus_fp,Left DHC – Left OFC,-0.07716106796644628,0.06677938343534533,-1.1554624196426182,5,0.3001137975414731,0.7755802069890785,0,6,4,d7df0f7a3cd6,2
theta,state,post,raw_cc,minus_fp,Left OFC – Left ACC,0.05649354947218081,0.06361125497173381,0.8881061928000664,7,0.4039659589918017,0.8188499168752738,0,8,5,d7df0f7a3cd6,2
theta,state,post,raw_cc,minus_fp,Left PER – Left ACC,0.03361065357165093,,,1,,,0,2,1,d7df0f7a3cd6,2
theta,state,post,raw_cc,minus_fp,Left PER – Left DHC,0.3264058972810722,,,1,,,0,2,1,d7df0f7a3cd6,2
theta,state,post,raw_cc,minus_fp,Left PER – Left OFC,0.06036979775112172,,,1,,,0,2,1,d7df0f7a3cd6,2
theta,state,post,raw_cc,minus_fp,Left PER – Left RSC,0.4405108256004265,,,1,,,0,2,2,d7df0f7a3cd6,2
theta,state,post,raw_cc,minus_fp,Left RSC – Left ACC,-0.11628156735272924,0.06321949859764583,-1.8393307433959833,6,0.11548521653133594,0.5526879868450707,0,7,5,d7df0f7a3cd6,2
theta,state,post,raw_cc,minus_fp,Left RSC – Left DHC,0.23644956127878575,0.28419162848251406,0.8320074822096112,4,0.45219161479696923,0.874437141003275,0,5,3,d7df0f7a3cd6,2
theta,state,post,raw_cc,minus_fp,Left RSC – Left OFC,0.05701454358336361,0.0709069190824529,0.8040758831597974,6,0.452025918925102,0.874437141003275,0,7,5,d7df0f7a3cd6,2
theta,state,post,raw_cc,minus_fp,Right ACC – Left ACC,0.2192120736300516,0.07626355694296379,2.874401384058136,7,0.023841542290940376,0.34850477578371175,0,8,6,d7df0f7a3cd6,2
theta,state,post,raw_cc,minus_fp,Right ACC – Left DHC,0.02268901879777119,0.11814266207692734,0.19204763460465685,5,0.8552609544443943,0.9654819621696838,0,6,4,d7df0f7a3cd6,2
theta,state,post,raw_cc,minus_fp,Right ACC – Left OFC,0.15326034606318398,0.05146890284796066,2.9777270853415243,7,0.020581047700258242,0.34850477578371175,0,8,7,d7df0f7a3cd6,2
theta,state,post,raw_cc,minus_fp,Right ACC – Left PER,0.1498874610369629,,,1,,,0,2,1,d7df0f7a3cd6,2
theta,state,post,raw_cc,minus_fp,Right ACC – Left RSC,0.05107224025491103,0.11597733406137523,0.4403639786019188,6,0.6750948408152135,0.9404529660938861,0,7,4,d7df0f7a3cd6,2
theta,state,post,raw_cc,minus_fp,Right ACC – Right DHC,0.09279722735864636,0.12752449455337617,0.7276815931217473,4,0.5071164375373238,0.8782077182776522,0,5,3,d7df0f7a3cd6,2
theta,state,post,raw_cc,minus_fp,Right ACC – Right OFC,0.20004945447558092,0.07157613412846064,2.7949184027813505,7,0.02671869947675123,0.34850477578371175,0,8,6,d7df0f7a3cd6,2
theta,state,post,raw_cc,minus_fp,Right ACC – Right PER,0.1821334045292529,,,1,,,0,2,2,d7df0f7a3cd6,2
theta,state,post,raw_cc,minus_fp,Right ACC – Right RSC,0.2489516257151148,0.07565832776447085,3.290472219926892,5,0.021702212763943775,0.34850477578371175,0,6,6,d7df0f7a3cd6,2
theta,state,post,raw_cc,minus_fp,Right DHC – Left ACC,-0.08075028915087386,0.12850239195267957,-0.6283952222508806,4,0.5638411419591931,0.8856143590982091,0,5,4,d7df0f7a3cd6,2
theta,state,post,raw_cc,minus_fp,Right DHC – Left DHC,0.10013544593332792,0.2518266416498665,0.39763642669925986,4,0.7112052883563798,0.9501971083653773,0,5,2,d7df0f7a3cd6,2
theta,state,post,raw_cc,minus_fp,Right DHC – Left OFC,0.05004091404088947,0.07011277345715002,0.7137203618321043,4,0.5148331064925192,0.8782077182776522,0,5,2,d7df0f7a3cd6,2
theta,state,post,raw_cc,minus_fp,Right DHC – Left PER,-0.10107735714285715,,,,,,0,1,1,d7df0f7a3cd6,2
theta,state,post,raw_cc,minus_fp,Right DHC – Left RSC,-0.21916708623974016,,,3,,,0,4,2,d7df0f7a3cd6,2
theta,state,post,raw_cc,minus_fp,Right DHC – Right PER,0.03740924175824173,,,,,,0,1,1,d7df0f7a3cd6,2
theta,state,post,raw_cc,minus_fp,Right DHC – Right RSC,0.15973094876952346,,,2,,,0,3,2,d7df0f7a3cd6,2
theta,state,post,raw_cc,minus_fp,Right OFC – Left ACC,-0.021245177199861333,0.03004536340429713,-0.7071033528195841,7,0.5023560202418152,0.876202360886887,0,8,5,d7df0f7a3cd6,2
theta,state,post,raw_cc,minus_fp,Right OFC – Left DHC,-0.1025513956323339,0.04446442622304199,-2.306369481029996,5,0.06922003806237469,0.42803065543590485,0,6,5,d7df0f7a3cd6,2
theta,state,post,raw_cc,minus_fp,Right OFC – Left OFC,0.1315886179624276,0.09711389803903117,1.3549926490391793,7,0.21751873195049665,0.6966952881536967,0,8,6,d7df0f7a3cd6,2
theta,state,post,raw_cc,minus_fp,Right OFC – Left PER,-0.12194317247867585,,,1,,,0,2,2,d7df0f7a3cd6,2
theta,state,post,raw_cc,minus_fp,Right OFC – Left RSC,0.07354894610708584,0.05444757310643647,1.3508213848817316,6,0.22546816524984156,0.7045880164057549,0,7,4,d7df0f7a3cd6,2
theta,state,post,raw_cc,minus_fp,Right OFC – Right DHC,0.007751565943330953,0.0571515047268724,0.13563187846716832,4,0.8986640747975323,0.965993584717813,0,5,2,d7df0f7a3cd6,2
theta,state,post,raw_cc,minus_fp,Right OFC – Right PER,0.08258316516026978,,,1,,,0,2,1,d7df0f7a3cd6,2
theta,state,post,raw_cc,minus_fp,Right OFC – Right RSC,0.010274797485970807,0.0550619430356885,0.18660433903160986,5,0.8593059522603632,0.9654819621696838,0,6,4,d7df0f7a3cd6,2
theta,state,post,raw_cc,minus_fp,Right PER – Left ACC,-0.2743341705657139,,,1,,,0,2,2,d7df0f7a3cd6,2
theta,state,post,raw_cc,minus_fp,Right PER – Left DHC,0.18893600274725272,,,,,,0,1,1,d7df0f7a3cd6,2
theta,state,post,raw_cc,minus_fp,Right PER – Left OFC,0.06881000842231237,,,1,,,0,2,2,d7df0f7a3cd6,2
theta,state,post,raw_cc,minus_fp,Right PER – Left RSC,0.14459632306302048,,,1,,,0,2,2,d7df0f7a3cd6,2
theta,state,post,raw_cc,minus_fp,Right RSC – Left ACC,0.08094698766865435,0.08239563154662695,0.9824184383227548,5,0.3710101304861409,0.7898543650514612,0,6,4,d7df0f7a3cd6,2
theta,state,post,raw_cc,minus_fp,Right RSC – Left DHC,0.23339376030405862,,,3,,,0,4,3,d7df0f7a3cd6,2
theta,state,post,raw_cc,minus_fp,Right RSC – Left OFC,0.20135814143648287,0.07322371508719912,2.7499033775695993,5,0.04031484795984545,0.3963856930448665,0,6,5,d7df0f7a3cd6,2
theta,state,post,raw_cc,minus_fp,Right RSC – Left PER,0.5245129052069561,,,1,,,0,2,2,d7df0f7a3cd6,2
theta,state,post,raw_cc,minus_fp,Right RSC – Left RSC,0.08705774043451586,0.21708256621086208,0.4010351542921819,5,0.7049582478835505,0.9483743245070186,0,6,4,d7df0f7a3cd6,2
theta,state,post,raw_cc,minus_fp,Right RSC – Right PER,-0.10905008473989376,,,1,,,0,2,1,d7df0f7a3cd6,2
theta,state,post,amp_cc,minus_fp,Left DHC – Left ACC,0.06497666895269327,0.10101277059854508,0.6432520221718298,5,0.5483961077819827,0.8856143590982091,0,6,4,d7df0f7a3cd6,2
theta,state,post,amp_cc,minus_fp,Left DHC – Left OFC,-0.055031814834815236,0.05468988495583527,-1.006252159412222,5,0.36047910258167304,0.7898543650514612,0,6,4,d7df0f7a3cd6,2
theta,state,post,amp_cc,minus_fp,Left OFC – Left ACC,0.039831555039935775,0.037782797602534994,1.0542246092773004,7,0.3268026520991187,0.7898543650514612,0,8,4,d7df0f7a3cd6,2
theta,state,post,amp_cc,minus_fp,Left PER – Left ACC,0.22210922125857457,,,1,,,0,2,2,d7df0f7a3cd6,2
theta,state,post,amp_cc,minus_fp,Left PER – Left DHC,0.35236532391550696,,,1,,,0,2,2,d7df0f7a3cd6,2
theta,state,post,amp_cc,minus_fp,Left PER – Left OFC,0.15243838056680029,,,1,,,0,2,2,d7df0f7a3cd6,2
theta,state,post,amp_cc,minus_fp,Left PER – Left RSC,0.2584945002599964,,,1,,,0,2,2,d7df0f7a3cd6,2
theta,state,post,amp_cc,minus_fp,Left RSC – Left ACC,0.0661346021974339,0.06303139606720917,1.049232705030297,6,0.33448402025078744,0.7898543650514612,0,7,3,d7df0f7a3cd6,2
theta,state,post,amp_cc,minus_fp,Left RSC – Left DHC,0.206306974639223,0.20340584937723297,1.014262742545863,4,0.3678211972453444,0.7898543650514612,0,5,3,d7df0f7a3cd6,2
theta,state,post,amp_cc,minus_fp,Left RSC – Left OFC,-0.04093265886612483,0.06517777016326091,-0.6280156372885175,6,0.5531306247686121,0.8856143590982091,0,7,5,d7df0f7a3cd6,2
theta,state,post,amp_cc,minus_fp,Right ACC – Left ACC,0.2345526150686571,0.08079182050509381,2.9031727915311536,7,0.022882161201261582,0.34850477578371175,0,8,7,d7df0f7a3cd6,2
theta,state,post,amp_cc,minus_fp,Right ACC – Left DHC,0.06937941467642063,0.0739556474311015,0.9381219296478449,5,0.39125061225231433,0.8094840253496158,0,6,4,d7df0f7a3cd6,2
theta,state,post,amp_cc,minus_fp,Right ACC – Left OFC,0.14002252665537404,0.04536587403008917,3.086516674681575,7,0.017653094058213404,0.34850477578371175,0,8,8,d7df0f7a3cd6,2
theta,state,post,amp_cc,minus_fp,Right ACC – Left PER,0.21640665606130302,,,1,,,0,2,2,d7df0f7a3cd6,2
theta,state,post,amp_cc,minus_fp,Right ACC – Left RSC,-0.03673766565944857,0.07266239567596927,-0.5055939226567279,6,0.631173969131509,0.9327694125096193,0,7,3,d7df0f7a3cd6,2
theta,state,post,amp_cc,minus_fp,Right ACC – Right DHC,-0.03838070642385248,0.05195577362829761,-0.7387187937655596,4,0.5010768341023498,0.876202360886887,0,5,3,d7df0f7a3cd6,2
theta,state,post,amp_cc,minus_fp,Right ACC – Right OFC,0.07294478316438997,0.048838739197369765,1.493584485660073,7,0.1789253275618258,0.6687315027481452,0,8,5,d7df0f7a3cd6,2
theta,state,post,amp_cc,minus_fp,Right ACC – Right PER,0.022073444665722735,,,1,,,0,2,1,d7df0f7a3cd6,2
theta,state,post,amp_cc,minus_fp,Right ACC – Right RSC,0.20474434570166244,0.07756266909754304,2.6397279526852713,5,0.04599124793600623,0.40580512884711384,0,6,5,d7df0f7a3cd6,2
theta,state,post,amp_cc,minus_fp,Right DHC – Left ACC,-0.039367371563078984,0.0609834342730914,-0.6455420563359388,4,0.5537405092211601,0.8856143590982091,0,5,3,d7df0f7a3cd6,2
theta,state,post,amp_cc,minus_fp,Right DHC – Left DHC,-0.10536085419510502,0.07634424781255277,-1.3800758696817137,4,0.2396796471477125,0.7163246181469538,0,5,5,d7df0f7a3cd6,2
theta,state,post,amp_cc,minus_fp,Right DHC – Left OFC,-0.1265024073806555,0.056755433642906264,-2.2289038997848754,4,0.08972006399757002,0.46406929653915524,0,5,5,d7df0f7a3cd6,2
theta,state,post,amp_cc,minus_fp,Right DHC – Left PER,-0.08684945833333334,,,,,,0,1,1,d7df0f7a3cd6,2
theta,state,post,amp_cc,minus_fp,Right DHC – Left RSC,-0.012835063565371894,,,3,,,0,4,2,d7df0f7a3cd6,2
theta,state,post,amp_cc,minus_fp,Right DHC – Right PER,-0.025553645604395603,,,,,,0,1,1,d7df0f7a3cd6,2
theta,state,post,amp_cc,minus_fp,Right DHC – Right RSC,0.08010497799268462,,,2,,,0,3,2,d7df0f7a3cd6,2
theta,state,post,amp_cc,minus_fp,Right OFC – Left ACC,0.07523351988614772,0.04414036095969736,1.7044156017400984,7,0.1320782296665711,0.5742531724633526,0,8,5,d7df0f7a3cd6,2
theta,state,post,amp_cc,minus_fp,Right OFC – Left DHC,-0.0138261848527667,0.06310657746372161,-0.2190926113956192,5,0.8352406666242133,0.9654819621696838,0,6,5,d7df0f7a3cd6,2
theta,state,post,amp_cc,minus_fp,Right OFC – Left OFC,0.06960553875970721,0.05850106636592227,1.1898165808521648,7,0.2729036651093685,0.740412055892463,0,8,5,d7df0f7a3cd6,2
theta,state,post,amp_cc,minus_fp,Right OFC – Left PER,0.0378612738019712,,,1,,,0,2,1,d7df0f7a3cd6,2
theta,state,post,amp_cc,minus_fp,Right OFC – Left RSC,-0.037100367663873195,0.04754553800024027,-0.7803122905809944,6,0.46486769392791977,0.874437141003275,0,7,5,d7df0f7a3cd6,2
theta,state,post,amp_cc,minus_fp,Right OFC – Right DHC,0.01594636920810187,0.06305400758689611,0.25290016952730293,4,0.812810517055778,0.9654819621696838,0,5,3,d7df0f7a3cd6,2
theta,state,post,amp_cc,minus_fp,Right OFC – Right PER,0.02185024024245997,,,1,,,0,2,2,d7df0f7a3cd6,2
theta,state,post,amp_cc,minus_fp,Right OFC – Right RSC,0.015793121693793707,0.04995241458694006,0.3161633291280935,5,0.7646508770202556,0.9654819621696838,0,6,2,d7df0f7a3cd6,2
theta,state,post,amp_cc,minus_fp,Right PER – Left ACC,0.09382307240034025,,,1,,,0,2,1,d7df0f7a3cd6,2
theta,state,post,amp_cc,minus_fp,Right PER – Left DHC,-0.0020541662087912027,,,,,,0,1,1,d7df0f7a3cd6,2
theta,state,post,amp_cc,minus_fp,Right PER – Left OFC,-0.0008770238480551956,,,1,,,0,2,1,d7df0f7a3cd6,2
theta,state,post,amp_cc,minus_fp,Right PER – Left RSC,-0.027310906531363737,,,1,,,0,2,1,d7df0f7a3cd6,2
theta,state,post,amp_cc,minus_fp,Right RSC – Left ACC,0.0830003815614405,0.08312495357827833,0.9985013884342141,5,0.363876390466204,0.7898543650514612,0,6,3,d7df0f7a3cd6,2
theta,state,post,amp_cc,minus_fp,Right RSC – Left DHC,0.1406583013895732,,,3,,,0,4,3,d7df0f7a3cd6,2
theta,state,post,amp_cc,minus_fp,Right RSC – Left OFC,0.05523919902629994,0.0720241936333187,0.7669533838522011,5,0.4777404085527378,0.874437141003275,0,6,3,d7df0f7a3cd6,2
theta,state,post,amp_cc,minus_fp,Right RSC – Left PER,0.3520384828149839,,,1,,,0,2,2,d7df0f7a3cd6,2
theta,state,post,amp_cc,minus_fp,Right RSC – Left RSC,0.1916850153276895,0.12408910534132034,1.5447368630826968,5,0.1830674573216218,0.6687315027481452,0,6,4,d7df0f7a3cd6,2
theta,state,post,amp_cc,minus_fp,Right RSC – Right PER,-0.06838910533183158,,,1,,,0,2,1,d7df0f7a3cd6,2
theta,transition,onset,coherence,raw,Left DHC – Left ACC,-0.03619756994985506,0.06385456889460539,-0.5668751755195568,5,0.5952996033177645,0.9081674258941204,0,6,4,6fb20947450e,2
theta,transition,onset,coherence,raw,Left DHC – Left OFC,-0.015370111408265672,0.05038335576207578,-0.3050632728960654,5,0.772608542630621,0.9613007903383052,0,6,4,6fb20947450e,2
theta,transition,onset,coherence,raw,Left OFC – Left ACC,-0.05233051487953279,0.05782382428006125,-0.9049992028558607,7,0.39554513833007976,0.8616143422952313,0,8,5,6fb20947450e,2
theta,transition,onset,coherence,raw,Left PER – Left ACC,0.027330605764727567,,,1,,,0,2,2,6fb20947450e,2
theta,transition,onset,coherence,raw,Left PER – Left DHC,-0.06318532158437191,,,1,,,0,2,2,6fb20947450e,2
theta,transition,onset,coherence,raw,Left PER – Left OFC,-0.052324949325937384,,,1,,,0,2,2,6fb20947450e,2
theta,transition,onset,coherence,raw,Left PER – Left RSC,-0.012142994329505039,,,1,,,0,2,1,6fb20947450e,2
theta,transition,onset,coherence,raw,Left RSC – Left ACC,-0.043913925782273724,0.0484691255008,-0.9060185288787377,6,0.3998459272003599,0.8616143422952313,0,7,5,6fb20947450e,2
theta,transition,onset,coherence,raw,Left RSC – Left DHC,-0.05918736786974623,0.10503386336653874,-0.5635074819936777,4,0.6031804352478992,0.9081674258941204,0,5,4,6fb20947450e,2
theta,transition,onset,coherence,raw,Left RSC – Left OFC,-0.059513916091815354,0.030693289360651403,-1.9389878807877727,6,0.10058294618238525,0.6483107360031448,0,7,6,6fb20947450e,2
theta,transition,onset,coherence,raw,Right ACC – Left ACC,0.26455015186170244,0.06595584531168024,4.011019047842494,7,0.005117672580412244,0.24405432832515941,2,8,8,6fb20947450e,2
theta,transition,onset,coherence,raw,Right ACC – Left DHC,0.04623031484856491,0.034893815936063444,1.3248856167887608,5,0.24252673048882165,0.7826722076322231,0,6,4,6fb20947450e,2
theta,transition,onset,coherence,raw,Right ACC – Left OFC,0.08937526995104458,0.03366498049420699,2.6548439547269043,7,0.0327109203831828,0.38736616243242794,0,8,6,6fb20947450e,2
theta,transition,onset,coherence,raw,Right ACC – Left PER,0.15344661247722208,,,1,,,0,2,2,6fb20947450e,2
theta,transition,onset,coherence,raw,Right ACC – Left RSC,-0.011677558228417411,0.03532810861537371,-0.3305458085954734,6,0.7522249709001639,0.9613007903383052,0,7,5,6fb20947450e,2
theta,transition,onset,coherence,raw,Right ACC – Right DHC,0.02217122097513978,0.03854405715619239,0.5752176239593866,4,0.595952500776526,0.9081674258941204,0,5,3,6fb20947450e,2
theta,transition,onset,coherence,raw,Right ACC – Right OFC,0.005519325582717164,0.02550216426319668,0.21642577177978384,7,0.8348278613072069,0.9811119533694201,0,8,5,6fb20947450e,2
theta,transition,onset,coherence,raw,Right ACC – Right PER,0.1709034965620938,,,1,,,0,2,2,6fb20947450e,2
theta,transition,onset,coherence,raw,Right ACC – Right RSC,0.15291302048321087,0.056819460600297945,2.6912085906427814,5,0.04323612319555743,0.39263772974555644,0,6,6,6fb20947450e,2
theta,transition,onset,coherence,raw,Right DHC – Left ACC,-0.024429236822920582,0.08012800081250904,-0.30487765294534663,4,0.7756642365356069,0.9613007903383052,0,5,3,6fb20947450e,2
theta,transition,onset,coherence,raw,Right DHC – Left DHC,-0.08989053044164247,0.10358330822515258,-0.867809031994354,4,0.43446112457907643,0.8650774604450637,0,5,4,6fb20947450e,2
theta,transition,onset,coherence,raw,Right DHC – Left OFC,-0.00029613477936673573,0.0592826197055625,-0.004995305214876483,4,0.9962535405649997,0.9990030323276147,0,5,2,6fb20947450e,2
theta,transition,onset,coherence,raw,Right DHC – Left PER,0.005702066666666672,,,,,,0,1,1,6fb20947450e,2
theta,transition,onset,coherence,raw,Right DHC – Left RSC,-0.12725288462149026,,,3,,,0,4,3,6fb20947450e,2
theta,transition,onset,coherence,raw,Right DHC – Right PER,-0.07379619047619057,,,,,,0,1,1,6fb20947450e,2
theta,transition,onset,coherence,raw,Right DHC – Right RSC,-0.029073602574502918,,,2,,,0,3,2,6fb20947450e,2
theta,transition,onset,coherence,raw,Right OFC – Left ACC,-0.10989075571650231,0.044464097599617856,-2.471449138719207,7,0.042742139822123666,0.39263772974555644,0,8,7,6fb20947450e,2
theta,transition,onset,coherence,raw,Right OFC – Left DHC,-0.01496829676841784,0.04929422037858332,-0.3036521655776315,5,0.7736224693673968,0.9613007903383052,0,6,4,6fb20947450e,2
theta,transition,onset,coherence,raw,Right OFC – Left OFC,-0.13057848841226669,0.05248059185459543,-2.4881291120735076,7,0.04171065659219752,0.39263772974555644,0,8,7,6fb20947450e,2
theta,transition,onset,coherence,raw,Right OFC – Left PER,-0.010895039510652262,,,1,,,0,2,2,6fb20947450e,2
theta,transition,onset,coherence,raw,Right OFC – Left RSC,-0.028810354064932972,0.0263872751323172,-1.0918275540185718,6,0.31679929056408607,0.8616143422952313,0,7,5,6fb20947450e,2
theta,transition,onset,coherence,raw,Right OFC – Right DHC,-0.02324022345609112,0.04745513660994914,-0.4897304088935806,4,0.6499688696533692,0.9197672683774093,0,5,3,6fb20947450e,2
theta,transition,onset,coherence,raw,Right OFC – Right PER,-0.08984071978119487,,,1,,,0,2,2,6fb20947450e,2
theta,transition,onset,coherence,raw,Right OFC – Right RSC,-0.06339082292885734,0.023620685315456556,-2.683699565963761,5,0.04362641441617294,0.39263772974555644,0,6,6,6fb20947450e,2
theta,transition,onset,coherence,raw,Right PER – Left ACC,-0.08900482297199265,,,1,,,0,2,2,6fb20947450e,2
theta,transition,onset,coherence,raw,Right PER – Left DHC,-0.056091850000000026,,,,,,0,1,1,6fb20947450e,2
theta,transition,onset,coherence,raw,Right PER – Left OFC,-0.08662879952628,,,1,,,0,2,2,6fb20947450e,2
theta,transition,onset,coherence,raw,Right PER – Left RSC,-0.021646233391375266,,,1,,,0,2,2,6fb20947450e,2
theta,transition,onset,coherence,raw,Right RSC – Left ACC,0.01673491705881265,0.020984653961591992,0.7974835844061288,5,0.4613466174039705,0.8751166606991007,0,6,4,6fb20947450e,2
theta,transition,onset,coherence,raw,Right RSC – Left DHC,-0.04744687563595768,,,3,,,0,4,3,6fb20947450e,2
theta,transition,onset,coherence,raw,Right RSC – Left OFC,-0.007967709352719654,0.02697760133182101,-0.29534535908948534,5,0.7796014929570736,0.9613007903383052,0,6,4,6fb20947450e,2
theta,transition,onset,coherence,raw,Right RSC – Left PER,-0.02435392446137891,,,1,,,0,2,1,6fb20947450e,2
theta,transition,onset,coherence,raw,Right RSC – Left RSC,-0.055587808358269486,0.10311582256413156,-0.5390812678015283,5,0.6129586004521441,0.9081674258941204,0,6,4,6fb20947450e,2
theta,transition,onset,coherence,raw,Right RSC – Right PER,-0.025655194533976324,,,1,,,0,2,2,6fb20947450e,2
theta,transition,onset,raw_cc,raw,Left DHC – Left ACC,-0.002249673474501537,0.10345254791309087,-0.02174594555555517,5,0.9834917484563556,0.9990030323276147,0,6,3,6fb20947450e,2
theta,transition,onset,raw_cc,raw,Left DHC – Left OFC,-0.01920899380885926,0.14252491708180434,-0.1347763899966626,5,0.8980460844269098,0.9953712758426341,0,6,4,6fb20947450e,2
theta,transition,onset,raw_cc,raw,Left OFC – Left ACC,-0.019767264666429096,0.08534766906467837,-0.23160872327337984,7,0.8234666847197468,0.9811119533694201,0,8,5,6fb20947450e,2
theta,transition,onset,raw_cc,raw,Left PER – Left ACC,-0.1098655169082415,,,1,,,0,2,2,6fb20947450e,2
theta,transition,onset,raw_cc,raw,Left PER – Left DHC,-0.12137669391989495,,,1,,,0,2,2,6fb20947450e,2
theta,transition,onset,raw_cc,raw,Left PER – Left OFC,0.14678185724528464,,,1,,,0,2,1,6fb20947450e,2
theta,transition,onset,raw_cc,raw,Left PER – Left RSC,0.014926311791902324,,,1,,,0,2,1,6fb20947450e,2
theta,transition,onset,raw_cc,raw,Left RSC – Left ACC,-0.1426072084149599,0.08042615079512107,-1.7731447670328015,6,0.12657193579607431,0.6780639417646838,0,7,4,6fb20947450e,2
theta,transition,onset,raw_cc,raw,Left RSC – Left DHC,-0.08925795059961793,0.13977413822870466,-0.6385870213956898,4,0.5578223936556539,0.9081674258941204,0,5,3,6fb20947450e,2
theta,transition,onset,raw_cc,raw,Left RSC – Left OFC,-0.12060143695593813,0.05710156861320253,-2.1120512077850995,6,0.07914810015905531,0.6003859582223388,0,7,5,6fb20947450e,2
theta,transition,onset,raw_cc,raw,Right ACC – Left ACC,0.46342813562132446,0.09851597341053,4.704091322228059,7,0.0021979861589325775,0.24405432832515941,2,8,8,6fb20947450e,2
theta,transition,onset,raw_cc,raw,Right ACC – Left DHC,0.14797286326643433,0.14709101186973106,1.0059952772470167,5,0.3605912757936488,0.8616143422952313,0,6,3,6fb20947450e,2
theta,transition,onset,raw_cc,raw,Right ACC – Left OFC,0.13340750694370818,0.06810758603716296,1.9587760293091911,7,0.0909836241336893,0.6397286071900029,0,8,7,6fb20947450e,2
theta,transition,onset,raw_cc,raw,Right ACC – Left PER,0.24509695443011958,,,1,,,0,2,1,6fb20947450e,2
theta,transition,onset,raw_cc,raw,Right ACC – Left RSC,-0.042266498760404766,0.07962393070183175,-0.5308265792438758,6,0.614603788683817,0.9081674258941204,0,7,3,6fb20947450e,2
theta,transition,onset,raw_cc,raw,Right ACC – Right DHC,-0.048634651600332084,0.12467735239092972,-0.3900840903954763,4,0.7163555723308103,0.945647888533606,0,5,3,6fb20947450e,2
theta,transition,onset,raw_cc,raw,Right ACC – Right OFC,-0.032819134552255914,0.061368137080065964,-0.534791116592595,7,0.6093535305573647,0.9081674258941204,0,8,4,6fb20947450e,2
theta,transition,onset,raw_cc,raw,Right ACC – Right PER,0.3092017363925343,,,1,,,0,2,2,6fb20947450e,2
theta,transition,onset,raw_cc,raw,Right ACC – Right RSC,0.10862608917201272,0.1397008918503251,0.7775618876391585,5,0.47199652455837665,0.8751166606991007,0,6,4,6fb20947450e,2
theta,transition,onset,raw_cc,raw,Right DHC – Left ACC,0.056460739340077976,0.09508116638663573,0.5938162255024029,4,0.5845880419543009,0.9081674258941204,0,5,3,6fb20947450e,2
theta,transition,onset,raw_cc,raw,Right DHC – Left DHC,-0.15811251348638602,0.2326834061572241,-0.6795177881294614,4,0.5340990753710075,0.9081674258941204,0,5,3,6fb20947450e,2
theta,transition,onset,raw_cc,raw,Right DHC – Left OFC,-0.02504175668577968,0.1464549545410586,-0.17098606711020645,4,0.8725355937572854,0.9865352190723076,0,5,3,6fb20947450e,2
theta,transition,onset,raw_cc,raw,Right DHC – Left PER,-0.20357703333333335,,,,,,0,1,1,6fb20947450e,2
theta,transition,onset,raw_cc,raw,Right DHC – Left RSC,-0.30776753314020006,,,3,,,0,4,4,6fb20947450e,2
theta,transition,onset,raw_cc,raw,Right DHC – Right PER,-0.36030405714285707,,,,,,0,1,1,6fb20947450e,2
theta,transition,onset,raw_cc,raw,Right DHC – Right RSC,-0.07429606909937017,,,2,,,0,3,2,6fb20947450e,2
theta,transition,onset,raw_cc,raw,Right OFC – Left ACC,-0.29147015316110053,0.06758359147183629,-4.312735485248119,7,0.0035113068928214614,0.24405432832515941,2,8,8,6fb20947450e,2
theta,transition,onset,raw_cc,raw,Right OFC – Left DHC,-0.06954924981489533,0.12317988941661717,-0.5646152967361977,5,0.5967239230369017,0.9081674258941204,0,6,4,6fb20947450e,2
theta,transition,onset,raw_cc,raw,Right OFC – Left OFC,-0.3083400831293926,0.10105595886565347,-3.051181608590823,7,0.01855231774703853,0.29816224950597636,0,8,6,6fb20947450e,2
theta,transition,onset,raw_cc,raw,Right OFC – Left PER,0.21137624471374558,,,1,,,0,2,2,6fb20947450e,2
theta,transition,onset,raw_cc,raw,Right OFC – Left RSC,-0.0023426343658878436,0.056429786615478046,-0.041514145390110085,6,0.9682329969780206,0.9990030323276147,0,7,4,6fb20947450e,2
theta,transition,onset,raw_cc,raw,Right OFC – Right DHC,-0.04696252949965783,0.10254520306820046,-0.45796905261793797,4,0.6707490733686278,0.9315959352342053,0,5,3,6fb20947450e,2
theta,transition,onset,raw_cc,raw,Right OFC – Right PER,-0.37542761900459987,,,1,,,0,2,2,6fb20947450e,2
theta,transition,onset,raw_cc,raw,Right OFC – Right RSC,-0.1790295563779646,0.0948340279289555,-1.8878198078023622,5,0.11768898127125495,0.6677610566897386,0,6,4,6fb20947450e,2
theta,transition,onset,raw_cc,raw,Right PER – Left ACC,-0.24747779011825383,,,1,,,0,2,2,6fb20947450e,2
theta,transition,onset,raw_cc,raw,Right PER – Left DHC,-0.20691653333333335,,,,,,0,1,1,6fb20947450e,2
theta,transition,onset,raw_cc,raw,Right PER – Left OFC,-0.3428663348732086,,,1,,,0,2,2,6fb20947450e,2
theta,transition,onset,raw_cc,raw,Right PER – Left RSC,-0.03951905018490287,,,1,,,0,2,1,6fb20947450e,2
theta,transition,onset,raw_cc,raw,Right RSC – Left ACC,-0.12742656099667368,0.09116118520133597,-1.3978159752447608,5,0.22101944798734635,0.7777834306372747,0,6,5,6fb20947450e,2
theta,transition,onset,raw_cc,raw,Right RSC – Left DHC,-0.17256798434287052,,,3,,,0,4,3,6fb20947450e,2
theta,transition,onset,raw_cc,raw,Right RSC – Left OFC,-0.1509723822528142,0.038217392197629485,-3.9503580325969647,5,0.010846859036673751,0.24405432832515941,2,6,5,6fb20947450e,2
theta,transition,onset,raw_cc,raw,Right RSC – Left PER,-0.12904149144798394,,,1,,,0,2,2,6fb20947450e,2
theta,transition,onset,raw_cc,raw,Right RSC – Left RSC,-0.025256947289676524,0.19966815139517327,-0.12649462176714016,5,0.9042697485457748,0.9973563403078398,0,6,3,6fb20947450e,2
theta,transition,onset,raw_cc,raw,Right RSC – Right PER,0.03591610882452332,,,1,,,0,2,1,6fb20947450e,2
theta,transition,onset,amp_cc,raw,Left DHC – Left ACC,-0.11492950565605731,0.10491470131940106,-1.095456634873003,5,0.3232556031244368,0.8616143422952313,0,6,3,6fb20947450e,2
theta,transition,onset,amp_cc,raw,Left DHC – Left OFC,-0.0293806804669188,0.09816921318306818,-0.2992860950421294,5,0.7767628678154362,0.9613007903383052,0,6,3,6fb20947450e,2
theta,transition,onset,amp_cc,raw,Left OFC – Left ACC,-0.07528675423935761,0.06236902909059943,-1.2071176245183077,7,0.26658920427537025,0.8260171353826469,0,8,5,6fb20947450e,2
theta,transition,onset,amp_cc,raw,Left PER – Left ACC,0.014001209041429052,,,1,,,0,2,2,6fb20947450e,2
theta,transition,onset,amp_cc,raw,Left PER – Left DHC,-0.1265626608593398,,,1,,,0,2,2,6fb20947450e,2
theta,transition,onset,amp_cc,raw,Left PER – Left OFC,-0.01604959805337096,,,1,,,0,2,1,6fb20947450e,2
theta,transition,onset,amp_cc,raw,Left PER – Left RSC,-0.0306249673545115,,,1,,,0,2,1,6fb20947450e,2
theta,transition,onset,amp_cc,raw,Left RSC – Left ACC,-0.017695815818847657,0.10417633912694885,-0.16986405902864,6,0.8706997098374334,0.9865352190723076,0,7,4,6fb20947450e,2
theta,transition,onset,amp_cc,raw,Left RSC – Left DHC,-0.11176862830398814,0.14168200106357107,-0.7888696338629411,4,0.4743148078098883,0.8751166606991007,0,5,4,6fb20947450e,2
theta,transition,onset,amp_cc,raw,Left RSC – Left OFC,0.005016890755136094,0.07510447448368435,0.06679882642978828,6,0.9489121191427683,0.9990030323276147,0,7,4,6fb20947450e,2
theta,transition,onset,amp_cc,raw,Right ACC – Left ACC,0.323044544529246,0.08946107871158888,3.6110065872411448,7,0.008612631708529182,0.24405432832515941,2,8,7,6fb20947450e,2
theta,transition,onset,amp_cc,raw,Right ACC – Left DHC,-0.02037189091744698,0.060114921298604566,-0.33888243513212196,5,0.7484667527042902,0.9613007903383052,0,6,3,6fb20947450e,2
theta,transition,onset,amp_cc,raw,Right ACC – Left OFC,0.06387136664862927,0.03596474663884692,1.775943739852162,7,0.11899837369321395,0.6677610566897386,0,8,7,6fb20947450e,2
theta,transition,onset,amp_cc,raw,Right ACC – Left PER,0.29642569884158987,,,1,,,0,2,2,6fb20947450e,2
theta,transition,onset,amp_cc,raw,Right ACC – Left RSC,0.0032554240621093236,0.06811230473217918,0.04779494798935091,6,0.9634308562753696,0.9990030323276147,0,7,3,6fb20947450e,2
theta,transition,onset,amp_cc,raw,Right ACC – Right DHC,-0.013470549399419421,0.07233119609451812,-0.18623429622008333,4,0.8613244244403756,0.9865352190723076,0,5,2,6fb20947450e,2
theta,transition,onset,amp_cc,raw,Right ACC – Right OFC,-0.005535103949438422,0.04786677096927699,-0.11563562440823713,7,0.9111886741709161,0.9987363373531382,0,8,4,6fb20947450e,2
theta,transition,onset,amp_cc,raw,Right ACC – Right PER,0.35050475145013993,,,1,,,0,2,2,6fb20947450e,2
theta,transition,onset,amp_cc,raw,Right ACC – Right RSC,0.1962276634218055,0.11025224858302371,1.7798064524193298,5,0.13522862739645228,0.6803176622628686,0,6,5,6fb20947450e,2
theta,transition,onset,amp_cc,raw,Right DHC – Left ACC,-0.13312360153797154,0.07399522839780076,-1.799083595259612,4,0.1463944081111787,0.6953014587393916,0,5,4,6fb20947450e,2
theta,transition,onset,amp_cc,raw,Right DHC – Left DHC,-0.13146167905572145,0.1353701834889065,-0.9711272871732102,4,0.38647636273965147,0.8616143422952313,0,5,3,6fb20947450e,2
theta,transition,onset,amp_cc,raw,Right DHC – Left OFC,-0.11347915464533619,0.08827660962190302,-1.2854951626640174,4,0.26799667059081433,0.8260171353826469,0,5,3,6fb20947450e,2
theta,transition,onset,amp_cc,raw,Right DHC – Left PER,0.17548833333333336,,,,,,0,1,1,6fb20947450e,2
theta,transition,onset,amp_cc,raw,Right DHC – Left RSC,-0.3342298886867528,,,3,,,0,4,4,6fb20947450e,2
theta,transition,onset,amp_cc,raw,Right DHC – Right PER,-0.12562575238095236,,,,,,0,1,1,6fb20947450e,2
theta,transition,onset,amp_cc,raw,Right DHC – Right RSC,-0.15345811415419797,,,2,,,0,3,2,6fb20947450e,2
theta,transition,onset,amp_cc,raw,Right OFC – Left ACC,-0.13168305852806714,0.048799346448819,-2.6984594694557433,7,0.03070740579263091,0.3846503638423862,0,8,7,6fb20947450e,2
theta,transition,onset,amp_cc,raw,Right OFC – Left DHC,-0.08690178128361768,0.05770893708110143,-1.5058634880328847,5,0.19244877236098293,0.7777834306372747,0,6,5,6fb20947450e,2
theta,transition,onset,amp_cc,raw,Right OFC – Left OFC,-0.13831082768352304,0.09810991758510788,-1.4097537852230064,7,0.20146025714152702,0.7777834306372747,0,8,6,6fb20947450e,2
theta,transition,onset,amp_cc,raw,Right OFC – Left PER,-0.16788862173612495,,,1,,,0,2,2,6fb20947450e,2
theta,transition,onset,amp_cc,raw,Right OFC – Left RSC,-0.056363312028655625,0.06530272294596462,-0.8631081444382342,6,0.4212336784554464,0.8616143422952313,0,7,5,6fb20947450e,2
theta,transition,onset,amp_cc,raw,Right OFC – Right DHC,-0.09014453449204873,0.08454231533061558,-1.0662652677481663,4,0.3463853450447478,0.8616143422952313,0,5,2,6fb20947450e,2
theta,transition,onset,amp_cc,raw,Right OFC – Right PER,-0.044808986053092796,,,1,,,0,2,2,6fb20947450e,2
theta,transition,onset,amp_cc,raw,Right OFC – Right RSC,-0.040449025603638146,0.06090069867071167,-0.6641799927837424,5,0.5359728486521099,0.9081674258941204,0,6,4,6fb20947450e,2
theta,transition,onset,amp_cc,raw,Right PER – Left ACC,-0.08349123159529467,,,1,,,0,2,2,6fb20947450e,2
theta,transition,onset,amp_cc,raw,Right PER – Left DHC,-0.29305396666666667,,,,,,0,1,1,6fb20947450e,2
theta,transition,onset,amp_cc,raw,Right PER – Left OFC,-0.1299080318203466,,,1,,,0,2,2,6fb20947450e,2
theta,transition,onset,amp_cc,raw,Right PER – Left RSC,-0.048715639038288815,,,1,,,0,2,1,6fb20947450e,2
theta,transition,onset,amp_cc,raw,Right RSC – Left ACC,0.06949926159481368,0.061764142957400764,1.1252363955369362,5,0.3115837453300316,0.8616143422952313,0,6,4,6fb20947450e,2
theta,transition,onset,amp_cc,raw,Right RSC – Left DHC,-0.17706198722666308,,,3,,,0,4,4,6fb20947450e,2
theta,transition,onset,amp_cc,raw,Right RSC – Left OFC,0.05480862746514328,0.061337115511678995,0.8935638235988999,5,0.4124949109147185,0.8616143422952313,0,6,4,6fb20947450e,2
theta,transition,onset,amp_cc,raw,Right RSC – Left PER,-0.21783327827321744,,,1,,,0,2,2,6fb20947450e,2
theta,transition,onset,amp_cc,raw,Right RSC – Left RSC,-0.12190974198556788,0.13404175230788545,-0.9094908107852013,5,0.4047989511765642,0.8616143422952313,0,6,5,6fb20947450e,2
theta,transition,onset,amp_cc,raw,Right RSC – Right PER,0.09939857025770935,,,1,,,0,2,1,6fb20947450e,2
theta,transition,switch,coherence,raw,Left DHC – Left ACC,-0.013351865386878884,0.042040978336108044,-0.3175916906627092,5,0.7636292406072489,0.9613007903383052,0,6,3,6fb20947450e,2
theta,transition,switch,coherence,raw,Left DHC – Left OFC,-0.0034277491362167327,0.03211951566718283,-0.10671858105628082,5,0.9191618723028991,0.9990030323276147,0,6,4,6fb20947450e,2
theta,transition,switch,coherence,raw,Left OFC – Left ACC,-0.046197696035257425,0.05105090047532344,-0.9049340090991752,7,0.3955773848068209,0.8616143422952313,0,8,6,6fb20947450e,2
theta,transition,switch,coherence,raw,Left PER – Left ACC,0.055531589622756714,,,1,,,0,2,1,6fb20947450e,2
theta,transition,switch,coherence,raw,Left PER – Left DHC,0.03278423601244509,,,1,,,0,2,1,6fb20947450e,2
theta,transition,switch,coherence,raw,Left PER – Left OFC,-0.008052356672561078,,,1,,,0,2,1,6fb20947450e,2
theta,transition,switch,coherence,raw,Left PER – Left RSC,0.04918253300837204,,,1,,,0,2,2,6fb20947450e,2
theta,transition,switch,coherence,raw,Left RSC – Left ACC,-0.03690417303819879,0.042563085362726724,-0.8670464728695738,6,0.4192357801155223,0.8616143422952313,0,7,5,6fb20947450e,2
theta,transition,switch,coherence,raw,Left RSC – Left DHC,-0.07088318669190899,0.10561950895559577,-0.6711183132058443,4,0.5389084293812691,0.9081674258941204,0,5,4,6fb20947450e,2
theta,transition,switch,coherence,raw,Left RSC – Left OFC,-0.011954399868334747,0.02390795119246069,-0.5000177460670296,6,0.6348682246202416,0.9081674258941204,0,7,4,6fb20947450e,2
theta,transition,switch,coherence,raw,Right ACC – Left ACC,0.2465671706290336,0.06952082217692387,3.5466664936951355,7,0.009385581983194046,0.24405432832515941,2,8,8,6fb20947450e,2
theta,transition,switch,coherence,raw,Right ACC – Left DHC,0.06699648853797147,0.039652818844549735,1.6895769453520229,5,0.15190430863471566,0.6975197845471637,0,6,4,6fb20947450e,2
theta,transition,switch,coherence,raw,Right ACC – Left OFC,0.07974297477934633,0.022964250267892627,3.472483266341974,7,0.010371025038490357,0.24405432832515941,2,8,7,6fb20947450e,2
theta,transition,switch,coherence,raw,Right ACC – Left PER,0.15682858261874236,,,1,,,0,2,2,6fb20947450e,2
theta,transition,switch,coherence,raw,Right ACC – Left RSC,-0.00450264616452948,0.02219864406076149,-0.20283428808556805,6,0.845968013666501,0.9858009143127942,0,7,3,6fb20947450e,2
theta,transition,switch,coherence,raw,Right ACC – Right DHC,0.04095800983573994,0.027640424546885776,1.4818155114174845,4,0.2125180798668364,0.7777834306372747,0,5,4,6fb20947450e,2
theta,transition,switch,coherence,raw,Right ACC – Right OFC,0.028777072812665654,0.03447633352581207,0.8346906375969637,7,0.4314527774268055,0.8650774604450637,0,8,6,6fb20947450e,2
theta,transition,switch,coherence,raw,Right ACC – Right PER,0.1757546805280322,,,1,,,0,2,2,6fb20947450e,2
theta,transition,switch,coherence,raw,Right ACC – Right RSC,0.1420095629530624,0.05866677065446118,2.4206132597527525,5,0.060071944623759976,0.5198533669363844,0,6,5,6fb20947450e,2
theta,transition,switch,coherence,raw,Right DHC – Left ACC,-0.010623944868491646,0.04835196831155548,-0.2197210421721894,4,0.836845911420819,0.9811119533694201,0,5,2,6fb20947450e,2
theta,transition,switch,coherence,raw,Right DHC – Left DHC,-0.07003211239602668,0.07821095767124595,-0.8954258390544398,4,0.42117366523125843,0.8616143422952313,0,5,4,6fb20947450e,2
theta,transition,switch,coherence,raw,Right DHC – Left OFC,-0.017171708389474807,0.0417464607907522,-0.41133327386830204,4,0.7019123231324276,0.945647888533606,0,5,4,6fb20947450e,2
theta,transition,switch,coherence,raw,Right DHC – Left PER,0.03244497115384612,,,,,,0,1,1,6fb20947450e,2
theta,transition,switch,coherence,raw,Right DHC – Left RSC,-0.13207893781386779,,,3,,,0,4,3,6fb20947450e,2
theta,transition,switch,coherence,raw,Right DHC – Right PER,0.026612000000000025,,,,,,0,1,1,6fb20947450e,2
theta,transition,switch,coherence,raw,Right DHC – Right RSC,-0.068968500262194,,,2,,,0,3,3,6fb20947450e,2
theta,transition,switch,coherence,raw,Right OFC – Left ACC,-0.0583681861382467,0.03842038848905972,-1.5191982286922254,7,0.1725104360139082,0.7464393865986412,0,8,5,6fb20947450e,2
theta,transition,switch,coherence,raw,Right OFC – Left DHC,-0.0065274281167438195,0.03516213510258852,-0.1856379909154974,5,0.8600245765692739,0.9865352190723076,0,6,4,6fb20947450e,2
theta,transition,switch,coherence,raw,Right OFC – Left OFC,-0.08714166318382705,0.05223983091515201,-1.6681076806194612,7,0.1392284081296969,0.6810085180256913,0,8,7,6fb20947450e,2
theta,transition,switch,coherence,raw,Right OFC – Left PER,0.0032364734569279826,,,1,,,0,2,1,6fb20947450e,2
theta,transition,switch,coherence,raw,Right OFC – Left RSC,-0.019081594187675566,0.020527139416987077,-0.9295788273296736,6,0.3884587142977821,0.8616143422952313,0,7,5,6fb20947450e,2
theta,transition,switch,coherence,raw,Right OFC – Right DHC,0.007609260635605727,0.04368562103451346,0.17418226994172967,4,0.8701824926583207,0.9865352190723076,0,5,2,6fb20947450e,2
theta,transition,switch,coherence,raw,Right OFC – Right PER,-0.09746293651272281,,,1,,,0,2,2,6fb20947450e,2
theta,transition,switch,coherence,raw,Right OFC – Right RSC,-0.050638276049263874,0.03759024480425144,-1.3471121646841924,5,0.23577328191382377,0.7826722076322231,0,6,5,6fb20947450e,2
theta,transition,switch,coherence,raw,Right PER – Left ACC,-0.03542445154741282,,,1,,,0,2,2,6fb20947450e,2
theta,transition,switch,coherence,raw,Right PER – Left DHC,0.052841200000000005,,,,,,0,1,1,6fb20947450e,2
theta,transition,switch,coherence,raw,Right PER – Left OFC,-0.1234241825177511,,,1,,,0,2,2,6fb20947450e,2
theta,transition,switch,coherence,raw,Right PER – Left RSC,-0.026386982659407327,,,1,,,0,2,2,6fb20947450e,2
theta,transition,switch,coherence,raw,Right RSC – Left ACC,-0.02094659882013813,0.023225679731616777,-0.901872369815891,5,0.4084659700539394,0.8616143422952313,0,6,4,6fb20947450e,2
theta,transition,switch,coherence,raw,Right RSC – Left DHC,-0.06429033444880117,,,3,,,0,4,4,6fb20947450e,2
theta,transition,switch,coherence,raw,Right RSC – Left OFC,-0.02719127315932003,0.02799654380680197,-0.9712367836173301,5,0.37603716702216566,0.8616143422952313,0,6,5,6fb20947450e,2
theta,transition,switch,coherence,raw,Right RSC – Left PER,0.019917354095269534,,,1,,,0,2,1,6fb20947450e,2
theta,transition,switch,coherence,raw,Right RSC – Left RSC,-0.031616175747540304,0.11276355625501731,-0.28037583061002097,5,0.7904196287097897,0.9665457416288189,0,6,3,6fb20947450e,2
theta,transition,switch,coherence,raw,Right RSC – Right PER,0.023976180182085204,,,1,,,0,2,2,6fb20947450e,2
theta,transition,switch,raw_cc,raw,Left DHC – Left ACC,-0.16643696840981329,0.05362440789719183,-3.1037539608624596,5,0.026739218081125418,0.3760202542658262,0,6,5,6fb20947450e,2
theta,transition,switch,raw_cc,raw,Left DHC – Left OFC,-0.08027637148524891,0.07126951638027396,-1.1263773849245298,5,0.31114391549045023,0.8616143422952313,0,6,5,6fb20947450e,2
theta,transition,switch,raw_cc,raw,Left OFC – Left ACC,-0.0619558446272126,0.0745662278127867,-0.8308834501158491,7,0.43346174954693517,0.8650774604450637,0,8,5,6fb20947450e,2
theta,transition,switch,raw_cc,raw,Left PER – Left ACC,-0.21982367715483586,,,1,,,0,2,1,6fb20947450e,2
theta,transition,switch,raw_cc,raw,Left PER – Left DHC,-0.0010698490267515104,,,1,,,0,2,1,6fb20947450e,2
theta,transition,switch,raw_cc,raw,Left PER – Left OFC,0.05578194250840895,,,1,,,0,2,1,6fb20947450e,2
theta,transition,switch,raw_cc,raw,Left PER – Left RSC,0.11352173585396212,,,1,,,0,2,1,6fb20947450e,2
theta,transition,switch,raw_cc,raw,Left RSC – Left ACC,-0.01143180261463088,0.08450052055337459,-0.13528677148692836,6,0.8968096683090881,0.9953712758426341,0,7,3,6fb20947450e,2
theta,transition,switch,raw_cc,raw,Left RSC – Left DHC,-0.14987995899211914,0.19656416912490354,-0.7624988809475257,4,0.48824766367300204,0.8859332606969795,0,5,3,6fb20947450e,2
theta,transition,switch,raw_cc,raw,Left RSC – Left OFC,0.03328770474390743,0.06715264873600914,0.49570203663549056,6,0.6377353479612046,0.9081674258941204,0,7,4,6fb20947450e,2
theta,transition,switch,raw_cc,raw,Right ACC – Left ACC,0.4365534105151928,0.13263322738012498,3.291433218796952,7,0.013276310824478577,0.24893082795897334,2,8,7,6fb20947450e,2
theta,transition,switch,raw_cc,raw,Right ACC – Left DHC,0.026660474119263283,0.0912353036171273,0.2922166427060413,5,0.7818579761418215,0.9613007903383052,0,6,4,6fb20947450e,2
theta,transition,switch,raw_cc,raw,Right ACC – Left OFC,0.2095504223148227,0.08211119755666242,2.5520322264234228,7,0.037990753895289636,0.39263772974555644,0,8,7,6fb20947450e,2
theta,transition,switch,raw_cc,raw,Right ACC – Left PER,0.1364256189243999,,,1,,,0,2,2,6fb20947450e,2
theta,transition,switch,raw_cc,raw,Right ACC – Left RSC,0.06544092255661975,0.06629331941033142,0.9871420399326265,6,0.3616929287942638,0.8616143422952313,0,7,4,6fb20947450e,2
theta,transition,switch,raw_cc,raw,Right ACC – Right DHC,0.11270768543608872,0.07784726468264867,1.4478053390257406,4,0.2212361758257137,0.7777834306372747,0,5,4,6fb20947450e,2
theta,transition,switch,raw_cc,raw,Right ACC – Right OFC,0.01328737344859305,0.08628930716418386,0.15398632675669746,7,0.8819659642580856,0.9922117097903462,0,8,4,6fb20947450e,2
theta,transition,switch,raw_cc,raw,Right ACC – Right PER,0.2303786234429531,,,1,,,0,2,2,6fb20947450e,2
theta,transition,switch,raw_cc,raw,Right ACC – Right RSC,0.21134668257276717,0.1274099273802922,1.6587928972123278,5,0.15805405192954802,0.7112432336829662,0,6,5,6fb20947450e,2
theta,transition,switch,raw_cc,raw,Right DHC – Left ACC,0.0028994732174587403,0.12893323359395062,0.022488175752964128,4,0.9831356449300943,0.9990030323276147,0,5,1,6fb20947450e,2
theta,transition,switch,raw_cc,raw,Right DHC – Left DHC,-0.08593908153799656,0.19809655598734133,-0.43382420814770856,4,0.6867892124205498,0.9422412975281933,0,5,2,6fb20947450e,2
theta,transition,switch,raw_cc,raw,Right DHC – Left OFC,-0.023339092188836605,0.10579522493026255,-0.2206062911083286,4,0.8362016698002777,0.9811119533694201,0,5,3,6fb20947450e,2
theta,transition,switch,raw_cc,raw,Right DHC – Left PER,0.15210059615384613,,,,,,0,1,1,6fb20947450e,2
theta,transition,switch,raw_cc,raw,Right DHC – Left RSC,-0.22903629778153423,,,3,,,0,4,2,6fb20947450e,2
theta,transition,switch,raw_cc,raw,Right DHC – Right PER,0.11195233333333333,,,,,,0,1,1,6fb20947450e,2
theta,transition,switch,raw_cc,raw,Right DHC – Right RSC,-0.09874379139720958,,,2,,,0,3,2,6fb20947450e,2
theta,transition,switch,raw_cc,raw,Right OFC – Left ACC,-0.11473595416735966,0.08804694159217717,-1.3031225400060207,7,0.233757441931576,0.7826722076322231,0,8,4,6fb20947450e,2
theta,transition,switch,raw_cc,raw,Right OFC – Left DHC,0.025227479882150784,0.03777858836881481,0.6677719039119889,5,0.5338595594120389,0.9081674258941204,0,6,3,6fb20947450e,2
theta,transition,switch,raw_cc,raw,Right OFC – Left OFC,-0.15630389295793035,0.0827516045742982,-1.8888321714365492,7,0.1008483367116003,0.6483107360031448,0,8,6,6fb20947450e,2
theta,transition,switch,raw_cc,raw,Right OFC – Left PER,-0.02437966463778653,,,1,,,0,2,1,6fb20947450e,2
theta,transition,switch,raw_cc,raw,Right OFC – Left RSC,-0.0817528440909433,0.06794967421023843,-1.203138131876798,6,0.27423775339559636,0.83383100694607,0,7,4,6fb20947450e,2
theta,transition,switch,raw_cc,raw,Right OFC – Right DHC,-0.05775651430909141,0.10491246295106184,-0.5505210027909925,4,0.6112609869552994,0.9081674258941204,0,5,4,6fb20947450e,2
theta,transition,switch,raw_cc,raw,Right OFC – Right PER,-0.09044476148508122,,,1,,,0,2,2,6fb20947450e,2
theta,transition,switch,raw_cc,raw,Right OFC – Right RSC,-0.04274330303675297,0.056226696745843414,-0.7601958768796566,5,0.4814254854402453,0.8806563758053269,0,6,3,6fb20947450e,2
theta,transition,switch,raw_cc,raw,Right PER – Left ACC,-0.050210619056876266,,,1,,,0,2,1,6fb20947450e,2
theta,transition,switch,raw_cc,raw,Right PER – Left DHC,-0.13077093333333334,,,,,,0,1,1,6fb20947450e,2
theta,transition,switch,raw_cc,raw,Right PER – Left OFC,-0.022181843194008045,,,1,,,0,2,1,6fb20947450e,2
theta,transition,switch,raw_cc,raw,Right PER – Left RSC,-0.11513237508923888,,,1,,,0,2,2,6fb20947450e,2
theta,transition,switch,raw_cc,raw,Right RSC – Left ACC,-0.02535267524698088,0.0680580375549852,-0.3725155199560087,5,0.7247774146224732,0.945647888533606,0,6,4,6fb20947450e,2
theta,transition,switch,raw_cc,raw,Right RSC – Left DHC,-0.19500037556334068,,,3,,,0,4,4,6fb20947450e,2
theta,transition,switch,raw_cc,raw,Right RSC – Left OFC,0.037587912259699124,0.06748508554389686,0.5569810270930072,5,0.6015506733037486,0.9081674258941204,0,6,3,6fb20947450e,2
theta,transition,switch,raw_cc,raw,Right RSC – Left PER,0.09437258002630555,,,1,,,0,2,2,6fb20947450e,2
theta,transition,switch,raw_cc,raw,Right RSC – Left RSC,-0.028347646434801033,0.2031566473425854,-0.13953590397166807,5,0.8944730823917844,0.9953712758426341,0,6,3,6fb20947450e,2
theta,transition,switch,raw_cc,raw,Right RSC – Right PER,-0.120350406424883,,,1,,,0,2,2,6fb20947450e,2
theta,transition,switch,amp_cc,raw,Left DHC – Left ACC,9.501107170523378e-05,0.07235305012766353,0.0013131591762557521,5,0.9990030323276147,0.9990030323276147,0,6,2,6fb20947450e,2
theta,transition,switch,amp_cc,raw,Left DHC – Left OFC,-0.046626564611418814,0.03557779768193998,-1.310552300854963,5,0.2469765632972793,0.7826722076322231,0,6,5,6fb20947450e,2
theta,transition,switch,amp_cc,raw,Left OFC – Left ACC,-0.05984711881459466,0.07919841904894855,-0.7556605236981584,7,0.47450770046795676,0.8751166606991007,0,8,5,6fb20947450e,2
theta,transition,switch,amp_cc,raw,Left PER – Left ACC,0.07068103340395211,,,1,,,0,2,2,6fb20947450e,2
theta,transition,switch,amp_cc,raw,Left PER – Left DHC,0.0783077959601025,,,1,,,0,2,1,6fb20947450e,2
theta,transition,switch,amp_cc,raw,Left PER – Left OFC,0.23949466667340763,,,1,,,0,2,2,6fb20947450e,2
theta,transition,switch,amp_cc,raw,Left PER – Left RSC,0.061158515576651966,,,1,,,0,2,2,6fb20947450e,2
theta,transition,switch,amp_cc,raw,Left RSC – Left ACC,0.0012310002444230815,0.0694551131109011,0.017723680651955828,6,0.9864339617510339,0.9990030323276147,0,7,4,6fb20947450e,2
theta,transition,switch,amp_cc,raw,Left RSC – Left DHC,-0.20447356795000476,0.1497164632954055,-1.3657387000022705,4,0.24377541746413975,0.7826722076322231,0,5,4,6fb20947450e,2
theta,transition,switch,amp_cc,raw,Left RSC – Left OFC,-0.031843300597749084,0.05383328481830435,-0.5915169528522204,6,0.5757665693469675,0.9081674258941204,0,7,3,6fb20947450e,2
theta,transition,switch,amp_cc,raw,Right ACC – Left ACC,0.39639022503838883,0.08001524223604521,4.953933950097113,7,0.001648884468880429,0.24405432832515941,2,8,8,6fb20947450e,2
theta,transition,switch,amp_cc,raw,Right ACC – Left DHC,0.04978902367299748,0.07291916603967827,0.6827974917582746,5,0.5250798829105395,0.9081674258941204,0,6,4,6fb20947450e,2
theta,transition,switch,amp_cc,raw,Right ACC – Left OFC,0.11279220065477012,0.02919692443226123,3.863153494692751,7,0.006186206485721083,0.24405432832515941,2,8,8,6fb20947450e,2
theta,transition,switch,amp_cc,raw,Right ACC – Left PER,0.06817691740578556,,,1,,,0,2,1,6fb20947450e,2
theta,transition,switch,amp_cc,raw,Right ACC – Left RSC,-0.07149794475126743,0.018956305958432933,-3.7717235049933735,6,0.009269948732972225,0.24405432832515941,2,7,7,6fb20947450e,2
theta,transition,switch,amp_cc,raw,Right ACC – Right DHC,0.03892872122198767,0.07561024748713015,0.5148603862011409,4,0.6337941943728828,0.9081674258941204,0,5,3,6fb20947450e,2
theta,transition,switch,amp_cc,raw,Right ACC – Right OFC,-0.0007917237060905856,0.061844004540238945,-0.012801947609577072,7,0.990143026937698,0.9990030323276147,0,8,4,6fb20947450e,2
theta,transition,switch,amp_cc,raw,Right ACC – Right PER,0.1789314599760013,,,1,,,0,2,2,6fb20947450e,2
theta,transition,switch,amp_cc,raw,Right ACC – Right RSC,0.14109102439400817,0.09796008868784326,1.440290900956661,5,0.20933525288515573,0.7777834306372747,0,6,5,6fb20947450e,2
theta,transition,switch,amp_cc,raw,Right DHC – Left ACC,-0.08695411728502594,0.05510453632985416,-1.577984737309486,4,0.18970776028294878,0.7777834306372747,0,5,3,6fb20947450e,2
theta,transition,switch,amp_cc,raw,Right DHC – Left DHC,-0.1656099730539755,0.07992386178653532,-2.0720967349687753,4,0.1069757838630407,0.6562439829635032,0,5,4,6fb20947450e,2
theta,transition,switch,amp_cc,raw,Right DHC – Left OFC,-0.036547952661294604,0.06718741285003983,-0.543970233574382,4,0.6153626861722015,0.9081674258941204,0,5,3,6fb20947450e,2
theta,transition,switch,amp_cc,raw,Right DHC – Left PER,0.1595236394230769,,,,,,0,1,1,6fb20947450e,2
theta,transition,switch,amp_cc,raw,Right DHC – Left RSC,-0.2590752868045989,,,3,,,0,4,4,6fb20947450e,2
theta,transition,switch,amp_cc,raw,Right DHC – Right PER,-0.020044200000000012,,,,,,0,1,1,6fb20947450e,2
theta,transition,switch,amp_cc,raw,Right DHC – Right RSC,-0.15353622513703025,,,2,,,0,3,3,6fb20947450e,2
theta,transition,switch,amp_cc,raw,Right OFC – Left ACC,-0.06466338334510921,0.06987942519949994,-0.9253565432242843,7,0.38557104592932734,0.8616143422952313,0,8,4,6fb20947450e,2
theta,transition,switch,amp_cc,raw,Right OFC – Left DHC,0.0028296941880032282,0.08179304717558299,0.03459577905110685,5,0.9737407071453249,0.9990030323276147,0,6,3,6fb20947450e,2
theta,transition,switch,amp_cc,raw,Right OFC – Left OFC,-0.1275366943592018,0.06921161015353848,-1.842706651041284,7,0.10791567719844275,0.6562439829635032,0,8,7,6fb20947450e,2
theta,transition,switch,amp_cc,raw,Right OFC – Left PER,0.07333280772198865,,,1,,,0,2,1,6fb20947450e,2
theta,transition,switch,amp_cc,raw,Right OFC – Left RSC,-0.13624899437077012,0.08216206881065524,-1.6582955656187248,6,0.14833097786440355,0.6953014587393916,0,7,5,6fb20947450e,2
theta,transition,switch,amp_cc,raw,Right OFC – Right DHC,-0.1087336759505821,0.06708030334848314,-1.620947886680075,4,0.18034563467274348,0.7656182604031562,0,5,4,6fb20947450e,2
theta,transition,switch,amp_cc,raw,Right OFC – Right PER,-0.12448464289699158,,,1,,,0,2,2,6fb20947450e,2
theta,transition,switch,amp_cc,raw,Right OFC – Right RSC,-0.10707977893740488,0.05675412706363862,-1.8867311414610592,5,0.1178535973052997,0.6677610566897386,0,6,4,6fb20947450e,2
theta,transition,switch,amp_cc,raw,Right PER – Left ACC,0.04925400459079654,,,1,,,0,2,1,6fb20947450e,2
theta,transition,switch,amp_cc,raw,Right PER – Left DHC,0.010250666666666658,,,,,,0,1,1,6fb20947450e,2
theta,transition,switch,amp_cc,raw,Right PER – Left OFC,-0.06977678221479644,,,1,,,0,2,1,6fb20947450e,2
theta,transition,switch,amp_cc,raw,Right PER – Left RSC,-0.0009202078684510138,,,1,,,0,2,1,6fb20947450e,2
theta,transition,switch,amp_cc,raw,Right RSC – Left ACC,0.0675393401898143,0.04650617076779668,1.452266206285513,5,0.2061487933926417,0.7777834306372747,0,6,4,6fb20947450e,2
theta,transition,switch,amp_cc,raw,Right RSC – Left DHC,-0.1293886911199547,,,3,,,0,4,3,6fb20947450e,2
theta,transition,switch,amp_cc,raw,Right RSC – Left OFC,-0.03145403772427181,0.061082518410576,-0.5149433674762462,5,0.6285405556608322,0.9081674258941204,0,6,3,6fb20947450e,2
theta,transition,switch,amp_cc,raw,Right RSC – Left PER,0.08150532604165586,,,1,,,0,2,1,6fb20947450e,2
theta,transition,switch,amp_cc,raw,Right RSC – Left RSC,0.012754360234736377,0.1632371771149692,0.07813391814386365,5,0.9407520070019225,0.9990030323276147,0,6,4,6fb20947450e,2
theta,transition,switch,amp_cc,raw,Right RSC – Right PER,0.131968932893798,,,1,,,0,2,2,6fb20947450e,2
theta,transition,offset,coherence,raw,Left DHC – Left ACC,0.021064748786039138,0.05692132157646622,0.37006780943660017,5,0.7264901396991486,0.945647888533606,0,6,4,6fb20947450e,2
theta,transition,offset,coherence,raw,Left DHC – Left OFC,0.016084017809448882,0.03830392808775659,0.41990517976640507,5,0.691987923089475,0.9436198951220113,0,6,3,6fb20947450e,2
theta,transition,offset,coherence,raw,Left OFC – Left ACC,-0.06389123413438359,0.06130163081117445,-1.0422436285779382,7,0.331951202288041,0.8616143422952313,0,8,5,6fb20947450e,2
theta,transition,offset,coherence,raw,Left PER – Left ACC,0.11335528693595708,,,1,,,0,2,2,6fb20947450e,2
theta,transition,offset,coherence,raw,Left PER – Left DHC,0.08575967731852421,,,1,,,0,2,2,6fb20947450e,2
theta,transition,offset,coherence,raw,Left PER – Left OFC,-0.003105423118985844,,,1,,,0,2,1,6fb20947450e,2
theta,transition,offset,coherence,raw,Left PER – Left RSC,0.07304401138915585,,,1,,,0,2,2,6fb20947450e,2
theta,transition,offset,coherence,raw,Left RSC – Left ACC,-0.015697761741766656,0.04215983373599232,-0.3723392705973909,6,0.7224376236587475,0.945647888533606,0,7,4,6fb20947450e,2
theta,transition,offset,coherence,raw,Left RSC – Left DHC,-0.057096020855210566,0.09386928014306394,-0.608250332464379,4,0.5758668844772167,0.9081674258941204,0,5,4,6fb20947450e,2
theta,transition,offset,coherence,raw,Left RSC – Left OFC,-0.017806335583524693,0.008463727002580853,-2.103840964872212,6,0.08005146109631184,0.6003859582223388,0,7,5,6fb20947450e,2
theta,transition,offset,coherence,raw,Right ACC – Left ACC,0.24535620902745509,0.07337359118709563,3.343930766613566,7,0.01235297700933546,0.24893082795897334,2,8,8,6fb20947450e,2
theta,transition,offset,coherence,raw,Right ACC – Left DHC,0.06079495140642776,0.03425014079223255,1.7750277809139752,5,0.13606353245257372,0.6803176622628686,0,6,4,6fb20947450e,2
theta,transition,offset,coherence,raw,Right ACC – Left OFC,0.07904402591980435,0.02930805548243643,2.697006833741441,7,0.030772029107390898,0.3846503638423862,0,8,6,6fb20947450e,2
theta,transition,offset,coherence,raw,Right ACC – Left PER,0.20539703688149957,,,1,,,0,2,2,6fb20947450e,2
theta,transition,offset,coherence,raw,Right ACC – Left RSC,0.017335918383339144,0.02613868991015562,0.6632282812538225,6,0.5318236316910574,0.9081674258941204,0,7,4,6fb20947450e,2
theta,transition,offset,coherence,raw,Right ACC – Right DHC,0.0020952367918100237,0.031614634543154906,0.0662742689291557,4,0.950339729526703,0.9990030323276147,0,5,1,6fb20947450e,2
theta,transition,offset,coherence,raw,Right ACC – Right OFC,0.009990667896231705,0.0370934013936802,0.26933814427527447,7,0.795435937578912,0.9674220862446227,0,8,5,6fb20947450e,2
theta,transition,offset,coherence,raw,Right ACC – Right PER,0.18926663468843086,,,1,,,0,2,2,6fb20947450e,2
theta,transition,offset,coherence,raw,Right ACC – Right RSC,0.14170987009901193,0.06441036041391988,2.2001098765531304,5,0.07908295426838563,0.6003859582223388,0,6,5,6fb20947450e,2
theta,transition,offset,coherence,raw,Right DHC – Left ACC,-0.0016743559383201397,0.06351170013320039,-0.02636295257107878,4,0.9802306479230706,0.9990030323276147,0,5,3,6fb20947450e,2
theta,transition,offset,coherence,raw,Right DHC – Left DHC,-0.09934930479027203,0.08788992233258495,-1.1303833494621094,4,0.3215019404058041,0.8616143422952313,0,5,4,6fb20947450e,2
theta,transition,offset,coherence,raw,Right DHC – Left OFC,-0.0024728361169308816,0.047240581408212114,-0.05234559023655483,4,0.960763202168214,0.9990030323276147,0,5,3,6fb20947450e,2
theta,transition,offset,coherence,raw,Right DHC – Left PER,-0.026774500000000007,,,,,,0,1,1,6fb20947450e,2
theta,transition,offset,coherence,raw,Right DHC – Left RSC,-0.1567321767257477,,,3,,,0,4,3,6fb20947450e,2
theta,transition,offset,coherence,raw,Right DHC – Right PER,0.02270666153846157,,,,,,0,1,1,6fb20947450e,2
theta,transition,offset,coherence,raw,Right DHC – Right RSC,-0.03899256748113629,,,2,,,0,3,3,6fb20947450e,2
theta,transition,offset,coherence,raw,Right OFC – Left ACC,-0.05548796522978677,0.04389126365858562,-1.264214347105787,7,0.2466195974928045,0.7826722076322231,0,8,5,6fb20947450e,2
theta,transition,offset,coherence,raw,Right OFC – Left DHC,0.02242703304176581,0.04447822060380435,0.5042250507622051,5,0.6355312775394076,0.9081674258941204,0,6,3,6fb20947450e,2
theta,transition,offset,coherence,raw,Right OFC – Left OFC,-0.09087052156856255,0.05161095001149831,-1.7606829858454005,7,0.12168090366346349,0.6677610566897386,0,8,6,6fb20947450e,2
theta,transition,offset,coherence,raw,Right OFC – Left PER,-0.032567691983864694,,,1,,,0,2,2,6fb20947450e,2
theta,transition,offset,coherence,raw,Right OFC – Left RSC,-0.0196654279459475,0.022420474525163464,-0.8771191672984505,6,0.41415806360496427,0.8616143422952313,0,7,6,6fb20947450e,2
theta,transition,offset,coherence,raw,Right OFC – Right DHC,0.021468523086145157,0.04911823583431179,0.4370784642706612,4,0.6846153763844379,0.9422412975281933,0,5,1,6fb20947450e,2
theta,transition,offset,coherence,raw,Right OFC – Right PER,-0.04524188028229341,,,1,,,0,2,1,6fb20947450e,2
theta,transition,offset,coherence,raw,Right OFC – Right RSC,-0.04747414307099467,0.03338037159393964,-1.4222173332430434,5,0.21423345233579041,0.7777834306372747,0,6,4,6fb20947450e,2
theta,transition,offset,coherence,raw,Right PER – Left ACC,0.02673024402274374,,,1,,,0,2,1,6fb20947450e,2
theta,transition,offset,coherence,raw,Right PER – Left DHC,0.0029271230769231105,,,,,,0,1,1,6fb20947450e,2
theta,transition,offset,coherence,raw,Right PER – Left OFC,-0.0525472648588194,,,1,,,0,2,2,6fb20947450e,2
theta,transition,offset,coherence,raw,Right PER – Left RSC,-0.038917102387986936,,,1,,,0,2,2,6fb20947450e,2
theta,transition,offset,coherence,raw,Right RSC – Left ACC,-0.009746843074807493,0.04417260172908618,-0.2206535882714267,5,0.8340892740637191,0.9811119533694201,0,6,4,6fb20947450e,2
theta,transition,offset,coherence,raw,Right RSC – Left DHC,0.00715466159531595,,,3,,,0,4,1,6fb20947450e,2
theta,transition,offset,coherence,raw,Right RSC – Left OFC,-0.04331559077134017,0.037291977364697866,-1.161525717655951,5,0.29785809300786575,0.8616143422952313,0,6,5,6fb20947450e,2
theta,transition,offset,coherence,raw,Right RSC – Left PER,0.0495081559194465,,,1,,,0,2,1,6fb20947450e,2
theta,transition,offset,coherence,raw,Right RSC – Left RSC,-0.03544581155281609,0.09759143425356959,-0.3632061750493189,5,0.731301033799322,0.945647888533606,0,6,3,6fb20947450e,2
theta,transition,offset,coherence,raw,Right RSC – Right PER,0.04688116210416162,,,1,,,0,2,1,6fb20947450e,2
theta,transition,offset,raw_cc,raw,Left DHC – Left ACC,0.09158913506477609,0.1107006319439117,0.8273587373121883,5,0.4457105662849636,0.8674998778966071,0,6,4,6fb20947450e,2
theta,transition,offset,raw_cc,raw,Left DHC – Left OFC,0.10662376263412794,0.09741037633081877,1.0945832122855093,5,0.3236035548209681,0.8616143422952313,0,6,3,6fb20947450e,2
theta,transition,offset,raw_cc,raw,Left OFC – Left ACC,-0.10938740587077499,0.08099394237596698,-1.3505628033638364,7,0.21886588791494796,0.7777834306372747,0,8,6,6fb20947450e,2
theta,transition,offset,raw_cc,raw,Left PER – Left ACC,0.26311468485465433,,,1,,,0,2,1,6fb20947450e,2
theta,transition,offset,raw_cc,raw,Left PER – Left DHC,0.3257542979133444,,,1,,,0,2,2,6fb20947450e,2
theta,transition,offset,raw_cc,raw,Left PER – Left OFC,-0.058343950268246424,,,1,,,0,2,2,6fb20947450e,2
theta,transition,offset,raw_cc,raw,Left PER – Left RSC,-0.06344180440773121,,,1,,,0,2,1,6fb20947450e,2
theta,transition,offset,raw_cc,raw,Left RSC – Left ACC,-0.030970919319679758,0.07605568020963967,-0.40721375753016215,6,0.6979805449689055,0.945647888533606,0,7,5,6fb20947450e,2
theta,transition,offset,raw_cc,raw,Left RSC – Left DHC,-0.12960807595796284,0.19065803601358375,-0.6797934074424679,4,0.533941780854018,0.9081674258941204,0,5,3,6fb20947450e,2
theta,transition,offset,raw_cc,raw,Left RSC – Left OFC,-0.03609273680866673,0.07838531682556987,-0.4604527770039326,6,0.6614071762785739,0.9301038416417446,0,7,4,6fb20947450e,2
theta,transition,offset,raw_cc,raw,Right ACC – Left ACC,0.4294225075929826,0.14356415305554093,2.9911541178865946,7,0.020193325929941195,0.3028998889491179,0,8,7,6fb20947450e,2
theta,transition,offset,raw_cc,raw,Right ACC – Left DHC,0.1178556370517012,0.11676521764126642,1.0093385635933538,5,0.3591336180136249,0.8616143422952313,0,6,3,6fb20947450e,2
theta,transition,offset,raw_cc,raw,Right ACC – Left OFC,0.14512997563466432,0.06900773141935844,2.103097329090746,7,0.07353412009408482,0.6003859582223388,0,8,7,6fb20947450e,2
theta,transition,offset,raw_cc,raw,Right ACC – Left PER,0.3629995795604905,,,1,,,0,2,2,6fb20947450e,2
theta,transition,offset,raw_cc,raw,Right ACC – Left RSC,-0.028853578663322398,0.05794379723016762,-0.49795802212803875,6,0.6362357325276258,0.9081674258941204,0,7,5,6fb20947450e,2
theta,transition,offset,raw_cc,raw,Right ACC – Right DHC,0.1292671709563404,0.06805640246807897,1.899412344297388,4,0.130327167425957,0.6803176622628686,0,5,4,6fb20947450e,2
theta,transition,offset,raw_cc,raw,Right ACC – Right OFC,-0.03953060637001069,0.10305753147054,-0.38357804428209985,7,0.7126753078566441,0.945647888533606,0,8,4,6fb20947450e,2
theta,transition,offset,raw_cc,raw,Right ACC – Right PER,0.2126257090825944,,,1,,,0,2,2,6fb20947450e,2
theta,transition,offset,raw_cc,raw,Right ACC – Right RSC,0.15700245733322604,0.1177216013116243,1.3336758554415193,5,0.23983463907566396,0.7826722076322231,0,6,5,6fb20947450e,2
theta,transition,offset,raw_cc,raw,Right DHC – Left ACC,-0.032420395921382794,0.14789433137458502,-0.21921324245530951,4,0.8372155335419051,0.9811119533694201,0,5,4,6fb20947450e,2
theta,transition,offset,raw_cc,raw,Right DHC – Left DHC,-0.1601453963589436,0.19815165482395466,-0.8081961086886846,4,0.464300577433606,0.8751166606991007,0,5,3,6fb20947450e,2
theta,transition,offset,raw_cc,raw,Right DHC – Left OFC,0.09558643341268297,0.08908135703109941,1.073023992880043,4,0.3436826652066323,0.8616143422952313,0,5,4,6fb20947450e,2
theta,transition,offset,raw_cc,raw,Right DHC – Left PER,-0.0759074375,,,,,,0,1,1,6fb20947450e,2
theta,transition,offset,raw_cc,raw,Right DHC – Left RSC,-0.18270425512654376,,,3,,,0,4,4,6fb20947450e,2
theta,transition,offset,raw_cc,raw,Right DHC – Right PER,-0.10429808205128208,,,,,,0,1,1,6fb20947450e,2
theta,transition,offset,raw_cc,raw,Right DHC – Right RSC,-0.10861430461272985,,,2,,,0,3,3,6fb20947450e,2
theta,transition,offset,raw_cc,raw,Right OFC – Left ACC,-0.17769659489808842,0.08890028212581183,-1.9988304946728055,7,0.0857671284583723,0.6225033517139924,0,8,5,6fb20947450e,2
theta,transition,offset,raw_cc,raw,Right OFC – Left DHC,0.10016801993568274,0.10156104093289987,0.9862839039023095,5,0.36928515654035404,0.8616143422952313,0,6,4,6fb20947450e,2
theta,transition,offset,raw_cc,raw,Right OFC – Left OFC,-0.21851299253941966,0.08563679873117419,-2.5516249530223836,7,0.03801334319224269,0.39263772974555644,0,8,7,6fb20947450e,2
theta,transition,offset,raw_cc,raw,Right OFC – Left PER,0.1199007364339073,,,1,,,0,2,2,6fb20947450e,2
theta,transition,offset,raw_cc,raw,Right OFC – Left RSC,-0.08208313675665582,0.05177264616852644,-1.5854537643191917,6,0.16395703933891512,0.7233398794363902,0,7,5,6fb20947450e,2
theta,transition,offset,raw_cc,raw,Right OFC – Right DHC,0.035133212648628044,0.13993701551194693,0.25106447011247424,4,0.8141341372856622,0.9811119533694201,0,5,3,6fb20947450e,2
theta,transition,offset,raw_cc,raw,Right OFC – Right PER,-0.20580520432022226,,,1,,,0,2,2,6fb20947450e,2
theta,transition,offset,raw_cc,raw,Right OFC – Right RSC,-0.07377806875792017,0.10417482934049939,-0.7082139632480102,5,0.5104528043790114,0.9081674258941204,0,6,5,6fb20947450e,2
theta,transition,offset,raw_cc,raw,Right PER – Left ACC,-0.028291002696928566,,,1,,,0,2,2,6fb20947450e,2
theta,transition,offset,raw_cc,raw,Right PER – Left DHC,-0.10756105128205126,,,,,,0,1,1,6fb20947450e,2
theta,transition,offset,raw_cc,raw,Right PER – Left OFC,-0.23064961063907338,,,1,,,0,2,2,6fb20947450e,2
theta,transition,offset,raw_cc,raw,Right PER – Left RSC,-0.06543763599143375,,,1,,,0,2,1,6fb20947450e,2
theta,transition,offset,raw_cc,raw,Right RSC – Left ACC,0.10740613468855838,0.13146818789710096,0.8169743297338535,5,0.4510999365062357,0.8674998778966071,0,6,3,6fb20947450e,2
theta,transition,offset,raw_cc,raw,Right RSC – Left DHC,-0.06401411166100561,,,3,,,0,4,2,6fb20947450e,2
theta,transition,offset,raw_cc,raw,Right RSC – Left OFC,-0.036798401736076035,0.05690324901415502,-0.6466836669892472,5,0.5463461538402243,0.9081674258941204,0,6,3,6fb20947450e,2
theta,transition,offset,raw_cc,raw,Right RSC – Left PER,-0.014364463396414942,,,1,,,0,2,1,6fb20947450e,2
theta,transition,offset,raw_cc,raw,Right RSC – Left RSC,-0.02082578139789448,0.184236822149183,-0.11303810581921087,5,0.9143986021988731,0.9987363373531382,0,6,2,6fb20947450e,2
theta,transition,offset,raw_cc,raw,Right RSC – Right PER,-0.031682172704446246,,,1,,,0,2,1,6fb20947450e,2
theta,transition,offset,amp_cc,raw,Left DHC – Left ACC,0.007774418135010836,0.10478693859556654,0.07419262590557031,5,0.9437338959733602,0.9990030323276147,0,6,3,6fb20947450e,2
theta,transition,offset,amp_cc,raw,Left DHC – Left OFC,-0.05372259711117278,0.06526892959645264,-0.823096034259042,5,0.44791696760878635,0.8674998778966071,0,6,4,6fb20947450e,2
theta,transition,offset,amp_cc,raw,Left OFC – Left ACC,-0.05880917784297476,0.06138354554534472,-0.9580609481010144,7,0.36994405935109265,0.8616143422952313,0,8,6,6fb20947450e,2
theta,transition,offset,amp_cc,raw,Left PER – Left ACC,0.2657674836231282,,,1,,,0,2,2,6fb20947450e,2
theta,transition,offset,amp_cc,raw,Left PER – Left DHC,0.21072713341295055,,,1,,,0,2,2,6fb20947450e,2
theta,transition,offset,amp_cc,raw,Left PER – Left OFC,-0.018888114871836476,,,1,,,0,2,1,6fb20947450e,2
theta,transition,offset,amp_cc,raw,Left PER – Left RSC,0.10051626778941783,,,1,,,0,2,2,6fb20947450e,2
theta,transition,offset,amp_cc,raw,Left RSC – Left ACC,0.08781277239134495,0.09343933839814042,0.939783755929211,6,0.3836045559746819,0.8616143422952313,0,7,4,6fb20947450e,2
theta,transition,offset,amp_cc,raw,Left RSC – Left DHC,0.02299587355045134,0.11399934621414658,0.2017193458921583,4,0.8499794550074758,0.9858009143127942,0,5,3,6fb20947450e,2
theta,transition,offset,amp_cc,raw,Left RSC – Left OFC,-0.04648167817556803,0.06995473706792943,-0.6644536184937995,6,0.5310917371925699,0.9081674258941204,0,7,4,6fb20947450e,2
theta,transition,offset,amp_cc,raw,Right ACC – Left ACC,0.3135941798036777,0.0978388599924703,3.2052108929704617,7,0.014957179443495283,0.2588742595989568,0,8,7,6fb20947450e,2
theta,transition,offset,amp_cc,raw,Right ACC – Left DHC,0.12365774480942454,0.08278138188729564,1.493786911866014,5,0.1954569338417421,0.7777834306372747,0,6,4,6fb20947450e,2
theta,transition,offset,amp_cc,raw,Right ACC – Left OFC,0.0610800429239124,0.05519774952619488,1.106567630894553,7,0.30505320413158205,0.8616143422952313,0,8,6,6fb20947450e,2
theta,transition,offset,amp_cc,raw,Right ACC – Left PER,0.5133660203174959,,,1,,,0,2,2,6fb20947450e,2
theta,transition,offset,amp_cc,raw,Right ACC – Left RSC,0.04079923763719356,0.04314367309375129,0.9456598085317569,6,0.3808308847932697,0.8616143422952313,0,7,5,6fb20947450e,2
theta,transition,offset,amp_cc,raw,Right ACC – Right DHC,0.025758425841339205,0.05574772538458765,0.4620533961455678,4,0.6680562193078246,0.9315959352342053,0,5,3,6fb20947450e,2
theta,transition,offset,amp_cc,raw,Right ACC – Right OFC,-0.023040396828340543,0.06403370107529859,-0.35981672840129686,7,0.729594890189491,0.945647888533606,0,8,5,6fb20947450e,2
theta,transition,offset,amp_cc,raw,Right ACC – Right PER,0.0922558922145412,,,1,,,0,2,2,6fb20947450e,2
theta,transition,offset,amp_cc,raw,Right ACC – Right RSC,0.13858886082368924,0.06727298720300472,2.0600967280593605,5,0.0944215891014836,0.64378356205557,0,6,5,6fb20947450e,2
theta,transition,offset,amp_cc,raw,Right DHC – Left ACC,0.05570271113369922,0.10162483161063851,0.5481210669761939,4,0.6127616976586104,0.9081674258941204,0,5,4,6fb20947450e,2
theta,transition,offset,amp_cc,raw,Right DHC – Left DHC,-0.11223531759723158,0.18450217442917682,-0.6083143352888469,4,0.5758284071451617,0.9081674258941204,0,5,3,6fb20947450e,2
theta,transition,offset,amp_cc,raw,Right DHC – Left OFC,0.01055158579200734,0.10695461605895801,0.09865479565828977,4,0.9261585497497219,0.9990030323276147,0,5,2,6fb20947450e,2
theta,transition,offset,amp_cc,raw,Right DHC – Left PER,-0.272398875,,,,,,0,1,1,6fb20947450e,2
theta,transition,offset,amp_cc,raw,Right DHC – Left RSC,-0.1463739828659743,,,3,,,0,4,3,6fb20947450e,2
theta,transition,offset,amp_cc,raw,Right DHC – Right PER,-0.09520285128205125,,,,,,0,1,1,6fb20947450e,2
theta,transition,offset,amp_cc,raw,Right DHC – Right RSC,-0.06263867013365317,,,2,,,0,3,2,6fb20947450e,2
theta,transition,offset,amp_cc,raw,Right OFC – Left ACC,0.0679830492513748,0.06223889070242496,1.0922921100315504,7,0.31086565939610566,0.8616143422952313,0,8,6,6fb20947450e,2
theta,transition,offset,amp_cc,raw,Right OFC – Left DHC,0.04768420676922169,0.09337412481664882,0.5106790222971866,5,0.6313166357529368,0.9081674258941204,0,6,3,6fb20947450e,2
theta,transition,offset,amp_cc,raw,Right OFC – Left OFC,-0.07458143984931112,0.08518976586522135,-0.8754741733567661,7,0.41034821031209323,0.8616143422952313,0,8,5,6fb20947450e,2
theta,transition,offset,amp_cc,raw,Right OFC – Left PER,0.009305829966427311,,,1,,,0,2,1,6fb20947450e,2
theta,transition,offset,amp_cc,raw,Right OFC – Left RSC,-0.006723231154944456,0.07591127658056315,-0.08856696208776337,6,0.9323082637261005,0.9990030323276147,0,7,3,6fb20947450e,2
theta,transition,offset,amp_cc,raw,Right OFC – Right DHC,0.050203806593829246,0.041267908445553725,1.2165338270066433,4,0.29065467058487726,0.8616143422952313,0,5,4,6fb20947450e,2
theta,transition,offset,amp_cc,raw,Right OFC – Right PER,-0.08382862216400683,,,1,,,0,2,1,6fb20947450e,2
theta,transition,offset,amp_cc,raw,Right OFC – Right RSC,0.041043059662194833,0.038380914290483556,1.0693611765358948,5,0.333790973048199,0.8616143422952313,0,6,4,6fb20947450e,2
theta,transition,offset,amp_cc,raw,Right PER – Left ACC,0.05750900551179877,,,1,,,0,2,2,6fb20947450e,2
theta,transition,offset,amp_cc,raw,Right PER – Left DHC,-0.0452471794871795,,,,,,0,1,1,6fb20947450e,2
theta,transition,offset,amp_cc,raw,Right PER – Left OFC,-0.02103644749802773,,,1,,,0,2,2,6fb20947450e,2
theta,transition,offset,amp_cc,raw,Right PER – Left RSC,-0.06376710120457707,,,1,,,0,2,2,6fb20947450e,2
theta,transition,offset,amp_cc,raw,Right RSC – Left ACC,0.05872482956139408,0.06976384345902518,0.8417659728837229,5,0.4383139782638885,0.8650933781524116,0,6,4,6fb20947450e,2
theta,transition,offset,amp_cc,raw,Right RSC – Left DHC,-0.021752661498642068,,,3,,,0,4,2,6fb20947450e,2
theta,transition,offset,amp_cc,raw,Right RSC – Left OFC,0.004303634538545796,0.07681963053788754,0.05602258834638938,5,0.9574935795543411,0.9990030323276147,0,6,3,6fb20947450e,2
theta,transition,offset,amp_cc,raw,Right RSC – Left PER,0.2586593726152728,,,1,,,0,2,2,6fb20947450e,2
theta,transition,offset,amp_cc,raw,Right RSC – Left RSC,-0.07333509226330066,0.12224611155121409,-0.5998971364629253,5,0.5747236825189328,0.9081674258941204,0,6,3,6fb20947450e,2
theta,transition,offset,amp_cc,raw,Right RSC – Right PER,0.031196312284668362,,,1,,,0,2,1,6fb20947450e,2
theta,transition,onset,coherence,minus_fp,Left DHC – Left ACC,-0.04175465543739394,0.04755318964565863,-0.8780621394385462,5,0.42009499812712053,0.8100076208898612,0,6,3,6fb20947450e,2
theta,transition,onset,coherence,minus_fp,Left DHC – Left OFC,-0.03196700586839163,0.02504367130305512,-1.2764504645328068,5,0.257867840573395,0.7535099237534271,0,6,4,6fb20947450e,2
theta,transition,onset,coherence,minus_fp,Left OFC – Left ACC,0.041913432442636775,0.043204055155442844,0.9701272783732321,7,0.3643015715114347,0.8033131643305162,0,8,5,6fb20947450e,2
theta,transition,onset,coherence,minus_fp,Left PER – Left ACC,0.013157218576129141,,,1,,,0,2,2,6fb20947450e,2
theta,transition,onset,coherence,minus_fp,Left PER – Left DHC,0.08376188710296179,,,1,,,0,2,2,6fb20947450e,2
theta,transition,onset,coherence,minus_fp,Left PER – Left OFC,-0.06166677660884028,,,1,,,0,2,2,6fb20947450e,2
theta,transition,onset,coherence,minus_fp,Left PER – Left RSC,0.15137521089877642,,,1,,,0,2,2,6fb20947450e,2
theta,transition,onset,coherence,minus_fp,Left RSC – Left ACC,-0.019947896651660423,0.03539728334760067,-0.5635431526135055,6,0.5934854065036224,0.8694321581375034,0,7,4,6fb20947450e,2
theta,transition,onset,coherence,minus_fp,Left RSC – Left DHC,0.16063099922024526,0.1486888786467913,1.0803161654196232,4,0.34078792950599635,0.8033131643305162,0,5,3,6fb20947450e,2
theta,transition,onset,coherence,minus_fp,Left RSC – Left OFC,-0.0261467533886492,0.019862194526241467,-1.3164080813982928,6,0.2360866064878102,0.7276641980788671,0,7,5,6fb20947450e,2
theta,transition,onset,coherence,minus_fp,Right ACC – Left ACC,0.13734464484679249,0.05137619223230005,2.6733130440220587,7,0.03184637592621195,0.32570157197262223,0,8,6,6fb20947450e,2
theta,transition,onset,coherence,minus_fp,Right ACC – Left DHC,0.016014515623024975,0.031824221635981385,0.503217825912779,5,0.6361904449453971,0.8694321581375034,0,6,4,6fb20947450e,2
theta,transition,onset,coherence,minus_fp,Right ACC – Left OFC,0.0877318819817548,0.03211638830474801,2.731685803188048,7,0.029267351883334486,0.32570157197262223,0,8,6,6fb20947450e,2
theta,transition,onset,coherence,minus_fp,Right ACC – Left PER,0.09715109322411507,,,1,,,0,2,2,6fb20947450e,2
theta,transition,onset,coherence,minus_fp,Right ACC – Left RSC,-0.025856503533519547,0.04647283769145661,-0.5563788401557607,6,0.5980738962605716,0.8694321581375034,0,7,3,6fb20947450e,2
theta,transition,onset,coherence,minus_fp,Right ACC – Right DHC,0.01999639902886917,0.03638825134293468,0.5495289905639219,4,0.6118810261163359,0.8694321581375034,0,5,3,6fb20947450e,2
theta,transition,onset,coherence,minus_fp,Right ACC – Right OFC,0.07986279112763393,0.024663388423426386,3.2381110720283957,7,0.014290361533940737,0.2810810787294185,0,8,6,6fb20947450e,2
theta,transition,onset,coherence,minus_fp,Right ACC – Right PER,0.0331381473185836,,,1,,,0,2,2,6fb20947450e,2
theta,transition,onset,coherence,minus_fp,Right ACC – Right RSC,0.0936283580292845,0.028262186447244507,3.3128490679252818,5,0.021173989130326476,0.29775922214521605,0,6,6,6fb20947450e,2
theta,transition,onset,coherence,minus_fp,Right DHC – Left ACC,-0.020738375184688823,0.04528344055317302,-0.4579681872965741,4,0.6707496445206335,0.8694321581375034,0,5,3,6fb20947450e,2
theta,transition,onset,coherence,minus_fp,Right DHC – Left DHC,0.045236166591390674,0.060981088796783475,0.7418064761378401,4,0.499396887910624,0.857742746411377,0,5,2,6fb20947450e,2
theta,transition,onset,coherence,minus_fp,Right DHC – Left OFC,0.008640589360496989,0.031059406197336527,0.27819557481552737,4,0.7946504767447019,0.9032070731396954,0,5,2,6fb20947450e,2
theta,transition,onset,coherence,minus_fp,Right DHC – Left PER,-0.022548099999999974,,,,,,0,1,1,6fb20947450e,2
theta,transition,onset,coherence,minus_fp,Right DHC – Left RSC,0.004338181847251532,,,3,,,0,4,2,6fb20947450e,2
theta,transition,onset,coherence,minus_fp,Right DHC – Right PER,0.026439470238095144,,,,,,0,1,1,6fb20947450e,2
theta,transition,onset,coherence,minus_fp,Right DHC – Right RSC,0.10318538921655816,,,2,,,0,3,2,6fb20947450e,2
theta,transition,onset,coherence,minus_fp,Right OFC – Left ACC,0.027829215457272415,0.02113329595763469,1.31684217705846,7,0.22936264019389527,0.7267550631952974,0,8,5,6fb20947450e,2
theta,transition,onset,coherence,minus_fp,Right OFC – Left DHC,-0.025774012907266598,0.018422093731212296,-1.3990816290114758,5,0.22066252546323403,0.7195517134670675,0,6,5,6fb20947450e,2
theta,transition,onset,coherence,minus_fp,Right OFC – Left OFC,0.038251388579429786,0.03836880348990752,0.9969398339328299,7,0.35199998218157363,0.8033131643305162,0,8,5,6fb20947450e,2
theta,transition,onset,coherence,minus_fp,Right OFC – Left PER,0.0023318400837461606,,,1,,,0,2,1,6fb20947450e,2
theta,transition,onset,coherence,minus_fp,Right OFC – Left RSC,-0.005229046970130042,0.013896247888090223,-0.37629200430510423,6,0.7196467816593652,0.8993008655209715,0,7,4,6fb20947450e,2
theta,transition,onset,coherence,minus_fp,Right OFC – Right DHC,-0.00028388908589563555,0.018740361659919477,-0.015148538275160233,4,0.9886391394264556,0.9970098920308076,0,5,3,6fb20947450e,2
theta,transition,onset,coherence,minus_fp,Right OFC – Right PER,0.01905057583376924,,,1,,,0,2,1,6fb20947450e,2
theta,transition,onset,coherence,minus_fp,Right OFC – Right RSC,0.025767573752189445,0.016271518803233385,1.5835997895334182,5,0.17413507713858473,0.6347564720710605,0,6,4,6fb20947450e,2
theta,transition,onset,coherence,minus_fp,Right PER – Left ACC,-0.08915779902285509,,,1,,,0,2,2,6fb20947450e,2
theta,transition,onset,coherence,minus_fp,Right PER – Left DHC,0.07982589999999998,,,,,,0,1,1,6fb20947450e,2
theta,transition,onset,coherence,minus_fp,Right PER – Left OFC,-0.007254405177491785,,,1,,,0,2,1,6fb20947450e,2
theta,transition,onset,coherence,minus_fp,Right PER – Left RSC,-0.06156313081973892,,,1,,,0,2,2,6fb20947450e,2
theta,transition,onset,coherence,minus_fp,Right RSC – Left ACC,0.025752211035819494,0.032576776702635674,0.7905082590241647,5,0.4650552487026212,0.8370994476647182,0,6,3,6fb20947450e,2
theta,transition,onset,coherence,minus_fp,Right RSC – Left DHC,0.12514754157258068,,,3,,,0,4,4,6fb20947450e,2
theta,transition,onset,coherence,minus_fp,Right RSC – Left OFC,0.03451890504509424,0.02744178811365712,1.2578956189780874,5,0.2639769033668414,0.7614718366351193,0,6,4,6fb20947450e,2
theta,transition,onset,coherence,minus_fp,Right RSC – Left PER,0.009581507440937422,,,1,,,0,2,1,6fb20947450e,2
theta,transition,onset,coherence,minus_fp,Right RSC – Left RSC,0.0701739907631685,0.13115259180040298,0.5350560732338717,5,0.6155413193066596,0.8694321581375034,0,6,3,6fb20947450e,2
theta,transition,onset,coherence,minus_fp,Right RSC – Right PER,0.002226528712354186,,,1,,,0,2,1,6fb20947450e,2
theta,transition,onset,raw_cc,minus_fp,Left DHC – Left ACC,-0.04331219679110545,0.1381183336840181,-0.31358760010958037,5,0.7664945395704204,0.9032070731396954,0,6,2,6fb20947450e,2
theta,transition,onset,raw_cc,minus_fp,Left DHC – Left OFC,-0.07552035787327722,0.08397702426222273,-0.8992978560119121,5,0.4097110707432824,0.8100076208898612,0,6,4,6fb20947450e,2
theta,transition,onset,raw_cc,minus_fp,Left OFC – Left ACC,0.10121202683835616,0.08130443477996357,1.2448524746807361,7,0.2532436159414754,0.7497343893004205,0,8,4,6fb20947450e,2
theta,transition,onset,raw_cc,minus_fp,Left PER – Left ACC,-0.19989880600932344,,,1,,,0,2,2,6fb20947450e,2
theta,transition,onset,raw_cc,minus_fp,Left PER – Left DHC,0.08439254213248694,,,1,,,0,2,1,6fb20947450e,2
theta,transition,onset,raw_cc,minus_fp,Left PER – Left OFC,0.09845837756333121,,,1,,,0,2,1,6fb20947450e,2
theta,transition,onset,raw_cc,minus_fp,Left PER – Left RSC,0.40111357784704355,,,1,,,0,2,2,6fb20947450e,2
theta,transition,onset,raw_cc,minus_fp,Left RSC – Left ACC,-0.20499208822427387,0.03705899559535278,-5.531506856326673,6,0.0014711113556319401,0.15184266515633912,2,7,7,6fb20947450e,2
theta,transition,onset,raw_cc,minus_fp,Left RSC – Left DHC,0.1680320052234099,0.24220342335681086,0.6937639563247106,4,0.5260121944301053,0.8675624411515186,0,5,3,6fb20947450e,2
theta,transition,onset,raw_cc,minus_fp,Left RSC – Left OFC,-0.04258861152396322,0.023846702939111702,-1.7859329079036894,6,0.1243511230534549,0.5514080699828795,0,7,6,6fb20947450e,2
theta,transition,onset,raw_cc,minus_fp,Right ACC – Left ACC,0.22876204115598206,0.06097857483225364,3.7515150491018368,7,0.007153938333346774,0.2800314491423165,2,8,8,6fb20947450e,2
theta,transition,onset,raw_cc,minus_fp,Right ACC – Left DHC,0.025222664126446595,0.12435587602825092,0.20282647617484967,5,0.8472660119783387,0.9281559829964795,0,6,3,6fb20947450e,2
theta,transition,onset,raw_cc,minus_fp,Right ACC – Left OFC,0.039294291588321165,0.03801482501646751,1.0336570422538947,7,0.33568044434414607,0.8033131643305162,0,8,6,6fb20947450e,2
theta,transition,onset,raw_cc,minus_fp,Right ACC – Left PER,0.14076932286446484,,,1,,,0,2,1,6fb20947450e,2
theta,transition,onset,raw_cc,minus_fp,Right ACC – Left RSC,-0.07349365274702495,0.11104996584919896,-0.6618070720240126,6,0.5326733307583034,0.8684891262363642,0,7,4,6fb20947450e,2
theta,transition,onset,raw_cc,minus_fp,Right ACC – Right DHC,-0.062338042019913546,0.12046432465283471,-0.5174813555761435,4,0.6321211365833423,0.8694321581375034,0,5,3,6fb20947450e,2
theta,transition,onset,raw_cc,minus_fp,Right ACC – Right OFC,0.15130203083978844,0.07351939148080769,2.0579880735178007,7,0.07859817486178174,0.5100549641007289,0,8,5,6fb20947450e,2
theta,transition,onset,raw_cc,minus_fp,Right ACC – Right PER,0.24074538020002523,,,1,,,0,2,2,6fb20947450e,2
theta,transition,onset,raw_cc,minus_fp,Right ACC – Right RSC,0.08190165360558974,0.0878273494429602,0.9325301756804248,5,0.393867801029606,0.8100076208898612,0,6,4,6fb20947450e,2
theta,transition,onset,raw_cc,minus_fp,Right DHC – Left ACC,-0.062081125820887095,0.1504715740429366,-0.4125771011285656,4,0.7010714946363047,0.8911925779275061,0,5,3,6fb20947450e,2
theta,transition,onset,raw_cc,minus_fp,Right DHC – Left DHC,0.0831737368250842,0.2700568530873124,0.3079860254395884,4,0.773464346770331,0.9032070731396954,0,5,2,6fb20947450e,2
theta,transition,onset,raw_cc,minus_fp,Right DHC – Left OFC,0.07540865887419745,0.07961641381142585,0.9471496550046249,4,0.39719451263720507,0.8100076208898612,0,5,3,6fb20947450e,2
theta,transition,onset,raw_cc,minus_fp,Right DHC – Left PER,-0.21509153333333336,,,,,,0,1,1,6fb20947450e,2
theta,transition,onset,raw_cc,minus_fp,Right DHC – Left RSC,-0.17110476052424964,,,3,,,0,4,2,6fb20947450e,2
theta,transition,onset,raw_cc,minus_fp,Right DHC – Right PER,-0.34604719999999994,,,,,,0,1,1,6fb20947450e,2
theta,transition,onset,raw_cc,minus_fp,Right DHC – Right RSC,0.1648620452673282,,,2,,,0,3,2,6fb20947450e,2
theta,transition,onset,raw_cc,minus_fp,Right OFC – Left ACC,-0.08646759108583407,0.046612684529859616,-1.8550227681146279,7,0.1059829778396663,0.5419584094073845,0,8,5,6fb20947450e,2
theta,transition,onset,raw_cc,minus_fp,Right OFC – Left DHC,-0.13140322731528065,0.048558178547051134,-2.7060987715582376,5,0.042473524106740074,0.35102321378092805,0,6,6,6fb20947450e,2
theta,transition,onset,raw_cc,minus_fp,Right OFC – Left OFC,-0.018121155282161076,0.06896329939216704,-0.2627652018084753,7,0.8002973461105,0.9032070731396954,0,8,5,6fb20947450e,2
theta,transition,onset,raw_cc,minus_fp,Right OFC – Left PER,0.15411421141949141,,,1,,,0,2,2,6fb20947450e,2
theta,transition,onset,raw_cc,minus_fp,Right OFC – Left RSC,0.07352752552142759,0.06341543701091137,1.1594578384562155,6,0.2903213879468054,0.8033131643305162,0,7,5,6fb20947450e,2
theta,transition,onset,raw_cc,minus_fp,Right OFC – Right DHC,-0.07134801913891567,0.050209338609095724,-1.421010933730773,4,0.22835702510492129,0.7267550631952974,0,5,3,6fb20947450e,2
theta,transition,onset,raw_cc,minus_fp,Right OFC – Right PER,-0.03627289523800027,,,1,,,0,2,1,6fb20947450e,2
theta,transition,onset,raw_cc,minus_fp,Right OFC – Right RSC,-0.04031822588968548,0.0503727395646576,-0.8003977198407818,5,0.45980371797596503,0.8370994476647182,0,6,4,6fb20947450e,2
theta,transition,onset,raw_cc,minus_fp,Right PER – Left ACC,-0.3803694522112722,,,1,,,0,2,2,6fb20947450e,2
theta,transition,onset,raw_cc,minus_fp,Right PER – Left DHC,0.1196512166666666,,,,,,0,1,1,6fb20947450e,2
theta,transition,onset,raw_cc,minus_fp,Right PER – Left OFC,-0.23948465455048248,,,1,,,0,2,2,6fb20947450e,2
theta,transition,onset,raw_cc,minus_fp,Right PER – Left RSC,0.037927567438825055,,,1,,,0,2,1,6fb20947450e,2
theta,transition,onset,raw_cc,minus_fp,Right RSC – Left ACC,-0.07935825371773954,0.06990644327022093,-1.135206570458505,5,0.3077586858779461,0.8033131643305162,0,6,4,6fb20947450e,2
theta,transition,onset,raw_cc,minus_fp,Right RSC – Left DHC,0.12703838861919123,,,3,,,0,4,3,6fb20947450e,2
theta,transition,onset,raw_cc,minus_fp,Right RSC – Left OFC,0.03204082636799083,0.06060344631993101,0.5286964407740847,5,0.6196347752846699,0.8694321581375034,0,6,4,6fb20947450e,2
theta,transition,onset,raw_cc,minus_fp,Right RSC – Left PER,0.0836388751605215,,,1,,,0,2,1,6fb20947450e,2
theta,transition,onset,raw_cc,minus_fp,Right RSC – Left RSC,0.07614414609816836,0.17441627070306182,0.43656561277933387,5,0.6806347975516182,0.8751018825663662,0,6,3,6fb20947450e,2
theta,transition,onset,raw_cc,minus_fp,Right RSC – Right PER,-0.0801654724970459,,,1,,,0,2,1,6fb20947450e,2
theta,transition,onset,amp_cc,minus_fp,Left DHC – Left ACC,-0.10901985703479172,0.12415118886241581,-0.8781217323307905,5,0.420065573914751,0.8100076208898612,0,6,3,6fb20947450e,2
theta,transition,onset,amp_cc,minus_fp,Left DHC – Left OFC,-0.11355792460290823,0.10557746589191035,-1.0755886556243757,5,0.33125047860852874,0.8033131643305162,0,6,4,6fb20947450e,2
theta,transition,onset,amp_cc,minus_fp,Left OFC – Left ACC,0.016376568141056962,0.059663126902795204,0.2744839064123829,7,0.7916368609391488,0.9032070731396954,0,8,4,6fb20947450e,2
theta,transition,onset,amp_cc,minus_fp,Left PER – Left ACC,0.07403447987289567,,,1,,,0,2,2,6fb20947450e,2
theta,transition,onset,amp_cc,minus_fp,Left PER – Left DHC,0.06867343665667354,,,1,,,0,2,2,6fb20947450e,2
theta,transition,onset,amp_cc,minus_fp,Left PER – Left OFC,0.015638305450902258,,,1,,,0,2,1,6fb20947450e,2
theta,transition,onset,amp_cc,minus_fp,Left PER – Left RSC,0.05447419474817914,,,1,,,0,2,1,6fb20947450e,2
theta,transition,onset,amp_cc,minus_fp,Left RSC – Left ACC,0.03766830367093567,0.08355283435801475,0.45083214663348353,6,0.6679448273097909,0.8694321581375034,0,7,3,6fb20947450e,2
theta,transition,onset,amp_cc,minus_fp,Left RSC – Left DHC,0.1812609821189562,0.17615620435426949,1.0289786998045236,4,0.36163923327557007,0.8033131643305162,0,5,4,6fb20947450e,2
theta,transition,onset,amp_cc,minus_fp,Left RSC – Left OFC,0.013137250891273928,0.10262460774768371,0.12801267824159301,6,0.9023217923479977,0.9621914847312772,0,7,4,6fb20947450e,2
theta,transition,onset,amp_cc,minus_fp,Right ACC – Left ACC,0.2227148972046597,0.10523189376584467,2.1164201197426964,7,0.07210163918197662,0.5069646504982731,0,8,6,6fb20947450e,2
theta,transition,onset,amp_cc,minus_fp,Right ACC – Left DHC,-0.06418547372253258,0.060415669347943936,-1.062397792083999,5,0.33665131241078466,0.8033131643305162,0,6,4,6fb20947450e,2
theta,transition,onset,amp_cc,minus_fp,Right ACC – Left OFC,0.06097932508211055,0.058038052030964224,1.0506783558065855,7,0.3283199199114414,0.8033131643305162,0,8,6,6fb20947450e,2
theta,transition,onset,amp_cc,minus_fp,Right ACC – Left PER,0.2638499356930663,,,1,,,0,2,2,6fb20947450e,2
theta,transition,onset,amp_cc,minus_fp,Right ACC – Left RSC,-0.06267510598943388,0.09728386521613161,-0.6442497514895316,6,0.5432418165883177,0.8694321581375034,0,7,4,6fb20947450e,2
theta,transition,onset,amp_cc,minus_fp,Right ACC – Right DHC,-0.08879478120474926,0.09322666744854569,-0.9524611748431049,4,0.3947986160603484,0.8100076208898612,0,5,4,6fb20947450e,2
theta,transition,onset,amp_cc,minus_fp,Right ACC – Right OFC,0.0770751169853516,0.06411454354100672,1.2021471686225995,7,0.26839059841989704,0.7644036030946435,0,8,5,6fb20947450e,2
theta,transition,onset,amp_cc,minus_fp,Right ACC – Right PER,0.19609430070426193,,,1,,,0,2,2,6fb20947450e,2
theta,transition,onset,amp_cc,minus_fp,Right ACC – Right RSC,0.14027011889077046,0.09048246925564922,1.5502463631319696,5,0.1817743941264866,0.6491942647374521,0,6,5,6fb20947450e,2
theta,transition,onset,amp_cc,minus_fp,Right DHC – Left ACC,-0.26482431983894095,0.09211477631310526,-2.874938532540996,4,0.04524299199843073,0.35102321378092805,0,5,4,6fb20947450e,2
theta,transition,onset,amp_cc,minus_fp,Right DHC – Left DHC,-0.11690438496238009,0.06536845654050391,-1.7883913916484053,4,0.14822805367864647,0.6110687920722975,0,5,5,6fb20947450e,2
theta,transition,onset,amp_cc,minus_fp,Right DHC – Left OFC,-0.18910583788507948,0.08036266576492762,-2.3531553624445625,4,0.07824523769983924,0.5100549641007289,0,5,4,6fb20947450e,2
theta,transition,onset,amp_cc,minus_fp,Right DHC – Left PER,0.06381237500000002,,,,,,0,1,1,6fb20947450e,2
theta,transition,onset,amp_cc,minus_fp,Right DHC – Left RSC,-0.19110217875410748,,,3,,,0,4,3,6fb20947450e,2
theta,transition,onset,amp_cc,minus_fp,Right DHC – Right PER,-0.06535214523809518,,,,,,0,1,1,6fb20947450e,2
theta,transition,onset,amp_cc,minus_fp,Right DHC – Right RSC,-0.04645605697559515,,,2,,,0,3,2,6fb20947450e,2
theta,transition,onset,amp_cc,minus_fp,Right OFC – Left ACC,0.0019840061158406712,0.04568291545208563,0.0434299364698295,7,0.9665717006918466,0.9840662111116085,0,8,3,6fb20947450e,2
theta,transition,onset,amp_cc,minus_fp,Right OFC – Left DHC,-0.1299876030382773,0.07060683987703702,-1.8410058184823577,5,0.12498582919611935,0.5514080699828795,0,6,5,6fb20947450e,2
theta,transition,onset,amp_cc,minus_fp,Right OFC – Left OFC,0.09598062411948964,0.09744168040752474,0.9850058385495344,7,0.3574350741390246,0.8033131643305162,0,8,4,6fb20947450e,2
theta,transition,onset,amp_cc,minus_fp,Right OFC – Left PER,-0.1429027561661764,,,1,,,0,2,2,6fb20947450e,2
theta,transition,onset,amp_cc,minus_fp,Right OFC – Left RSC,-0.08013922695177222,0.06967098407833537,-1.1502525479138743,6,0.2938117013907945,0.8033131643305162,0,7,4,6fb20947450e,2
theta,transition,onset,amp_cc,minus_fp,Right OFC – Right DHC,-0.10994805912739065,0.09100097463793666,-1.208207489698196,4,0.29351047970931915,0.8033131643305162,0,5,3,6fb20947450e,2
theta,transition,onset,amp_cc,minus_fp,Right OFC – Right PER,0.020014855309757582,,,1,,,0,2,1,6fb20947450e,2
theta,transition,onset,amp_cc,minus_fp,Right OFC – Right RSC,0.0547914516431106,0.0726075816381692,0.7546243850422804,5,0.48447915104451467,0.8516235076954359,0,6,2,6fb20947450e,2
theta,transition,onset,amp_cc,minus_fp,Right PER – Left ACC,-0.05280409034575731,,,1,,,0,2,1,6fb20947450e,2
theta,transition,onset,amp_cc,minus_fp,Right PER – Left DHC,-0.12381134166666669,,,,,,0,1,1,6fb20947450e,2
theta,transition,onset,amp_cc,minus_fp,Right PER – Left OFC,-0.07875228939819555,,,1,,,0,2,1,6fb20947450e,2
theta,transition,onset,amp_cc,minus_fp,Right PER – Left RSC,0.005456848495048375,,,1,,,0,2,1,6fb20947450e,2
theta,transition,onset,amp_cc,minus_fp,Right RSC – Left ACC,0.06504314006368973,0.11192884596922924,0.5811115043710089,5,0.586374399813774,0.8694321581375034,0,6,3,6fb20947450e,2
theta,transition,onset,amp_cc,minus_fp,Right RSC – Left DHC,-0.06776876552054736,,,3,,,0,4,2,6fb20947450e,2
theta,transition,onset,amp_cc,minus_fp,Right RSC – Left OFC,0.05070464566313296,0.09570549946052231,0.5297986630752414,5,0.618924190556928,0.8694321581375034,0,6,3,6fb20947450e,2
theta,transition,onset,amp_cc,minus_fp,Right RSC – Left PER,-0.11622846689282641,,,1,,,0,2,2,6fb20947450e,2
theta,transition,onset,amp_cc,minus_fp,Right RSC – Left RSC,0.06666935876466897,0.11205155340220374,0.5949882597821956,5,0.5777541243641702,0.8694321581375034,0,6,3,6fb20947450e,2
theta,transition,onset,amp_cc,minus_fp,Right RSC – Right PER,0.0845825223752035,,,1,,,0,2,1,6fb20947450e,2
theta,transition,switch,coherence,minus_fp,Left DHC – Left ACC,-0.01641265097527809,0.03657040650882506,-0.4487959676170796,5,0.6723608689596693,0.8694321581375034,0,6,2,6fb20947450e,2
theta,transition,switch,coherence,minus_fp,Left DHC – Left OFC,-0.018339835872635272,0.020944877441139986,-0.8756239287708657,5,0.4213002464153709,0.8100076208898612,0,6,4,6fb20947450e,2
theta,transition,switch,coherence,minus_fp,Left OFC – Left ACC,0.04960745556930069,0.044353978917480635,1.118444315031894,7,0.30028502865709655,0.8033131643305162,0,8,5,6fb20947450e,2
theta,transition,switch,coherence,minus_fp,Left PER – Left ACC,0.04927306130248784,,,1,,,0,2,1,6fb20947450e,2
theta,transition,switch,coherence,minus_fp,Left PER – Left DHC,0.17398446091815523,,,1,,,0,2,2,6fb20947450e,2
theta,transition,switch,coherence,minus_fp,Left PER – Left OFC,-0.022564048091887553,,,1,,,0,2,1,6fb20947450e,2
theta,transition,switch,coherence,minus_fp,Left PER – Left RSC,0.22543726198997635,,,1,,,0,2,2,6fb20947450e,2
theta,transition,switch,coherence,minus_fp,Left RSC – Left ACC,-0.01582875449196048,0.03423038375425103,-0.4624182599178347,6,0.6600755314510388,0.8694321581375034,0,7,4,6fb20947450e,2
theta,transition,switch,coherence,minus_fp,Left RSC – Left DHC,0.15191211057608042,0.16678488039020992,0.9108266302117245,4,0.4139105866177894,0.8100076208898612,0,5,3,6fb20947450e,2
theta,transition,switch,coherence,minus_fp,Left RSC – Left OFC,0.015860083112782045,0.016189736113814038,0.9796381485952255,6,0.3650975534762918,0.8033131643305162,0,7,5,6fb20947450e,2
theta,transition,switch,coherence,minus_fp,Right ACC – Left ACC,0.1181591987710316,0.03688343222386101,3.2035846895666844,7,0.014990990865568989,0.2810810787294185,0,8,6,6fb20947450e,2
theta,transition,switch,coherence,minus_fp,Right ACC – Left DHC,0.034172255404584156,0.03825895827448625,0.8931831117673846,5,0.4126802681343218,0.8100076208898612,0,6,3,6fb20947450e,2
theta,transition,switch,coherence,minus_fp,Right ACC – Left OFC,0.07435216726075386,0.0299476963679311,2.482734109070653,7,0.042041445631888566,0.35102321378092805,0,8,6,6fb20947450e,2
theta,transition,switch,coherence,minus_fp,Right ACC – Left PER,0.117187440344344,,,1,,,0,2,2,6fb20947450e,2
theta,transition,switch,coherence,minus_fp,Right ACC – Left RSC,-0.021130911503626275,0.03580934085731499,-0.5900949584027245,6,0.5766596113527287,0.8694321581375034,0,7,5,6fb20947450e,2
theta,transition,switch,coherence,minus_fp,Right ACC – Right DHC,0.04581557183435667,0.04288674021603763,1.0682922414612384,4,0.3455728043525191,0.8033131643305162,0,5,4,6fb20947450e,2
theta,transition,switch,coherence,minus_fp,Right ACC – Right OFC,0.09038139296221322,0.025803301565639165,3.5027065328170695,7,0.009956673747282364,0.2800314491423165,2,8,7,6fb20947450e,2
theta,transition,switch,coherence,minus_fp,Right ACC – Right PER,0.041564209227184415,,,1,,,0,2,1,6fb20947450e,2
theta,transition,switch,coherence,minus_fp,Right ACC – Right RSC,0.085339733494176,0.040231836106305624,2.1211990740039957,5,0.08737273238003213,0.5125188827252708,0,6,5,6fb20947450e,2
theta,transition,switch,coherence,minus_fp,Right DHC – Left ACC,-0.005634419499658885,0.048437404717489974,-0.11632372817085278,4,0.913002271089531,0.9644390187565469,0,5,3,6fb20947450e,2
theta,transition,switch,coherence,minus_fp,Right DHC – Left DHC,0.05824932571084965,0.05812683734920004,1.0021072600408956,4,0.37299721972426253,0.8033131643305162,0,5,2,6fb20947450e,2
theta,transition,switch,coherence,minus_fp,Right DHC – Left OFC,-0.005754186585692275,0.024598271463061046,-0.23392646082198393,4,0.8265269680631118,0.9206364743277236,0,5,4,6fb20947450e,2
theta,transition,switch,coherence,minus_fp,Right DHC – Left PER,0.004194804487179474,,,,,,0,1,1,6fb20947450e,2
theta,transition,switch,coherence,minus_fp,Right DHC – Left RSC,0.004686331896546423,,,3,,,0,4,2,6fb20947450e,2
theta,transition,switch,coherence,minus_fp,Right DHC – Right PER,0.12684766071428574,,,,,,0,1,1,6fb20947450e,2
theta,transition,switch,coherence,minus_fp,Right DHC – Right RSC,0.059467140665827575,,,2,,,0,3,2,6fb20947450e,2
theta,transition,switch,coherence,minus_fp,Right OFC – Left ACC,0.08106572126570352,0.026858356507667828,3.018268122346204,7,0.019433788787424622,0.29775922214521605,0,8,7,6fb20947450e,2
theta,transition,switch,coherence,minus_fp,Right OFC – Left DHC,-0.01990915745281279,0.020444791364480148,-0.973800959759465,5,0.3748794766875742,0.8033131643305162,0,6,5,6fb20947450e,2
theta,transition,switch,coherence,minus_fp,Right OFC – Left OFC,0.07001330609180623,0.03688621279148118,1.898088765241188,7,0.09948522265606057,0.5329565499431816,0,8,7,6fb20947450e,2
theta,transition,switch,coherence,minus_fp,Right OFC – Left PER,0.031696095405490086,,,1,,,0,2,1,6fb20947450e,2
theta,transition,switch,coherence,minus_fp,Right OFC – Left RSC,0.007424461041608492,0.015262956777377412,0.48643661578161235,6,0.6439139907648672,0.8694321581375034,0,7,3,6fb20947450e,2
theta,transition,switch,coherence,minus_fp,Right OFC – Right DHC,0.0344783588254025,0.02093448652644553,1.6469646285256456,4,0.17491067230402554,0.6347564720710605,0,5,4,6fb20947450e,2
theta,transition,switch,coherence,minus_fp,Right OFC – Right PER,-0.012835559534608142,,,1,,,0,2,1,6fb20947450e,2
theta,transition,switch,coherence,minus_fp,Right OFC – Right RSC,0.03111907247823889,0.023942438489914994,1.2997453242428432,5,0.250381366521008,0.7497343893004205,0,6,4,6fb20947450e,2
theta,transition,switch,coherence,minus_fp,Right PER – Left ACC,-0.02515589012762082,,,1,,,0,2,1,6fb20947450e,2
theta,transition,switch,coherence,minus_fp,Right PER – Left DHC,0.18875894999999998,,,,,,0,1,1,6fb20947450e,2
theta,transition,switch,coherence,minus_fp,Right PER – Left OFC,-0.04281643213891793,,,1,,,0,2,2,6fb20947450e,2
theta,transition,switch,coherence,minus_fp,Right PER – Left RSC,-0.0534509753395914,,,1,,,0,2,2,6fb20947450e,2
theta,transition,switch,coherence,minus_fp,Right RSC – Left ACC,8.741215697276321e-05,0.0369758000667402,0.0023640369326691215,5,0.9982051935368587,0.9982051935368587,0,6,3,6fb20947450e,2
theta,transition,switch,coherence,minus_fp,Right RSC – Left DHC,0.11709798904242173,,,3,,,0,4,3,6fb20947450e,2
theta,transition,switch,coherence,minus_fp,Right RSC – Left OFC,0.014138028483055993,0.027389569427246494,0.5161829403930613,5,0.6277348961878224,0.8694321581375034,0,6,4,6fb20947450e,2
theta,transition,switch,coherence,minus_fp,Right RSC – Left PER,0.05840680873431019,,,1,,,0,2,1,6fb20947450e,2
theta,transition,switch,coherence,minus_fp,Right RSC – Left RSC,0.09773563002925502,0.1543542077875549,0.6331905778932393,5,0.5544353941262878,0.8694321581375034,0,6,3,6fb20947450e,2
theta,transition,switch,coherence,minus_fp,Right RSC – Right PER,0.058281860731336295,,,1,,,0,2,2,6fb20947450e,2
theta,transition,switch,raw_cc,minus_fp,Left DHC – Left ACC,-0.19357229421895653,0.11838425181119085,-1.6351186180378272,5,0.162951677885946,0.6110687920722975,0,6,5,6fb20947450e,2
theta,transition,switch,raw_cc,minus_fp,Left DHC – Left OFC,-0.15033421820633813,0.05021792426257663,-2.9936366429699306,5,0.030320228524608264,0.32570157197262223,0,6,5,6fb20947450e,2
theta,transition,switch,raw_cc,minus_fp,Left OFC – Left ACC,0.0736207404284037,0.07890391917077655,0.9330428856019416,7,0.38185441937323894,0.8100076208898612,0,8,5,6fb20947450e,2
theta,transition,switch,raw_cc,minus_fp,Left PER – Left ACC,-0.3321128622906658,,,1,,,0,2,2,6fb20947450e,2
theta,transition,switch,raw_cc,minus_fp,Left PER – Left DHC,0.23591380789591773,,,1,,,0,2,1,6fb20947450e,2
theta,transition,switch,raw_cc,minus_fp,Left PER – Left OFC,0.008347155184113926,,,1,,,0,2,1,6fb20947450e,2
theta,transition,switch,raw_cc,minus_fp,Left PER – Left RSC,0.4747233394517683,,,1,,,0,2,2,6fb20947450e,2
theta,transition,switch,raw_cc,minus_fp,Left RSC – Left ACC,-0.08132089799393132,0.058255510756765966,-1.3959348555619087,6,0.21220131118158286,0.7041655090090729,0,7,6,6fb20947450e,2
theta,transition,switch,raw_cc,minus_fp,Left RSC – Left DHC,0.1204347435642915,0.28306561503182154,0.42546581841370074,4,0.6923893574955687,0.8851568490710395,0,5,3,6fb20947450e,2
theta,transition,switch,raw_cc,minus_fp,Left RSC – Left OFC,0.09780186358816446,0.07720552613007096,1.2667728398533817,6,0.25218772162789566,0.7497343893004205,0,7,5,6fb20947450e,2
theta,transition,switch,raw_cc,minus_fp,Right ACC – Left ACC,0.21128970049751816,0.0704014137791465,3.001213884146514,7,0.019907914386741835,0.29775922214521605,0,8,7,6fb20947450e,2
theta,transition,switch,raw_cc,minus_fp,Right ACC – Left DHC,-0.08782891250025324,0.14605700140110306,-0.6013331210261991,5,0.5738390768008667,0.8694321581375034,0,6,3,6fb20947450e,2
theta,transition,switch,raw_cc,minus_fp,Right ACC – Left OFC,0.19776066031879108,0.0978465628355598,2.0211303758431063,7,0.08299180582005973,0.5100549641007289,0,8,6,6fb20947450e,2
theta,transition,switch,raw_cc,minus_fp,Right ACC – Left PER,0.03446206623080471,,,1,,,0,2,1,6fb20947450e,2
theta,transition,switch,raw_cc,minus_fp,Right ACC – Left RSC,0.017562771917485478,0.11745012141314465,0.1495338762205818,6,0.8860321466287678,0.9493201571022513,0,7,4,6fb20947450e,2
theta,transition,switch,raw_cc,minus_fp,Right ACC – Right DHC,0.07993596063622163,0.11051240608695143,0.723321149784105,4,0.5095173202760449,0.8619653914444368,0,5,4,6fb20947450e,2
theta,transition,switch,raw_cc,minus_fp,Right ACC – Right OFC,0.19746834020305407,0.05170187493504682,3.8193651671459494,7,0.0065476556334999715,0.2800314491423165,2,8,7,6fb20947450e,2
theta,transition,switch,raw_cc,minus_fp,Right ACC – Right PER,0.1622771348629997,,,1,,,0,2,2,6fb20947450e,2
theta,transition,switch,raw_cc,minus_fp,Right ACC – Right RSC,0.17398649726059245,0.10557831024666296,1.6479378847237394,5,0.16028125192381001,0.6110687920722975,0,6,4,6fb20947450e,2
theta,transition,switch,raw_cc,minus_fp,Right DHC – Left ACC,-0.08414157516578474,0.14536467061357042,-0.5788309828697109,4,0.5937334805657908,0.8694321581375034,0,5,2,6fb20947450e,2
theta,transition,switch,raw_cc,minus_fp,Right DHC – Left DHC,0.1505193886729953,0.18869772604726898,0.7976746292919823,4,0.46973173749210856,0.838806674093051,0,5,2,6fb20947450e,2
theta,transition,switch,raw_cc,minus_fp,Right DHC – Left OFC,0.057446550784782856,0.08078550995430203,0.7110996862838233,4,0.5162911764979499,0.8635619839707068,0,5,3,6fb20947450e,2
theta,transition,switch,raw_cc,minus_fp,Right DHC – Left PER,0.14058609615384615,,,,,,0,1,1,6fb20947450e,2
theta,transition,switch,raw_cc,minus_fp,Right DHC – Left RSC,-0.0905974166029453,,,3,,,0,4,2,6fb20947450e,2
theta,transition,switch,raw_cc,minus_fp,Right DHC – Right PER,0.12620919047619045,,,,,,0,1,1,6fb20947450e,2
theta,transition,switch,raw_cc,minus_fp,Right DHC – Right RSC,0.12380906360046534,,,2,,,0,3,2,6fb20947450e,2
theta,transition,switch,raw_cc,minus_fp,Right OFC – Left ACC,0.10196924779181006,0.06087492141920377,1.6750616742421383,7,0.1378312878110903,0.5851328256131192,0,8,6,6fb20947450e,2
theta,transition,switch,raw_cc,minus_fp,Right OFC – Left DHC,-0.03824604556884094,0.13137418895468866,-0.2911229814102381,5,0.7826473187601923,0.9032070731396954,0,6,3,6fb20947450e,2
theta,transition,switch,raw_cc,minus_fp,Right OFC – Left OFC,0.1581004371812277,0.04667954113920786,3.3869321189285073,7,0.011648043617967528,0.2810810787294185,0,8,7,6fb20947450e,2
theta,transition,switch,raw_cc,minus_fp,Right OFC – Left PER,-0.09633750859614758,,,1,,,0,2,1,6fb20947450e,2
theta,transition,switch,raw_cc,minus_fp,Right OFC – Left RSC,0.009144465514459712,0.058740379973125416,0.1556759680247802,6,0.8813939111614496,0.9493201571022513,0,7,4,6fb20947450e,2
theta,transition,switch,raw_cc,minus_fp,Right OFC – Right DHC,-0.08131335673945457,0.1029352172370996,-0.789946909541741,4,0.47375222104241754,0.8393248010594012,0,5,4,6fb20947450e,2
theta,transition,switch,raw_cc,minus_fp,Right OFC – Right PER,0.24309321089081587,,,1,,,0,2,2,6fb20947450e,2
theta,transition,switch,raw_cc,minus_fp,Right OFC – Right RSC,0.08483895800077242,0.10449666023589325,0.8118820047382848,5,0.4537605561851895,0.8368534847677676,0,6,3,6fb20947450e,2
theta,transition,switch,raw_cc,minus_fp,Right PER – Left ACC,-0.17367170081931835,,,1,,,0,2,1,6fb20947450e,2
theta,transition,switch,raw_cc,minus_fp,Right PER – Left DHC,0.19579681666666665,,,,,,0,1,1,6fb20947450e,2
theta,transition,switch,raw_cc,minus_fp,Right PER – Left OFC,0.10050207933426054,,,1,,,0,2,1,6fb20947450e,2
theta,transition,switch,raw_cc,minus_fp,Right PER – Left RSC,-0.011548793582545819,,,1,,,0,2,1,6fb20947450e,2
theta,transition,switch,raw_cc,minus_fp,Right RSC – Left ACC,0.008188889749688774,0.10282052802670942,0.07964255685947817,5,0.9396108946661396,0.9783433680131937,0,6,2,6fb20947450e,2
theta,transition,switch,raw_cc,minus_fp,Right RSC – Left DHC,0.05172370336792791,,,3,,,0,4,3,6fb20947450e,2
theta,transition,switch,raw_cc,minus_fp,Right RSC – Left OFC,0.20661526773500197,0.10337094563530679,1.9987750568127882,5,0.10209907298497911,0.5342393353865187,0,6,5,6fb20947450e,2
theta,transition,switch,raw_cc,minus_fp,Right RSC – Left PER,0.30734495228461256,,,1,,,0,2,2,6fb20947450e,2
theta,transition,switch,raw_cc,minus_fp,Right RSC – Left RSC,0.06653042860261589,0.218701675067957,0.3042063056075951,5,0.7732242404722063,0.9032070731396954,0,6,2,6fb20947450e,2
theta,transition,switch,raw_cc,minus_fp,Right RSC – Right PER,-0.23877457026261303,,,1,,,0,2,1,6fb20947450e,2
theta,transition,switch,amp_cc,minus_fp,Left DHC – Left ACC,-0.006637009611024422,0.09878126044327146,-0.06718895447619798,5,0.9490352530874969,0.9783433680131937,0,6,4,6fb20947450e,2
theta,transition,switch,amp_cc,minus_fp,Left DHC – Left OFC,-0.1295187407737176,0.022037088810461573,-5.877307201858339,5,0.002024568868751188,0.15184266515633912,2,6,6,6fb20947450e,2
theta,transition,switch,amp_cc,minus_fp,Left OFC – Left ACC,0.030720561893588943,0.1019806004830103,0.30123927245071386,7,0.7719835585942066,0.9032070731396954,0,8,3,6fb20947450e,2
theta,transition,switch,amp_cc,minus_fp,Left PER – Left ACC,0.12580548274846487,,,1,,,0,2,2,6fb20947450e,2
theta,transition,switch,amp_cc,minus_fp,Left PER – Left DHC,0.2874423037039386,,,1,,,0,2,2,6fb20947450e,2
theta,transition,switch,amp_cc,minus_fp,Left PER – Left OFC,0.222261173820867,,,1,,,0,2,2,6fb20947450e,2
theta,transition,switch,amp_cc,minus_fp,Left PER – Left RSC,0.15771051920326468,,,1,,,0,2,1,6fb20947450e,2
theta,transition,switch,amp_cc,minus_fp,Left RSC – Left ACC,0.05239474312360568,0.058686892566303085,0.8927844162887193,6,0.40635284906465147,0.8100076208898612,0,7,5,6fb20947450e,2
theta,transition,switch,amp_cc,minus_fp,Left RSC – Left DHC,0.10655951155242928,0.1711294846084725,0.622683529937737,4,0.5672334333047035,0.8694321581375034,0,5,3,6fb20947450e,2
theta,transition,switch,amp_cc,minus_fp,Left RSC – Left OFC,-0.03299699715597952,0.0688347350030689,-0.4793654999108865,6,0.6486504650942776,0.8694321581375034,0,7,4,6fb20947450e,2
theta,transition,switch,amp_cc,minus_fp,Right ACC – Left ACC,0.29776292572582597,0.10352708099487826,2.8761839208096385,7,0.023780887931953675,0.3147470461582104,0,8,7,6fb20947450e,2
theta,transition,switch,amp_cc,minus_fp,Right ACC – Left DHC,-0.016911665070884613,0.08152766316029281,-0.20743468431855241,5,0.8438542658806515,0.9281559829964795,0,6,4,6fb20947450e,2
theta,transition,switch,amp_cc,minus_fp,Right ACC – Left OFC,0.16957392258407394,0.06742654651566132,2.5149430209166446,7,0.040105963094033505,0.35102321378092805,0,8,7,6fb20947450e,2
theta,transition,switch,amp_cc,minus_fp,Right ACC – Left PER,0.041331469220384866,,,1,,,0,2,1,6fb20947450e,2
theta,transition,switch,amp_cc,minus_fp,Right ACC – Left RSC,-0.13674694119186467,0.050360834107469915,-2.715343056075024,6,0.034857713413849946,0.3409993703528799,0,7,6,6fb20947450e,2
theta,transition,switch,amp_cc,minus_fp,Right ACC – Right DHC,-0.04299726424747333,0.09284923823652555,-0.4630868821771208,4,0.6673757838335498,0.8694321581375034,0,5,3,6fb20947450e,2
theta,transition,switch,amp_cc,minus_fp,Right ACC – Right OFC,0.08862765764765289,0.04361557083701639,2.032018748048458,7,0.08166913252911964,0.5100549641007289,0,8,6,6fb20947450e,2
theta,transition,switch,amp_cc,minus_fp,Right ACC – Right PER,-0.023113710953834122,,,1,,,0,2,1,6fb20947450e,2
theta,transition,switch,amp_cc,minus_fp,Right ACC – Right RSC,0.09234477916749208,0.10720790518218225,0.8613616599500501,5,0.42840403060397103,0.8100076208898612,0,6,5,6fb20947450e,2
theta,transition,switch,amp_cc,minus_fp,Right DHC – Left ACC,-0.2116639077574738,0.08253625768868912,-2.5644960613047094,4,0.062340666199388016,0.4524725772536227,0,5,4,6fb20947450e,2
theta,transition,switch,amp_cc,minus_fp,Right DHC – Left DHC,-0.13775239561202793,0.06737810181550014,-2.0444683346709893,4,0.11038165703353206,0.5468129011037778,0,5,4,6fb20947450e,2
theta,transition,switch,amp_cc,minus_fp,Right DHC – Left OFC,-0.10618516572433159,0.046373150363437456,-2.2897984047262927,4,0.08387570520767543,0.5100549641007289,0,5,5,6fb20947450e,2
theta,transition,switch,amp_cc,minus_fp,Right DHC – Left PER,0.047847681089743604,,,,,,0,1,1,6fb20947450e,2
theta,transition,switch,amp_cc,minus_fp,Right DHC – Left RSC,-0.1084560278710389,,,3,,,0,4,3,6fb20947450e,2
theta,transition,switch,amp_cc,minus_fp,Right DHC – Right PER,0.040229407142857124,,,,,,0,1,1,6fb20947450e,2
theta,transition,switch,amp_cc,minus_fp,Right DHC – Right RSC,-0.03510253626890309,,,2,,,0,3,1,6fb20947450e,2
theta,transition,switch,amp_cc,minus_fp,Right OFC – Left ACC,0.09401446711874159,0.06855122181907906,1.3714484530540583,7,0.2125781069861286,0.7041655090090729,0,8,5,6fb20947450e,2
theta,transition,switch,amp_cc,minus_fp,Right OFC – Left DHC,-0.02394562492814199,0.06438757387061735,-0.3718982326661223,5,0.7252091747043935,0.8993008655209715,0,6,3,6fb20947450e,2
theta,transition,switch,amp_cc,minus_fp,Right OFC – Left OFC,0.09264281529939442,0.07089107354833145,1.3068332959612083,7,0.23256162022249516,0.7267550631952974,0,8,5,6fb20947450e,2
theta,transition,switch,amp_cc,minus_fp,Right OFC – Left PER,0.09486160130782037,,,1,,,0,2,1,6fb20947450e,2
theta,transition,switch,amp_cc,minus_fp,Right OFC – Left RSC,-0.1564172419595451,0.07710623153024829,-2.028594042988388,6,0.08883660633904693,0.5125188827252708,0,7,6,6fb20947450e,2
theta,transition,switch,amp_cc,minus_fp,Right OFC – Right DHC,-0.11760833466162798,0.04359490587717372,-2.697754067711101,4,0.05422034735647871,0.40665260517359036,0,5,5,6fb20947450e,2
theta,transition,switch,amp_cc,minus_fp,Right OFC – Right PER,-0.06588041217948117,,,1,,,0,2,1,6fb20947450e,2
theta,transition,switch,amp_cc,minus_fp,Right OFC – Right RSC,-0.02504430202536696,0.0890337458128777,-0.28128999624482376,5,0.7897574149671746,0.9032070731396954,0,6,2,6fb20947450e,2
theta,transition,switch,amp_cc,minus_fp,Right PER – Left ACC,0.08348905616717636,,,1,,,0,2,1,6fb20947450e,2
theta,transition,switch,amp_cc,minus_fp,Right PER – Left DHC,0.17949329166666667,,,,,,0,1,1,6fb20947450e,2
theta,transition,switch,amp_cc,minus_fp,Right PER – Left OFC,-0.016403692702989657,,,1,,,0,2,1,6fb20947450e,2
theta,transition,switch,amp_cc,minus_fp,Right PER – Left RSC,0.050152464776184846,,,1,,,0,2,1,6fb20947450e,2
theta,transition,switch,amp_cc,minus_fp,Right RSC – Left ACC,0.039547180470829425,0.11025626698469428,0.358684195940711,5,0.7344792139029275,0.8993008655209715,0,6,2,6fb20947450e,2
theta,transition,switch,amp_cc,minus_fp,Right RSC – Left DHC,-0.01066037960424235,,,3,,,0,4,1,6fb20947450e,2
theta,transition,switch,amp_cc,minus_fp,Right RSC – Left OFC,-0.03098548148176722,0.08247365582401012,-0.375701563998653,5,0.7225507902164042,0.8993008655209715,0,6,4,6fb20947450e,2
theta,transition,switch,amp_cc,minus_fp,Right RSC – Left PER,0.18638475271319607,,,1,,,0,2,1,6fb20947450e,2
theta,transition,switch,amp_cc,minus_fp,Right RSC – Left RSC,0.20761219916018955,0.14426759465294278,1.4390771514533924,5,0.20966082640494532,0.7041655090090729,0,6,5,6fb20947450e,2
theta,transition,switch,amp_cc,minus_fp,Right RSC – Right PER,0.12356192609997588,,,1,,,0,2,2,6fb20947450e,2
theta,transition,offset,coherence,minus_fp,Left DHC – Left ACC,0.015438892057600174,0.04474338262936518,0.3450541990865839,5,0.7440950467178211,0.9032070731396954,0,6,4,6fb20947450e,2
theta,transition,offset,coherence,minus_fp,Left DHC – Left OFC,-0.010127023754915643,0.013558169934894398,-0.746931466676186,5,0.4887183253108137,0.8524156836816518,0,6,3,6fb20947450e,2
theta,transition,offset,coherence,minus_fp,Left OFC – Left ACC,0.03543533248344341,0.032578489070423405,1.087691096012602,7,0.3127579956001062,0.8033131643305162,0,8,6,6fb20947450e,2
theta,transition,offset,coherence,minus_fp,Left PER – Left ACC,0.10710034425428142,,,1,,,0,2,2,6fb20947450e,2
theta,transition,offset,coherence,minus_fp,Left PER – Left DHC,0.22603589313858033,,,1,,,0,2,2,6fb20947450e,2
theta,transition,offset,coherence,minus_fp,Left PER – Left OFC,-0.01726155049015525,,,1,,,0,2,1,6fb20947450e,2
theta,transition,offset,coherence,minus_fp,Left PER – Left RSC,0.24300043825526527,,,1,,,0,2,2,6fb20947450e,2
theta,transition,offset,coherence,minus_fp,Left RSC – Left ACC,0.010924862684073786,0.0341093861696983,0.32028904389311724,6,0.7596098015321707,0.9032070731396954,0,7,5,6fb20947450e,2
theta,transition,offset,coherence,minus_fp,Left RSC – Left DHC,0.17053155141482948,0.16914172147134993,1.0082169551745692,4,0.37038769923968934,0.8033131643305162,0,5,3,6fb20947450e,2
theta,transition,offset,coherence,minus_fp,Left RSC – Left OFC,0.0010009846242998934,0.014381586527428696,0.06960182191240209,6,0.946772334888052,0.9783433680131937,0,7,3,6fb20947450e,2
theta,transition,offset,coherence,minus_fp,Right ACC – Left ACC,0.12244748763664348,0.041029845207905695,2.9843516839066724,7,0.020388777818513462,0.29775922214521605,0,8,7,6fb20947450e,2
theta,transition,offset,coherence,minus_fp,Right ACC – Left DHC,0.028406846010620185,0.03138534385421195,0.9050990851836073,5,0.4069096561996552,0.8100076208898612,0,6,4,6fb20947450e,2
theta,transition,offset,coherence,minus_fp,Right ACC – Left OFC,0.07229345909240407,0.026262899359009963,2.7526838565751306,7,0.028393868366332887,0.32570157197262223,0,8,8,6fb20947450e,2
theta,transition,offset,coherence,minus_fp,Right ACC – Left PER,0.14556203041280097,,,1,,,0,2,2,6fb20947450e,2
theta,transition,offset,coherence,minus_fp,Right ACC – Left RSC,-0.0054799266010835575,0.04520816955260871,-0.12121540543035196,6,0.9074780008782187,0.9631252367811284,0,7,3,6fb20947450e,2
theta,transition,offset,coherence,minus_fp,Right ACC – Right DHC,0.008645995797561454,0.04344442430288775,0.19901278325805216,4,0.851959323623016,0.9281559829964795,0,5,3,6fb20947450e,2
theta,transition,offset,coherence,minus_fp,Right ACC – Right OFC,0.07590592934547487,0.021007681507362225,3.613246388892241,7,0.008586995973594152,0.2800314491423165,2,8,7,6fb20947450e,2
theta,transition,offset,coherence,minus_fp,Right ACC – Right PER,0.062006380577157454,,,1,,,0,2,1,6fb20947450e,2
theta,transition,offset,coherence,minus_fp,Right ACC – Right RSC,0.08571235261148548,0.044849452215491824,1.9111125861617293,5,0.11422313934167802,0.5468129011037778,0,6,4,6fb20947450e,2
theta,transition,offset,coherence,minus_fp,Right DHC – Left ACC,-0.004149951485010215,0.06510302402585642,-0.06374437358488928,4,0.9522321478456132,0.9783433680131937,0,5,2,6fb20947450e,2
theta,transition,offset,coherence,minus_fp,Right DHC – Left DHC,0.0378970010659559,0.046610070081713965,0.8130646660585826,4,0.4618041578670359,0.8370994476647182,0,5,2,6fb20947450e,2
theta,transition,offset,coherence,minus_fp,Right DHC – Left OFC,0.00803736176882985,0.030969880631707195,0.2595218840011007,4,0.8080422844551538,0.9045249452856199,0,5,3,6fb20947450e,2
theta,transition,offset,coherence,minus_fp,Right DHC – Left PER,-0.05502466666666666,,,,,,0,1,1,6fb20947450e,2
theta,transition,offset,coherence,minus_fp,Right DHC – Left RSC,-0.02054195932092095,,,3,,,0,4,2,6fb20947450e,2
theta,transition,offset,coherence,minus_fp,Right DHC – Right PER,0.12294232225274732,,,,,,0,1,1,6fb20947450e,2
theta,transition,offset,coherence,minus_fp,Right DHC – Right RSC,0.07587812902771701,,,2,,,0,3,2,6fb20947450e,2
theta,transition,offset,coherence,minus_fp,Right OFC – Left ACC,0.08514896415290564,0.02392119024885329,3.5595621817767795,7,0.009224843720730675,0.2800314491423165,2,8,7,6fb20947450e,2
theta,transition,offset,coherence,minus_fp,Right OFC – Left DHC,0.0012088658466825068,0.019942801162263477,0.06061665243747045,5,0.9540128163379689,0.9783433680131937,0,6,3,6fb20947450e,2
theta,transition,offset,coherence,minus_fp,Right OFC – Left OFC,0.07460392184749462,0.042491352075519795,1.7557436561421067,7,0.12256144771294834,0.5514080699828795,0,8,5,6fb20947450e,2
theta,transition,offset,coherence,minus_fp,Right OFC – Left PER,-0.00990338088648323,,,1,,,0,2,1,6fb20947450e,2
theta,transition,offset,coherence,minus_fp,Right OFC – Left RSC,0.015053103229984528,0.013717539552044945,1.0973617515642944,6,0.3145593346307435,0.8033131643305162,0,7,5,6fb20947450e,2
theta,transition,offset,coherence,minus_fp,Right OFC – Right DHC,0.024686563350652613,0.02063379942764653,1.1964138469610168,4,0.2976007935290415,0.8033131643305162,0,5,4,6fb20947450e,2
theta,transition,offset,coherence,minus_fp,Right OFC – Right PER,0.06281657997032515,,,1,,,0,2,2,6fb20947450e,2
theta,transition,offset,coherence,minus_fp,Right OFC – Right RSC,0.03346187614052084,0.016488251315096417,2.0294375371318853,5,0.09818155294484908,0.5329565499431816,0,6,5,6fb20947450e,2
theta,transition,offset,coherence,minus_fp,Right PER – Left ACC,0.023140818312977842,,,1,,,0,2,1,6fb20947450e,2
theta,transition,offset,coherence,minus_fp,Right PER – Left DHC,0.1388448730769231,,,,,,0,1,1,6fb20947450e,2
theta,transition,offset,coherence,minus_fp,Right PER – Left OFC,0.030875695030655768,,,1,,,0,2,2,6fb20947450e,2
theta,transition,offset,coherence,minus_fp,Right PER – Left RSC,-0.06409209545379409,,,1,,,0,2,2,6fb20947450e,2
theta,transition,offset,coherence,minus_fp,Right RSC – Left ACC,0.012197373244597307,0.046331109295529936,0.2632652969043873,5,0.8028507316797292,0.9032070731396954,0,6,3,6fb20947450e,2
theta,transition,offset,coherence,minus_fp,Right RSC – Left DHC,0.1929970698270013,,,3,,,0,4,4,6fb20947450e,2
theta,transition,offset,coherence,minus_fp,Right RSC – Left OFC,0.005463749587718787,0.02577104735374603,0.21201115782066138,5,0.8404698527249278,0.9281559829964795,0,6,4,6fb20947450e,2
theta,transition,offset,coherence,minus_fp,Right RSC – Left PER,0.08723898275560328,,,1,,,0,2,1,6fb20947450e,2
theta,transition,offset,coherence,minus_fp,Right RSC – Left RSC,0.08991996925358993,0.14433411740646643,0.6229987120810936,5,0.5605966948557308,0.8694321581375034,0,6,3,6fb20947450e,2
theta,transition,offset,coherence,minus_fp,Right RSC – Right PER,0.07485341504590887,,,1,,,0,2,2,6fb20947450e,2
theta,transition,offset,raw_cc,minus_fp,Left DHC – Left ACC,0.05435207203942866,0.1685127422479536,0.32253983475892734,5,0.7600943049493598,0.9032070731396954,0,6,4,6fb20947450e,2
theta,transition,offset,raw_cc,minus_fp,Left DHC – Left OFC,0.01948986195916067,0.05454218796155647,0.35733553580391586,5,0.7354282633593723,0.8993008655209715,0,6,3,6fb20947450e,2
theta,transition,offset,raw_cc,minus_fp,Left OFC – Left ACC,0.0023083772128841377,0.07575743181169749,0.0304706371068892,7,0.9765422788187524,0.989738796100087,0,8,4,6fb20947450e,2
theta,transition,offset,raw_cc,minus_fp,Left PER – Left ACC,0.144340137840062,,,1,,,0,2,1,6fb20947450e,2
theta,transition,offset,raw_cc,minus_fp,Left PER – Left DHC,0.5588703852740693,,,1,,,0,2,2,6fb20947450e,2
theta,transition,offset,raw_cc,minus_fp,Left PER – Left OFC,-0.11449392168358016,,,1,,,0,2,2,6fb20947450e,2
theta,transition,offset,raw_cc,minus_fp,Left PER – Left RSC,0.3398029222049269,,,1,,,0,2,1,6fb20947450e,2
theta,transition,offset,raw_cc,minus_fp,Left RSC – Left ACC,-0.11178025511778986,0.06324859458202782,-1.7673160306008187,6,0.12759703103690773,0.5521025381404662,0,7,6,6fb20947450e,2
theta,transition,offset,raw_cc,minus_fp,Left RSC – Left DHC,0.15000949586685783,0.3271474125358047,0.4585379254694243,4,0.6703736492495808,0.8694321581375034,0,5,3,6fb20947450e,2
theta,transition,offset,raw_cc,minus_fp,Left RSC – Left OFC,0.03694092126621572,0.06979095892002049,0.5293081201040599,6,0.6155940829192996,0.8694321581375034,0,7,3,6fb20947450e,2
theta,transition,offset,raw_cc,minus_fp,Right ACC – Left ACC,0.18621441997409166,0.07600297337142167,2.450093880723241,7,0.044101192239687656,0.35102321378092805,0,8,7,6fb20947450e,2
theta,transition,offset,raw_cc,minus_fp,Right ACC – Left DHC,-0.013309942464884083,0.08620853261954013,-0.15439240247394298,5,0.8833388630210763,0.9493201571022513,0,6,3,6fb20947450e,2
theta,transition,offset,raw_cc,minus_fp,Right ACC – Left OFC,0.10730656599377054,0.07722563408711558,1.389520037772972,7,0.20726686466087899,0.7041655090090729,0,8,6,6fb20947450e,2
theta,transition,offset,raw_cc,minus_fp,Right ACC – Left PER,0.2582133566085298,,,1,,,0,2,2,6fb20947450e,2
theta,transition,offset,raw_cc,minus_fp,Right ACC – Left RSC,-0.0657987740610081,0.11038596923663711,-0.5960791440799298,6,0.5729070111307757,0.8694321581375034,0,7,4,6fb20947450e,2
theta,transition,offset,raw_cc,minus_fp,Right ACC – Right DHC,0.09119999091679842,0.10346416528701426,0.8814645212069854,4,0.4278486490832271,0.8100076208898612,0,5,3,6fb20947450e,2
theta,transition,offset,raw_cc,minus_fp,Right ACC – Right OFC,0.1345364937393717,0.08518175790338574,1.5794049929324627,7,0.15825331573224138,0.6110687920722975,0,8,6,6fb20947450e,2
theta,transition,offset,raw_cc,minus_fp,Right ACC – Right PER,0.15814864538942983,,,1,,,0,2,1,6fb20947450e,2
theta,transition,offset,raw_cc,minus_fp,Right ACC – Right RSC,0.11462578657044627,0.11451484656760631,1.0009687827051705,5,0.36279202982846437,0.8033131643305162,0,6,4,6fb20947450e,2
theta,transition,offset,raw_cc,minus_fp,Right DHC – Left ACC,-0.11839209486855908,0.13849250895425289,-0.8548628063895253,4,0.4408067413268855,0.8196819570128037,0,5,2,6fb20947450e,2
theta,transition,offset,raw_cc,minus_fp,Right DHC – Left DHC,0.07597703726600297,0.20707348240473133,0.36690857942642585,4,0.7322731265986108,0.8993008655209715,0,5,2,6fb20947450e,2
theta,transition,offset,raw_cc,minus_fp,Right DHC – Left OFC,0.1876691012098838,0.06448995506750939,2.910051666394061,4,0.04367589788755026,0.35102321378092805,0,5,5,6fb20947450e,2
theta,transition,offset,raw_cc,minus_fp,Right DHC – Left PER,-0.08742193749999999,,,,,,0,1,1,6fb20947450e,2
theta,transition,offset,raw_cc,minus_fp,Right DHC – Left RSC,-0.07910213135676535,,,3,,,0,4,2,6fb20947450e,2
theta,transition,offset,raw_cc,minus_fp,Right DHC – Right PER,-0.09004122490842494,,,,,,0,1,1,6fb20947450e,2
theta,transition,offset,raw_cc,minus_fp,Right DHC – Right RSC,0.13600403907983322,,,2,,,0,3,2,6fb20947450e,2
theta,transition,offset,raw_cc,minus_fp,Right OFC – Left ACC,0.03577986114977491,0.06289782074712695,0.5688569289804729,7,0.5872320450535318,0.8694321581375034,0,8,4,6fb20947450e,2
theta,transition,offset,raw_cc,minus_fp,Right OFC – Left DHC,0.020725346605356562,0.10690009605945956,0.19387584641485064,5,0.8539035043567612,0.9281559829964795,0,6,2,6fb20947450e,2
theta,transition,offset,raw_cc,minus_fp,Right OFC – Left OFC,0.0796103831496128,0.04967992852228955,1.6024657345047217,7,0.15308686521537027,0.6110687920722975,0,8,5,6fb20947450e,2
theta,transition,offset,raw_cc,minus_fp,Right OFC – Left PER,0.07831059578725193,,,1,,,0,2,1,6fb20947450e,2
theta,transition,offset,raw_cc,minus_fp,Right OFC – Left RSC,0.024712089514760213,0.052474597299454216,0.4709343336879165,6,0.6543215555092423,0.8694321581375034,0,7,4,6fb20947450e,2
theta,transition,offset,raw_cc,minus_fp,Right OFC – Right DHC,0.0041560675611658,0.05633465693829578,0.07377461383528092,4,0.9447316895898858,0.9783433680131937,0,5,3,6fb20947450e,2
theta,transition,offset,raw_cc,minus_fp,Right OFC – Right PER,0.11766922654632503,,,1,,,0,2,2,6fb20947450e,2
theta,transition,offset,raw_cc,minus_fp,Right OFC – Right RSC,0.04566079348586159,0.09610407501055936,0.4751181828746039,5,0.6547320843710824,0.8694321581375034,0,6,2,6fb20947450e,2
theta,transition,offset,raw_cc,minus_fp,Right PER – Left ACC,-0.17462592899104679,,,1,,,0,2,1,6fb20947450e,2
theta,transition,offset,raw_cc,minus_fp,Right PER – Left DHC,0.2190066987179487,,,,,,0,1,1,6fb20947450e,2
theta,transition,offset,raw_cc,minus_fp,Right PER – Left OFC,-0.1238646337138755,,,1,,,0,2,2,6fb20947450e,2
theta,transition,offset,raw_cc,minus_fp,Right PER – Left RSC,0.04746524256516066,,,1,,,0,2,1,6fb20947450e,2
theta,transition,offset,raw_cc,minus_fp,Right RSC – Left ACC,0.101966026581677,0.15053574496636016,0.6773542496797893,5,0.5282491308344802,0.8675624411515186,0,6,3,6fb20947450e,2
theta,transition,offset,raw_cc,minus_fp,Right RSC – Left DHC,0.22991963804551288,,,3,,,0,4,3,6fb20947450e,2
theta,transition,offset,raw_cc,minus_fp,Right RSC – Left OFC,0.11320183346473654,0.06880831807036901,1.6451765809617247,5,0.16085277091947367,0.6110687920722975,0,6,5,6fb20947450e,2
theta,transition,offset,raw_cc,minus_fp,Right RSC – Left PER,0.22181553449839575,,,1,,,0,2,1,6fb20947450e,2
theta,transition,offset,raw_cc,minus_fp,Right RSC – Left RSC,0.06757285345004847,0.2005301438735562,0.3369710515574974,5,0.7498228471387572,0.9032070731396954,0,6,2,6fb20947450e,2
theta,transition,offset,raw_cc,minus_fp,Right RSC – Right PER,-0.16215989681436413,,,1,,,0,2,2,6fb20947450e,2
theta,transition,offset,amp_cc,minus_fp,Left DHC – Left ACC,0.006431932896743201,0.11244901178804861,0.05719866092613189,5,0.9566024042795671,0.9783433680131937,0,6,4,6fb20947450e,2
theta,transition,offset,amp_cc,minus_fp,Left DHC – Left OFC,-0.12143724831714581,0.06580728375645802,-1.8453466149213085,5,0.12429012432091095,0.5514080699828795,0,6,5,6fb20947450e,2
theta,transition,offset,amp_cc,minus_fp,Left OFC – Left ACC,0.012812264751785096,0.04472985111790083,0.28643656152608216,7,0.7828358750274556,0.9032070731396954,0,8,5,6fb20947450e,2
theta,transition,offset,amp_cc,minus_fp,Left PER – Left ACC,0.3265875770554917,,,1,,,0,2,2,6fb20947450e,2
theta,transition,offset,amp_cc,minus_fp,Left PER – Left DHC,0.4160001215741994,,,1,,,0,2,2,6fb20947450e,2
theta,transition,offset,amp_cc,minus_fp,Left PER – Left OFC,0.013347412612972087,,,1,,,0,2,2,6fb20947450e,2
theta,transition,offset,amp_cc,minus_fp,Left PER – Left RSC,0.20061291624857996,,,1,,,0,2,1,6fb20947450e,2
theta,transition,offset,amp_cc,minus_fp,Left RSC – Left ACC,0.13916507467846836,0.08566098459660543,1.6246027912686776,6,0.15537288870234206,0.6110687920722975,0,7,4,6fb20947450e,2
theta,transition,offset,amp_cc,minus_fp,Left RSC – Left DHC,0.3336113796205104,0.22531621808672994,1.4806363361384616,4,0.21281446494496425,0.7041655090090729,0,5,3,6fb20947450e,2
theta,transition,offset,amp_cc,minus_fp,Left RSC – Left OFC,-0.04268373688137145,0.08120627971729719,-0.525621134596561,6,0.6180023169653429,0.8694321581375034,0,7,5,6fb20947450e,2
theta,transition,offset,amp_cc,minus_fp,Right ACC – Left ACC,0.2156270168634658,0.0803623466278391,2.683184674310747,7,0.03139408597477277,0.32570157197262223,0,8,7,6fb20947450e,2
theta,transition,offset,amp_cc,minus_fp,Right ACC – Left DHC,0.07001987877061093,0.12178370752255009,0.574952760061486,5,0.5902254309509805,0.8694321581375034,0,6,4,6fb20947450e,2
theta,transition,offset,amp_cc,minus_fp,Right ACC – Left OFC,0.06840012814081983,0.03764602069042494,1.816928506290096,7,0.11207172937702088,0.5468129011037778,0,8,7,6fb20947450e,2
theta,transition,offset,amp_cc,minus_fp,Right ACC – Left PER,0.48033209244116737,,,1,,,0,2,2,6fb20947450e,2
theta,transition,offset,amp_cc,minus_fp,Right ACC – Left RSC,-0.019164466719365388,0.07268818974440068,-0.2636531021993386,6,0.800868453796046,0.9032070731396954,0,7,2,6fb20947450e,2
theta,transition,offset,amp_cc,minus_fp,Right ACC – Right DHC,-0.06491968445634005,0.08669694146208562,-0.7488117038676709,4,0.49560114619991374,0.857742746411377,0,5,3,6fb20947450e,2
theta,transition,offset,amp_cc,minus_fp,Right ACC – Right OFC,0.05502769866096226,0.055792973332343045,0.986283672913034,7,0.35685003008300104,0.8033131643305162,0,8,5,6fb20947450e,2
theta,transition,offset,amp_cc,minus_fp,Right ACC – Right PER,-0.08524108416105541,,,1,,,0,2,1,6fb20947450e,2
theta,transition,offset,amp_cc,minus_fp,Right ACC – Right RSC,0.08278017406216617,0.07298717139225633,1.1341743005394622,5,0.30815280591696476,0.8033131643305162,0,6,4,6fb20947450e,2
theta,transition,offset,amp_cc,minus_fp,Right DHC – Left ACC,-0.07231119911122509,0.10216483877156272,-0.7077894898156751,4,0.5181371903824241,0.8635619839707068,0,5,2,6fb20947450e,2
theta,transition,offset,amp_cc,minus_fp,Right DHC – Left DHC,-0.12095639084395439,0.11091051610545709,-1.0905763951990393,4,0.33675218462913775,0.8033131643305162,0,5,3,6fb20947450e,2
theta,transition,offset,amp_cc,minus_fp,Right DHC – Left OFC,-0.0653961414056921,0.07593481192424194,-0.8612142408535366,4,0.43768425068674366,0.8196819570128037,0,5,2,6fb20947450e,2
theta,transition,offset,amp_cc,minus_fp,Right DHC – Left PER,-0.3840748333333333,,,,,,0,1,1,6fb20947450e,2
theta,transition,offset,amp_cc,minus_fp,Right DHC – Left RSC,-0.022441487032301515,,,3,,,0,4,2,6fb20947450e,2
theta,transition,offset,amp_cc,minus_fp,Right DHC – Right PER,-0.0349292441391941,,,,,,0,1,1,6fb20947450e,2
theta,transition,offset,amp_cc,minus_fp,Right DHC – Right RSC,0.03531930370593078,,,2,,,0,3,1,6fb20947450e,2
theta,transition,offset,amp_cc,minus_fp,Right OFC – Left ACC,0.2068850897328609,0.03906696334083597,5.295653207747729,7,0.0011286825068199573,0.15184266515633912,2,8,8,6fb20947450e,2
theta,transition,offset,amp_cc,minus_fp,Right OFC – Left DHC,0.03362502412370423,0.07239516519033998,0.46446505143400063,5,0.6618370558195774,0.8694321581375034,0,6,3,6fb20947450e,2
theta,transition,offset,amp_cc,minus_fp,Right OFC – Left OFC,0.17975721662312558,0.05440929055005109,3.303796370176284,7,0.01305238915986044,0.2810810787294185,0,8,6,6fb20947450e,2
theta,transition,offset,amp_cc,minus_fp,Right OFC – Left PER,0.034660250895314874,,,1,,,0,2,1,6fb20947450e,2
theta,transition,offset,amp_cc,minus_fp,Right OFC – Left RSC,-0.033159380668418795,0.09200333087463947,-0.36041500186118924,6,0.7308850357159996,0.8993008655209715,0,7,3,6fb20947450e,2
theta,transition,offset,amp_cc,minus_fp,Right OFC – Right DHC,0.01669849057675534,0.036588852359942754,0.45638191688779894,4,0.671797107749168,0.8694321581375034,0,5,3,6fb20947450e,2
theta,transition,offset,amp_cc,minus_fp,Right OFC – Right PER,-0.008257097866417025,,,1,,,0,2,1,6fb20947450e,2
theta,transition,offset,amp_cc,minus_fp,Right OFC – Right RSC,0.12295765861479474,0.05899149323781919,2.0843286356407593,5,0.09155699698871213,0.5150081080615057,0,6,3,6fb20947450e,2
theta,transition,offset,amp_cc,minus_fp,Right PER – Left ACC,0.09428568169013425,,,1,,,0,2,1,6fb20947450e,2
theta,transition,offset,amp_cc,minus_fp,Right PER – Left DHC,0.1239954455128205,,,,,,0,1,1,6fb20947450e,2
theta,transition,offset,amp_cc,minus_fp,Right PER – Left OFC,0.04749550698981121,,,1,,,0,2,1,6fb20947450e,2
theta,transition,offset,amp_cc,minus_fp,Right PER – Left RSC,-0.008463343008022461,,,1,,,0,2,1,6fb20947450e,2
theta,transition,offset,amp_cc,minus_fp,Right RSC – Left ACC,0.050322090063210506,0.09842755753972675,0.5112601726696286,5,0.6309379009580848,0.8694321581375034,0,6,3,6fb20947450e,2
theta,transition,offset,amp_cc,minus_fp,Right RSC – Left DHC,0.10568287092885667,,,3,,,0,4,2,6fb20947450e,2
theta,transition,offset,amp_cc,minus_fp,Right RSC – Left OFC,-0.001260881114728342,0.12898876012221025,-0.009775123921911658,5,0.9925787369551151,0.9970098920308076,0,6,4,6fb20947450e,2
theta,transition,offset,amp_cc,minus_fp,Right RSC – Left PER,0.3635025702504159,,,1,,,0,2,2,6fb20947450e,2
theta,transition,offset,amp_cc,minus_fp,Right RSC – Left RSC,0.10980867165281677,0.15271186865896164,0.7190578742641353,5,0.5042985482795681,0.8595997982038093,0,6,4,6fb20947450e,2
theta,transition,offset,amp_cc,minus_fp,Right RSC – Right PER,0.00820065075059742,,,1,,,0,2,1,6fb20947450e,2
beta,state,pre,coherence,raw,Left DHC – Left ACC,0.03134612768754545,0.05150677707530339,0.608582587912987,5,0.5693862709472913,0.8561724244913346,0,6,2,aaa8f555240e,2
beta,state,pre,coherence,raw,Left DHC – Left OFC,0.038251084636215606,0.05274008195245557,0.7252754114166605,5,0.5007933303785065,0.8440337028851234,0,6,2,aaa8f555240e,2
beta,state,pre,coherence,raw,Left OFC – Left ACC,-0.020519744488616282,0.07231906823667876,-0.28373906065079924,7,0.7848191770161929,0.9403872914758583,0,8,6,aaa8f555240e,2
beta,state,pre,coherence,raw,Left PER – Left ACC,0.10043816574819485,,,1,,,0,2,2,aaa8f555240e,2
beta,state,pre,coherence,raw,Left PER – Left DHC,0.013329202487613911,,,1,,,0,2,2,aaa8f555240e,2
beta,state,pre,coherence,raw,Left PER – Left OFC,-0.017021695390391743,,,1,,,0,2,1,aaa8f555240e,2
beta,state,pre,coherence,raw,Left PER – Left RSC,0.022445927118573666,,,1,,,0,2,2,aaa8f555240e,2
beta,state,pre,coherence,raw,Left RSC – Left ACC,-0.006152956216158535,0.015085383422402253,-0.40787536145890785,6,0.6975202693708101,0.9093842762335866,0,7,4,aaa8f555240e,2
beta,state,pre,coherence,raw,Left RSC – Left DHC,-0.009659273720495444,0.07040878103933429,-0.1371884810091973,4,0.8975100905404869,0.9748239215521003,0,5,4,aaa8f555240e,2
beta,state,pre,coherence,raw,Left RSC – Left OFC,-0.012640149200396179,0.00863050125893789,-1.4645903894986203,6,0.19337514245083362,0.8407614889166679,0,7,6,aaa8f555240e,2
beta,state,pre,coherence,raw,Right ACC – Left ACC,0.20162783146976182,0.08211054640494625,2.455565579546746,7,0.04374879167202818,0.5706364131134111,0,8,8,aaa8f555240e,2
beta,state,pre,coherence,raw,Right ACC – Left DHC,0.060162746802041436,0.04925193268224023,1.221530679622153,5,0.27633247404044026,0.8434598007980473,0,6,5,aaa8f555240e,2
beta,state,pre,coherence,raw,Right ACC – Left OFC,0.04930010750277649,0.04330612824925959,1.138409492970995,7,0.29240686191080945,0.8434598007980473,0,8,5,aaa8f555240e,2
beta,state,pre,coherence,raw,Right ACC – Left PER,0.18313891261384915,,,1,,,0,2,2,aaa8f555240e,2
beta,state,pre,coherence,raw,Right ACC – Left RSC,0.003002554044054531,0.009847265177762925,0.3049124797446191,6,0.7707328579769258,0.9391488478964034,0,7,3,aaa8f555240e,2
beta,state,pre,coherence,raw,Right ACC – Right DHC,0.06943524854280621,0.0717358014540833,0.9679301985250749,4,0.3878910214914529,0.8434598007980473,0,5,3,aaa8f555240e,2
beta,state,pre,coherence,raw,Right ACC – Right OFC,0.003040786410066886,0.036117832220508614,0.08419072306173046,7,0.9352619714700694,0.9748239215521003,0,8,3,aaa8f555240e,2
beta,state,pre,coherence,raw,Right ACC – Right PER,0.20752081943374676,,,1,,,0,2,2,aaa8f555240e,2
beta,state,pre,coherence,raw,Right ACC – Right RSC,0.057316289387536044,0.03175825232747471,1.8047683731623532,5,0.13095126632124376,0.7933948192785731,0,6,4,aaa8f555240e,2
beta,state,pre,coherence,raw,Right DHC – Left ACC,0.04229842344959352,0.06678860866422455,0.6333179309400818,4,0.5609285337774274,0.8561724244913346,0,5,2,aaa8f555240e,2
beta,state,pre,coherence,raw,Right DHC – Left DHC,0.007716254773109974,0.08212043762011474,0.09396266016999329,4,0.9296573293178786,0.9748239215521003,0,5,1,aaa8f555240e,2
beta,state,pre,coherence,raw,Right DHC – Left OFC,0.06126559809347419,0.08163406405685295,0.7504906046427701,4,0.49469467591888877,0.8434598007980473,0,5,2,aaa8f555240e,2
beta,state,pre,coherence,raw,Right DHC – Left PER,0.0054370538461538526,,,,,,0,1,1,aaa8f555240e,2
beta,state,pre,coherence,raw,Right DHC – Left RSC,-0.05856063002882774,,,3,,,0,4,3,aaa8f555240e,2
beta,state,pre,coherence,raw,Right DHC – Right PER,-0.006456555555555563,,,,,,0,1,1,aaa8f555240e,2
beta,state,pre,coherence,raw,Right DHC – Right RSC,-0.0513082271808589,,,2,,,0,3,2,aaa8f555240e,2
beta,state,pre,coherence,raw,Right OFC – Left ACC,-0.03771569583815936,0.05503486014731665,-0.6853055633684257,7,0.5151966024228688,0.8517733293376557,0,8,6,aaa8f555240e,2
beta,state,pre,coherence,raw,Right OFC – Left DHC,0.02922128435236774,0.049036133737583226,0.5959133015817557,5,0.5771822989540242,0.8561724244913346,0,6,2,aaa8f555240e,2
beta,state,pre,coherence,raw,Right OFC – Left OFC,-0.0495069318954029,0.05666053763098245,-0.873746243246589,7,0.41122692183420617,0.8434598007980473,0,8,7,aaa8f555240e,2
beta,state,pre,coherence,raw,Right OFC – Left PER,-0.007170534780974639,,,1,,,0,2,1,aaa8f555240e,2
beta,state,pre,coherence,raw,Right OFC – Left RSC,-0.0071021410791389725,0.007137700529617469,-0.9950180803564195,6,0.3581465785663909,0.8434598007980473,0,7,4,aaa8f555240e,2
beta,state,pre,coherence,raw,Right OFC – Right DHC,0.054434143550201056,0.07158884325813772,0.7603718830030595,4,0.4893849396111305,0.8434598007980473,0,5,2,aaa8f555240e,2
beta,state,pre,coherence,raw,Right OFC – Right PER,-0.08154523599897191,,,1,,,0,2,2,aaa8f555240e,2
beta,state,pre,coherence,raw,Right OFC – Right RSC,-0.03904668092241889,0.023116972527924558,-1.689091461922696,5,0.15199941300348024,0.7933948192785731,0,6,5,aaa8f555240e,2
beta,state,pre,coherence,raw,Right PER – Left ACC,-0.021529479485605865,,,1,,,0,2,2,aaa8f555240e,2
beta,state,pre,coherence,raw,Right PER – Left DHC,0.004171466666666658,,,,,,0,1,1,aaa8f555240e,2
beta,state,pre,coherence,raw,Right PER – Left OFC,-0.03759257833570292,,,1,,,0,2,1,aaa8f555240e,2
beta,state,pre,coherence,raw,Right PER – Left RSC,-0.011852700903060098,,,1,,,0,2,2,aaa8f555240e,2
beta,state,pre,coherence,raw,Right RSC – Left ACC,-0.017031933047345856,0.028093486172329433,-0.6062591499990269,5,0.5708110068107927,0.8561724244913346,0,6,5,aaa8f555240e,2
beta,state,pre,coherence,raw,Right RSC – Left DHC,-0.0012565673634401362,,,3,,,0,4,2,aaa8f555240e,2
beta,state,pre,coherence,raw,Right RSC – Left OFC,-0.022764755937883647,0.019285369766981517,-1.180415839205696,5,0.29092615128943794,0.8434598007980473,0,6,4,aaa8f555240e,2
beta,state,pre,coherence,raw,Right RSC – Left PER,0.05055020714538111,,,1,,,0,2,2,aaa8f555240e,2
beta,state,pre,coherence,raw,Right RSC – Left RSC,-0.04207433092023616,0.0570436212779652,-0.7375816958606838,5,0.49390601208244767,0.8434598007980473,0,6,4,aaa8f555240e,2
beta,state,pre,coherence,raw,Right RSC – Right PER,-0.046564780923114876,,,1,,,0,2,2,aaa8f555240e,2
beta,state,pre,raw_cc,raw,Left DHC – Left ACC,0.019340772078917146,0.08980182602860241,0.21537170160389607,5,0.8379871300445979,0.9610659929733439,0,6,3,aaa8f555240e,2
beta,state,pre,raw_cc,raw,Left DHC – Left OFC,0.03635942766632214,0.06717324223723431,0.5412784384876396,5,0.6115514881796068,0.8694525317032175,0,6,3,aaa8f555240e,2
beta,state,pre,raw_cc,raw,Left OFC – Left ACC,-0.08038071060253567,0.07497728404209077,-1.0720675152411698,7,0.3192531358228873,0.8434598007980473,0,8,6,aaa8f555240e,2
beta,state,pre,raw_cc,raw,Left PER – Left ACC,0.11867997142660901,,,1,,,0,2,2,aaa8f555240e,2
beta,state,pre,raw_cc,raw,Left PER – Left DHC,0.09399912715919109,,,1,,,0,2,2,aaa8f555240e,2
beta,state,pre,raw_cc,raw,Left PER – Left OFC,-0.11483487158223059,,,1,,,0,2,1,aaa8f555240e,2
beta,state,pre,raw_cc,raw,Left PER – Left RSC,0.009724369247662998,,,1,,,0,2,1,aaa8f555240e,2
beta,state,pre,raw_cc,raw,Left RSC – Left ACC,-0.07291226428889004,0.055356617331169734,-1.3171372783256252,6,0.2358570408735576,0.8434598007980473,0,7,5,aaa8f555240e,2
beta,state,pre,raw_cc,raw,Left RSC – Left DHC,-0.015013661889160848,0.1662934640745949,-0.0902841369786254,4,0.9324016402536988,0.9748239215521003,0,5,3,aaa8f555240e,2
beta,state,pre,raw_cc,raw,Left RSC – Left OFC,-0.044808296565874296,0.03753164734774983,-1.1938803578404806,6,0.27758115148838386,0.8434598007980473,0,7,4,aaa8f555240e,2
beta,state,pre,raw_cc,raw,Right ACC – Left ACC,0.29316785795229533,0.10609305867481478,2.7633085671597275,7,0.0279623440443164,0.49436719360583903,0,8,6,aaa8f555240e,2
beta,state,pre,raw_cc,raw,Right ACC – Left DHC,0.10779296055154536,0.06174129112699078,1.7458812179653733,5,0.1412701815609399,0.7933948192785731,0,6,4,aaa8f555240e,2
beta,state,pre,raw_cc,raw,Right ACC – Left OFC,0.07154286150464116,0.04658877883500201,1.5356243132711438,7,0.1685079367044646,0.7933948192785731,0,8,5,aaa8f555240e,2
beta,state,pre,raw_cc,raw,Right ACC – Left PER,0.3975534085016002,,,1,,,0,2,2,aaa8f555240e,2
beta,state,pre,raw_cc,raw,Right ACC – Left RSC,-0.007345617047787063,0.03227415286170207,-0.22760061524352806,6,0.8275142021819032,0.9610659929733439,0,7,4,aaa8f555240e,2
beta,state,pre,raw_cc,raw,Right ACC – Right DHC,0.014976297817291626,0.07748686458962842,0.1932753105523926,4,0.8561606688053846,0.9664190799765918,0,5,2,aaa8f555240e,2
beta,state,pre,raw_cc,raw,Right ACC – Right OFC,-0.04602253466599371,0.05665450459993754,-0.8123367239900717,7,0.4433431026477418,0.8434598007980473,0,8,4,aaa8f555240e,2
beta,state,pre,raw_cc,raw,Right ACC – Right PER,0.34212790814753136,,,1,,,0,2,2,aaa8f555240e,2
beta,state,pre,raw_cc,raw,Right ACC – Right RSC,0.0989696922570778,0.1044899810263573,0.9471692049796906,5,0.38704566937964163,0.8434598007980473,0,6,3,aaa8f555240e,2
beta,state,pre,raw_cc,raw,Right DHC – Left ACC,0.022841814803816918,0.09456683656709845,0.24154149206006123,4,0.82101256643038,0.9610659929733439,0,5,2,aaa8f555240e,2
beta,state,pre,raw_cc,raw,Right DHC – Left DHC,-0.027393380115100122,0.14889645260899817,-0.1839760426464631,4,0.8629823807193449,0.9664190799765918,0,5,2,aaa8f555240e,2
beta,state,pre,raw_cc,raw,Right DHC – Left OFC,0.026871359869140916,0.07644198755043781,0.3515261799205666,4,0.742929497010428,0.9273916164096833,0,5,1,aaa8f555240e,2
beta,state,pre,raw_cc,raw,Right DHC – Left PER,0.019908146153846153,,,,,,0,1,1,aaa8f555240e,2
beta,state,pre,raw_cc,raw,Right DHC – Left RSC,-0.15511506351275509,,,3,,,0,4,3,aaa8f555240e,2
beta,state,pre,raw_cc,raw,Right DHC – Right PER,0.07194304444444445,,,,,,0,1,1,aaa8f555240e,2
beta,state,pre,raw_cc,raw,Right DHC – Right RSC,-0.061393884312817275,,,2,,,0,3,2,aaa8f555240e,2
beta,state,pre,raw_cc,raw,Right OFC – Left ACC,-0.1319910920849668,0.07907472574861378,-1.6691944339406155,7,0.1390091942230781,0.7933948192785731,0,8,6,aaa8f555240e,2
beta,state,pre,raw_cc,raw,Right OFC – Left DHC,0.01503191402645479,0.06577880803921204,0.22852214070972476,5,0.8282925862456754,0.9610659929733439,0,6,3,aaa8f555240e,2
beta,state,pre,raw_cc,raw,Right OFC – Left OFC,-0.1527994719200177,0.09857036837305429,-1.5501562431188778,7,0.16503820682311643,0.7933948192785731,0,8,6,aaa8f555240e,2
beta,state,pre,raw_cc,raw,Right OFC – Left PER,-0.005778746154977535,,,1,,,0,2,1,aaa8f555240e,2
beta,state,pre,raw_cc,raw,Right OFC – Left RSC,-0.009745135893272172,0.025081770967103092,-0.3885346017254427,6,0.7110330194371044,0.9159492234315236,0,7,4,aaa8f555240e,2
beta,state,pre,raw_cc,raw,Right OFC – Right DHC,0.007889626798947951,0.07809406829510118,0.1010272223126435,4,0.924390267518601,0.9748239215521003,0,5,2,aaa8f555240e,2
beta,state,pre,raw_cc,raw,Right OFC – Right PER,-0.22671219495629708,,,1,,,0,2,2,aaa8f555240e,2
beta,state,pre,raw_cc,raw,Right OFC – Right RSC,-0.08042561391113046,0.04670917557245364,-1.7218375817054843,5,0.1457164869278072,0.7933948192785731,0,6,5,aaa8f555240e,2
beta,state,pre,raw_cc,raw,Right PER – Left ACC,-0.027055303729018446,,,1,,,0,2,1,aaa8f555240e,2
beta,state,pre,raw_cc,raw,Right PER – Left DHC,-0.03895028888888889,,,,,,0,1,1,aaa8f555240e,2
beta,state,pre,raw_cc,raw,Right PER – Left OFC,-0.079627027742508,,,1,,,0,2,2,aaa8f555240e,2
beta,state,pre,raw_cc,raw,Right PER – Left RSC,-0.022905650360160103,,,1,,,0,2,2,aaa8f555240e,2
beta,state,pre,raw_cc,raw,Right RSC – Left ACC,-0.0697705863382723,0.04593455022512311,-1.5189130185520456,5,0.1892486293869068,0.8404180758825315,0,6,5,aaa8f555240e,2
beta,state,pre,raw_cc,raw,Right RSC – Left DHC,0.07436191255717665,,,3,,,0,4,4,aaa8f555240e,2
beta,state,pre,raw_cc,raw,Right RSC – Left OFC,-0.09012517611434218,0.05132577805428629,-1.7559436901086722,5,0.1394502458537144,0.7933948192785731,0,6,4,aaa8f555240e,2
beta,state,pre,raw_cc,raw,Right RSC – Left PER,0.12827711673221195,,,1,,,0,2,1,aaa8f555240e,2
beta,state,pre,raw_cc,raw,Right RSC – Left RSC,-0.08541145169351047,0.13508153292819014,-0.6322955465638336,5,0.5549747098085515,0.8561724244913346,0,6,3,aaa8f555240e,2
beta,state,pre,raw_cc,raw,Right RSC – Right PER,-0.11367718213295436,,,1,,,0,2,2,aaa8f555240e,2
beta,state,pre,amp_cc,raw,Left DHC – Left ACC,0.06086663428049294,0.06534689614184282,0.9314387962417532,5,0.39438024596069726,0.8434598007980473,0,6,4,aaa8f555240e,2
beta,state,pre,amp_cc,raw,Left DHC – Left OFC,0.029902147637399477,0.07025731702710886,0.42560901700618176,5,0.6880905470708037,0.9093842762335866,0,6,2,aaa8f555240e,2
beta,state,pre,amp_cc,raw,Left OFC – Left ACC,-0.022607661286686575,0.07601202377118943,-0.29742217303330737,7,0.7747768728392395,0.9391488478964034,0,8,5,aaa8f555240e,2
beta,state,pre,amp_cc,raw,Left PER – Left ACC,0.1110700656937726,,,1,,,0,2,2,aaa8f555240e,2
beta,state,pre,amp_cc,raw,Left PER – Left DHC,0.005262400483339804,,,1,,,0,2,1,aaa8f555240e,2
beta,state,pre,amp_cc,raw,Left PER – Left OFC,-0.050733656522445186,,,1,,,0,2,1,aaa8f555240e,2
beta,state,pre,amp_cc,raw,Left PER – Left RSC,0.02024903756542838,,,1,,,0,2,1,aaa8f555240e,2
beta,state,pre,amp_cc,raw,Left RSC – Left ACC,0.012354431713826677,0.02945886725181892,0.41937904835984013,6,0.6895398800076825,0.9093842762335866,0,7,3,aaa8f555240e,2
beta,state,pre,amp_cc,raw,Left RSC – Left DHC,-0.08538260825809299,0.09979954153898439,-0.8555410870774416,4,0.44047242827669875,0.8434598007980473,0,5,4,aaa8f555240e,2
beta,state,pre,amp_cc,raw,Left RSC – Left OFC,-0.04375472009635845,0.01690373969965448,-2.5884639064368,6,0.04129704326180392,0.5631414990245989,0,7,6,aaa8f555240e,2
beta,state,pre,amp_cc,raw,Right ACC – Left ACC,0.29192158684910824,0.08825919567427183,3.3075486879176874,7,0.01298523122614517,0.4869461709804439,0,8,7,aaa8f555240e,2
beta,state,pre,amp_cc,raw,Right ACC – Left DHC,0.1156048904564782,0.05569276508137153,2.0757613720125105,5,0.09255918694484216,0.7933948192785731,0,6,4,aaa8f555240e,2
beta,state,pre,amp_cc,raw,Right ACC – Left OFC,0.12693411819325595,0.045397608438335964,2.796052976351648,7,0.026675155329140842,0.49436719360583903,0,8,7,aaa8f555240e,2
beta,state,pre,amp_cc,raw,Right ACC – Left PER,0.24578222259801338,,,1,,,0,2,2,aaa8f555240e,2
beta,state,pre,amp_cc,raw,Right ACC – Left RSC,-0.008303252944846217,0.030434891496865474,-0.2728201921042294,6,0.7941381282839055,0.945402533671316,0,7,5,aaa8f555240e,2
beta,state,pre,amp_cc,raw,Right ACC – Right DHC,0.11028570947115114,0.08264997447061498,1.3343707626958996,4,0.25297809310978164,0.8434598007980473,0,5,3,aaa8f555240e,2
beta,state,pre,amp_cc,raw,Right ACC – Right OFC,0.0054499782808182275,0.05316825050567448,0.10250437486628544,7,0.92123098979021,0.9748239215521003,0,8,3,aaa8f555240e,2
beta,state,pre,amp_cc,raw,Right ACC – Right PER,0.2889115920374639,,,1,,,0,2,2,aaa8f555240e,2
beta,state,pre,amp_cc,raw,Right ACC – Right RSC,0.1127375441887264,0.027921672092473055,4.03763584843178,5,0.009945907340349691,0.4869461709804439,2,6,6,aaa8f555240e,2
beta,state,pre,amp_cc,raw,Right DHC – Left ACC,0.08987149107037337,0.08177207279954223,1.099048709339755,4,0.3334523283933423,0.8434598007980473,0,5,3,aaa8f555240e,2
beta,state,pre,amp_cc,raw,Right DHC – Left DHC,-0.08324162222802715,0.10168737122665665,-0.8186033449766861,4,0.4589769864835715,0.8434598007980473,0,5,3,aaa8f555240e,2
beta,state,pre,amp_cc,raw,Right DHC – Left OFC,0.06971053639925366,0.09125733434478608,0.7638896851388967,4,0.48750510766698607,0.8434598007980473,0,5,3,aaa8f555240e,2
beta,state,pre,amp_cc,raw,Right DHC – Left PER,0.12757006923076925,,,,,,0,1,1,aaa8f555240e,2
beta,state,pre,amp_cc,raw,Right DHC – Left RSC,-0.12098884648400997,,,3,,,0,4,3,aaa8f555240e,2
beta,state,pre,amp_cc,raw,Right DHC – Right PER,0.11310648888888887,,,,,,0,1,1,aaa8f555240e,2
beta,state,pre,amp_cc,raw,Right DHC – Right RSC,-0.06253457019989102,,,2,,,0,3,2,aaa8f555240e,2
beta,state,pre,amp_cc,raw,Right OFC – Left ACC,-0.08730697904062691,0.07119303244703923,-1.2263416241691194,7,0.25971772881157856,0.8434598007980473,0,8,6,aaa8f555240e,2
beta,state,pre,amp_cc,raw,Right OFC – Left DHC,4.389780854089649e-05,0.06552301467458942,0.0006699601469637595,5,0.9994913573382568,0.9994913573382568,0,6,1,aaa8f555240e,2
beta,state,pre,amp_cc,raw,Right OFC – Left OFC,-0.11064809783878672,0.069308773293727,-1.5964515396898715,7,0.15441895914941448,0.7933948192785731,0,8,6,aaa8f555240e,2
beta,state,pre,amp_cc,raw,Right OFC – Left PER,-0.066181605288291,,,1,,,0,2,2,aaa8f555240e,2
beta,state,pre,amp_cc,raw,Right OFC – Left RSC,-0.05845446911590642,0.03675430529179977,-1.590411481099281,6,0.16284549748297752,0.7933948192785731,0,7,6,aaa8f555240e,2
beta,state,pre,amp_cc,raw,Right OFC – Right DHC,0.026951588096771395,0.08907371120158417,0.3025762341458617,4,0.777294663657371,0.9391488478964034,0,5,2,aaa8f555240e,2
beta,state,pre,amp_cc,raw,Right OFC – Right PER,-0.08328618243290711,,,1,,,0,2,1,aaa8f555240e,2
beta,state,pre,amp_cc,raw,Right OFC – Right RSC,-0.04986468457730276,0.04001361261406946,-1.2461930158180594,5,0.2678973482315877,0.8434598007980473,0,6,4,aaa8f555240e,2
beta,state,pre,amp_cc,raw,Right PER – Left ACC,-0.019462543241754063,,,1,,,0,2,1,aaa8f555240e,2
beta,state,pre,amp_cc,raw,Right PER – Left DHC,0.06141615555555556,,,,,,0,1,1,aaa8f555240e,2
beta,state,pre,amp_cc,raw,Right PER – Left OFC,0.0021149141621500554,,,1,,,0,2,1,aaa8f555240e,2
beta,state,pre,amp_cc,raw,Right PER – Left RSC,-0.0340928452029547,,,1,,,0,2,2,aaa8f555240e,2
beta,state,pre,amp_cc,raw,Right RSC – Left ACC,-0.033244826645506764,0.03574139779306206,-0.9301490344051424,5,0.39498652620454466,0.8434598007980473,0,6,5,aaa8f555240e,2
beta,state,pre,amp_cc,raw,Right RSC – Left DHC,-0.03893064839851665,,,3,,,0,4,3,aaa8f555240e,2
beta,state,pre,amp_cc,raw,Right RSC – Left OFC,-0.03532676640601363,0.045665608171097404,-0.7735967574033665,5,0.4741375057029951,0.8434598007980473,0,6,3,aaa8f555240e,2
beta,state,pre,amp_cc,raw,Right RSC – Left PER,-0.0006681348184481888,,,1,,,0,2,1,aaa8f555240e,2
beta,state,pre,amp_cc,raw,Right RSC – Left RSC,-0.03927328833338158,0.10959273573374749,-0.35835667455911446,5,0.7347096407445086,0.922229674574697,0,6,3,aaa8f555240e,2
beta,state,pre,amp_cc,raw,Right RSC – Right PER,-0.055107506988536135,,,1,,,0,2,1,aaa8f555240e,2
beta,state,cue1,coherence,raw,Left DHC – Left ACC,0.05988866925589518,0.0624530182983765,0.9589395498832443,5,0.38162973698216257,0.8434598007980473,0,6,4,aaa8f555240e,2
beta,state,cue1,coherence,raw,Left DHC – Left OFC,0.0604472652302811,0.0603133330288719,1.002220606865568,5,0.3622429057105242,0.8434598007980473,0,6,3,aaa8f555240e,2
beta,state,cue1,coherence,raw,Left OFC – Left ACC,-0.0003005914517460468,0.06884670614033542,-0.004366097793165712,7,0.9966381915590264,0.9994913573382568,0,8,6,aaa8f555240e,2
beta,state,cue1,coherence,raw,Left PER – Left ACC,0.12025577759871431,,,1,,,0,2,2,aaa8f555240e,2
beta,state,cue1,coherence,raw,Left PER – Left DHC,0.02993506404347764,,,1,,,0,2,2,aaa8f555240e,2
beta,state,cue1,coherence,raw,Left PER – Left OFC,-0.005028915576937085,,,1,,,0,2,1,aaa8f555240e,2
beta,state,cue1,coherence,raw,Left PER – Left RSC,0.01636291231666056,,,1,,,0,2,1,aaa8f555240e,2
beta,state,cue1,coherence,raw,Left RSC – Left ACC,-0.0048537549670027115,0.013264139736136856,-0.36593062675441584,6,0.7269724138147419,0.921648247880683,0,7,5,aaa8f555240e,2
beta,state,cue1,coherence,raw,Left RSC – Left DHC,0.00012851510971877665,0.05875618213115269,0.0021872610686635746,4,0.9983595558335159,0.9994913573382568,0,5,1,aaa8f555240e,2
beta,state,cue1,coherence,raw,Left RSC – Left OFC,-0.011016977236472193,0.004438278534264008,-2.482263596441704,6,0.04765896029825014,0.5719075235790017,0,7,5,aaa8f555240e,2
beta,state,cue1,coherence,raw,Right ACC – Left ACC,0.21848364818278374,0.08306811864852491,2.6301745090342608,7,0.03390401359485285,0.535326530445045,0,8,7,aaa8f555240e,2
beta,state,cue1,coherence,raw,Right ACC – Left DHC,0.07158892044644803,0.05716884508465891,1.2522366044028885,5,0.2658661560828596,0.8434598007980473,0,6,5,aaa8f555240e,2
beta,state,cue1,coherence,raw,Right ACC – Left OFC,0.06786473840316233,0.03954348891800533,1.7162051265603295,7,0.12983216035648268,0.7933948192785731,0,8,7,aaa8f555240e,2
beta,state,cue1,coherence,raw,Right ACC – Left PER,0.20954740680624964,,,1,,,0,2,2,aaa8f555240e,2
beta,state,cue1,coherence,raw,Right ACC – Left RSC,0.01022794668970285,0.009732122051384032,1.0509472277167244,6,0.33375687947858057,0.8434598007980473,0,7,4,aaa8f555240e,2
beta,state,cue1,coherence,raw,Right ACC – Right DHC,0.06136005340899439,0.06276465536936203,0.9776211316368786,4,0.38361659419663957,0.8434598007980473,0,5,2,aaa8f555240e,2
beta,state,cue1,coherence,raw,Right ACC – Right OFC,0.010699179613375175,0.024533614292383175,0.43610287036659307,7,0.6758953961516013,0.9093842762335866,0,8,5,aaa8f555240e,2
beta,state,cue1,coherence,raw,Right ACC – Right PER,0.26853060879426127,,,1,,,0,2,2,aaa8f555240e,2
beta,state,cue1,coherence,raw,Right ACC – Right RSC,0.06531378728573417,0.03496280618076069,1.868093394679372,5,0.1207088444898035,0.7933948192785731,0,6,4,aaa8f555240e,2
beta,state,cue1,coherence,raw,Right DHC – Left ACC,0.057150683193886845,0.07617650566467517,0.7502402833422295,4,0.4948297498015211,0.8434598007980473,0,5,2,aaa8f555240e,2
beta,state,cue1,coherence,raw,Right DHC – Left DHC,0.015563947337942391,0.09576018985094464,0.16253045615478026,4,0.8787683869922485,0.9733519878873115,0,5,2,aaa8f555240e,2
beta,state,cue1,coherence,raw,Right DHC – Left OFC,0.061856287067208915,0.07171446864812085,0.862535667254501,4,0.43703686858745394,0.8434598007980473,0,5,1,aaa8f555240e,2
beta,state,cue1,coherence,raw,Right DHC – Left PER,0.009327564935064925,,,,,,0,1,1,aaa8f555240e,2
beta,state,cue1,coherence,raw,Right DHC – Left RSC,-0.03929394576105586,,,3,,,0,4,4,aaa8f555240e,2
beta,state,cue1,coherence,raw,Right DHC – Right PER,0.022912853846153852,,,,,,0,1,1,aaa8f555240e,2
beta,state,cue1,coherence,raw,Right DHC – Right RSC,-0.057616093327330836,,,2,,,0,3,3,aaa8f555240e,2
beta,state,cue1,coherence,raw,Right OFC – Left ACC,-0.02484966001492233,0.04814650189917432,-0.5161259704175618,7,0.6216648359255647,0.871492760643315,0,8,5,aaa8f555240e,2
beta,state,cue1,coherence,raw,Right OFC – Left DHC,0.04483759666212218,0.054262648771720344,0.8263068183558678,5,0.44625428415681445,0.8434598007980473,0,6,3,aaa8f555240e,2
beta,state,cue1,coherence,raw,Right OFC – Left OFC,-0.04172169013648323,0.04656451402953162,-0.8959975424638379,7,0.4000160100399216,0.8434598007980473,0,8,6,aaa8f555240e,2
beta,state,cue1,coherence,raw,Right OFC – Left PER,-0.013828682363203415,,,1,,,0,2,1,aaa8f555240e,2
beta,state,cue1,coherence,raw,Right OFC – Left RSC,-0.0023156926848423875,0.005732066263308485,-0.4039891687340326,6,0.7002258926998618,0.9093842762335866,0,7,4,aaa8f555240e,2
beta,state,cue1,coherence,raw,Right OFC – Right DHC,0.01957340225559448,0.04610891934103448,0.42450360006974175,4,0.6930355846483981,0.9093842762335866,0,5,1,aaa8f555240e,2
beta,state,cue1,coherence,raw,Right OFC – Right PER,-0.09391002127861155,,,1,,,0,2,2,aaa8f555240e,2
beta,state,cue1,coherence,raw,Right OFC – Right RSC,-0.03638161566301534,0.023000635464417087,-1.581765674226661,5,0.17454686024128607,0.7933948192785731,0,6,4,aaa8f555240e,2
beta,state,cue1,coherence,raw,Right PER – Left ACC,0.008492790718967082,,,1,,,0,2,1,aaa8f555240e,2
beta,state,cue1,coherence,raw,Right PER – Left DHC,-0.0010250961538461473,,,,,,0,1,1,aaa8f555240e,2
beta,state,cue1,coherence,raw,Right PER – Left OFC,-0.014992788674893082,,,1,,,0,2,1,aaa8f555240e,2
beta,state,cue1,coherence,raw,Right PER – Left RSC,-0.008894164696300126,,,1,,,0,2,2,aaa8f555240e,2
beta,state,cue1,coherence,raw,Right RSC – Left ACC,-0.020493447542636854,0.026782917390802474,-0.7651686051824403,5,0.47871171734127405,0.8434598007980473,0,6,3,aaa8f555240e,2
beta,state,cue1,coherence,raw,Right RSC – Left DHC,-0.0028004015363967205,,,3,,,0,4,2,aaa8f555240e,2
beta,state,cue1,coherence,raw,Right RSC – Left OFC,-0.02734307868883459,0.021027603885368448,-1.3003421044972516,5,0.2501922245855089,0.8434598007980473,0,6,4,aaa8f555240e,2
beta,state,cue1,coherence,raw,Right RSC – Left PER,0.04081469201187527,,,1,,,0,2,2,aaa8f555240e,2
beta,state,cue1,coherence,raw,Right RSC – Left RSC,-0.029668177518798394,0.04714636710365667,-0.6292781255779373,5,0.5567954044603799,0.8561724244913346,0,6,4,aaa8f555240e,2
beta,state,cue1,coherence,raw,Right RSC – Right PER,-0.02069221190155988,,,1,,,0,2,1,aaa8f555240e,2
beta,state,cue1,raw_cc,raw,Left DHC – Left ACC,0.012605503431953912,0.09073939782399922,0.13891984886657407,5,0.8949354017183174,0.9748239215521003,0,6,3,aaa8f555240e,2
beta,state,cue1,raw_cc,raw,Left DHC – Left OFC,0.06610882255829324,0.06246240818045476,1.0583777424543725,5,0.3383120845297021,0.8434598007980473,0,6,3,aaa8f555240e,2
beta,state,cue1,raw_cc,raw,Left OFC – Left ACC,-0.0687748277241187,0.06950741335613249,-0.9894603237749582,7,0.35539883463268274,0.8434598007980473,0,8,5,aaa8f555240e,2
beta,state,cue1,raw_cc,raw,Left PER – Left ACC,0.16654840968324505,,,1,,,0,2,2,aaa8f555240e,2
beta,state,cue1,raw_cc,raw,Left PER – Left DHC,-0.03562671237880063,,,1,,,0,2,1,aaa8f555240e,2
beta,state,cue1,raw_cc,raw,Left PER – Left OFC,-0.06283172420155675,,,1,,,0,2,1,aaa8f555240e,2
beta,state,cue1,raw_cc,raw,Left PER – Left RSC,0.06488567398949469,,,1,,,0,2,1,aaa8f555240e,2
beta,state,cue1,raw_cc,raw,Left RSC – Left ACC,-0.03946405855243893,0.052906497235415906,-0.7459208341999528,6,0.48390336850775356,0.8434598007980473,0,7,5,aaa8f555240e,2
beta,state,cue1,raw_cc,raw,Left RSC – Left DHC,0.01191201412712702,0.14645064739703667,0.0813380776312502,4,0.9390803777618567,0.9748239215521003,0,5,3,aaa8f555240e,2
beta,state,cue1,raw_cc,raw,Left RSC – Left OFC,-0.01910097277054449,0.03196961692626017,-0.5974726820969429,6,0.5720352522538151,0.8561724244913346,0,7,3,aaa8f555240e,2
beta,state,cue1,raw_cc,raw,Right ACC – Left ACC,0.2976025332454882,0.10774798121788005,2.762024215040263,7,0.028014140970997546,0.49436719360583903,0,8,7,aaa8f555240e,2
beta,state,cue1,raw_cc,raw,Right ACC – Left DHC,0.049400473348102714,0.0643913106856295,0.7671916105153554,5,0.47761086919745643,0.8434598007980473,0,6,2,aaa8f555240e,2
beta,state,cue1,raw_cc,raw,Right ACC – Left OFC,0.07340590014269338,0.05240277649708803,1.4008017332206142,7,0.2040111792165953,0.8434598007980473,0,8,6,aaa8f555240e,2
beta,state,cue1,raw_cc,raw,Right ACC – Left PER,0.4198558144547393,,,1,,,0,2,2,aaa8f555240e,2
beta,state,cue1,raw_cc,raw,Right ACC – Left RSC,0.0077824925751331835,0.03621818779060312,0.21487802261471423,6,0.8369798058359667,0.9610659929733439,0,7,5,aaa8f555240e,2
beta,state,cue1,raw_cc,raw,Right ACC – Right DHC,0.05412334807735261,0.05090917328587739,1.0631354741006345,4,0.34764332797985364,0.8434598007980473,0,5,3,aaa8f555240e,2
beta,state,cue1,raw_cc,raw,Right ACC – Right OFC,-0.019113669126868696,0.045550381647074076,-0.4196160039878933,7,0.6873444185958634,0.9093842762335866,0,8,4,aaa8f555240e,2
beta,state,cue1,raw_cc,raw,Right ACC – Right PER,0.46607638059235623,,,1,,,0,2,2,aaa8f555240e,2
beta,state,cue1,raw_cc,raw,Right ACC – Right RSC,0.1884756584679869,0.0742263215948056,2.539202461046871,5,0.051944233606837566,0.5993565416173565,0,6,5,aaa8f555240e,2
beta,state,cue1,raw_cc,raw,Right DHC – Left ACC,0.05432123844407288,0.06846343647182528,0.7934342949090449,4,0.47193454931522943,0.8434598007980473,0,5,3,aaa8f555240e,2
beta,state,cue1,raw_cc,raw,Right DHC – Left DHC,-0.0225442037628316,0.1750253588962755,-0.1288053565780252,4,0.903728438953738,0.9748239215521003,0,5,3,aaa8f555240e,2
beta,state,cue1,raw_cc,raw,Right DHC – Left OFC,0.013778311596866445,0.07508749768007307,0.18349674742887287,4,0.8633343781124221,0.9664190799765918,0,5,2,aaa8f555240e,2
beta,state,cue1,raw_cc,raw,Right DHC – Left PER,-0.04973622727272727,,,,,,0,1,1,aaa8f555240e,2
beta,state,cue1,raw_cc,raw,Right DHC – Left RSC,-0.14919034961817976,,,3,,,0,4,4,aaa8f555240e,2
beta,state,cue1,raw_cc,raw,Right DHC – Right PER,-0.10335653846153847,,,,,,0,1,1,aaa8f555240e,2
beta,state,cue1,raw_cc,raw,Right DHC – Right RSC,-0.050019612318407354,,,2,,,0,3,2,aaa8f555240e,2
beta,state,cue1,raw_cc,raw,Right OFC – Left ACC,-0.12429236727313503,0.07275273314743382,-1.7084219643165277,7,0.1313108638980791,0.7933948192785731,0,8,5,aaa8f555240e,2
beta,state,cue1,raw_cc,raw,Right OFC – Left DHC,0.04023005737856553,0.049403143092800854,0.8143218196258439,5,0.45248435170328755,0.8434598007980473,0,6,3,aaa8f555240e,2
beta,state,cue1,raw_cc,raw,Right OFC – Left OFC,-0.13274726787743327,0.0775233828008282,-1.7123513329969793,7,0.1305623489967027,0.7933948192785731,0,8,6,aaa8f555240e,2
beta,state,cue1,raw_cc,raw,Right OFC – Left PER,-0.04556348918225239,,,1,,,0,2,1,aaa8f555240e,2
beta,state,cue1,raw_cc,raw,Right OFC – Left RSC,-0.026491857510484,0.03566527598065748,-0.7427913224294537,6,0.48566187403354777,0.8434598007980473,0,7,6,aaa8f555240e,2
beta,state,cue1,raw_cc,raw,Right OFC – Right DHC,0.04337034401789135,0.04856470219560432,0.8930425197133585,4,0.4223070268368093,0.8434598007980473,0,5,2,aaa8f555240e,2
beta,state,cue1,raw_cc,raw,Right OFC – Right PER,-0.20001654455906767,,,1,,,0,2,2,aaa8f555240e,2
beta,state,cue1,raw_cc,raw,Right OFC – Right RSC,-0.06904644759814756,0.06127655531647183,-1.126800409088712,5,0.31098098508403255,0.8434598007980473,0,6,4,aaa8f555240e,2
beta,state,cue1,raw_cc,raw,Right PER – Left ACC,0.02893934869508604,,,1,,,0,2,1,aaa8f555240e,2
beta,state,cue1,raw_cc,raw,Right PER – Left DHC,0.03030436538461538,,,,,,0,1,1,aaa8f555240e,2
beta,state,cue1,raw_cc,raw,Right PER – Left OFC,-0.08820644465982572,,,1,,,0,2,2,aaa8f555240e,2
beta,state,cue1,raw_cc,raw,Right PER – Left RSC,-0.03679973690296215,,,1,,,0,2,2,aaa8f555240e,2
beta,state,cue1,raw_cc,raw,Right RSC – Left ACC,-0.08097431136886878,0.05818229868383956,-1.3917344828343783,5,0.22274208332084028,0.8434598007980473,0,6,5,aaa8f555240e,2
beta,state,cue1,raw_cc,raw,Right RSC – Left DHC,-0.008872982020047214,,,3,,,0,4,2,aaa8f555240e,2
beta,state,cue1,raw_cc,raw,Right RSC – Left OFC,-0.05228600853189252,0.04516681320009253,-1.1576200494876934,5,0.29930938481996305,0.8434598007980473,0,6,4,aaa8f555240e,2
beta,state,cue1,raw_cc,raw,Right RSC – Left PER,0.18371867917279858,,,1,,,0,2,2,aaa8f555240e,2
beta,state,cue1,raw_cc,raw,Right RSC – Left RSC,-0.07701736847270015,0.1120445916747409,-0.6873814016501323,5,0.5224209753270955,0.8517733293376557,0,6,3,aaa8f555240e,2
beta,state,cue1,raw_cc,raw,Right RSC – Right PER,-0.08808082570905904,,,1,,,0,2,2,aaa8f555240e,2
beta,state,cue1,amp_cc,raw,Left DHC – Left ACC,0.032366581134170694,0.09415215667613205,0.3437688766440732,5,0.7450045985157788,0.9273916164096833,0,6,2,aaa8f555240e,2
beta,state,cue1,amp_cc,raw,Left DHC – Left OFC,0.05197175334277012,0.07354443249315659,0.7066714852630913,5,0.5113324185003156,0.8517733293376557,0,6,1,aaa8f555240e,2
beta,state,cue1,amp_cc,raw,Left OFC – Left ACC,-0.006366015663963255,0.056795352197164146,-0.11208691235620363,7,0.9139009709819599,0.9748239215521003,0,8,6,aaa8f555240e,2
beta,state,cue1,amp_cc,raw,Left PER – Left ACC,0.10266025732899436,,,1,,,0,2,1,aaa8f555240e,2
beta,state,cue1,amp_cc,raw,Left PER – Left DHC,-0.002850011604747264,,,1,,,0,2,1,aaa8f555240e,2
beta,state,cue1,amp_cc,raw,Left PER – Left OFC,-0.015254766628203907,,,1,,,0,2,2,aaa8f555240e,2
beta,state,cue1,amp_cc,raw,Left PER – Left RSC,0.004081180773527527,,,1,,,0,2,1,aaa8f555240e,2
beta,state,cue1,amp_cc,raw,Left RSC – Left ACC,-0.02025924272946582,0.048662581697552894,-0.4163207545251263,6,0.6916572831279161,0.9093842762335866,0,7,4,aaa8f555240e,2
beta,state,cue1,amp_cc,raw,Left RSC – Left DHC,-0.06041158252513791,0.1094807179813932,-0.5518011174844978,4,0.6104614559241544,0.8694525317032175,0,5,3,aaa8f555240e,2
beta,state,cue1,amp_cc,raw,Left RSC – Left OFC,-0.03250653000654002,0.023933543740167904,-1.3581996197238433,6,0.22324828051764817,0.8434598007980473,0,7,5,aaa8f555240e,2
beta,state,cue1,amp_cc,raw,Right ACC – Left ACC,0.28781147785743066,0.06962068351534112,4.133993855346315,7,0.00438200276168836,0.4869461709804439,2,8,8,aaa8f555240e,2
beta,state,cue1,amp_cc,raw,Right ACC – Left DHC,0.10011988216029968,0.07495920594354859,1.3356582543803823,5,0.2392313587337328,0.8434598007980473,0,6,3,aaa8f555240e,2
beta,state,cue1,amp_cc,raw,Right ACC – Left OFC,0.11097515111382876,0.03885662299490473,2.856016363758141,7,0.024476727937138704,0.49436719360583903,0,8,5,aaa8f555240e,2
beta,state,cue1,amp_cc,raw,Right ACC – Left PER,0.27033708314262744,,,1,,,0,2,2,aaa8f555240e,2
beta,state,cue1,amp_cc,raw,Right ACC – Left RSC,0.054853212311087064,0.03026974771193141,1.812146332804274,6,0.11991793763887564,0.7933948192785731,0,7,6,aaa8f555240e,2
beta,state,cue1,amp_cc,raw,Right ACC – Right DHC,0.08522998207055357,0.06251421855041986,1.363369550909649,4,0.24445883753638345,0.8434598007980473,0,5,3,aaa8f555240e,2
beta,state,cue1,amp_cc,raw,Right ACC – Right OFC,0.009653986269066788,0.030383572878965287,0.3177370320312229,7,0.7599528245435571,0.938213363634021,0,8,4,aaa8f555240e,2
beta,state,cue1,amp_cc,raw,Right ACC – Right PER,0.35036242031723147,,,1,,,0,2,2,aaa8f555240e,2
beta,state,cue1,amp_cc,raw,Right ACC – Right RSC,0.14332841021590964,0.0542161586319822,2.643647462905274,5,0.04577482795800605,0.5719075235790017,0,6,5,aaa8f555240e,2
beta,state,cue1,amp_cc,raw,Right DHC – Left ACC,0.05764129548509031,0.07779869700607171,0.7409030961095886,4,0.49988796201694885,0.8440337028851234,0,5,2,aaa8f555240e,2
beta,state,cue1,amp_cc,raw,Right DHC – Left DHC,-0.09000813678750803,0.1089371470273494,-0.8262391594018053,4,0.45510179740774903,0.8434598007980473,0,5,4,aaa8f555240e,2
beta,state,cue1,amp_cc,raw,Right DHC – Left OFC,0.04522202864466825,0.08397876689300342,0.5384936016301027,4,0.6188049126932802,0.871492760643315,0,5,3,aaa8f555240e,2
beta,state,cue1,amp_cc,raw,Right DHC – Left PER,0.03427422077922078,,,,,,0,1,1,aaa8f555240e,2
beta,state,cue1,amp_cc,raw,Right DHC – Left RSC,-0.15927332461806057,,,3,,,0,4,4,aaa8f555240e,2
beta,state,cue1,amp_cc,raw,Right DHC – Right PER,0.000569123076923056,,,,,,0,1,1,aaa8f555240e,2
beta,state,cue1,amp_cc,raw,Right DHC – Right RSC,-0.07250637791291684,,,2,,,0,3,3,aaa8f555240e,2
beta,state,cue1,amp_cc,raw,Right OFC – Left ACC,-0.07760993100845227,0.05607272251029283,-1.384094217900799,7,0.2088490233303982,0.8434598007980473,0,8,7,aaa8f555240e,2
beta,state,cue1,amp_cc,raw,Right OFC – Left DHC,0.04356593958711337,0.07663377140488926,0.5684953094235141,5,0.5942797566309165,0.8648245243579673,0,6,3,aaa8f555240e,2
beta,state,cue1,amp_cc,raw,Right OFC – Left OFC,-0.08480291286421926,0.05159900421364015,-1.6434990201187194,7,0.14428015127827284,0.7933948192785731,0,8,7,aaa8f555240e,2
beta,state,cue1,amp_cc,raw,Right OFC – Left PER,-0.07160441458471034,,,1,,,0,2,2,aaa8f555240e,2
beta,state,cue1,amp_cc,raw,Right OFC – Left RSC,-0.06665609951758278,0.018983803624312293,-3.5112088618646076,6,0.012652824436502105,0.4869461709804439,0,7,7,aaa8f555240e,2
beta,state,cue1,amp_cc,raw,Right OFC – Right DHC,0.04332042316014865,0.06779202492495792,0.6390194600043588,4,0.557567995124822,0.8561724244913346,0,5,2,aaa8f555240e,2
beta,state,cue1,amp_cc,raw,Right OFC – Right PER,-0.1514872327132031,,,1,,,0,2,2,aaa8f555240e,2
beta,state,cue1,amp_cc,raw,Right OFC – Right RSC,-0.06905483280595602,0.03965449428466114,-1.741412519606064,5,0.14208608352524804,0.7933948192785731,0,6,4,aaa8f555240e,2
beta,state,cue1,amp_cc,raw,Right PER – Left ACC,0.012956193630815117,,,1,,,0,2,2,aaa8f555240e,2
beta,state,cue1,amp_cc,raw,Right PER – Left DHC,-0.08506623076923078,,,,,,0,1,1,aaa8f555240e,2
beta,state,cue1,amp_cc,raw,Right PER – Left OFC,-0.0059028381374857655,,,1,,,0,2,1,aaa8f555240e,2
beta,state,cue1,amp_cc,raw,Right PER – Left RSC,-0.0639298272871802,,,1,,,0,2,2,aaa8f555240e,2
beta,state,cue1,amp_cc,raw,Right RSC – Left ACC,-0.02131055185386879,0.03096740595421426,-0.6881607030752507,5,0.5219698511738707,0.8517733293376557,0,6,4,aaa8f555240e,2
beta,state,cue1,amp_cc,raw,Right RSC – Left DHC,-0.055375375048025255,,,3,,,0,4,3,aaa8f555240e,2
beta,state,cue1,amp_cc,raw,Right RSC – Left OFC,-0.07575230469898288,0.018177186427586964,-4.167438398718072,5,0.00876073777843049,0.4869461709804439,2,6,6,aaa8f555240e,2
beta,state,cue1,amp_cc,raw,Right RSC – Left PER,0.06696218371652697,,,1,,,0,2,2,aaa8f555240e,2
beta,state,cue1,amp_cc,raw,Right RSC – Left RSC,-0.07489437396523312,0.11245376477559521,-0.6660014817172821,5,0.5349004851903645,0.8561724244913346,0,6,4,aaa8f555240e,2
beta,state,cue1,amp_cc,raw,Right RSC – Right PER,-0.05084856680322146,,,1,,,0,2,2,aaa8f555240e,2
beta,state,cue2,coherence,raw,Left DHC – Left ACC,0.04524031464536263,0.05855676240295098,0.7725890706533107,5,0.4746827321553517,0.8434598007980473,0,6,3,aaa8f555240e,2
beta,state,cue2,coherence,raw,Left DHC – Left OFC,0.04813226168985511,0.05465501367866708,0.8806559261486759,5,0.4188157876473473,0.8434598007980473,0,6,3,aaa8f555240e,2
beta,state,cue2,coherence,raw,Left OFC – Left ACC,0.009426157362998374,0.07841890500725844,0.12020261392486786,7,0.9076999764852652,0.9748239215521003,0,8,2,aaa8f555240e,2
beta,state,cue2,coherence,raw,Left PER – Left ACC,0.10314971193451036,,,1,,,0,2,2,aaa8f555240e,2
beta,state,cue2,coherence,raw,Left PER – Left DHC,0.025051034154253124,,,1,,,0,2,2,aaa8f555240e,2
beta,state,cue2,coherence,raw,Left PER – Left OFC,-0.009085205874695986,,,1,,,0,2,1,aaa8f555240e,2
beta,state,cue2,coherence,raw,Left PER – Left RSC,0.021951126078428185,,,1,,,0,2,2,aaa8f555240e,2
beta,state,cue2,coherence,raw,Left RSC – Left ACC,-0.007726090896952554,0.017959841380850033,-0.4301870341232869,6,0.6820817493835222,0.9093842762335866,0,7,4,aaa8f555240e,2
beta,state,cue2,coherence,raw,Left RSC – Left DHC,0.013163771106825118,0.06072956328056638,0.2167605099679279,4,0.8390015656214798,0.9610659929733439,0,5,2,aaa8f555240e,2
beta,state,cue2,coherence,raw,Left RSC – Left OFC,-0.004358718249819472,0.00485121936774079,-0.8984789017795591,6,0.40354323622819754,0.8434598007980473,0,7,5,aaa8f555240e,2
beta,state,cue2,coherence,raw,Right ACC – Left ACC,0.21998314871707958,0.08212806949563178,2.6785379233683315,7,0.031606146161324095,0.5267691026887349,0,8,7,aaa8f555240e,2
beta,state,cue2,coherence,raw,Right ACC – Left DHC,0.05820001848503722,0.05271841493229234,1.1039789143847563,5,0.319877399647134,0.8434598007980473,0,6,3,aaa8f555240e,2
beta,state,cue2,coherence,raw,Right ACC – Left OFC,0.06591370340934467,0.03813173355051056,1.7285787262211194,7,0.12751380681116503,0.7933948192785731,0,8,7,aaa8f555240e,2
beta,state,cue2,coherence,raw,Right ACC – Left PER,0.2033452862248819,,,1,,,0,2,2,aaa8f555240e,2
beta,state,cue2,coherence,raw,Right ACC – Left RSC,0.009669736083469372,0.007513678610424154,1.2869509843093363,6,0.24552837480910567,0.8434598007980473,0,7,5,aaa8f555240e,2
beta,state,cue2,coherence,raw,Right ACC – Right DHC,0.0757391127327473,0.06887409824720211,1.0996748365532911,4,0.33320962710644203,0.8434598007980473,0,5,3,aaa8f555240e,2
beta,state,cue2,coherence,raw,Right ACC – Right OFC,0.017473959309799583,0.03475523476052334,0.502772012049458,7,0.6305536736393632,0.8757689911657822,0,8,5,aaa8f555240e,2
beta,state,cue2,coherence,raw,Right ACC – Right PER,0.24835383476322645,,,1,,,0,2,2,aaa8f555240e,2
beta,state,cue2,coherence,raw,Right ACC – Right RSC,0.06340486430466172,0.027734709241241055,2.2861196687932006,5,0.07099279644436363,0.7473346722770332,0,6,5,aaa8f555240e,2
beta,state,cue2,coherence,raw,Right DHC – Left ACC,0.06852531616422672,0.07420786323694874,0.9234239226835381,4,0.40804752105134173,0.8434598007980473,0,5,4,aaa8f555240e,2
beta,state,cue2,coherence,raw,Right DHC – Left DHC,0.0030494100481128334,0.0863465345946236,0.03531595173366351,4,0.973519916234133,0.9933876696266665,0,5,1,aaa8f555240e,2
beta,state,cue2,coherence,raw,Right DHC – Left OFC,0.07225551644271958,0.07472617881810598,0.9669371241181709,4,0.388331344136927,0.8434598007980473,0,5,3,aaa8f555240e,2
beta,state,cue2,coherence,raw,Right DHC – Left PER,-0.004108041666666666,,,,,,0,1,1,aaa8f555240e,2
beta,state,cue2,coherence,raw,Right DHC – Left RSC,-0.039867881739029803,,,3,,,0,4,3,aaa8f555240e,2
beta,state,cue2,coherence,raw,Right DHC – Right PER,0.0291707380952381,,,,,,0,1,1,aaa8f555240e,2
beta,state,cue2,coherence,raw,Right DHC – Right RSC,-0.034825850264799084,,,2,,,0,3,2,aaa8f555240e,2
beta,state,cue2,coherence,raw,Right OFC – Left ACC,-0.011888459262565664,0.049076539489661376,-0.24224322631937253,7,0.8155358107744748,0.9594538950287939,0,8,5,aaa8f555240e,2
beta,state,cue2,coherence,raw,Right OFC – Left DHC,0.04379935664778947,0.05006086567818932,0.8749220784424453,5,0.4216476795419185,0.8434598007980473,0,6,2,aaa8f555240e,2
beta,state,cue2,coherence,raw,Right OFC – Left OFC,-0.030356096672938714,0.05281767819792412,-0.574733644276923,7,0.5834622769197839,0.8580327601761528,0,8,5,aaa8f555240e,2
beta,state,cue2,coherence,raw,Right OFC – Left PER,-0.012107120278123142,,,1,,,0,2,1,aaa8f555240e,2
beta,state,cue2,coherence,raw,Right OFC – Left RSC,-0.0017696940819711404,0.003992039923709183,-0.4433057073053614,6,0.6730817682433122,0.9093842762335866,0,7,4,aaa8f555240e,2
beta,state,cue2,coherence,raw,Right OFC – Right DHC,0.06649066620424361,0.06810757620210917,0.9762594693860874,4,0.3842147306580933,0.8434598007980473,0,5,4,aaa8f555240e,2
beta,state,cue2,coherence,raw,Right OFC – Right PER,-0.08221204916824712,,,1,,,0,2,2,aaa8f555240e,2
beta,state,cue2,coherence,raw,Right OFC – Right RSC,-0.04050369378679966,0.02912039236617772,-1.3909048091619547,5,0.22297807520770455,0.8434598007980473,0,6,4,aaa8f555240e,2
beta,state,cue2,coherence,raw,Right PER – Left ACC,0.024429757644450455,,,1,,,0,2,1,aaa8f555240e,2
beta,state,cue2,coherence,raw,Right PER – Left DHC,0.006858142857142861,,,,,,0,1,1,aaa8f555240e,2
beta,state,cue2,coherence,raw,Right PER – Left OFC,-0.009987281875455688,,,1,,,0,2,1,aaa8f555240e,2
beta,state,cue2,coherence,raw,Right PER – Left RSC,-0.004142176242178367,,,1,,,0,2,1,aaa8f555240e,2
beta,state,cue2,coherence,raw,Right RSC – Left ACC,-0.02736265222206561,0.0364417591806441,-0.7508598058185725,5,0.48655031926602227,0.8434598007980473,0,6,2,aaa8f555240e,2
beta,state,cue2,coherence,raw,Right RSC – Left DHC,-0.010303698440797064,,,3,,,0,4,2,aaa8f555240e,2
beta,state,cue2,coherence,raw,Right RSC – Left OFC,-0.024592096167904316,0.027222062533702827,-0.9033884239101123,5,0.4077341618034367,0.8434598007980473,0,6,3,aaa8f555240e,2
beta,state,cue2,coherence,raw,Right RSC – Left PER,0.018488053515034592,,,1,,,0,2,1,aaa8f555240e,2
beta,state,cue2,coherence,raw,Right RSC – Left RSC,-0.02492972460095839,0.04644022572975088,-0.5368131659400555,5,0.614413122403607,0.8694525317032175,0,6,4,aaa8f555240e,2
beta,state,cue2,coherence,raw,Right RSC – Right PER,-0.04510923899247158,,,1,,,0,2,1,aaa8f555240e,2
beta,state,cue2,raw_cc,raw,Left DHC – Left ACC,0.082978952179185,0.08854737393694126,0.9371136431248452,5,0.3917215020503532,0.8434598007980473,0,6,5,aaa8f555240e,2
beta,state,cue2,raw_cc,raw,Left DHC – Left OFC,0.11531630665183797,0.06319942193969959,1.8246417943800912,5,0.12764453824065342,0.7933948192785731,0,6,4,aaa8f555240e,2
beta,state,cue2,raw_cc,raw,Left OFC – Left ACC,-0.05685727275465268,0.0900332752053182,-0.631513988855691,7,0.5477645073685764,0.8561724244913346,0,8,6,aaa8f555240e,2
beta,state,cue2,raw_cc,raw,Left PER – Left ACC,0.14558468256145413,,,1,,,0,2,2,aaa8f555240e,2
beta,state,cue2,raw_cc,raw,Left PER – Left DHC,0.141988806267942,,,1,,,0,2,2,aaa8f555240e,2
beta,state,cue2,raw_cc,raw,Left PER – Left OFC,-0.055539619323788536,,,1,,,0,2,2,aaa8f555240e,2
beta,state,cue2,raw_cc,raw,Left PER – Left RSC,0.033005089347872614,,,1,,,0,2,2,aaa8f555240e,2
beta,state,cue2,raw_cc,raw,Left RSC – Left ACC,-0.02627545926534481,0.05370707975650859,-0.4892364169578699,6,0.642043622612608,0.8861399125618548,0,7,3,aaa8f555240e,2
beta,state,cue2,raw_cc,raw,Left RSC – Left DHC,0.06826190791414032,0.12304034147543391,0.5547929004063225,4,0.6085954136738142,0.8694525317032175,0,5,3,aaa8f555240e,2
beta,state,cue2,raw_cc,raw,Left RSC – Left OFC,-0.057954786967725436,0.044444740112675754,-1.3039740320406685,6,0.24003189778085088,0.8434598007980473,0,7,5,aaa8f555240e,2
beta,state,cue2,raw_cc,raw,Right ACC – Left ACC,0.30555869393470986,0.10607422028096804,2.880612208370233,7,0.023630909721095047,0.49436719360583903,0,8,7,aaa8f555240e,2
beta,state,cue2,raw_cc,raw,Right ACC – Left DHC,0.12236063340608633,0.05385189015858458,2.272169705571248,5,0.07224235165344654,0.7473346722770332,0,6,5,aaa8f555240e,2
beta,state,cue2,raw_cc,raw,Right ACC – Left OFC,0.08438033952276548,0.051789964081943744,1.6292797459611326,7,0.14727693077464576,0.7933948192785731,0,8,6,aaa8f555240e,2
beta,state,cue2,raw_cc,raw,Right ACC – Left PER,0.46635973849518186,,,1,,,0,2,2,aaa8f555240e,2
beta,state,cue2,raw_cc,raw,Right ACC – Left RSC,0.003871374316362728,0.03298655674048337,0.11736218323179853,6,0.9104031546604101,0.9748239215521003,0,7,3,aaa8f555240e,2
beta,state,cue2,raw_cc,raw,Right ACC – Right DHC,0.06481660433102025,0.06364310887726721,1.0184386884056227,4,0.36605757467690425,0.8434598007980473,0,5,2,aaa8f555240e,2
beta,state,cue2,raw_cc,raw,Right ACC – Right OFC,-0.03259093166041925,0.047741123345187604,-0.6826595056168588,7,0.5167694778485429,0.8517733293376557,0,8,5,aaa8f555240e,2
beta,state,cue2,raw_cc,raw,Right ACC – Right PER,0.4689415834758107,,,1,,,0,2,2,aaa8f555240e,2
beta,state,cue2,raw_cc,raw,Right ACC – Right RSC,0.15867091411645504,0.0950750049090237,1.6689025077441293,5,0.15600752241952104,0.7933948192785731,0,6,5,aaa8f555240e,2
beta,state,cue2,raw_cc,raw,Right DHC – Left ACC,0.024900717669837057,0.08151626597171463,0.3054693118362091,4,0.7752453045135962,0.9391488478964034,0,5,2,aaa8f555240e,2
beta,state,cue2,raw_cc,raw,Right DHC – Left DHC,0.009730262057590049,0.15776684897364876,0.06167494705567239,4,0.9537804092550599,0.9765669719335085,0,5,2,aaa8f555240e,2
beta,state,cue2,raw_cc,raw,Right DHC – Left OFC,0.049321703480190104,0.0727316118460402,0.6781329634849194,4,0.5348898872556236,0.8561724244913346,0,5,2,aaa8f555240e,2
beta,state,cue2,raw_cc,raw,Right DHC – Left PER,0.06351841666666666,,,,,,0,1,1,aaa8f555240e,2
beta,state,cue2,raw_cc,raw,Right DHC – Left RSC,-0.0791633347382105,,,3,,,0,4,2,aaa8f555240e,2
beta,state,cue2,raw_cc,raw,Right DHC – Right PER,-0.08896769047619046,,,,,,0,1,1,aaa8f555240e,2
beta,state,cue2,raw_cc,raw,Right DHC – Right RSC,-0.045004978180062535,,,2,,,0,3,2,aaa8f555240e,2
beta,state,cue2,raw_cc,raw,Right OFC – Left ACC,-0.0992652957060519,0.07902647146485023,-1.256101833550845,7,0.2493767563978956,0.8434598007980473,0,8,6,aaa8f555240e,2
beta,state,cue2,raw_cc,raw,Right OFC – Left DHC,0.009842491780935478,0.05968356499562461,0.1649112579259806,5,0.8754737465985741,0.9733519878873115,0,6,1,aaa8f555240e,2
beta,state,cue2,raw_cc,raw,Right OFC – Left OFC,-0.10439881895747047,0.07516813599785306,-1.3888706640331256,7,0.20745565886014822,0.8434598007980473,0,8,5,aaa8f555240e,2
beta,state,cue2,raw_cc,raw,Right OFC – Left PER,-0.11092606798830415,,,1,,,0,2,2,aaa8f555240e,2
beta,state,cue2,raw_cc,raw,Right OFC – Left RSC,-0.03805488612393175,0.020237383084118078,-1.8804252489441937,6,0.10909068376228587,0.7933948192785731,0,7,6,aaa8f555240e,2
beta,state,cue2,raw_cc,raw,Right OFC – Right DHC,0.09076148149274235,0.0516190743303578,1.7582934732978044,4,0.15352231027558136,0.7933948192785731,0,5,4,aaa8f555240e,2
beta,state,cue2,raw_cc,raw,Right OFC – Right PER,-0.15528565562780897,,,1,,,0,2,1,aaa8f555240e,2
beta,state,cue2,raw_cc,raw,Right OFC – Right RSC,-0.0820109294720872,0.0689739025351132,-1.1890139089974954,5,0.287818634401572,0.8434598007980473,0,6,4,aaa8f555240e,2
beta,state,cue2,raw_cc,raw,Right PER – Left ACC,0.0012838504698801988,,,1,,,0,2,1,aaa8f555240e,2
beta,state,cue2,raw_cc,raw,Right PER – Left DHC,-0.07675621428571429,,,,,,0,1,1,aaa8f555240e,2
beta,state,cue2,raw_cc,raw,Right PER – Left OFC,-0.081891906279017,,,1,,,0,2,1,aaa8f555240e,2
beta,state,cue2,raw_cc,raw,Right PER – Left RSC,-0.06026260522888004,,,1,,,0,2,2,aaa8f555240e,2
beta,state,cue2,raw_cc,raw,Right RSC – Left ACC,-0.07543344848269339,0.08729905505629437,-0.8640809277265429,5,0.4270425319296789,0.8434598007980473,0,6,4,aaa8f555240e,2
beta,state,cue2,raw_cc,raw,Right RSC – Left DHC,0.09270450463478357,,,3,,,0,4,4,aaa8f555240e,2
beta,state,cue2,raw_cc,raw,Right RSC – Left OFC,-0.07863404759301576,0.04824004847698045,-1.6300573916408676,5,0.1640181153593482,0.7933948192785731,0,6,4,aaa8f555240e,2
beta,state,cue2,raw_cc,raw,Right RSC – Left PER,0.12354613781433774,,,1,,,0,2,2,aaa8f555240e,2
beta,state,cue2,raw_cc,raw,Right RSC – Left RSC,-0.058769751158267755,0.10112216093776094,-0.581175783955404,5,0.5863342875082701,0.858050176841371,0,6,4,aaa8f555240e,2
beta,state,cue2,raw_cc,raw,Right RSC – Right PER,-0.04269895422558635,,,1,,,0,2,1,aaa8f555240e,2
beta,state,cue2,amp_cc,raw,Left DHC – Left ACC,0.08168067534382573,0.06880610865038453,1.1871137162960204,5,0.2885028508462438,0.8434598007980473,0,6,4,aaa8f555240e,2
beta,state,cue2,amp_cc,raw,Left DHC – Left OFC,0.038509801964863345,0.06248695224310443,0.6162854897297857,5,0.5646789478947111,0.8561724244913346,0,6,3,aaa8f555240e,2
beta,state,cue2,amp_cc,raw,Left OFC – Left ACC,-0.00025062537673140956,0.07753985867169556,-0.003232213483810431,7,0.9975112558353958,0.9994913573382568,0,8,5,aaa8f555240e,2
beta,state,cue2,amp_cc,raw,Left PER – Left ACC,0.18076824206066391,,,1,,,0,2,2,aaa8f555240e,2
beta,state,cue2,amp_cc,raw,Left PER – Left DHC,0.05247859859712387,,,1,,,0,2,2,aaa8f555240e,2
beta,state,cue2,amp_cc,raw,Left PER – Left OFC,0.0528294222755168,,,1,,,0,2,1,aaa8f555240e,2
beta,state,cue2,amp_cc,raw,Left PER – Left RSC,0.019233486754210046,,,1,,,0,2,1,aaa8f555240e,2
beta,state,cue2,amp_cc,raw,Left RSC – Left ACC,-0.019682627434561624,0.046052787267657026,-0.4273927508484329,6,0.6840062425658703,0.9093842762335866,0,7,4,aaa8f555240e,2
beta,state,cue2,amp_cc,raw,Left RSC – Left DHC,-0.022129395729825207,0.0885718419915461,-0.24984685010770566,4,0.8150125095395048,0.9594538950287939,0,5,2,aaa8f555240e,2
beta,state,cue2,amp_cc,raw,Left RSC – Left OFC,0.0024566222058365387,0.022121543353206388,0.1110511218233092,6,0.9151974687532374,0.9748239215521003,0,7,3,aaa8f555240e,2
beta,state,cue2,amp_cc,raw,Right ACC – Left ACC,0.2913904083173834,0.08177961582768156,3.563117842609756,7,0.009181049549442917,0.4869461709804439,2,8,7,aaa8f555240e,2
beta,state,cue2,amp_cc,raw,Right ACC – Left DHC,0.09017752784619121,0.05687699812499546,1.5854832501534801,5,0.17371320893818157,0.7933948192785731,0,6,5,aaa8f555240e,2
beta,state,cue2,amp_cc,raw,Right ACC – Left OFC,0.10988407311619544,0.037683099993368975,2.9160040743869677,7,0.02246752106001315,0.49436719360583903,0,8,7,aaa8f555240e,2
beta,state,cue2,amp_cc,raw,Right ACC – Left PER,0.31833217598729335,,,1,,,0,2,2,aaa8f555240e,2
beta,state,cue2,amp_cc,raw,Right ACC – Left RSC,0.02202132413147901,0.02366234799578125,0.9306483082492567,6,0.3879477841384688,0.8434598007980473,0,7,4,aaa8f555240e,2
beta,state,cue2,amp_cc,raw,Right ACC – Right DHC,0.11527979452081442,0.06180427739975715,1.8652397434431844,4,0.13557571660078585,0.7933948192785731,0,5,4,aaa8f555240e,2
beta,state,cue2,amp_cc,raw,Right ACC – Right OFC,0.025920086358922217,0.04354130252347689,0.595298827933465,7,0.5703799158754518,0.8561724244913346,0,8,4,aaa8f555240e,2
beta,state,cue2,amp_cc,raw,Right ACC – Right PER,0.2726604839051974,,,1,,,0,2,2,aaa8f555240e,2
beta,state,cue2,amp_cc,raw,Right ACC – Right RSC,0.12302197597624773,0.03951218621242774,3.1135198471390506,5,0.026445274046706647,0.49436719360583903,0,6,5,aaa8f555240e,2
beta,state,cue2,amp_cc,raw,Right DHC – Left ACC,0.06523854043095902,0.07426830526886134,0.8784169800938186,4,0.4293171950619273,0.8434598007980473,0,5,3,aaa8f555240e,2
beta,state,cue2,amp_cc,raw,Right DHC – Left DHC,-0.03381429190558474,0.08509540946210598,-0.39736916620211643,4,0.7113872301984834,0.9159492234315236,0,5,3,aaa8f555240e,2
beta,state,cue2,amp_cc,raw,Right DHC – Left OFC,0.0829955722952656,0.07139112258293544,1.162547517008844,4,0.3096452272665279,0.8434598007980473,0,5,3,aaa8f555240e,2
beta,state,cue2,amp_cc,raw,Right DHC – Left PER,0.002844229166666677,,,,,,0,1,1,aaa8f555240e,2
beta,state,cue2,amp_cc,raw,Right DHC – Left RSC,-0.024206969710826077,,,3,,,0,4,2,aaa8f555240e,2
beta,state,cue2,amp_cc,raw,Right DHC – Right PER,0.07400738095238096,,,,,,0,1,1,aaa8f555240e,2
beta,state,cue2,amp_cc,raw,Right DHC – Right RSC,-0.0475211792545317,,,2,,,0,3,2,aaa8f555240e,2
beta,state,cue2,amp_cc,raw,Right OFC – Left ACC,-0.03582853846847146,0.06110498778484744,-0.5863439265322311,7,0.5760554103844133,0.8561724244913346,0,8,4,aaa8f555240e,2
beta,state,cue2,amp_cc,raw,Right OFC – Left DHC,0.04650169723691169,0.06278599077923229,0.7406381050897273,5,0.49220589375976076,0.8434598007980473,0,6,4,aaa8f555240e,2
beta,state,cue2,amp_cc,raw,Right OFC – Left OFC,-0.057071793575814066,0.06768941066623356,-0.8431421253942749,7,0.42701678649759023,0.8434598007980473,0,8,5,aaa8f555240e,2
beta,state,cue2,amp_cc,raw,Right OFC – Left PER,0.007903668662278217,,,1,,,0,2,1,aaa8f555240e,2
beta,state,cue2,amp_cc,raw,Right OFC – Left RSC,0.0013434105867709332,0.016533525097045226,0.08125373015649395,6,0.9378827963763688,0.9748239215521003,0,7,4,aaa8f555240e,2
beta,state,cue2,amp_cc,raw,Right OFC – Right DHC,0.09366494951148595,0.0741054272839264,1.263941831852875,4,0.27489025123020605,0.8434598007980473,0,5,2,aaa8f555240e,2
beta,state,cue2,amp_cc,raw,Right OFC – Right PER,-0.11475344991673019,,,1,,,0,2,1,aaa8f555240e,2
beta,state,cue2,amp_cc,raw,Right OFC – Right RSC,-0.06812272428237154,0.06625711977846746,-1.028157041992495,5,0.3510200023816324,0.8434598007980473,0,6,3,aaa8f555240e,2
beta,state,cue2,amp_cc,raw,Right PER – Left ACC,0.021344445937313196,,,1,,,0,2,1,aaa8f555240e,2
beta,state,cue2,amp_cc,raw,Right PER – Left DHC,0.06774330952380953,,,,,,0,1,1,aaa8f555240e,2
beta,state,cue2,amp_cc,raw,Right PER – Left OFC,-0.028166391476210143,,,1,,,0,2,1,aaa8f555240e,2
beta,state,cue2,amp_cc,raw,Right PER – Left RSC,-0.040477962922803735,,,1,,,0,2,2,aaa8f555240e,2
beta,state,cue2,amp_cc,raw,Right RSC – Left ACC,-0.01731329692850525,0.05349999913371045,-0.3236130319410811,5,0.7593284883293971,0.938213363634021,0,6,2,aaa8f555240e,2
beta,state,cue2,amp_cc,raw,Right RSC – Left DHC,-0.038367880362964304,,,3,,,0,4,3,aaa8f555240e,2
beta,state,cue2,amp_cc,raw,Right RSC – Left OFC,-0.023894488650525847,0.04636164647357886,-0.5153934441077956,5,0.6282479608663801,0.8757689911657822,0,6,2,aaa8f555240e,2
beta,state,cue2,amp_cc,raw,Right RSC – Left PER,0.0448030196722937,,,1,,,0,2,2,aaa8f555240e,2
beta,state,cue2,amp_cc,raw,Right RSC – Left RSC,0.007256272304376825,0.08504293232782172,0.08532481307682922,5,0.9353144192674154,0.9748239215521003,0,6,4,aaa8f555240e,2
beta,state,cue2,amp_cc,raw,Right RSC – Right PER,-0.07458068973128287,,,1,,,0,2,1,aaa8f555240e,2
beta,state,post,coherence,raw,Left DHC – Left ACC,0.054847440409652594,0.058122300707393514,0.9436557008603698,5,0.3886743171084665,0.8434598007980473,0,6,4,aaa8f555240e,2
beta,state,post,coherence,raw,Left DHC – Left OFC,0.04114306560484043,0.052122046176840194,0.7893601388028748,5,0.4656677770762194,0.8434598007980473,0,6,3,aaa8f555240e,2
beta,state,post,coherence,raw,Left OFC – Left ACC,-0.014255410143203978,0.06774621075447168,-0.21042372679512603,7,0.8393309671967204,0.9610659929733439,0,8,6,aaa8f555240e,2
beta,state,post,coherence,raw,Left PER – Left ACC,0.0748204079074354,,,1,,,0,2,2,aaa8f555240e,2
beta,state,post,coherence,raw,Left PER – Left DHC,0.021566385019008417,,,1,,,0,2,2,aaa8f555240e,2
beta,state,post,coherence,raw,Left PER – Left OFC,-0.03195135500074258,,,1,,,0,2,2,aaa8f555240e,2
beta,state,post,coherence,raw,Left PER – Left RSC,0.023777112300851066,,,1,,,0,2,2,aaa8f555240e,2
beta,state,post,coherence,raw,Left RSC – Left ACC,0.0019322514815247394,0.014488086679307349,0.13336829936864494,6,0.8982628392773688,0.9748239215521003,0,7,4,aaa8f555240e,2
beta,state,post,coherence,raw,Left RSC – Left DHC,0.004460868319466639,0.06103670330439997,0.07308501406472696,4,0.9452471505651874,0.9761119904578051,0,5,1,aaa8f555240e,2
beta,state,post,coherence,raw,Left RSC – Left OFC,-0.004321703321220599,0.005682243774853785,-0.7605628150530738,6,0.4757341034015096,0.8434598007980473,0,7,5,aaa8f555240e,2
beta,state,post,coherence,raw,Right ACC – Left ACC,0.21431035133550183,0.08586659396013674,2.495852478264069,7,0.041241769115440675,0.5631414990245989,0,8,7,aaa8f555240e,2
beta,state,post,coherence,raw,Right ACC – Left DHC,0.06292699697762728,0.04744801721920025,1.3262302761128515,5,0.24211310777432526,0.8434598007980473,0,6,4,aaa8f555240e,2
beta,state,post,coherence,raw,Right ACC – Left OFC,0.06384547118890024,0.03825077174305722,1.6691289686328652,7,0.13902239032674524,0.7933948192785731,0,8,6,aaa8f555240e,2
beta,state,post,coherence,raw,Right ACC – Left PER,0.1723014976884257,,,1,,,0,2,2,aaa8f555240e,2
beta,state,post,coherence,raw,Right ACC – Left RSC,0.005390710495975046,0.011082529827350116,0.48641515790659406,6,0.6439283364616145,0.8861399125618548,0,7,5,aaa8f555240e,2
beta,state,post,coherence,raw,Right ACC – Right DHC,0.06505718015178126,0.06232535138338224,1.0438317427461372,4,0.35549279730184763,0.8434598007980473,0,5,2,aaa8f555240e,2
beta,state,post,coherence,raw,Right ACC – Right OFC,-0.0007425131888024284,0.03743212006503745,-0.01983625793869887,7,0.9847275651822907,0.9994913573382568,0,8,3,aaa8f555240e,2
beta,state,post,coherence,raw,Right ACC – Right PER,0.24796622102779692,,,1,,,0,2,2,aaa8f555240e,2
beta,state,post,coherence,raw,Right ACC – Right RSC,0.08371866308006687,0.040380976451608555,2.0732203734694976,5,0.09285864614883199,0.7933948192785731,0,6,5,aaa8f555240e,2
beta,state,post,coherence,raw,Right DHC – Left ACC,0.067330779651062,0.07494623650458586,0.8983877348790172,4,0.4197686736849447,0.8434598007980473,0,5,3,aaa8f555240e,2
beta,state,post,coherence,raw,Right DHC – Left DHC,-0.00010835574245229764,0.09132437181515766,-0.0011864931594778643,4,0.9991101303913765,0.9994913573382568,0,5,4,aaa8f555240e,2
beta,state,post,coherence,raw,Right DHC – Left OFC,0.06480404463065965,0.06915539479194946,0.9370786592372059,4,0.4017711833879512,0.8434598007980473,0,5,2,aaa8f555240e,2
beta,state,post,coherence,raw,Right DHC – Left PER,0.0029401428571428634,,,,,,0,1,1,aaa8f555240e,2
beta,state,post,coherence,raw,Right DHC – Left RSC,-0.050502679815193,,,3,,,0,4,4,aaa8f555240e,2
beta,state,post,coherence,raw,Right DHC – Right PER,0.02578367032967034,,,,,,0,1,1,aaa8f555240e,2
beta,state,post,coherence,raw,Right DHC – Right RSC,-0.04796671017756506,,,2,,,0,3,2,aaa8f555240e,2
beta,state,post,coherence,raw,Right OFC – Left ACC,-0.01908753726539455,0.052742022689724215,-0.3619037778980251,7,0.7281021158257396,0.921648247880683,0,8,5,aaa8f555240e,2
beta,state,post,coherence,raw,Right OFC – Left DHC,0.03767897134064785,0.046369079962497686,0.8125882888149126,5,0.4533908411808016,0.8434598007980473,0,6,3,aaa8f555240e,2
beta,state,post,coherence,raw,Right OFC – Left OFC,-0.03274939563276466,0.05191672975133905,-0.6308062119787116,7,0.548201251467287,0.8561724244913346,0,8,7,aaa8f555240e,2
beta,state,post,coherence,raw,Right OFC – Left PER,-0.019586440030116642,,,1,,,0,2,1,aaa8f555240e,2
beta,state,post,coherence,raw,Right OFC – Left RSC,-0.004859607769258792,0.004924645292478925,-0.9867934603697326,6,0.3618505255180067,0.8434598007980473,0,7,5,aaa8f555240e,2
beta,state,post,coherence,raw,Right OFC – Right DHC,0.056069935209696456,0.06481559726599011,0.8650685571807165,4,0.43579814905465114,0.8434598007980473,0,5,2,aaa8f555240e,2
beta,state,post,coherence,raw,Right OFC – Right PER,-0.07001826873693824,,,1,,,0,2,2,aaa8f555240e,2
beta,state,post,coherence,raw,Right OFC – Right RSC,-0.031426202750099254,0.02364456167507723,-1.3291091280082528,5,0.24122976014138053,0.8434598007980473,0,6,3,aaa8f555240e,2
beta,state,post,coherence,raw,Right PER – Left ACC,0.032047599383330065,,,1,,,0,2,2,aaa8f555240e,2
beta,state,post,coherence,raw,Right PER – Left DHC,0.007846351648351652,,,,,,0,1,1,aaa8f555240e,2
beta,state,post,coherence,raw,Right PER – Left OFC,-0.028765918275604072,,,1,,,0,2,1,aaa8f555240e,2
beta,state,post,coherence,raw,Right PER – Left RSC,-0.005542547928807382,,,1,,,0,2,1,aaa8f555240e,2
beta,state,post,coherence,raw,Right RSC – Left ACC,-0.01526673955606902,0.03507363728639431,-0.43527677016809607,5,0.6815097104205183,0.9093842762335866,0,6,4,aaa8f555240e,2
beta,state,post,coherence,raw,Right RSC – Left DHC,0.004171576717428739,,,3,,,0,4,2,aaa8f555240e,2
beta,state,post,coherence,raw,Right RSC – Left OFC,-0.03511131910886104,0.02443421796937922,-1.4369733114791021,5,0.21022630011340412,0.8434598007980473,0,6,5,aaa8f555240e,2
beta,state,post,coherence,raw,Right RSC – Left PER,0.041385350859759036,,,1,,,0,2,2,aaa8f555240e,2
beta,state,post,coherence,raw,Right RSC – Left RSC,-0.004482950367805805,0.04652377529647089,-0.09635826712768651,5,0.9269790626584504,0.9748239215521003,0,6,3,aaa8f555240e,2
beta,state,post,coherence,raw,Right RSC – Right PER,-0.009964639778475854,,,1,,,0,2,1,aaa8f555240e,2
beta,state,post,raw_cc,raw,Left DHC – Left ACC,0.05529464542106091,0.08367131889474237,0.6608554299307865,5,0.5379338053121477,0.8561724244913346,0,6,4,aaa8f555240e,2
beta,state,post,raw_cc,raw,Left DHC – Left OFC,0.06263815832447221,0.06735721673846246,0.9299398246766399,5,0.39508493990204746,0.8434598007980473,0,6,4,aaa8f555240e,2
beta,state,post,raw_cc,raw,Left OFC – Left ACC,-0.05886031921537246,0.06747881783640974,-0.8722784586723009,7,0.41197441514268346,0.8434598007980473,0,8,6,aaa8f555240e,2
beta,state,post,raw_cc,raw,Left PER – Left ACC,0.13458780006631754,,,1,,,0,2,2,aaa8f555240e,2
beta,state,post,raw_cc,raw,Left PER – Left DHC,0.10292641225694546,,,1,,,0,2,2,aaa8f555240e,2
beta,state,post,raw_cc,raw,Left PER – Left OFC,0.04146388363261966,,,1,,,0,2,1,aaa8f555240e,2
beta,state,post,raw_cc,raw,Left PER – Left RSC,0.07279985279508958,,,1,,,0,2,2,aaa8f555240e,2
beta,state,post,raw_cc,raw,Left RSC – Left ACC,0.05448355288227024,0.046352171174905234,1.1754261235505465,6,0.28435047450766576,0.8434598007980473,0,7,5,aaa8f555240e,2
beta,state,post,raw_cc,raw,Left RSC – Left DHC,0.05709415081338817,0.14680625822898916,0.3889081535225319,4,0.7171591510501366,0.9194348090386367,0,5,3,aaa8f555240e,2
beta,state,post,raw_cc,raw,Left RSC – Left OFC,-0.024662101273891422,0.013095575821263621,-1.8832391649282758,6,0.10866592615251193,0.7933948192785731,0,7,6,aaa8f555240e,2
beta,state,post,raw_cc,raw,Right ACC – Left ACC,0.30717978872599694,0.10817866737529658,2.8395597411116174,7,0.025060413957950813,0.49436719360583903,0,8,7,aaa8f555240e,2
beta,state,post,raw_cc,raw,Right ACC – Left DHC,0.13750381652506008,0.04879746364331408,2.8178476145839597,5,0.03720276202550945,0.5580414303826418,0,6,6,aaa8f555240e,2
beta,state,post,raw_cc,raw,Right ACC – Left OFC,0.05676199870047231,0.06728084648545603,0.843657618260532,7,0.42674727317081895,0.8434598007980473,0,8,5,aaa8f555240e,2
beta,state,post,raw_cc,raw,Right ACC – Left PER,0.4205986409987217,,,1,,,0,2,2,aaa8f555240e,2
beta,state,post,raw_cc,raw,Right ACC – Left RSC,0.006215241551980668,0.04030559275959283,0.15420295612701107,6,0.8825058023511623,0.9733519878873115,0,7,3,aaa8f555240e,2
beta,state,post,raw_cc,raw,Right ACC – Right DHC,0.026907438127593105,0.06399281047829783,0.4204759554468755,4,0.6957439780275825,0.9093842762335866,0,5,2,aaa8f555240e,2
beta,state,post,raw_cc,raw,Right ACC – Right OFC,-0.03746411232013228,0.0676069124346642,-0.5541461807820002,7,0.5967289218069974,0.8648245243579673,0,8,3,aaa8f555240e,2
beta,state,post,raw_cc,raw,Right ACC – Right PER,0.4684040603839496,,,1,,,0,2,2,aaa8f555240e,2
beta,state,post,raw_cc,raw,Right ACC – Right RSC,0.19703659114114824,0.08435959183759249,2.335675017495099,5,0.06673825784755255,0.7415361983061395,0,6,5,aaa8f555240e,2
beta,state,post,raw_cc,raw,Right DHC – Left ACC,0.05277659100689789,0.08759900670979513,0.6024793315492757,4,0.5793433405724697,0.8561724244913346,0,5,2,aaa8f555240e,2
beta,state,post,raw_cc,raw,Right DHC – Left DHC,-0.05368980205392569,0.1792794380586379,-0.2994755150691909,4,0.7794935437540148,0.9391488478964034,0,5,4,aaa8f555240e,2
beta,state,post,raw_cc,raw,Right DHC – Left OFC,0.06528316702207988,0.06255766716052345,1.0435677988848717,4,0.355601208891536,0.8434598007980473,0,5,3,aaa8f555240e,2
beta,state,post,raw_cc,raw,Right DHC – Left PER,0.04384985714285714,,,,,,0,1,1,aaa8f555240e,2
beta,state,post,raw_cc,raw,Right DHC – Left RSC,-0.17331655589004508,,,3,,,0,4,4,aaa8f555240e,2
beta,state,post,raw_cc,raw,Right DHC – Right PER,0.05108421978021978,,,,,,0,1,1,aaa8f555240e,2
beta,state,post,raw_cc,raw,Right DHC – Right RSC,-0.08909807440146901,,,2,,,0,3,2,aaa8f555240e,2
beta,state,post,raw_cc,raw,Right OFC – Left ACC,-0.14193800099734635,0.07886170142163522,-1.7998343738296083,7,0.11491230497415746,0.7933948192785731,0,8,6,aaa8f555240e,2
beta,state,post,raw_cc,raw,Right OFC – Left DHC,0.05481784319658198,0.05425734846067777,1.0103303009049625,5,0.35870216670876015,0.8434598007980473,0,6,4,aaa8f555240e,2
beta,state,post,raw_cc,raw,Right OFC – Left OFC,-0.13829976118604867,0.07390031078202969,-1.8714368007729538,7,0.103459260017467,0.7933948192785731,0,8,7,aaa8f555240e,2
beta,state,post,raw_cc,raw,Right OFC – Left PER,-0.06774922031406451,,,1,,,0,2,2,aaa8f555240e,2
beta,state,post,raw_cc,raw,Right OFC – Left RSC,-0.017969279281756886,0.01596503943230179,-1.1255392984122516,6,0.30335817252504127,0.8434598007980473,0,7,4,aaa8f555240e,2
beta,state,post,raw_cc,raw,Right OFC – Right DHC,0.07828873825969214,0.049723756309586226,1.5744735327769048,4,0.19049476386670713,0.8404180758825315,0,5,3,aaa8f555240e,2
beta,state,post,raw_cc,raw,Right OFC – Right PER,-0.07146440838775593,,,1,,,0,2,1,aaa8f555240e,2
beta,state,post,raw_cc,raw,Right OFC – Right RSC,-0.10727238937857039,0.09653915872910203,-1.1111800723226397,5,0.3170466847451339,0.8434598007980473,0,6,4,aaa8f555240e,2
beta,state,post,raw_cc,raw,Right PER – Left ACC,0.03494753473555437,,,1,,,0,2,2,aaa8f555240e,2
beta,state,post,raw_cc,raw,Right PER – Left DHC,-0.10066023076923077,,,,,,0,1,1,aaa8f555240e,2
beta,state,post,raw_cc,raw,Right PER – Left OFC,-0.02576883697347619,,,1,,,0,2,1,aaa8f555240e,2
beta,state,post,raw_cc,raw,Right PER – Left RSC,0.009414600970996233,,,1,,,0,2,1,aaa8f555240e,2
beta,state,post,raw_cc,raw,Right RSC – Left ACC,0.016173533091669502,0.08556815607770495,0.18901345819561918,5,0.8575150859106291,0.9664190799765918,0,6,4,aaa8f555240e,2
beta,state,post,raw_cc,raw,Right RSC – Left DHC,0.05992281296312775,,,3,,,0,4,4,aaa8f555240e,2
beta,state,post,raw_cc,raw,Right RSC – Left OFC,-0.05689647268520657,0.03498533280569156,-1.6262950248668324,5,0.16481535326344215,0.7933948192785731,0,6,4,aaa8f555240e,2
beta,state,post,raw_cc,raw,Right RSC – Left PER,0.20620768621533403,,,1,,,0,2,2,aaa8f555240e,2
beta,state,post,raw_cc,raw,Right RSC – Left RSC,0.008831943485861393,0.12739356935467386,0.06932801656002398,5,0.9474157804105439,0.9761119904578051,0,6,3,aaa8f555240e,2
beta,state,post,raw_cc,raw,Right RSC – Right PER,-0.06133313086177985,,,1,,,0,2,1,aaa8f555240e,2
beta,state,post,amp_cc,raw,Left DHC – Left ACC,0.08592893965895188,0.07285002068574394,1.179532124357617,5,0.29124722645442197,0.8434598007980473,0,6,4,aaa8f555240e,2
beta,state,post,amp_cc,raw,Left DHC – Left OFC,0.012836362529896056,0.06713366555978018,0.1912060427933244,5,0.8558860288393279,0.9664190799765918,0,6,1,aaa8f555240e,2
beta,state,post,amp_cc,raw,Left OFC – Left ACC,-0.010476194282700187,0.06772871145477698,-0.15467877739996913,7,0.8814399846302984,0.9733519878873115,0,8,5,aaa8f555240e,2
beta,state,post,amp_cc,raw,Left PER – Left ACC,0.1327781252026088,,,1,,,0,2,2,aaa8f555240e,2
beta,state,post,amp_cc,raw,Left PER – Left DHC,0.023176550452904413,,,1,,,0,2,2,aaa8f555240e,2
beta,state,post,amp_cc,raw,Left PER – Left OFC,-0.012153659876348758,,,1,,,0,2,1,aaa8f555240e,2
beta,state,post,amp_cc,raw,Left PER – Left RSC,0.08885744575050862,,,1,,,0,2,2,aaa8f555240e,2
beta,state,post,amp_cc,raw,Left RSC – Left ACC,0.023853095242968265,0.03434597045604938,0.694494723143483,6,0.5133517079545694,0.8517733293376557,0,7,5,aaa8f555240e,2
beta,state,post,amp_cc,raw,Left RSC – Left DHC,-0.03578950714622076,0.09794050043567248,-0.36542091358546186,4,0.7333005992980426,0.922229674574697,0,5,4,aaa8f555240e,2
beta,state,post,amp_cc,raw,Left RSC – Left OFC,-0.017164436710515676,0.027512295970706636,-0.6238823807649965,6,0.5556661224525251,0.8561724244913346,0,7,4,aaa8f555240e,2
beta,state,post,amp_cc,raw,Right ACC – Left ACC,0.3122920495549721,0.07907382326053743,3.9493733409855816,7,0.005536452089991347,0.4869461709804439,2,8,8,aaa8f555240e,2
beta,state,post,amp_cc,raw,Right ACC – Left DHC,0.11570235165246165,0.05470169257942714,2.115151217386212,5,0.0880449899376744,0.7933948192785731,0,6,6,aaa8f555240e,2
beta,state,post,amp_cc,raw,Right ACC – Left OFC,0.12989372017629,0.03148367346092081,4.125748551468141,7,0.004427522585294086,0.4869461709804439,2,8,7,aaa8f555240e,2
beta,state,post,amp_cc,raw,Right ACC – Left PER,0.24890415172897035,,,1,,,0,2,2,aaa8f555240e,2
beta,state,post,amp_cc,raw,Right ACC – Left RSC,0.011252757370892139,0.03978234108720482,0.2828580989295112,6,0.7867907005348014,0.9403872914758583,0,7,3,aaa8f555240e,2
beta,state,post,amp_cc,raw,Right ACC – Right DHC,0.044921452704944485,0.08131679296172681,0.552425287186222,4,0.6100718512467354,0.8694525317032175,0,5,2,aaa8f555240e,2
beta,state,post,amp_cc,raw,Right ACC – Right OFC,0.01613041268134805,0.043252196954141765,0.3729385746220095,7,0.72023056915876,0.9194432797771405,0,8,5,aaa8f555240e,2
beta,state,post,amp_cc,raw,Right ACC – Right PER,0.3086067618317057,,,1,,,0,2,2,aaa8f555240e,2
beta,state,post,amp_cc,raw,Right ACC – Right RSC,0.1473824273196453,0.043464013845622824,3.390906966004657,5,0.019442133250866717,0.49436719360583903,0,6,6,aaa8f555240e,2
beta,state,post,amp_cc,raw,Right DHC – Left ACC,0.08309776931145221,0.09601280347566163,0.865486334148307,4,0.4355941079132299,0.8434598007980473,0,5,3,aaa8f555240e,2
beta,state,post,amp_cc,raw,Right DHC – Left DHC,-0.08297527570469428,0.10314551260254819,-0.8044487211423718,4,0.4662293058400612,0.8434598007980473,0,5,4,aaa8f555240e,2
beta,state,post,amp_cc,raw,Right DHC – Left OFC,0.05475242024530929,0.08088661853104274,0.6769033152782417,4,0.5355927830200942,0.8561724244913346,0,5,2,aaa8f555240e,2
beta,state,post,amp_cc,raw,Right DHC – Left PER,-0.04196735714285714,,,,,,0,1,1,aaa8f555240e,2
beta,state,post,amp_cc,raw,Right DHC – Left RSC,-0.0994129397661272,,,3,,,0,4,4,aaa8f555240e,2
beta,state,post,amp_cc,raw,Right DHC – Right PER,-0.04937840659340659,,,,,,0,1,1,aaa8f555240e,2
beta,state,post,amp_cc,raw,Right DHC – Right RSC,-0.10349634967619345,,,2,,,0,3,3,aaa8f555240e,2
beta,state,post,amp_cc,raw,Right OFC – Left ACC,-0.016494213016200267,0.05525284673604233,-0.29852241089038445,7,0.7739713609106935,0.9391488478964034,0,8,5,aaa8f555240e,2
beta,state,post,amp_cc,raw,Right OFC – Left DHC,0.06490503049330543,0.061955108555318834,1.0476138611774468,5,0.34279309482744524,0.8434598007980473,0,6,3,aaa8f555240e,2
beta,state,post,amp_cc,raw,Right OFC – Left OFC,-0.0755416566457593,0.0689676991514616,-1.0953193679821112,7,0.30962564183589814,0.8434598007980473,0,8,6,aaa8f555240e,2
beta,state,post,amp_cc,raw,Right OFC – Left PER,-0.012771891087806108,,,1,,,0,2,1,aaa8f555240e,2
beta,state,post,amp_cc,raw,Right OFC – Left RSC,0.004769850483794435,0.024489098432164375,0.19477444206478572,6,0.8519973735003813,0.9664190799765918,0,7,3,aaa8f555240e,2
beta,state,post,amp_cc,raw,Right OFC – Right DHC,0.06417602518629027,0.07302976402819437,0.8787653368496992,4,0.4291491204789137,0.8434598007980473,0,5,2,aaa8f555240e,2
beta,state,post,amp_cc,raw,Right OFC – Right PER,-0.09896508700660543,,,1,,,0,2,1,aaa8f555240e,2
beta,state,post,amp_cc,raw,Right OFC – Right RSC,-0.04388864865070119,0.02671867968417501,-1.6426204127405157,5,0.1613836368743816,0.7933948192785731,0,6,3,aaa8f555240e,2
beta,state,post,amp_cc,raw,Right PER – Left ACC,0.022023427235051383,,,1,,,0,2,1,aaa8f555240e,2
beta,state,post,amp_cc,raw,Right PER – Left DHC,-0.05676906593406592,,,,,,0,1,1,aaa8f555240e,2
beta,state,post,amp_cc,raw,Right PER – Left OFC,-0.03973269522767622,,,1,,,0,2,1,aaa8f555240e,2
beta,state,post,amp_cc,raw,Right PER – Left RSC,0.016603996310577636,,,1,,,0,2,1,aaa8f555240e,2
beta,state,post,amp_cc,raw,Right RSC – Left ACC,-0.0032089937680209804,0.048764365242880185,-0.06580612199170392,5,0.9500823373789302,0.9761119904578051,0,6,2,aaa8f555240e,2
beta,state,post,amp_cc,raw,Right RSC – Left DHC,-0.014659285513961479,,,3,,,0,4,2,aaa8f555240e,2
beta,state,post,amp_cc,raw,Right RSC – Left OFC,-0.05848574532362653,0.036701979922375755,-1.593531069640471,5,0.1719219071682259,0.7933948192785731,0,6,5,aaa8f555240e,2
beta,state,post,amp_cc,raw,Right RSC – Left PER,0.012372822852043682,,,1,,,0,2,1,aaa8f555240e,2
beta,state,post,amp_cc,raw,Right RSC – Left RSC,-0.02701845789044574,0.10557926207020725,-0.25590686429006504,5,0.8082174210558571,0.9583605783271033,0,6,3,aaa8f555240e,2
beta,state,post,amp_cc,raw,Right RSC – Right PER,-0.019966339680809957,,,1,,,0,2,1,aaa8f555240e,2
beta,state,pre,coherence,minus_fp,Left DHC – Left ACC,0.014595791207717408,0.010064485186601182,1.4502273029472723,5,0.2066880227179266,0.6958225799762563,0,6,5,aaa8f555240e,2
beta,state,pre,coherence,minus_fp,Left DHC – Left OFC,-0.006116472471583401,0.0071560538077309254,-0.8547270095950886,5,0.4317399071498612,0.8285393521609853,0,6,4,aaa8f555240e,2
beta,state,pre,coherence,minus_fp,Left OFC – Left ACC,0.011459824430382928,0.05074187839948673,0.22584549078299093,7,0.8277740496905879,0.9375555993771191,0,8,5,aaa8f555240e,2
beta,state,pre,coherence,minus_fp,Left PER – Left ACC,0.021384014531282792,,,1,,,0,2,1,aaa8f555240e,2
beta,state,pre,coherence,minus_fp,Left PER – Left DHC,0.004092531831771072,,,1,,,0,2,1,aaa8f555240e,2
beta,state,pre,coherence,minus_fp,Left PER – Left OFC,-0.02555745988545512,,,1,,,0,2,1,aaa8f555240e,2
beta,state,pre,coherence,minus_fp,Left PER – Left RSC,0.036860364484451486,,,1,,,0,2,2,aaa8f555240e,2
beta,state,pre,coherence,minus_fp,Left RSC – Left ACC,0.013351618115146726,0.013131209145390123,1.0167851236939578,6,0.3484895068453065,0.8167722816686871,0,7,5,aaa8f555240e,2
beta,state,pre,coherence,minus_fp,Left RSC – Left DHC,0.08603672049477326,0.0871046330028257,0.9877398885542885,4,0.3791968573360651,0.822303900543914,0,5,3,aaa8f555240e,2
beta,state,pre,coherence,minus_fp,Left RSC – Left OFC,-0.0014629913485158348,0.00704810962828099,-0.20757216128499031,6,0.8424290326686577,0.9375555993771191,0,7,4,aaa8f555240e,2
beta,state,pre,coherence,minus_fp,Right ACC – Left ACC,0.08026038760311216,0.03279355849515801,2.4474436836417937,7,0.04427292385498749,0.3991044296735886,0,8,7,aaa8f555240e,2
beta,state,pre,coherence,minus_fp,Right ACC – Left DHC,0.006871125652353593,0.01363319227564905,0.5039997612757553,5,0.6356786826419952,0.8828870592249934,0,6,4,aaa8f555240e,2
beta,state,pre,coherence,minus_fp,Right ACC – Left OFC,0.014891177318002418,0.022075879793327025,0.6745451351163654,7,0.5216118212951821,0.8431836846372093,0,8,5,aaa8f555240e,2
beta,state,pre,coherence,minus_fp,Right ACC – Left PER,0.07327035618648743,,,1,,,0,2,2,aaa8f555240e,2
beta,state,pre,coherence,minus_fp,Right ACC – Left RSC,0.004500393119036521,0.01861118443241963,0.24181121493788924,6,0.8169790156947265,0.9375555993771191,0,7,4,aaa8f555240e,2
beta,state,pre,coherence,minus_fp,Right ACC – Right DHC,0.013042700130189112,0.01677183642812949,0.7776548612359514,4,0.48020223149807234,0.8387402453188013,0,5,3,aaa8f555240e,2
beta,state,pre,coherence,minus_fp,Right ACC – Right OFC,0.01237701007094819,0.007425786934208258,1.6667607326479044,7,0.13950055845832113,0.63646151895081,0,8,6,aaa8f555240e,2
beta,state,pre,coherence,minus_fp,Right ACC – Right PER,0.049125841376454704,,,1,,,0,2,1,aaa8f555240e,2
beta,state,pre,coherence,minus_fp,Right ACC – Right RSC,0.029655196007434055,0.022073415286121972,1.343480182972814,5,0.23686474867518256,0.7250961694138242,0,6,4,aaa8f555240e,2
beta,state,pre,coherence,minus_fp,Right DHC – Left ACC,0.014953182680502428,0.02557830734713557,0.584604073974308,4,0.5901992364857972,0.8719943407174963,0,5,3,aaa8f555240e,2
beta,state,pre,coherence,minus_fp,Right DHC – Left DHC,0.020642934474019808,0.02373916076840318,0.869573051693367,4,0.4336022609642489,0.8285393521609853,0,5,3,aaa8f555240e,2
beta,state,pre,coherence,minus_fp,Right DHC – Left OFC,0.002419818065082214,0.018221319981893174,0.13280146923970532,4,0.9007631676657557,0.9517011017580435,0,5,2,aaa8f555240e,2
beta,state,pre,coherence,minus_fp,Right DHC – Left PER,-0.023493779487179473,,,,,,0,1,1,aaa8f555240e,2
beta,state,pre,coherence,minus_fp,Right DHC – Left RSC,-0.021581129048928838,,,3,,,0,4,3,aaa8f555240e,2
beta,state,pre,coherence,minus_fp,Right DHC – Right PER,0.004358480158730152,,,,,,0,1,1,aaa8f555240e,2
beta,state,pre,coherence,minus_fp,Right DHC – Right RSC,0.03718893108218811,,,2,,,0,3,2,aaa8f555240e,2
beta,state,pre,coherence,minus_fp,Right OFC – Left ACC,0.01086478437726879,0.016972058018905077,0.6401571550819923,7,0.542448170449938,0.8431836846372093,0,8,6,aaa8f555240e,2
beta,state,pre,coherence,minus_fp,Right OFC – Left DHC,-0.016288514640644788,0.00956956574092877,-1.7021163845480738,5,0.1494684266641267,0.63646151895081,0,6,5,aaa8f555240e,2
beta,state,pre,coherence,minus_fp,Right OFC – Left OFC,-0.0017955180880096777,0.012780583224489443,-0.14048796181454426,7,0.8922316256551596,0.9517011017580435,0,8,3,aaa8f555240e,2
beta,state,pre,coherence,minus_fp,Right OFC – Left PER,-0.005317618183255299,,,1,,,0,2,1,aaa8f555240e,2
beta,state,pre,coherence,minus_fp,Right OFC – Left RSC,0.008967879576938627,0.0027181791805011,3.2992231127623404,6,0.016423773781232682,0.31753779825268763,0,7,6,aaa8f555240e,2
beta,state,pre,coherence,minus_fp,Right OFC – Right DHC,0.00040407495424913537,0.0011127261578525631,0.363139620110086,4,0.7348775117463993,0.9128809446714147,0,5,4,aaa8f555240e,2
beta,state,pre,coherence,minus_fp,Right OFC – Right PER,0.02165861810896807,,,1,,,0,2,1,aaa8f555240e,2
beta,state,pre,coherence,minus_fp,Right OFC – Right RSC,0.004243555214867015,0.006260153851455105,0.677867559737473,5,0.5279497134617401,0.8431836846372093,0,6,5,aaa8f555240e,2
beta,state,pre,coherence,minus_fp,Right PER – Left ACC,0.0035503811750635704,,,1,,,0,2,1,aaa8f555240e,2
beta,state,pre,coherence,minus_fp,Right PER – Left DHC,0.027360341666666656,,,,,,0,1,1,aaa8f555240e,2
beta,state,pre,coherence,minus_fp,Right PER – Left OFC,0.053138776985015505,,,1,,,0,2,2,aaa8f555240e,2
beta,state,pre,coherence,minus_fp,Right PER – Left RSC,-0.0250979390564972,,,1,,,0,2,2,aaa8f555240e,2
beta,state,pre,coherence,minus_fp,Right RSC – Left ACC,0.01883819400193461,0.026501853548957007,0.7108255264913724,5,0.5089659213172696,0.8397248978112782,0,6,4,aaa8f555240e,2
beta,state,pre,coherence,minus_fp,Right RSC – Left DHC,0.06630871104145479,,,3,,,0,4,3,aaa8f555240e,2
beta,state,pre,coherence,minus_fp,Right RSC – Left OFC,-0.002746616688563716,0.018148070661556034,-0.15134483107242971,5,0.8856204780405226,0.9517011017580435,0,6,3,aaa8f555240e,2
beta,state,pre,coherence,minus_fp,Right RSC – Left PER,0.013051212295209641,,,1,,,0,2,1,aaa8f555240e,2
beta,state,pre,coherence,minus_fp,Right RSC – Left RSC,0.01692874407367732,0.05517391723892318,0.30682512536439427,5,0.7713433158837267,0.9245746146825795,0,6,3,aaa8f555240e,2
beta,state,pre,coherence,minus_fp,Right RSC – Right PER,0.0038319918171226502,,,1,,,0,2,1,aaa8f555240e,2
beta,state,pre,raw_cc,minus_fp,Left DHC – Left ACC,0.0391047084485866,0.06714935264239454,0.5823542135519854,5,0.5855992122083932,0.8697018003094948,0,6,3,aaa8f555240e,2
beta,state,pre,raw_cc,minus_fp,Left DHC – Left OFC,-0.0002818793716262052,0.03294729475555759,-0.008555463315502025,5,0.9935046728678619,0.9935523031138564,0,6,4,aaa8f555240e,2
beta,state,pre,raw_cc,minus_fp,Left OFC – Left ACC,0.002847575333778659,0.07307960529189714,0.03896539017150918,7,0.9700059897747193,0.9826000330262199,0,8,5,aaa8f555240e,2
beta,state,pre,raw_cc,minus_fp,Left PER – Left ACC,0.015160350125066115,,,1,,,0,2,2,aaa8f555240e,2
beta,state,pre,raw_cc,minus_fp,Left PER – Left DHC,0.021436342989571738,,,1,,,0,2,1,aaa8f555240e,2
beta,state,pre,raw_cc,minus_fp,Left PER – Left OFC,-0.10508271224191508,,,1,,,0,2,1,aaa8f555240e,2
beta,state,pre,raw_cc,minus_fp,Left PER – Left RSC,0.10142632843367039,,,1,,,0,2,1,aaa8f555240e,2
beta,state,pre,raw_cc,minus_fp,Left RSC – Left ACC,0.05376331932364626,0.045857948984102066,1.1723882230817781,6,0.2854782728035808,0.8064092655164038,0,7,5,aaa8f555240e,2
beta,state,pre,raw_cc,minus_fp,Left RSC – Left DHC,0.1240163827082908,0.17141792180510365,0.7234738433551493,4,0.5094331046721754,0.8397248978112782,0,5,3,aaa8f555240e,2
beta,state,pre,raw_cc,minus_fp,Left RSC – Left OFC,-0.0015156200569114355,0.029693218427343307,-0.05104263320663688,6,0.9609484047771616,0.9826000330262199,0,7,2,aaa8f555240e,2
beta,state,pre,raw_cc,minus_fp,Right ACC – Left ACC,0.20193599436290768,0.08872863730537912,2.2758829673885392,7,0.05698107996441457,0.42322114272054345,0,8,6,aaa8f555240e,2
beta,state,pre,raw_cc,minus_fp,Right ACC – Left DHC,0.14509811030351036,0.03557860865692588,4.078240149935288,5,0.009556339478142953,0.28669018434428856,2,6,6,aaa8f555240e,2
beta,state,pre,raw_cc,minus_fp,Right ACC – Left OFC,0.11474168228412962,0.0320076117250194,3.5848248619699254,7,0.008918520010622532,0.28669018434428856,2,8,7,aaa8f555240e,2
beta,state,pre,raw_cc,minus_fp,Right ACC – Left PER,0.18375539776958166,,,1,,,0,2,2,aaa8f555240e,2
beta,state,pre,raw_cc,minus_fp,Right ACC – Left RSC,0.03891448591455059,0.06458390262540326,0.6025415673664178,6,0.568871042350607,0.869147231305741,0,7,5,aaa8f555240e,2
beta,state,pre,raw_cc,minus_fp,Right ACC – Right DHC,-0.0547516867771643,0.0704078008353958,-0.7776366557047643,4,0.4802118344218384,0.8387402453188013,0,5,4,aaa8f555240e,2
beta,state,pre,raw_cc,minus_fp,Right ACC – Right OFC,0.04181902084342065,0.04108840475672826,1.0177815637043623,7,0.34266220244796425,0.8167722816686871,0,8,5,aaa8f555240e,2
beta,state,pre,raw_cc,minus_fp,Right ACC – Right PER,0.011170852646752528,,,1,,,0,2,1,aaa8f555240e,2
beta,state,pre,raw_cc,minus_fp,Right ACC – Right RSC,0.05739840629533336,0.07607390084247022,0.7545085194749106,5,0.4845428027318957,0.8387402453188013,0,6,3,aaa8f555240e,2
beta,state,pre,raw_cc,minus_fp,Right DHC – Left ACC,0.11005392896520257,0.04152206252803833,2.6504928287434466,4,0.056952476641133405,0.42322114272054345,0,5,4,aaa8f555240e,2
beta,state,pre,raw_cc,minus_fp,Right DHC – Left DHC,-0.05032432545797547,0.10939537491016214,-0.46002242324506776,4,0.6693945120006687,0.8936872218212284,0,5,3,aaa8f555240e,2
beta,state,pre,raw_cc,minus_fp,Right DHC – Left OFC,0.014561691782506629,0.05629621385083202,0.2586620091555485,4,0.80866090836281,0.9366728668295097,0,5,2,aaa8f555240e,2
beta,state,pre,raw_cc,minus_fp,Right DHC – Left PER,0.06280897948717948,,,,,,0,1,1,aaa8f555240e,2
beta,state,pre,raw_cc,minus_fp,Right DHC – Left RSC,-0.0982771156256675,,,3,,,0,4,3,aaa8f555240e,2
beta,state,pre,raw_cc,minus_fp,Right DHC – Right PER,0.14259915158730158,,,,,,0,1,1,aaa8f555240e,2
beta,state,pre,raw_cc,minus_fp,Right DHC – Right RSC,0.053718505704249894,,,2,,,0,3,2,aaa8f555240e,2
beta,state,pre,raw_cc,minus_fp,Right OFC – Left ACC,0.08303901040841474,0.045564717932763496,1.822441006459193,7,0.11117020578986968,0.5718804175252037,0,8,5,aaa8f555240e,2
beta,state,pre,raw_cc,minus_fp,Right OFC – Left DHC,-0.06794528946743103,0.04279707441651542,-1.5876152843104365,5,0.1732368761631462,0.6578615550499223,0,6,4,aaa8f555240e,2
beta,state,pre,raw_cc,minus_fp,Right OFC – Left OFC,0.046333850286585467,0.04163149261164935,1.1129519356608488,7,0.30248246987352423,0.8106120764300078,0,8,4,aaa8f555240e,2
beta,state,pre,raw_cc,minus_fp,Right OFC – Left PER,0.013133493838419818,,,1,,,0,2,1,aaa8f555240e,2
beta,state,pre,raw_cc,minus_fp,Right OFC – Left RSC,0.045874924620334025,0.026887044526253037,1.7062092702506164,6,0.13884419459063996,0.63646151895081,0,7,6,aaa8f555240e,2
beta,state,pre,raw_cc,minus_fp,Right OFC – Right DHC,-0.028025009090417666,0.049443309054146733,-0.5668109523116001,4,0.601135772245446,0.8754342384865711,0,5,4,aaa8f555240e,2
beta,state,pre,raw_cc,minus_fp,Right OFC – Right PER,-0.08493656923146253,,,1,,,0,2,2,aaa8f555240e,2
beta,state,pre,raw_cc,minus_fp,Right OFC – Right RSC,0.07182793709508513,0.0598871321347349,1.1993884918964834,5,0.28410841035372736,0.8064092655164038,0,6,5,aaa8f555240e,2
beta,state,pre,raw_cc,minus_fp,Right PER – Left ACC,0.06495105226427154,,,1,,,0,2,2,aaa8f555240e,2
beta,state,pre,raw_cc,minus_fp,Right PER – Left DHC,-0.1315742888888889,,,,,,0,1,1,aaa8f555240e,2
beta,state,pre,raw_cc,minus_fp,Right PER – Left OFC,0.18740187895964536,,,1,,,0,2,1,aaa8f555240e,2
beta,state,pre,raw_cc,minus_fp,Right PER – Left RSC,-0.13437771727994618,,,1,,,0,2,2,aaa8f555240e,2
beta,state,pre,raw_cc,minus_fp,Right RSC – Left ACC,-0.019863651500988375,0.04910476437988389,-0.4045157685172736,5,0.7025571050143252,0.9103218895471683,0,6,4,aaa8f555240e,2
beta,state,pre,raw_cc,minus_fp,Right RSC – Left DHC,0.15295066832239843,,,3,,,0,4,3,aaa8f555240e,2
beta,state,pre,raw_cc,minus_fp,Right RSC – Left OFC,0.007911276626589964,0.0635997280031357,0.12439167391093103,5,0.9058513544314933,0.9517011017580435,0,6,5,aaa8f555240e,2
beta,state,pre,raw_cc,minus_fp,Right RSC – Left PER,-0.002665797616685335,,,1,,,0,2,1,aaa8f555240e,2
beta,state,pre,raw_cc,minus_fp,Right RSC – Left RSC,0.09450646138143123,0.1068933151281659,0.88411947246764,5,0.41711235420801984,0.8285393521609853,0,6,4,aaa8f555240e,2
beta,state,pre,raw_cc,minus_fp,Right RSC – Right PER,-0.026342938335715355,,,1,,,0,2,1,aaa8f555240e,2
beta,state,pre,amp_cc,minus_fp,Left DHC – Left ACC,0.013181533680833146,0.041883560944000156,0.3147185526669362,5,0.76568480653832,0.9245746146825795,0,6,3,aaa8f555240e,2
beta,state,pre,amp_cc,minus_fp,Left DHC – Left OFC,-0.020167904640780672,0.03681563586895182,-0.5478081300176352,5,0.6073809473085092,0.8754342384865711,0,6,3,aaa8f555240e,2
beta,state,pre,amp_cc,minus_fp,Left OFC – Left ACC,0.0168550418198223,0.060734155971007876,0.27752162766315946,7,0.7893969739227368,0.9323586306174056,0,8,5,aaa8f555240e,2
beta,state,pre,amp_cc,minus_fp,Left PER – Left ACC,-0.0071887320067622424,,,1,,,0,2,1,aaa8f555240e,2
beta,state,pre,amp_cc,minus_fp,Left PER – Left DHC,0.006831837319409069,,,1,,,0,2,1,aaa8f555240e,2
beta,state,pre,amp_cc,minus_fp,Left PER – Left OFC,-0.082837131422278,,,1,,,0,2,1,aaa8f555240e,2
beta,state,pre,amp_cc,minus_fp,Left PER – Left RSC,-0.01974754721876963,,,1,,,0,2,1,aaa8f555240e,2
beta,state,pre,amp_cc,minus_fp,Left RSC – Left ACC,0.049100387202865116,0.03547582228823558,1.3840521243998813,6,0.21562519341664413,0.6958225799762563,0,7,4,aaa8f555240e,2
beta,state,pre,amp_cc,minus_fp,Left RSC – Left DHC,0.0036475348873294586,0.12827999865894849,0.028434166865147655,4,0.9786779661321432,0.9852462746296743,0,5,2,aaa8f555240e,2
beta,state,pre,amp_cc,minus_fp,Left RSC – Left OFC,-0.010703388339368137,0.02658631352953055,-0.40259016457770375,6,0.7012010834478067,0.9103218895471683,0,7,4,aaa8f555240e,2
beta,state,pre,amp_cc,minus_fp,Right ACC – Left ACC,0.1529654363757406,0.06369997604938363,2.401342133271033,7,0.04737264964196384,0.3991044296735886,0,8,7,aaa8f555240e,2
beta,state,pre,amp_cc,minus_fp,Right ACC – Left DHC,0.0788456728992076,0.04487947816549999,1.7568313207308703,5,0.13929084792313987,0.63646151895081,0,6,4,aaa8f555240e,2
beta,state,pre,amp_cc,minus_fp,Right ACC – Left OFC,0.0840839850792621,0.032725365978876854,2.569382574163893,7,0.037041219115332334,0.3965159026850257,0,8,7,aaa8f555240e,2
beta,state,pre,amp_cc,minus_fp,Right ACC – Left PER,0.12931894095833546,,,1,,,0,2,2,aaa8f555240e,2
beta,state,pre,amp_cc,minus_fp,Right ACC – Left RSC,-0.050025742542191935,0.024860916043703774,-2.0122244270585257,6,0.0908740280322966,0.5048557112905366,0,7,5,aaa8f555240e,2
beta,state,pre,amp_cc,minus_fp,Right ACC – Right DHC,0.0744469397683575,0.05082368267201837,1.4648080551105995,4,0.21683356816709573,0.6958225799762563,0,5,3,aaa8f555240e,2
beta,state,pre,amp_cc,minus_fp,Right ACC – Right OFC,0.025587689202840002,0.029450385025056907,0.8688405662971653,7,0.4137290819330122,0.8285393521609853,0,8,5,aaa8f555240e,2
beta,state,pre,amp_cc,minus_fp,Right ACC – Right PER,0.025129620156660284,,,1,,,0,2,1,aaa8f555240e,2
beta,state,pre,amp_cc,minus_fp,Right ACC – Right RSC,0.09445793485551367,0.035086390759322524,2.6921530773414193,5,0.043187305433143974,0.3991044296735886,0,6,5,aaa8f555240e,2
beta,state,pre,amp_cc,minus_fp,Right DHC – Left ACC,-0.0019354190929780734,0.049647612522461956,-0.03898312516241211,4,0.9707719090048137,0.9826000330262199,0,5,3,aaa8f555240e,2
beta,state,pre,amp_cc,minus_fp,Right DHC – Left DHC,-0.05424773855613956,0.023229425863177427,-2.3353025974753603,4,0.07978744142269734,0.46933789072174903,0,5,5,aaa8f555240e,2
beta,state,pre,amp_cc,minus_fp,Right DHC – Left OFC,0.04767040270104394,0.03249465053174974,1.4670230921383918,4,0.21626654961860367,0.6958225799762563,0,5,3,aaa8f555240e,2
beta,state,pre,amp_cc,minus_fp,Right DHC – Left PER,0.01792740256410257,,,,,,0,1,1,aaa8f555240e,2
beta,state,pre,amp_cc,minus_fp,Right DHC – Left RSC,-0.05001831125336734,,,3,,,0,4,4,aaa8f555240e,2
beta,state,pre,amp_cc,minus_fp,Right DHC – Right PER,0.18901895317460315,,,,,,0,1,1,aaa8f555240e,2
beta,state,pre,amp_cc,minus_fp,Right DHC – Right RSC,0.05787974040103127,,,2,,,0,3,2,aaa8f555240e,2
beta,state,pre,amp_cc,minus_fp,Right OFC – Left ACC,0.008964054120470886,0.03441259714066112,0.2604875791219829,7,0.8019841265855457,0.9366728668295097,0,8,4,aaa8f555240e,2
beta,state,pre,amp_cc,minus_fp,Right OFC – Left DHC,-0.02057572679518933,0.0418014787233671,-0.49222485480370015,5,0.6434093912434546,0.885425767766222,0,6,2,aaa8f555240e,2
beta,state,pre,amp_cc,minus_fp,Right OFC – Left OFC,0.010415200621507484,0.02144545916250373,0.48565994985632766,7,0.6420404490581828,0.885425767766222,0,8,5,aaa8f555240e,2
beta,state,pre,amp_cc,minus_fp,Right OFC – Left PER,0.02858545575321407,,,1,,,0,2,1,aaa8f555240e,2
beta,state,pre,amp_cc,minus_fp,Right OFC – Left RSC,-0.009525730540343818,0.031156180459724694,-0.305741281498149,6,0.7701317665382579,0.9245746146825795,0,7,4,aaa8f555240e,2
beta,state,pre,amp_cc,minus_fp,Right OFC – Right DHC,-0.0099642080276645,0.044570052013537594,-0.223562853923482,4,0.8340511546343006,0.9375555993771191,0,5,3,aaa8f555240e,2
beta,state,pre,amp_cc,minus_fp,Right OFC – Right PER,0.053914734042638475,,,1,,,0,2,2,aaa8f555240e,2
beta,state,pre,amp_cc,minus_fp,Right OFC – Right RSC,0.008619918121997975,0.04154017865792007,0.20750796940432747,5,0.8438000394394072,0.9375555993771191,0,6,3,aaa8f555240e,2
beta,state,pre,amp_cc,minus_fp,Right PER – Left ACC,-0.013182700850018565,,,1,,,0,2,2,aaa8f555240e,2
beta,state,pre,amp_cc,minus_fp,Right PER – Left DHC,0.21296290555555555,,,,,,0,1,1,aaa8f555240e,2
beta,state,pre,amp_cc,minus_fp,Right PER – Left OFC,0.11409948992796715,,,1,,,0,2,2,aaa8f555240e,2
beta,state,pre,amp_cc,minus_fp,Right PER – Left RSC,-0.040751352133497315,,,1,,,0,2,2,aaa8f555240e,2
beta,state,pre,amp_cc,minus_fp,Right RSC – Left ACC,-0.012646789032179176,0.06083064340722155,-0.2079016154328199,5,0.8435087824657411,0.9375555993771191,0,6,3,aaa8f555240e,2
beta,state,pre,amp_cc,minus_fp,Right RSC – Left DHC,0.005434074264838701,,,3,,,0,4,1,aaa8f555240e,2
beta,state,pre,amp_cc,minus_fp,Right RSC – Left OFC,0.018509116689739147,0.06104242743592812,0.3032172452376152,5,0.7739350771712386,0.9245746146825795,0,6,4,aaa8f555240e,2
beta,state,pre,amp_cc,minus_fp,Right RSC – Left PER,-0.07537660800839271,,,1,,,0,2,2,aaa8f555240e,2
beta,state,pre,amp_cc,minus_fp,Right RSC – Left RSC,0.08159350835446937,0.08470834151154091,0.9632287316515673,5,0.37967146490106934,0.822303900543914,0,6,3,aaa8f555240e,2
beta,state,pre,amp_cc,minus_fp,Right RSC – Right PER,0.029254887377665618,,,1,,,0,2,2,aaa8f555240e,2
beta,state,cue1,coherence,minus_fp,Left DHC – Left ACC,0.024250151976902685,0.014473274650499355,1.675512457442795,5,0.15468375639558726,0.63646151895081,0,6,4,aaa8f555240e,2
beta,state,cue1,coherence,minus_fp,Left DHC – Left OFC,0.007190968264280233,0.008265345934640681,0.870014191921762,5,0.4240834109826981,0.8285393521609853,0,6,4,aaa8f555240e,2
beta,state,cue1,coherence,minus_fp,Left OFC – Left ACC,0.027381802568862947,0.05205910238482549,0.5259753110311861,7,0.6151517824758451,0.8787671158728543,0,8,5,aaa8f555240e,2
beta,state,cue1,coherence,minus_fp,Left PER – Left ACC,0.04365171150584728,,,1,,,0,2,2,aaa8f555240e,2
beta,state,cue1,coherence,minus_fp,Left PER – Left DHC,0.014812985565487604,,,1,,,0,2,2,aaa8f555240e,2
beta,state,cue1,coherence,minus_fp,Left PER – Left OFC,-0.012914425703067016,,,1,,,0,2,1,aaa8f555240e,2
beta,state,cue1,coherence,minus_fp,Left PER – Left RSC,0.027062058821921777,,,1,,,0,2,2,aaa8f555240e,2
beta,state,cue1,coherence,minus_fp,Left RSC – Left ACC,0.011431316718346093,0.01732884272114798,0.6596699446291013,6,0.5339526925944196,0.8431836846372093,0,7,5,aaa8f555240e,2
beta,state,cue1,coherence,minus_fp,Left RSC – Left DHC,0.08539949784816937,0.07389402207284788,1.155702389077954,4,0.3121341678152199,0.8167722816686871,0,5,3,aaa8f555240e,2
beta,state,cue1,coherence,minus_fp,Left RSC – Left OFC,-0.0031529822255297016,0.008514149277828287,-0.3703226385448032,6,0.7238632824327434,0.9103218895471683,0,7,3,aaa8f555240e,2
beta,state,cue1,coherence,minus_fp,Right ACC – Left ACC,0.09646162899012577,0.0300293060269021,3.2122496904760136,7,0.014811768841110743,0.3173950465952302,0,8,8,aaa8f555240e,2
beta,state,cue1,coherence,minus_fp,Right ACC – Left DHC,0.008726694728169634,0.014659570912644896,0.5952899153850578,5,0.5775676136453977,0.869147231305741,0,6,4,aaa8f555240e,2
beta,state,cue1,coherence,minus_fp,Right ACC – Left OFC,0.03111103491027593,0.019745199918699594,1.5756252171856908,7,0.1591153797377025,0.63646151895081,0,8,6,aaa8f555240e,2
beta,state,cue1,coherence,minus_fp,Right ACC – Left PER,0.09513217025166254,,,1,,,0,2,2,aaa8f555240e,2
beta,state,cue1,coherence,minus_fp,Right ACC – Left RSC,0.007628564059441582,0.019283232193235272,0.3956060883879078,6,0.7060787103227592,0.9103218895471683,0,7,3,aaa8f555240e,2
beta,state,cue1,coherence,minus_fp,Right ACC – Right DHC,0.009186599260525076,0.015050129003088853,0.6104000343544989,4,0.5745754612977897,0.869147231305741,0,5,4,aaa8f555240e,2
beta,state,cue1,coherence,minus_fp,Right ACC – Right OFC,0.03845599347351997,0.011522290735815023,3.3375302147155725,7,0.012461765520215471,0.3112349990891288,0,8,7,aaa8f555240e,2
beta,state,cue1,coherence,minus_fp,Right ACC – Right PER,0.10924575203865404,,,1,,,0,2,2,aaa8f555240e,2
beta,state,cue1,coherence,minus_fp,Right ACC – Right RSC,0.048430900481773294,0.013917791715684876,3.479783393165262,5,0.017662852120330735,0.31753779825268763,0,6,6,aaa8f555240e,2
beta,state,cue1,coherence,minus_fp,Right DHC – Left ACC,0.005934059640255139,0.021784589020435105,0.27239713518068553,4,0.7987999478508223,0.9366728668295097,0,5,3,aaa8f555240e,2
beta,state,cue1,coherence,minus_fp,Right DHC – Left DHC,0.026596934432856083,0.029056233139873475,0.9153607181227311,4,0.41179225948791554,0.8285393521609853,0,5,3,aaa8f555240e,2
beta,state,cue1,coherence,minus_fp,Right DHC – Left OFC,0.0020708907109018826,0.009804495823015808,0.2112184806117739,4,0.8430414662808189,0.9375555993771191,0,5,2,aaa8f555240e,2
beta,state,cue1,coherence,minus_fp,Right DHC – Left PER,-0.019603268398268404,,,,,,0,1,1,aaa8f555240e,2
beta,state,cue1,coherence,minus_fp,Right DHC – Left RSC,0.001967383727214567,,,3,,,0,4,2,aaa8f555240e,2
beta,state,cue1,coherence,minus_fp,Right DHC – Right PER,0.03372788956043957,,,,,,0,1,1,aaa8f555240e,2
beta,state,cue1,coherence,minus_fp,Right DHC – Right RSC,0.030302651206767253,,,2,,,0,3,2,aaa8f555240e,2
beta,state,cue1,coherence,minus_fp,Right OFC – Left ACC,0.024932159337868357,0.015774876524835415,1.5804979074553158,7,0.15800485856173674,0.63646151895081,0,8,6,aaa8f555240e,2
beta,state,cue1,coherence,minus_fp,Right OFC – Left DHC,-0.0029513101015496966,0.005206533112972076,-0.5668474659647335,5,0.5953170552053716,0.8719943407174963,0,6,4,aaa8f555240e,2
beta,state,cue1,coherence,minus_fp,Right OFC – Left OFC,0.017984680808303552,0.0178727250515183,1.0062640563463343,7,0.34779823243375674,0.8167722816686871,0,8,5,aaa8f555240e,2
beta,state,cue1,coherence,minus_fp,Right OFC – Left PER,-0.010740504619900112,,,1,,,0,2,1,aaa8f555240e,2
beta,state,cue1,coherence,minus_fp,Right OFC – Left RSC,0.010543213513814216,0.00425360234643734,2.478655185679221,6,0.047892531560830634,0.3991044296735886,0,7,6,aaa8f555240e,2
beta,state,cue1,coherence,minus_fp,Right OFC – Right DHC,0.000780809968611639,0.006682175208384565,0.11684967009423897,4,0.9126111458465548,0.9517011017580435,0,5,2,aaa8f555240e,2
beta,state,cue1,coherence,minus_fp,Right OFC – Right PER,0.012838380422178509,,,1,,,0,2,1,aaa8f555240e,2
beta,state,cue1,coherence,minus_fp,Right OFC – Right RSC,0.008930707177191757,0.010434174801541482,0.855909292977571,5,0.4311440051470809,0.8285393521609853,0,6,5,aaa8f555240e,2
beta,state,cue1,coherence,minus_fp,Right PER – Left ACC,0.03991947153123033,,,1,,,0,2,1,aaa8f555240e,2
beta,state,cue1,coherence,minus_fp,Right PER – Left DHC,0.02216377884615385,,,,,,0,1,1,aaa8f555240e,2
beta,state,cue1,coherence,minus_fp,Right PER – Left OFC,0.07916871017266533,,,1,,,0,2,2,aaa8f555240e,2
beta,state,cue1,coherence,minus_fp,Right PER – Left RSC,-0.02387944916187509,,,1,,,0,2,2,aaa8f555240e,2
beta,state,cue1,coherence,minus_fp,Right RSC – Left ACC,0.012893759837083192,0.01939479844393555,0.664805044216114,5,0.5356047013074765,0.8431836846372093,0,6,4,aaa8f555240e,2
beta,state,cue1,coherence,minus_fp,Right RSC – Left DHC,0.05389041361396342,,,3,,,0,4,4,aaa8f555240e,2
beta,state,cue1,coherence,minus_fp,Right RSC – Left OFC,0.0024867131253852887,0.020049757009542656,0.12402709540079418,5,0.9061256008319173,0.9517011017580435,0,6,3,aaa8f555240e,2
beta,state,cue1,coherence,minus_fp,Right RSC – Left PER,0.0049470783201045945,,,1,,,0,2,1,aaa8f555240e,2
beta,state,cue1,coherence,minus_fp,Right RSC – Left RSC,0.03423592865543645,0.06294721659095764,0.5438831215986512,5,0.6098858528123112,0.8754342384865711,0,6,4,aaa8f555240e,2
beta,state,cue1,coherence,minus_fp,Right RSC – Right PER,0.030084726242644994,,,1,,,0,2,2,aaa8f555240e,2
beta,state,cue1,raw_cc,minus_fp,Left DHC – Left ACC,0.035221511682579844,0.06703800345126837,0.5253961912541631,5,0.6217652049563182,0.8787671158728543,0,6,4,aaa8f555240e,2
beta,state,cue1,raw_cc,minus_fp,Left DHC – Left OFC,0.03387238878525068,0.03639273555854023,0.9307458828085238,5,0.3947058722610787,0.822303900543914,0,6,3,aaa8f555240e,2
beta,state,cue1,raw_cc,minus_fp,Left OFC – Left ACC,-0.008175721237530067,0.06622801590007567,-0.12344807747019831,7,0.9052221075302057,0.9517011017580435,0,8,4,aaa8f555240e,2
beta,state,cue1,raw_cc,minus_fp,Left PER – Left ACC,0.09388780942363369,,,1,,,0,2,2,aaa8f555240e,2
beta,state,cue1,raw_cc,minus_fp,Left PER – Left DHC,-0.10839277560488687,,,1,,,0,2,2,aaa8f555240e,2
beta,state,cue1,raw_cc,minus_fp,Left PER – Left OFC,-0.05524176073947248,,,1,,,0,2,1,aaa8f555240e,2
beta,state,cue1,raw_cc,minus_fp,Left PER – Left RSC,0.16361074439220635,,,1,,,0,2,2,aaa8f555240e,2
beta,state,cue1,raw_cc,minus_fp,Left RSC – Left ACC,0.06550870377300032,0.05501052881998673,1.1908393752651827,6,0.2786870179045202,0.8039048593399621,0,7,5,aaa8f555240e,2
beta,state,cue1,raw_cc,minus_fp,Left RSC – Left DHC,0.14263301718929128,0.17022307237695677,0.837918239857828,4,0.4492249713861779,0.8387402453188013,0,5,3,aaa8f555240e,2
beta,state,cue1,raw_cc,minus_fp,Left RSC – Left OFC,0.019931393063918904,0.023180504906875603,0.8598342936873228,6,0.4228998640309745,0.8285393521609853,0,7,4,aaa8f555240e,2
beta,state,cue1,raw_cc,minus_fp,Right ACC – Left ACC,0.18999935931363598,0.06652536990042128,2.8560436356541445,7,0.024475772623036365,0.3337605357686777,0,8,7,aaa8f555240e,2
beta,state,cue1,raw_cc,minus_fp,Right ACC – Left DHC,0.09307834333241026,0.04070702831059525,2.286542329305423,5,0.07095530075362412,0.45290617502313263,0,6,5,aaa8f555240e,2
beta,state,cue1,raw_cc,minus_fp,Right ACC – Left OFC,0.1228302421375017,0.02568098560122903,4.782925548294507,7,0.002005477299891624,0.2620977589373859,2,8,7,aaa8f555240e,2
beta,state,cue1,raw_cc,minus_fp,Right ACC – Left PER,0.21090657938117666,,,1,,,0,2,2,aaa8f555240e,2
beta,state,cue1,raw_cc,minus_fp,Right ACC – Left RSC,0.06011963907462988,0.07604934626943403,0.7905345939678818,6,0.45931230116213767,0.8387402453188013,0,7,5,aaa8f555240e,2
beta,state,cue1,raw_cc,minus_fp,Right ACC – Right DHC,-0.019721679956259848,0.06746866997463608,-0.2923087110457927,4,0.7845854164800735,0.9303384385139212,0,5,2,aaa8f555240e,2
beta,state,cue1,raw_cc,minus_fp,Right ACC – Right OFC,0.07509543529558217,0.03355362026088338,2.238072515326402,7,0.06024897132946734,0.42322114272054345,0,8,6,aaa8f555240e,2
beta,state,cue1,raw_cc,minus_fp,Right ACC – Right PER,0.1335152272867825,,,1,,,0,2,1,aaa8f555240e,2
beta,state,cue1,raw_cc,minus_fp,Right ACC – Right RSC,0.15860730826675587,0.055315933465185284,2.8672987750731904,5,0.03510534405499691,0.3965159026850257,0,6,5,aaa8f555240e,2
beta,state,cue1,raw_cc,minus_fp,Right DHC – Left ACC,0.12637629190332833,0.07288422553615521,1.7339320130477018,4,0.15795456932667176,0.63646151895081,0,5,4,aaa8f555240e,2
beta,state,cue1,raw_cc,minus_fp,Right DHC – Left DHC,-0.04072326171610348,0.1341804193273428,-0.3034963068400923,4,0.7766426763333668,0.9245746146825795,0,5,3,aaa8f555240e,2
beta,state,cue1,raw_cc,minus_fp,Right DHC – Left OFC,-0.00786238915205305,0.07587104061882391,-0.10362832891081185,4,0.9224521469122027,0.9542608416333132,0,5,3,aaa8f555240e,2
beta,state,cue1,raw_cc,minus_fp,Right DHC – Left PER,-0.006835393939393932,,,,,,0,1,1,aaa8f555240e,2
beta,state,cue1,raw_cc,minus_fp,Right DHC – Left RSC,-0.09671952297483251,,,3,,,0,4,3,aaa8f555240e,2
beta,state,cue1,raw_cc,minus_fp,Right DHC – Right PER,-0.032700431318681326,,,,,,0,1,1,aaa8f555240e,2
beta,state,cue1,raw_cc,minus_fp,Right DHC – Right RSC,0.06315659802434061,,,2,,,0,3,2,aaa8f555240e,2
beta,state,cue1,raw_cc,minus_fp,Right OFC – Left ACC,0.07040009065864208,0.058798124186134657,1.1973186497545327,7,0.27015034284807066,0.7868456587807884,0,8,6,aaa8f555240e,2
beta,state,cue1,raw_cc,minus_fp,Right OFC – Left DHC,-0.03465347967789088,0.055567309740916754,-0.6236306893290884,5,0.5602133704115105,0.8618667237100162,0,6,3,aaa8f555240e,2
beta,state,cue1,raw_cc,minus_fp,Right OFC – Left OFC,0.06098283510692911,0.056571444189569435,1.0779791108492338,7,0.31678289924928293,0.8167722816686871,0,8,5,aaa8f555240e,2
beta,state,cue1,raw_cc,minus_fp,Right OFC – Left PER,-0.018227332086086963,,,1,,,0,2,1,aaa8f555240e,2
beta,state,cue1,raw_cc,minus_fp,Right OFC – Left RSC,0.03539744772457832,0.04006464336683105,0.8835083692242064,6,0.410961158049926,0.8285393521609853,0,7,5,aaa8f555240e,2
beta,state,cue1,raw_cc,minus_fp,Right OFC – Right DHC,-0.007544151620772583,0.040135932747957646,-0.18796502545855184,4,0.860054348260617,0.9517011017580435,0,5,3,aaa8f555240e,2
beta,state,cue1,raw_cc,minus_fp,Right OFC – Right PER,-0.08977312514580155,,,1,,,0,2,1,aaa8f555240e,2
beta,state,cue1,raw_cc,minus_fp,Right OFC – Right RSC,0.09732354508603357,0.046904640292283466,2.074923599873439,5,0.09265780675441142,0.5054062186604259,0,6,5,aaa8f555240e,2
beta,state,cue1,raw_cc,minus_fp,Right PER – Left ACC,0.12860807693275936,,,1,,,0,2,2,aaa8f555240e,2
beta,state,cue1,raw_cc,minus_fp,Right PER – Left DHC,-0.0623196346153846,,,,,,0,1,1,aaa8f555240e,2
beta,state,cue1,raw_cc,minus_fp,Right PER – Left OFC,0.2279376757300522,,,1,,,0,2,2,aaa8f555240e,2
beta,state,cue1,raw_cc,minus_fp,Right PER – Left RSC,-0.15478193375085653,,,1,,,0,2,2,aaa8f555240e,2
beta,state,cue1,raw_cc,minus_fp,Right RSC – Left ACC,-0.06560252040138304,0.05966183282351396,-1.0995726630699103,5,0.32162020332550384,0.8167722816686871,0,6,4,aaa8f555240e,2
beta,state,cue1,raw_cc,minus_fp,Right RSC – Left DHC,0.0808092509438656,,,3,,,0,4,2,aaa8f555240e,2
beta,state,cue1,raw_cc,minus_fp,Right RSC – Left OFC,0.03607318878203671,0.05608011653273566,0.6432438270876221,5,0.5484010092750227,0.8480427978479732,0,6,4,aaa8f555240e,2
beta,state,cue1,raw_cc,minus_fp,Right RSC – Left PER,0.07180833825219066,,,1,,,0,2,2,aaa8f555240e,2
beta,state,cue1,raw_cc,minus_fp,Right RSC – Left RSC,0.09310025839881057,0.12401065215652331,0.750744043191561,5,0.4866141089278786,0.8387402453188013,0,6,4,aaa8f555240e,2
beta,state,cue1,raw_cc,minus_fp,Right RSC – Right PER,-0.025119742653382057,,,1,,,0,2,2,aaa8f555240e,2
beta,state,cue1,amp_cc,minus_fp,Left DHC – Left ACC,-0.021240772903449584,0.06023754649979675,-0.35261683348144424,5,0.7387530073208005,0.9128809446714147,0,6,3,aaa8f555240e,2
beta,state,cue1,amp_cc,minus_fp,Left DHC – Left OFC,0.009404397026534365,0.018399227550434674,0.5111299917757792,5,0.6310227284960482,0.8804968304596023,0,6,2,aaa8f555240e,2
beta,state,cue1,amp_cc,minus_fp,Left OFC – Left ACC,0.024697289683093683,0.054826752580685395,0.4504605602301193,7,0.6659991658202167,0.8936872218212284,0,8,5,aaa8f555240e,2
beta,state,cue1,amp_cc,minus_fp,Left PER – Left ACC,0.01665095858117348,,,1,,,0,2,1,aaa8f555240e,2
beta,state,cue1,amp_cc,minus_fp,Left PER – Left DHC,-0.019661170810046823,,,1,,,0,2,1,aaa8f555240e,2
beta,state,cue1,amp_cc,minus_fp,Left PER – Left OFC,-0.053287719816724394,,,1,,,0,2,2,aaa8f555240e,2
beta,state,cue1,amp_cc,minus_fp,Left PER – Left RSC,-0.034978471965161684,,,1,,,0,2,1,aaa8f555240e,2
beta,state,cue1,amp_cc,minus_fp,Left RSC – Left ACC,0.034881188453498274,0.0486854188899633,0.7164606826601461,6,0.5006300484568419,0.8397248978112782,0,7,4,aaa8f555240e,2
beta,state,cue1,amp_cc,minus_fp,Left RSC – Left DHC,0.026161160552577264,0.10807787211920361,0.242058434715693,4,0.8206386724278163,0.9375555993771191,0,5,2,aaa8f555240e,2
beta,state,cue1,amp_cc,minus_fp,Left RSC – Left OFC,0.0050471363808898394,0.03634041830496208,0.1388849280306903,6,0.8940853866538878,0.9517011017580435,0,7,3,aaa8f555240e,2
beta,state,cue1,amp_cc,minus_fp,Right ACC – Left ACC,0.14603779761568644,0.04042897836523821,3.6122059849341426,7,0.008598893663514623,0.28669018434428856,2,8,7,aaa8f555240e,2
beta,state,cue1,amp_cc,minus_fp,Right ACC – Left DHC,0.050787836841778,0.039135582105550654,1.2977406776472782,5,0.25101767796202873,0.7530530338860862,0,6,5,aaa8f555240e,2
beta,state,cue1,amp_cc,minus_fp,Right ACC – Left OFC,0.07929211538682654,0.03856366128785782,2.0561355623096014,7,0.07881339487231119,0.46933789072174903,0,8,5,aaa8f555240e,2
beta,state,cue1,amp_cc,minus_fp,Right ACC – Left PER,0.09190735996622003,,,1,,,0,2,2,aaa8f555240e,2
beta,state,cue1,amp_cc,minus_fp,Right ACC – Left RSC,0.02159267863831456,0.022990263877147348,0.9392096912718776,6,0.3838763688546429,0.822303900543914,0,7,4,aaa8f555240e,2
beta,state,cue1,amp_cc,minus_fp,Right ACC – Right DHC,0.04081104028057054,0.04521675774892065,0.9025644984805378,4,0.4177940014353361,0.8285393521609853,0,5,3,aaa8f555240e,2
beta,state,cue1,amp_cc,minus_fp,Right ACC – Right OFC,0.05136517752724553,0.03250802097044579,1.5800770392618935,7,0.15810049362957565,0.63646151895081,0,8,5,aaa8f555240e,2
beta,state,cue1,amp_cc,minus_fp,Right ACC – Right PER,0.0766964515301092,,,1,,,0,2,1,aaa8f555240e,2
beta,state,cue1,amp_cc,minus_fp,Right ACC – Right RSC,0.13802448153821548,0.057652055596786836,2.394094713700167,5,0.0620724342656797,0.42322114272054345,0,6,5,aaa8f555240e,2
beta,state,cue1,amp_cc,minus_fp,Right DHC – Left ACC,-0.01543718498797875,0.03736352386851823,-0.4131619127334458,4,0.7006763400762271,0.9103218895471683,0,5,3,aaa8f555240e,2
beta,state,cue1,amp_cc,minus_fp,Right DHC – Left DHC,-0.04443567867618642,0.047335548179214836,-0.9387380179469061,4,0.4010140455580385,0.8240014634754216,0,5,4,aaa8f555240e,2
beta,state,cue1,amp_cc,minus_fp,Right DHC – Left OFC,0.02037498309773561,0.04519333238556665,0.45084046743680156,4,0.6754633584917596,0.8966327767589729,0,5,4,aaa8f555240e,2
beta,state,cue1,amp_cc,minus_fp,Right DHC – Left PER,-0.07536844588744589,,,,,,0,1,1,aaa8f555240e,2
beta,state,cue1,amp_cc,minus_fp,Right DHC – Left RSC,-0.08132673254289179,,,3,,,0,4,3,aaa8f555240e,2
beta,state,cue1,amp_cc,minus_fp,Right DHC – Right PER,0.07648158736263735,,,,,,0,1,1,aaa8f555240e,2
beta,state,cue1,amp_cc,minus_fp,Right DHC – Right RSC,0.059028405897230525,,,2,,,0,3,2,aaa8f555240e,2
beta,state,cue1,amp_cc,minus_fp,Right OFC – Left ACC,0.00029564700589094627,0.03530564525091062,0.008373930112021413,7,0.9935523031138564,0.9935523031138564,0,8,5,aaa8f555240e,2
beta,state,cue1,amp_cc,minus_fp,Right OFC – Left DHC,0.030702751476906726,0.04007414995289569,0.7661485399689232,5,0.47817824256708125,0.8387402453188013,0,6,4,aaa8f555240e,2
beta,state,cue1,amp_cc,minus_fp,Right OFC – Left OFC,0.012675967528299548,0.034980804700539915,0.362369237552271,7,0.7277693653115604,0.9103218895471683,0,8,5,aaa8f555240e,2
beta,state,cue1,amp_cc,minus_fp,Right OFC – Left PER,0.012924983998324802,,,1,,,0,2,2,aaa8f555240e,2
beta,state,cue1,amp_cc,minus_fp,Right OFC – Left RSC,-0.039509280347643345,0.027009744133446766,-1.4627787717069902,6,0.19385145637445372,0.6958225799762563,0,7,4,aaa8f555240e,2
beta,state,cue1,amp_cc,minus_fp,Right OFC – Right DHC,-0.006167475830629128,0.02891665480989326,-0.21328455421887352,4,0.84153469609478,0.9375555993771191,0,5,4,aaa8f555240e,2
beta,state,cue1,amp_cc,minus_fp,Right OFC – Right PER,-0.03561008435877709,,,1,,,0,2,1,aaa8f555240e,2
beta,state,cue1,amp_cc,minus_fp,Right OFC – Right RSC,-0.008750795749527956,0.05709404726423226,-0.15326984456066178,5,0.8841791368515115,0.9517011017580435,0,6,3,aaa8f555240e,2
beta,state,cue1,amp_cc,minus_fp,Right PER – Left ACC,0.024937258520315232,,,1,,,0,2,1,aaa8f555240e,2
beta,state,cue1,amp_cc,minus_fp,Right PER – Left DHC,0.06648051923076921,,,,,,0,1,1,aaa8f555240e,2
beta,state,cue1,amp_cc,minus_fp,Right PER – Left OFC,0.0916118523948708,,,1,,,0,2,2,aaa8f555240e,2
beta,state,cue1,amp_cc,minus_fp,Right PER – Left RSC,-0.07016295627624605,,,1,,,0,2,2,aaa8f555240e,2
beta,state,cue1,amp_cc,minus_fp,Right RSC – Left ACC,-0.01582978394345777,0.04167266038306816,-0.3798601720635408,5,0.7196491514517285,0.9103218895471683,0,6,3,aaa8f555240e,2
beta,state,cue1,amp_cc,minus_fp,Right RSC – Left DHC,-0.017735861575873372,,,3,,,0,4,2,aaa8f555240e,2
beta,state,cue1,amp_cc,minus_fp,Right RSC – Left OFC,-0.015312679655202825,0.04408517238152751,-0.347343082220069,5,0.7424765016660839,0.9128809446714147,0,6,4,aaa8f555240e,2
beta,state,cue1,amp_cc,minus_fp,Right RSC – Left PER,-0.007027995700080236,,,1,,,0,2,1,aaa8f555240e,2
beta,state,cue1,amp_cc,minus_fp,Right RSC – Left RSC,0.041103837696947546,0.10887257339771446,0.37754079300389193,5,0.7212668256094197,0.9103218895471683,0,6,3,aaa8f555240e,2
beta,state,cue1,amp_cc,minus_fp,Right RSC – Right PER,0.02627136484275927,,,1,,,0,2,1,aaa8f555240e,2
beta,state,cue2,coherence,minus_fp,Left DHC – Left ACC,0.012534607851759813,0.018101853533501265,0.6924488604750835,5,0.5194922564090032,0.8431836846372093,0,6,5,aaa8f555240e,2
beta,state,cue2,coherence,minus_fp,Left DHC – Left OFC,-0.0015518256866883064,0.005928767686991592,-0.2617450655206466,5,0.8039584772952504,0.9366728668295097,0,6,3,aaa8f555240e,2
beta,state,cue2,coherence,minus_fp,Left OFC – Left ACC,0.04077765442596853,0.05620365350074788,0.7255338734416245,7,0.4916622897375431,0.8387402453188013,0,8,4,aaa8f555240e,2
beta,state,cue2,coherence,minus_fp,Left PER – Left ACC,0.01400028917764314,,,1,,,0,2,1,aaa8f555240e,2
beta,state,cue2,coherence,minus_fp,Left PER – Left DHC,0.01638514572028512,,,1,,,0,2,2,aaa8f555240e,2
beta,state,cue2,coherence,minus_fp,Left PER – Left OFC,-0.01700259178794853,,,1,,,0,2,1,aaa8f555240e,2
beta,state,cue2,coherence,minus_fp,Left PER – Left RSC,0.03860262214728975,,,1,,,0,2,1,aaa8f555240e,2
beta,state,cue2,coherence,minus_fp,Left RSC – Left ACC,0.01506024400024618,0.01574645383394009,0.9564213097799299,6,0.3757915842960947,0.822303900543914,0,7,5,aaa8f555240e,2
beta,state,cue2,coherence,minus_fp,Left RSC – Left DHC,0.10602386667217689,0.09636826242979991,1.100194856677121,4,0.33300817725240534,0.8167722816686871,0,5,3,aaa8f555240e,2
beta,state,cue2,coherence,minus_fp,Left RSC – Left OFC,-0.0007940766358978559,0.006504758456527331,-0.12207626788985895,6,0.9068246970732627,0.9517011017580435,0,7,2,aaa8f555240e,2
beta,state,cue2,coherence,minus_fp,Right ACC – Left ACC,0.09924635700786008,0.02663995367270177,3.7254703302866035,7,0.007402653114887066,0.28669018434428856,2,8,8,aaa8f555240e,2
beta,state,cue2,coherence,minus_fp,Right ACC – Left DHC,0.0017403696235425631,0.014031734054509568,0.124030972706701,5,0.9061226841332048,0.9517011017580435,0,6,3,aaa8f555240e,2
beta,state,cue2,coherence,minus_fp,Right ACC – Left OFC,0.03398823826006446,0.021530515609716826,1.5786077247832098,7,0.1584347903841125,0.63646151895081,0,8,6,aaa8f555240e,2
beta,state,cue2,coherence,minus_fp,Right ACC – Left PER,0.09453362900135037,,,1,,,0,2,2,aaa8f555240e,2
beta,state,cue2,coherence,minus_fp,Right ACC – Left RSC,0.006466091810727269,0.01858572919980443,0.34790627482053865,6,0.7397911348592645,0.9128809446714147,0,7,4,aaa8f555240e,2
beta,state,cue2,coherence,minus_fp,Right ACC – Right DHC,0.014820507176481371,0.018431803017658916,0.8040725675226846,4,0.46642325295090836,0.8387402453188013,0,5,4,aaa8f555240e,2
beta,state,cue2,coherence,minus_fp,Right ACC – Right OFC,0.024760110925193674,0.00972531513884491,2.545944328970554,7,0.03832987059288582,0.3965159026850257,0,8,8,aaa8f555240e,2
beta,state,cue2,coherence,minus_fp,Right ACC – Right PER,0.0904473218880643,,,1,,,0,2,1,aaa8f555240e,2
beta,state,cue2,coherence,minus_fp,Right ACC – Right RSC,0.028260752674837297,0.017010767397943112,1.6613449595609953,5,0.15753491650579546,0.63646151895081,0,6,6,aaa8f555240e,2
beta,state,cue2,coherence,minus_fp,Right DHC – Left ACC,0.008836986778424297,0.018676435871610487,0.47316237633204666,4,0.6607625146782425,0.8929223171327602,0,5,3,aaa8f555240e,2
beta,state,cue2,coherence,minus_fp,Right DHC – Left DHC,0.013101630243845157,0.01958072641846335,0.6691084877980407,4,0.5400637455538733,0.8431836846372093,0,5,3,aaa8f555240e,2
beta,state,cue2,coherence,minus_fp,Right DHC – Left OFC,0.003727232155555012,0.012213198112226126,0.3051806841505203,4,0.7754496596785749,0.9245746146825795,0,5,2,aaa8f555240e,2
beta,state,cue2,coherence,minus_fp,Right DHC – Left PER,-0.033038874999999995,,,,,,0,1,1,aaa8f555240e,2
beta,state,cue2,coherence,minus_fp,Right DHC – Left RSC,0.0026589163041927585,,,3,,,0,4,2,aaa8f555240e,2
beta,state,cue2,coherence,minus_fp,Right DHC – Right PER,0.03998577380952381,,,,,,0,1,1,aaa8f555240e,2
beta,state,cue2,coherence,minus_fp,Right DHC – Right RSC,0.047129791634766424,,,2,,,0,3,2,aaa8f555240e,2
beta,state,cue2,coherence,minus_fp,Right OFC – Left ACC,0.04209665120352807,0.020740937008496843,2.0296407624343358,7,0.08195620837798735,0.47282427910377317,0,8,5,aaa8f555240e,2
beta,state,cue2,coherence,minus_fp,Right OFC – Left DHC,-0.0046171153551248355,0.006464987929039169,-0.7141723087193814,5,0.5070648380172035,0.8397248978112782,0,6,4,aaa8f555240e,2
beta,state,cue2,coherence,minus_fp,Right OFC – Left OFC,0.02630156209997644,0.016946658780199044,1.552020515731864,7,0.16459786908914498,0.6412903990486167,0,8,7,aaa8f555240e,2
beta,state,cue2,coherence,minus_fp,Right OFC – Left PER,-0.010129576630861397,,,1,,,0,2,1,aaa8f555240e,2
beta,state,cue2,coherence,minus_fp,Right OFC – Left RSC,0.011696386838466239,0.00803195302507856,1.4562319776953423,6,0.19558182464167506,0.6958225799762563,0,7,7,aaa8f555240e,2
beta,state,cue2,coherence,minus_fp,Right OFC – Right DHC,0.014250530946571693,0.00992636436970764,1.4356244054530323,4,0.22444537284690327,0.7087748616217998,0,5,4,aaa8f555240e,2
beta,state,cue2,coherence,minus_fp,Right OFC – Right PER,0.019638164442209005,,,1,,,0,2,1,aaa8f555240e,2
beta,state,cue2,coherence,minus_fp,Right OFC – Right RSC,0.01648643350078343,0.00674350701188101,2.444786291722823,5,0.05830919047969208,0.42322114272054345,0,6,6,aaa8f555240e,2
beta,state,cue2,coherence,minus_fp,Right PER – Left ACC,0.04884631940844531,,,1,,,0,2,2,aaa8f555240e,2
beta,state,cue2,coherence,minus_fp,Right PER – Left DHC,0.03004701785714286,,,,,,0,1,1,aaa8f555240e,2
beta,state,cue2,coherence,minus_fp,Right PER – Left OFC,0.07867499667569215,,,1,,,0,2,2,aaa8f555240e,2
beta,state,cue2,coherence,minus_fp,Right PER – Left RSC,-0.015573468723422223,,,1,,,0,2,2,aaa8f555240e,2
beta,state,cue2,coherence,minus_fp,Right RSC – Left ACC,0.01979551284069682,0.017232220077895925,1.1487500015212129,5,0.3026285085338696,0.8106120764300078,0,6,4,aaa8f555240e,2
beta,state,cue2,coherence,minus_fp,Right RSC – Left DHC,0.05269032558689105,,,3,,,0,4,3,aaa8f555240e,2
beta,state,cue2,coherence,minus_fp,Right RSC – Left OFC,0.007888223906182615,0.016439333631539935,0.4798384218596636,5,0.6515971069171331,0.8858637455177021,0,6,5,aaa8f555240e,2
beta,state,cue2,coherence,minus_fp,Right RSC – Left PER,-0.01798213638549,,,1,,,0,2,1,aaa8f555240e,2
beta,state,cue2,coherence,minus_fp,Right RSC – Left RSC,0.028351289412917775,0.04678787253717578,0.6059538054522776,5,0.5709984115755817,0.869147231305741,0,6,4,aaa8f555240e,2
beta,state,cue2,coherence,minus_fp,Right RSC – Right PER,0.029495401201921873,,,1,,,0,2,2,aaa8f555240e,2
beta,state,cue2,raw_cc,minus_fp,Left DHC – Left ACC,0.10241618507900571,0.08806918669682798,1.162905993801967,5,0.29734668714336326,0.8106120764300078,0,6,3,aaa8f555240e,2
beta,state,cue2,raw_cc,minus_fp,Left DHC – Left OFC,0.06205183220718662,0.046021645366256594,1.3483184208942578,5,0.2354118217953468,0.7250961694138242,0,6,4,aaa8f555240e,2
beta,state,cue2,raw_cc,minus_fp,Left OFC – Left ACC,-0.0034031869871801465,0.07484763281223052,-0.045468197981861184,7,0.9650040450933435,0.9826000330262199,0,8,4,aaa8f555240e,2
beta,state,cue2,raw_cc,minus_fp,Left PER – Left ACC,0.038278512328517054,,,1,,,0,2,2,aaa8f555240e,2
beta,state,cue2,raw_cc,minus_fp,Left PER – Left DHC,0.05696053464658345,,,1,,,0,2,2,aaa8f555240e,2
beta,state,cue2,raw_cc,minus_fp,Left PER – Left OFC,-0.06591909163259946,,,1,,,0,2,2,aaa8f555240e,2
beta,state,cue2,raw_cc,minus_fp,Left PER – Left RSC,0.1209847588169087,,,1,,,0,2,2,aaa8f555240e,2
beta,state,cue2,raw_cc,minus_fp,Left RSC – Left ACC,0.0845241000027403,0.04152003956220726,2.035742279968263,6,0.08796148854959421,0.49789521820525023,0,7,6,aaa8f555240e,2
beta,state,cue2,raw_cc,minus_fp,Left RSC – Left DHC,0.1998969141849717,0.19584957724789662,1.020665538286826,4,0.36512014973562884,0.822303900543914,0,5,3,aaa8f555240e,2
beta,state,cue2,raw_cc,minus_fp,Left RSC – Left OFC,-0.017262486453693812,0.04534711117889007,-0.3806744466167852,6,0.7165580700069648,0.9103218895471683,0,7,4,aaa8f555240e,2
beta,state,cue2,raw_cc,minus_fp,Right ACC – Left ACC,0.20956196982211664,0.07218976791501829,2.9029317571544593,7,0.022890027058889453,0.3337605357686777,0,8,7,aaa8f555240e,2
beta,state,cue2,raw_cc,minus_fp,Right ACC – Left DHC,0.1522577421006773,0.044722911634639054,3.4044684600264206,5,0.01915792074920547,0.31753779825268763,0,6,6,aaa8f555240e,2
beta,state,cue2,raw_cc,minus_fp,Right ACC – Left OFC,0.114366889053999,0.03145807619455521,3.6355334746691765,7,0.008336364284345659,0.28669018434428856,2,8,7,aaa8f555240e,2
beta,state,cue2,raw_cc,minus_fp,Right ACC – Left PER,0.2549456367831455,,,1,,,0,2,2,aaa8f555240e,2
beta,state,cue2,raw_cc,minus_fp,Right ACC – Left RSC,0.051279816232663526,0.07736626704178262,0.6628187993737531,6,0.5320683596221998,0.8431836846372093,0,7,5,aaa8f555240e,2
beta,state,cue2,raw_cc,minus_fp,Right ACC – Right DHC,-0.0036328002216527763,0.08817849233183965,-0.041198257370760674,4,0.9691122279897122,0.9826000330262199,0,5,3,aaa8f555240e,2
beta,state,cue2,raw_cc,minus_fp,Right ACC – Right OFC,0.041750696882031646,0.03392872580268619,1.2305412565397955,7,0.2582367232319779,0.7670397719761719,0,8,5,aaa8f555240e,2
beta,state,cue2,raw_cc,minus_fp,Right ACC – Right PER,0.13987855711895106,,,1,,,0,2,1,aaa8f555240e,2
beta,state,cue2,raw_cc,minus_fp,Right ACC – Right RSC,0.13187761119482685,0.08168692522820085,1.6144274108299845,5,0.1673552951505192,0.6436742121173815,0,6,4,aaa8f555240e,2
beta,state,cue2,raw_cc,minus_fp,Right DHC – Left ACC,0.10185282335842569,0.07373526782168464,1.3813311644129136,4,0.23932429375659084,0.7252251325957298,0,5,4,aaa8f555240e,2
beta,state,cue2,raw_cc,minus_fp,Right DHC – Left DHC,-0.00828586999757361,0.14014766512805604,-0.05912242626377418,4,0.9556904413501061,0.9826000330262199,0,5,3,aaa8f555240e,2
beta,state,cue2,raw_cc,minus_fp,Right DHC – Left OFC,0.026019505452452206,0.07902659212870053,0.3292499999250576,4,0.7584852360070293,0.9245746146825795,0,5,2,aaa8f555240e,2
beta,state,cue2,raw_cc,minus_fp,Right DHC – Left PER,0.10641925,,,,,,0,1,1,aaa8f555240e,2
beta,state,cue2,raw_cc,minus_fp,Right DHC – Left RSC,-0.02937983488683561,,,3,,,0,4,3,aaa8f555240e,2
beta,state,cue2,raw_cc,minus_fp,Right DHC – Right PER,-0.018311583333333332,,,,,,0,1,1,aaa8f555240e,2
beta,state,cue2,raw_cc,minus_fp,Right DHC – Right RSC,0.05192606343165813,,,2,,,0,3,2,aaa8f555240e,2
beta,state,cue2,raw_cc,minus_fp,Right OFC – Left ACC,0.10461416952655628,0.04989404878911313,2.0967264045603584,7,0.0742291299385016,0.46393206211563504,0,8,5,aaa8f555240e,2
beta,state,cue2,raw_cc,minus_fp,Right OFC – Left DHC,-0.07797822230255598,0.02926757667399587,-2.66432110765902,5,0.04465169131839439,0.3991044296735886,0,6,5,aaa8f555240e,2
beta,state,cue2,raw_cc,minus_fp,Right OFC – Left OFC,0.08885279946510709,0.05957936069726159,1.4913352279255152,7,0.17949890007331104,0.6731208752749164,0,8,6,aaa8f555240e,2
beta,state,cue2,raw_cc,minus_fp,Right OFC – Left PER,-0.08694393769541978,,,1,,,0,2,2,aaa8f555240e,2
beta,state,cue2,raw_cc,minus_fp,Right OFC – Left RSC,0.020627453746451852,0.019256032951246883,1.0712203182595907,6,0.32525648078836283,0.8167722816686871,0,7,5,aaa8f555240e,2
beta,state,cue2,raw_cc,minus_fp,Right OFC – Right DHC,0.04116481417484387,0.04144722464413118,0.9931862634540164,4,0.3768362492222699,0.822303900543914,0,5,3,aaa8f555240e,2
beta,state,cue2,raw_cc,minus_fp,Right OFC – Right PER,0.00863296367297328,,,1,,,0,2,2,aaa8f555240e,2
beta,state,cue2,raw_cc,minus_fp,Right OFC – Right RSC,0.08987552771243303,0.05419804187029895,1.6582799785924678,5,0.15815859429154247,0.63646151895081,0,6,6,aaa8f555240e,2
beta,state,cue2,raw_cc,minus_fp,Right PER – Left ACC,0.04239346916125053,,,1,,,0,2,2,aaa8f555240e,2
beta,state,cue2,raw_cc,minus_fp,Right PER – Left DHC,-0.16938021428571426,,,,,,0,1,1,aaa8f555240e,2
beta,state,cue2,raw_cc,minus_fp,Right PER – Left OFC,0.16400200921772964,,,1,,,0,2,2,aaa8f555240e,2
beta,state,cue2,raw_cc,minus_fp,Right PER – Left RSC,-0.1803677635535076,,,1,,,0,2,2,aaa8f555240e,2
beta,state,cue2,raw_cc,minus_fp,Right RSC – Left ACC,-0.03482856350643348,0.050739341283017846,-0.6864212783560592,5,0.5229771385366443,0.8431836846372093,0,6,4,aaa8f555240e,2
beta,state,cue2,raw_cc,minus_fp,Right RSC – Left DHC,0.15974538040699354,,,3,,,0,4,3,aaa8f555240e,2
beta,state,cue2,raw_cc,minus_fp,Right RSC – Left OFC,0.009023648059732334,0.05317234906681764,0.1697056499872331,5,0.8718942399568205,0.9517011017580435,0,6,4,aaa8f555240e,2
beta,state,cue2,raw_cc,minus_fp,Right RSC – Left PER,-0.01479779173876581,,,1,,,0,2,1,aaa8f555240e,2
beta,state,cue2,raw_cc,minus_fp,Right RSC – Left RSC,0.09911334930349758,0.09554072482792307,1.0373937342636776,5,0.3470940094813704,0.8167722816686871,0,6,5,aaa8f555240e,2
beta,state,cue2,raw_cc,minus_fp,Right RSC – Right PER,0.041497275956142575,,,1,,,0,2,1,aaa8f555240e,2
beta,state,cue2,amp_cc,minus_fp,Left DHC – Left ACC,0.022236272770816218,0.059166218350785296,0.375827176227177,5,0.7224630673976357,0.9103218895471683,0,6,3,aaa8f555240e,2
beta,state,cue2,amp_cc,minus_fp,Left DHC – Left OFC,-0.009998790131757102,0.02553164783525393,-0.3916233764571529,5,0.7114705314616269,0.9103218895471683,0,6,4,aaa8f555240e,2
beta,state,cue2,amp_cc,minus_fp,Left OFC – Left ACC,0.03492973514197083,0.04971167225768589,0.7026465527232463,7,0.5049644628321729,0.8397248978112782,0,8,5,aaa8f555240e,2
beta,state,cue2,amp_cc,minus_fp,Left PER – Left ACC,0.07899694462945749,,,1,,,0,2,2,aaa8f555240e,2
beta,state,cue2,amp_cc,minus_fp,Left PER – Left DHC,0.03322153236436837,,,1,,,0,2,2,aaa8f555240e,2
beta,state,cue2,amp_cc,minus_fp,Left PER – Left OFC,0.02087372000601753,,,1,,,0,2,1,aaa8f555240e,2
beta,state,cue2,amp_cc,minus_fp,Left PER – Left RSC,-0.017801990893501284,,,1,,,0,2,1,aaa8f555240e,2
beta,state,cue2,amp_cc,minus_fp,Left RSC – Left ACC,0.04826331264071094,0.05060405985013328,0.9537438850488559,6,0.37704045958669247,0.822303900543914,0,7,5,aaa8f555240e,2
beta,state,cue2,amp_cc,minus_fp,Left RSC – Left DHC,0.059051803094506874,0.12158123959005131,0.48569831409531816,4,0.6525862925313739,0.8858637455177021,0,5,2,aaa8f555240e,2
beta,state,cue2,amp_cc,minus_fp,Left RSC – Left OFC,0.04298240934429744,0.016618204749400085,2.5864652645977957,6,0.0414080831239504,0.3991044296735886,0,7,6,aaa8f555240e,2
beta,state,cue2,amp_cc,minus_fp,Right ACC – Left ACC,0.14618576937826247,0.0406187838895166,3.5989696239032876,7,0.008751828336209787,0.28669018434428856,2,8,7,aaa8f555240e,2
beta,state,cue2,amp_cc,minus_fp,Right ACC – Left DHC,0.039767625202359776,0.03768778638867597,1.0551860168234433,5,0.339635600624888,0.8167722816686871,0,6,4,aaa8f555240e,2
beta,state,cue2,amp_cc,minus_fp,Right ACC – Left OFC,0.07594023445688453,0.02536371739833576,2.9940498572921075,7,0.020110727222670217,0.31753779825268763,0,8,7,aaa8f555240e,2
beta,state,cue2,amp_cc,minus_fp,Right ACC – Left PER,0.15784938030221127,,,1,,,0,2,2,aaa8f555240e,2
beta,state,cue2,amp_cc,minus_fp,Right ACC – Left RSC,-0.01658177843105357,0.020024226436118,-0.8280858431137578,6,0.43931082672883665,0.8341344811307024,0,7,4,aaa8f555240e,2
beta,state,cue2,amp_cc,minus_fp,Right ACC – Right DHC,0.08713869813720754,0.034672512537441164,2.5131924905387426,4,0.06583277280553416,0.42951711735480796,0,5,3,aaa8f555240e,2
beta,state,cue2,amp_cc,minus_fp,Right ACC – Right OFC,0.0612204697722095,0.0177557165156291,3.44793011976292,7,0.010721339461811773,0.2924001671403211,0,8,7,aaa8f555240e,2
beta,state,cue2,amp_cc,minus_fp,Right ACC – Right PER,0.00775907783976877,,,1,,,0,2,1,aaa8f555240e,2
beta,state,cue2,amp_cc,minus_fp,Right ACC – Right RSC,0.12714401439636866,0.0340319446185876,3.736019666855153,5,0.013486849960528915,0.3112349990891288,0,6,5,aaa8f555240e,2
beta,state,cue2,amp_cc,minus_fp,Right DHC – Left ACC,-0.010881315267417013,0.041462556269181536,-0.26243715406193907,4,0.8059462034328042,0.9366728668295097,0,5,2,aaa8f555240e,2
beta,state,cue2,amp_cc,minus_fp,Right DHC – Left DHC,-0.006201135299976931,0.02505889332427456,-0.2474624565311465,4,0.8167335256876515,0.9375555993771191,0,5,3,aaa8f555240e,2
beta,state,cue2,amp_cc,minus_fp,Right DHC – Left OFC,0.06539798699603123,0.036727736873617786,1.7806157569977534,4,0.14957690604483195,0.63646151895081,0,5,4,aaa8f555240e,2
beta,state,cue2,amp_cc,minus_fp,Right DHC – Left PER,-0.10679843749999998,,,,,,0,1,1,aaa8f555240e,2
beta,state,cue2,amp_cc,minus_fp,Right DHC – Left RSC,0.044917385267884836,,,3,,,0,4,2,aaa8f555240e,2
beta,state,cue2,amp_cc,minus_fp,Right DHC – Right PER,0.14991984523809523,,,,,,0,1,1,aaa8f555240e,2
beta,state,cue2,amp_cc,minus_fp,Right DHC – Right RSC,0.07444202543750468,,,2,,,0,3,2,aaa8f555240e,2
beta,state,cue2,amp_cc,minus_fp,Right OFC – Left ACC,0.0629330257668554,0.02673435343477021,2.354013382833709,7,0.05078666014709396,0.41178373092238346,0,8,7,aaa8f555240e,2
beta,state,cue2,amp_cc,minus_fp,Right OFC – Left DHC,0.023775639875093246,0.0253670643100472,0.9372641463157549,5,0.3916511852289041,0.822303900543914,0,6,4,aaa8f555240e,2
beta,state,cue2,amp_cc,minus_fp,Right OFC – Left OFC,0.04996573662522529,0.027536797005499186,1.8145079333390508,7,0.11246981544662339,0.5718804175252037,0,8,6,aaa8f555240e,2
beta,state,cue2,amp_cc,minus_fp,Right OFC – Left PER,0.09447110180649451,,,1,,,0,2,2,aaa8f555240e,2
beta,state,cue2,amp_cc,minus_fp,Right OFC – Left RSC,0.039337362060284334,0.017118292361814565,2.297972322755359,6,0.06127054606656053,0.42322114272054345,0,7,5,aaa8f555240e,2
beta,state,cue2,amp_cc,minus_fp,Right OFC – Right DHC,0.03370267361543392,0.023882141913762395,1.411208162866343,4,0.23101905716524018,0.7219345536413756,0,5,4,aaa8f555240e,2
beta,state,cue2,amp_cc,minus_fp,Right OFC – Right PER,0.03007572999078048,,,1,,,0,2,1,aaa8f555240e,2
beta,state,cue2,amp_cc,minus_fp,Right OFC – Right RSC,0.028281095093949403,0.03840889375146835,0.7363163145741013,5,0.4946110923732583,0.8387402453188013,0,6,4,aaa8f555240e,2
beta,state,cue2,amp_cc,minus_fp,Right PER – Left ACC,0.03678760076563866,,,1,,,0,2,2,aaa8f555240e,2
beta,state,cue2,amp_cc,minus_fp,Right PER – Left DHC,0.2192900595238095,,,,,,0,1,1,aaa8f555240e,2
beta,state,cue2,amp_cc,minus_fp,Right PER – Left OFC,0.07792829283071945,,,1,,,0,2,2,aaa8f555240e,2
beta,state,cue2,amp_cc,minus_fp,Right PER – Left RSC,-0.05159977807513906,,,1,,,0,2,2,aaa8f555240e,2
beta,state,cue2,amp_cc,minus_fp,Right RSC – Left ACC,0.006808860343268571,0.046811609262759374,0.14545238778375663,5,0.8900354981115229,0.9517011017580435,0,6,5,aaa8f555240e,2
beta,state,cue2,amp_cc,minus_fp,Right RSC – Left DHC,0.0018185432322538084,,,3,,,0,4,2,aaa8f555240e,2
beta,state,cue2,amp_cc,minus_fp,Right RSC – Left OFC,0.03758196429005258,0.022314067397983185,1.6842274256753995,5,0.15295555485613127,0.63646151895081,0,6,5,aaa8f555240e,2
beta,state,cue2,amp_cc,minus_fp,Right RSC – Left PER,-0.018437760378406436,,,1,,,0,2,1,aaa8f555240e,2
beta,state,cue2,amp_cc,minus_fp,Right RSC – Left RSC,0.1028644190757656,0.10503374320574364,0.9793464075089784,5,0.37238573973840955,0.822303900543914,0,6,4,aaa8f555240e,2
beta,state,cue2,amp_cc,minus_fp,Right RSC – Right PER,-0.0017324783951090197,,,1,,,0,2,1,aaa8f555240e,2
beta,state,post,coherence,minus_fp,Left DHC – Left ACC,0.024207081306976054,0.012568015611139696,1.9260861902112882,5,0.11205096786478329,0.5718804175252037,0,6,5,aaa8f555240e,2
beta,state,post,coherence,minus_fp,Left DHC – Left OFC,0.000465513962148656,0.004081512964544804,0.11405426521794058,5,0.9136330576877217,0.9517011017580435,0,6,3,aaa8f555240e,2
beta,state,post,coherence,minus_fp,Left OFC – Left ACC,0.020795270388956826,0.052343357798409026,0.397285754365359,7,0.7029921061568749,0.9103218895471683,0,8,5,aaa8f555240e,2
beta,state,post,coherence,minus_fp,Left PER – Left ACC,0.0025486883728704154,,,1,,,0,2,1,aaa8f555240e,2
beta,state,post,coherence,minus_fp,Left PER – Left DHC,0.01206160258205703,,,1,,,0,2,1,aaa8f555240e,2
beta,state,post,coherence,minus_fp,Left PER – Left OFC,-0.04135741706344243,,,1,,,0,2,2,aaa8f555240e,2
beta,state,post,coherence,minus_fp,Left PER – Left RSC,0.04341766458075606,,,1,,,0,2,2,aaa8f555240e,2
beta,state,post,coherence,minus_fp,Left RSC – Left ACC,0.01808500816860329,0.01969575000476316,0.9182188118873192,6,0.393917814023167,0.822303900543914,0,7,5,aaa8f555240e,2
beta,state,post,coherence,minus_fp,Left RSC – Left DHC,0.10635603926543884,0.09451236475542366,1.125313492479676,4,0.32340854259731416,0.8167722816686871,0,5,3,aaa8f555240e,2
beta,state,post,coherence,minus_fp,Left RSC – Left OFC,0.0033261659949994126,0.00832750010835033,0.39941950786216474,6,0.7034135310748587,0.9103218895471683,0,7,5,aaa8f555240e,2
beta,state,post,coherence,minus_fp,Right ACC – Left ACC,0.09072321894624472,0.03245109776282014,2.795690290951824,7,0.026689066834668203,0.34811826306088955,0,8,8,aaa8f555240e,2
beta,state,post,coherence,minus_fp,Right ACC – Left DHC,0.014739555329642195,0.013057636177099418,1.1288073223768127,5,0.310209022042003,0.8167722816686871,0,6,4,aaa8f555240e,2
beta,state,post,coherence,minus_fp,Right ACC – Left OFC,0.033826791789653435,0.021609840522969225,1.5653420372861493,7,0.16148271850867532,0.6374317835868762,0,8,6,aaa8f555240e,2
beta,state,post,coherence,minus_fp,Right ACC – Left PER,0.06258029017976786,,,1,,,0,2,2,aaa8f555240e,2
beta,state,post,coherence,minus_fp,Right ACC – Left RSC,0.0033757059120447025,0.019205100499416136,0.17577132242277665,6,0.8662558141467627,0.9517011017580435,0,7,3,aaa8f555240e,2
beta,state,post,coherence,minus_fp,Right ACC – Right DHC,0.01562810066245666,0.015241062611677327,1.0253944269268205,4,0.3631364525437747,0.822303900543914,0,5,4,aaa8f555240e,2
beta,state,post,coherence,minus_fp,Right ACC – Right OFC,0.0184064399884957,0.006731482993651632,2.7343811171854044,7,0.02915367499209419,0.34984409990513027,0,8,6,aaa8f555240e,2
beta,state,post,coherence,minus_fp,Right ACC – Right PER,0.08980119849936338,,,1,,,0,2,1,aaa8f555240e,2
beta,state,post,coherence,minus_fp,Right ACC – Right RSC,0.05560077862791072,0.021182292846912962,2.624870642179503,5,0.04682188120479511,0.3991044296735886,0,6,6,aaa8f555240e,2
beta,state,post,coherence,minus_fp,Right DHC – Left ACC,0.02103945605797964,0.024735179935042793,0.8505883568759752,4,0.44291826078585883,0.8356948316714317,0,5,3,aaa8f555240e,2
beta,state,post,coherence,minus_fp,Right DHC – Left DHC,0.005294822581060928,0.02424046095068294,0.2184291211224576,4,0.8377863870818758,0.9375555993771191,0,5,3,aaa8f555240e,2
beta,state,post,coherence,minus_fp,Right DHC – Left OFC,0.00933111945550941,0.013990753916467641,0.6669490086968318,4,0.5413070357051335,0.8431836846372093,0,5,2,aaa8f555240e,2
beta,state,post,coherence,minus_fp,Right DHC – Left PER,-0.025990690476190466,,,,,,0,1,1,aaa8f555240e,2
beta,state,post,coherence,minus_fp,Right DHC – Left RSC,-0.005494841961478377,,,3,,,0,4,2,aaa8f555240e,2
beta,state,post,coherence,minus_fp,Right DHC – Right PER,0.036598706043956056,,,,,,0,1,1,aaa8f555240e,2
beta,state,post,coherence,minus_fp,Right DHC – Right RSC,0.046947698257739104,,,2,,,0,3,2,aaa8f555240e,2
beta,state,post,coherence,minus_fp,Right OFC – Left ACC,0.03756223492877971,0.026844389853414922,1.3992582857680915,7,0.2044538866410355,0.6958225799762563,0,8,6,aaa8f555240e,2
beta,state,post,coherence,minus_fp,Right OFC – Left DHC,-0.0030843231257734844,0.005639658803427327,-0.5468988875531057,5,0.6079606766877993,0.8754342384865711,0,6,4,aaa8f555240e,2
beta,state,post,coherence,minus_fp,Right OFC – Left OFC,0.02168776652293926,0.021791228525246117,0.995252126231112,7,0.3527647041165465,0.8203830328291778,0,8,7,aaa8f555240e,2
beta,state,post,coherence,minus_fp,Right OFC – Left PER,-0.017627464607368498,,,1,,,0,2,1,aaa8f555240e,2
beta,state,post,coherence,minus_fp,Right OFC – Left RSC,0.009996197246541449,0.008674263849603717,1.1523971854969715,6,0.29299536647096003,0.8064092655164038,0,7,5,aaa8f555240e,2
beta,state,post,coherence,minus_fp,Right OFC – Right DHC,0.005092437864659598,0.005411982935887693,0.9409560090980439,4,0.4000038980368135,0.8240014634754216,0,5,4,aaa8f555240e,2
beta,state,post,coherence,minus_fp,Right OFC – Right PER,0.03530647084181124,,,1,,,0,2,1,aaa8f555240e,2
beta,state,post,coherence,minus_fp,Right OFC – Right RSC,0.016227672606618965,0.011521269546975032,1.4084969143769077,5,0.21802440839256032,0.6958225799762563,0,6,6,aaa8f555240e,2
beta,state,post,coherence,minus_fp,Right PER – Left ACC,0.056141069345031235,,,1,,,0,2,2,aaa8f555240e,2
beta,state,post,coherence,minus_fp,Right PER – Left DHC,0.03103522664835165,,,,,,0,1,1,aaa8f555240e,2
beta,state,post,coherence,minus_fp,Right PER – Left OFC,0.0672799182404354,,,1,,,0,2,2,aaa8f555240e,2
beta,state,post,coherence,minus_fp,Right PER – Left RSC,-0.022957367691508412,,,1,,,0,2,1,aaa8f555240e,2
beta,state,post,coherence,minus_fp,Right RSC – Left ACC,0.034332354452836375,0.02374205086980318,1.4460568145990578,5,0.20779519584487838,0.6958225799762563,0,6,3,aaa8f555240e,2
beta,state,post,coherence,minus_fp,Right RSC – Left DHC,0.06837130182500771,,,3,,,0,4,4,aaa8f555240e,2
beta,state,post,coherence,minus_fp,Right RSC – Left OFC,0.007746237258601524,0.02355215538641691,0.32889717019568254,5,0.7555623849843536,0.9245746146825795,0,6,3,aaa8f555240e,2
beta,state,post,coherence,minus_fp,Right RSC – Left PER,0.001373105178426666,,,1,,,0,2,1,aaa8f555240e,2
beta,state,post,coherence,minus_fp,Right RSC – Left RSC,0.04812082697362719,0.06539259772702054,0.7358757511745619,5,0.4948567447380928,0.8387402453188013,0,6,4,aaa8f555240e,2
beta,state,post,coherence,minus_fp,Right RSC – Right PER,0.05603850123428056,,,1,,,0,2,2,aaa8f555240e,2
beta,state,post,raw_cc,minus_fp,Left DHC – Left ACC,0.07311295956493817,0.06737109818045102,1.0852273681083213,5,0.32735094719634117,0.8167722816686871,0,6,4,aaa8f555240e,2
beta,state,post,raw_cc,minus_fp,Left DHC – Left OFC,0.007902346663547355,0.06497725984820237,0.12161711161733421,5,0.9079388308452289,0.9517011017580435,0,6,2,aaa8f555240e,2
beta,state,post,raw_cc,minus_fp,Left OFC – Left ACC,0.008754401280112923,0.08177169757657671,0.10705906248203655,7,0.9177458781141561,0.9526773821254215,0,8,5,aaa8f555240e,2
beta,state,post,raw_cc,minus_fp,Left PER – Left ACC,0.145347245885727,,,1,,,0,2,1,aaa8f555240e,2
beta,state,post,raw_cc,minus_fp,Left PER – Left DHC,0.018848556583403203,,,1,,,0,2,2,aaa8f555240e,2
beta,state,post,raw_cc,minus_fp,Left PER – Left OFC,0.04525358718150541,,,1,,,0,2,1,aaa8f555240e,2
beta,state,post,raw_cc,minus_fp,Left PER – Left RSC,0.1444636998921543,,,1,,,0,2,2,aaa8f555240e,2
beta,state,post,raw_cc,minus_fp,Left RSC – Left ACC,0.1724422855529861,0.07679915546766064,2.245366951015494,6,0.06585929132773723,0.42951711735480796,0,7,6,aaa8f555240e,2
beta,state,post,raw_cc,minus_fp,Left RSC – Left DHC,0.2013384819788181,0.20863782863791758,0.9650142703902119,4,0.3891851432962875,0.822303900543914,0,5,3,aaa8f555240e,2
beta,state,post,raw_cc,minus_fp,Left RSC – Left OFC,0.018704381469773296,0.03620755985907195,0.5165877386538887,6,0.6239246522697265,0.8787671158728543,0,7,3,aaa8f555240e,2
beta,state,post,raw_cc,minus_fp,Right ACC – Left ACC,0.2035888611383972,0.07434753843805829,2.7383403057522164,7,0.02898753051568033,0.34984409990513027,0,8,7,aaa8f555240e,2
beta,state,post,raw_cc,minus_fp,Right ACC – Left DHC,0.1664752393081572,0.05169139780560082,3.220559829591596,5,0.023451012361541877,0.3337605357686777,0,6,5,aaa8f555240e,2
beta,state,post,raw_cc,minus_fp,Right ACC – Left OFC,0.09053412624657543,0.06610766550494562,1.369495134264005,7,0.21315933712206392,0.6958225799762563,0,8,5,aaa8f555240e,2
beta,state,post,raw_cc,minus_fp,Right ACC – Left PER,0.21061370487578882,,,1,,,0,2,2,aaa8f555240e,2
beta,state,post,raw_cc,minus_fp,Right ACC – Left RSC,0.05790319942564948,0.0721191260220623,0.8028827111401218,6,0.4526646134551913,0.8387402453188013,0,7,5,aaa8f555240e,2
beta,state,post,raw_cc,minus_fp,Right ACC – Right DHC,-0.048795567661766306,0.05877146774986421,-0.8302594699428626,4,0.45307193850235167,0.8387402453188013,0,5,4,aaa8f555240e,2
beta,state,post,raw_cc,minus_fp,Right ACC – Right OFC,0.04538194086455856,0.05404339830231802,0.8397314434353779,7,0.42880304392926966,0.8285393521609853,0,8,4,aaa8f555240e,2
beta,state,post,raw_cc,minus_fp,Right ACC – Right PER,0.13785543153905266,,,1,,,0,2,1,aaa8f555240e,2
beta,state,post,raw_cc,minus_fp,Right ACC – Right RSC,0.18019311344406763,0.05357978306535508,3.3630803100541344,5,0.020040410030974756,0.31753779825268763,0,6,5,aaa8f555240e,2
beta,state,post,raw_cc,minus_fp,Right DHC – Left ACC,0.15218862385129345,0.048998045367387486,3.1060141830185817,4,0.03601060890814924,0.3965159026850257,0,5,4,aaa8f555240e,2
beta,state,post,raw_cc,minus_fp,Right DHC – Left DHC,-0.07807056524166267,0.13568911190582908,-0.5753635213991612,4,0.5958627994902891,0.8719943407174963,0,5,4,aaa8f555240e,2
beta,state,post,raw_cc,minus_fp,Right DHC – Left OFC,0.045721651061323365,0.05991078371249364,0.7631622927975267,4,0.4878933581190956,0.8387402453188013,0,5,3,aaa8f555240e,2
beta,state,post,raw_cc,minus_fp,Right DHC – Left PER,0.08675069047619048,,,,,,0,1,1,aaa8f555240e,2
beta,state,post,raw_cc,minus_fp,Right DHC – Left RSC,-0.10604147885318886,,,3,,,0,4,3,aaa8f555240e,2
beta,state,post,raw_cc,minus_fp,Right DHC – Right PER,0.12174032692307692,,,,,,0,1,1,aaa8f555240e,2
beta,state,post,raw_cc,minus_fp,Right DHC – Right RSC,0.012188266840885352,,,2,,,0,3,2,aaa8f555240e,2
beta,state,post,raw_cc,minus_fp,Right OFC – Left ACC,0.07428321625635176,0.061313239913920944,1.2115363070136183,7,0.26499634517329906,0.7794010152155855,0,8,4,aaa8f555240e,2
beta,state,post,raw_cc,minus_fp,Right OFC – Left DHC,-0.03048413414587731,0.05187831024163405,-0.5876084630338015,5,0.5823286449748465,0.869147231305741,0,6,3,aaa8f555240e,2
beta,state,post,raw_cc,minus_fp,Right OFC – Left OFC,0.0592720794365146,0.05606388298000797,1.0572239432229595,7,0.32552374334737927,0.8167722816686871,0,8,4,aaa8f555240e,2
beta,state,post,raw_cc,minus_fp,Right OFC – Left PER,-0.045706450183752016,,,1,,,0,2,2,aaa8f555240e,2
beta,state,post,raw_cc,minus_fp,Right OFC – Left RSC,0.04061336221221417,0.0350105062360405,1.160033560737433,6,0.29010427052342497,0.8064092655164038,0,7,6,aaa8f555240e,2
beta,state,post,raw_cc,minus_fp,Right OFC – Right DHC,0.02899634714345407,0.04334551402582954,0.6689584330728015,4,0.5401500722668499,0.8431836846372093,0,5,2,aaa8f555240e,2
beta,state,post,raw_cc,minus_fp,Right OFC – Right PER,0.10924502756306284,,,1,,,0,2,2,aaa8f555240e,2
beta,state,post,raw_cc,minus_fp,Right OFC – Right RSC,0.08256607643030857,0.044193237233198,1.8682966354020534,5,0.12067732798072282,0.6033866399036142,0,6,5,aaa8f555240e,2
beta,state,post,raw_cc,minus_fp,Right PER – Left ACC,0.07878462158593134,,,1,,,0,2,2,aaa8f555240e,2
beta,state,post,raw_cc,minus_fp,Right PER – Left DHC,-0.19328423076923076,,,,,,0,1,1,aaa8f555240e,2
beta,state,post,raw_cc,minus_fp,Right PER – Left OFC,0.30718298253559706,,,1,,,0,2,2,aaa8f555240e,2
beta,state,post,raw_cc,minus_fp,Right PER – Left RSC,-0.09692935083382122,,,1,,,0,2,1,aaa8f555240e,2
beta,state,post,raw_cc,minus_fp,Right RSC – Left ACC,0.05798893723689421,0.039589061120204716,1.4647717221891607,5,0.20287080231330548,0.6958225799762563,0,6,5,aaa8f555240e,2
beta,state,post,raw_cc,minus_fp,Right RSC – Left DHC,0.17019051813906483,,,3,,,0,4,3,aaa8f555240e,2
beta,state,post,raw_cc,minus_fp,Right RSC – Left OFC,0.028603149867852957,0.038733454341851575,0.7384611146583742,5,0.49341641233833594,0.8387402453188013,0,6,5,aaa8f555240e,2
beta,state,post,raw_cc,minus_fp,Right RSC – Left PER,0.07547254990319072,,,1,,,0,2,2,aaa8f555240e,2
beta,state,post,raw_cc,minus_fp,Right RSC – Left RSC,0.17351361353487157,0.11734059147329676,1.4787177340448137,5,0.19927420557284556,0.6958225799762563,0,6,4,aaa8f555240e,2
beta,state,post,raw_cc,minus_fp,Right RSC – Right PER,0.026538592902563496,,,1,,,0,2,1,aaa8f555240e,2
beta,state,post,amp_cc,minus_fp,Left DHC – Left ACC,0.03660298680474172,0.031008183454348692,1.1804298971150597,5,0.29092104624705073,0.8064092655164038,0,6,5,aaa8f555240e,2
beta,state,post,amp_cc,minus_fp,Left DHC – Left OFC,-0.027275470603240353,0.017822906540793937,-1.530360412360965,5,0.18648393911381525,0.6822583138310314,0,6,4,aaa8f555240e,2
beta,state,post,amp_cc,minus_fp,Left OFC – Left ACC,0.026964604967545276,0.05710646228509665,0.4721813239441792,7,0.6511629890205362,0.8858637455177021,0,8,5,aaa8f555240e,2
beta,state,post,amp_cc,minus_fp,Left PER – Left ACC,0.018125637687946273,,,1,,,0,2,2,aaa8f555240e,2
beta,state,post,amp_cc,minus_fp,Left PER – Left DHC,0.01221632714655142,,,1,,,0,2,1,aaa8f555240e,2
beta,state,post,amp_cc,minus_fp,Left PER – Left OFC,-0.03509924861682864,,,1,,,0,2,1,aaa8f555240e,2
beta,state,post,amp_cc,minus_fp,Left PER – Left RSC,0.046661285413135016,,,1,,,0,2,1,aaa8f555240e,2
beta,state,post,amp_cc,minus_fp,Left RSC – Left ACC,0.07827619981334634,0.05235142514281904,1.4952066653353249,6,0.18548807371163709,0.6822583138310314,0,7,5,aaa8f555240e,2
beta,state,post,amp_cc,minus_fp,Left RSC – Left DHC,0.05053245072402032,0.13557307068887647,0.37273221346432495,4,0.7282575116377347,0.9103218895471683,0,5,2,aaa8f555240e,2
beta,state,post,amp_cc,minus_fp,Left RSC – Left OFC,0.0193768171195081,0.03730744799726863,0.5193820043902956,6,0.6220893973165886,0.8787671158728543,0,7,2,aaa8f555240e,2
beta,state,post,amp_cc,minus_fp,Right ACC – Left ACC,0.17250834972173443,0.0399637726356734,4.316618235580341,7,0.003494636785831812,0.2620977589373859,2,8,7,aaa8f555240e,2
beta,state,post,amp_cc,minus_fp,Right ACC – Left DHC,0.06493704078930335,0.02929455831440128,2.216692946600261,5,0.0774496477152061,0.46933789072174903,0,6,4,aaa8f555240e,2
beta,state,post,amp_cc,minus_fp,Right ACC – Left OFC,0.10801001405358525,0.01674466236054381,6.450414569606015,7,0.00035013047335634895,0.10503914200690469,2,8,8,aaa8f555240e,2
beta,state,post,amp_cc,minus_fp,Right ACC – Left PER,0.08859914486370185,,,1,,,0,2,2,aaa8f555240e,2
beta,state,post,amp_cc,minus_fp,Right ACC – Left RSC,-0.02316672717544161,0.045623568845028,-0.507779811222863,6,0.6297289731234142,0.8804968304596023,0,7,5,aaa8f555240e,2
beta,state,post,amp_cc,minus_fp,Right ACC – Right DHC,0.0018777841665970193,0.05171354934607388,0.03631126059498721,4,0.9727740326959576,0.9826000330262199,0,5,2,aaa8f555240e,2
beta,state,post,amp_cc,minus_fp,Right ACC – Right OFC,0.05458382389014536,0.02395122917840695,2.2789571041871617,7,0.056723411908633746,0.42322114272054345,0,8,6,aaa8f555240e,2
beta,state,post,amp_cc,minus_fp,Right ACC – Right PER,0.043943781934287565,,,1,,,0,2,1,aaa8f555240e,2
beta,state,post,amp_cc,minus_fp,Right ACC – Right RSC,0.1379653353736551,0.02607220909837318,5.291662660923645,5,0.003213980813968044,0.2620977589373859,2,6,6,aaa8f555240e,2
beta,state,post,amp_cc,minus_fp,Right DHC – Left ACC,-0.007783068363066625,0.05282708197117912,-0.14733102932531528,4,0.8899985895922647,0.9517011017580435,0,5,3,aaa8f555240e,2
beta,state,post,amp_cc,minus_fp,Right DHC – Left DHC,-0.027524132804761813,0.0363717321378539,-0.7567451750838134,4,0.4913287258417714,0.8387402453188013,0,5,4,aaa8f555240e,2
beta,state,post,amp_cc,minus_fp,Right DHC – Left OFC,0.03846018255975125,0.021332974139332276,1.802851412492035,4,0.1457540355824549,0.63646151895081,0,5,4,aaa8f555240e,2
beta,state,post,amp_cc,minus_fp,Right DHC – Left PER,-0.1516100238095238,,,,,,0,1,1,aaa8f555240e,2
beta,state,post,amp_cc,minus_fp,Right DHC – Left RSC,-0.029565458025377696,,,3,,,0,4,2,aaa8f555240e,2
beta,state,post,amp_cc,minus_fp,Right DHC – Right PER,0.026534057692307707,,,,,,0,1,1,aaa8f555240e,2
beta,state,post,amp_cc,minus_fp,Right DHC – Right RSC,0.022204917993633586,,,2,,,0,3,2,aaa8f555240e,2
beta,state,post,amp_cc,minus_fp,Right OFC – Left ACC,0.08194734667342427,0.04363339059449409,1.8780879862167954,7,0.10245330037516638,0.5488569662955342,0,8,5,aaa8f555240e,2
beta,state,post,amp_cc,minus_fp,Right OFC – Left DHC,0.039859402891131074,0.03783727198024509,1.0534428304435304,5,0.34036029926315214,0.8167722816686871,0,6,4,aaa8f555240e,2
beta,state,post,amp_cc,minus_fp,Right OFC – Left OFC,0.032019740091600024,0.034704611904421236,0.9226364547681581,7,0.3868927787360992,0.822303900543914,0,8,5,aaa8f555240e,2
beta,state,post,amp_cc,minus_fp,Right OFC – Left PER,0.08140407721295645,,,1,,,0,2,1,aaa8f555240e,2
beta,state,post,amp_cc,minus_fp,Right OFC – Left RSC,0.0397733373372031,0.03775520210396697,1.053453169914937,6,0.33269641231927227,0.8167722816686871,0,7,4,aaa8f555240e,2
beta,state,post,amp_cc,minus_fp,Right OFC – Right DHC,0.014193923209006623,0.01881496417479157,0.7543954416891077,4,0.4925912181060763,0.8387402453188013,0,5,3,aaa8f555240e,2
beta,state,post,amp_cc,minus_fp,Right OFC – Right PER,0.044958357713040305,,,1,,,0,2,2,aaa8f555240e,2
beta,state,post,amp_cc,minus_fp,Right OFC – Right RSC,0.02437380421956602,0.05393560113388393,0.45190567467790177,5,0.6702654163659213,0.8936872218212284,0,6,3,aaa8f555240e,2
beta,state,post,amp_cc,minus_fp,Right PER – Left ACC,0.05433568384787371,,,1,,,0,2,2,aaa8f555240e,2
beta,state,post,amp_cc,minus_fp,Right PER – Left DHC,0.09477768406593406,,,,,,0,1,1,aaa8f555240e,2
beta,state,post,amp_cc,minus_fp,Right PER – Left OFC,0.0754097414749274,,,1,,,0,2,2,aaa8f555240e,2
beta,state,post,amp_cc,minus_fp,Right PER – Left RSC,0.018852731667199998,,,1,,,0,2,1,aaa8f555240e,2
beta,state,post,amp_cc,minus_fp,Right RSC – Left ACC,0.04235485748915569,0.04461803163746047,0.949276692286787,5,0.3860714075976655,0.822303900543914,0,6,4,aaa8f555240e,2
beta,state,post,amp_cc,minus_fp,Right RSC – Left DHC,0.031980031605776484,,,3,,,0,4,2,aaa8f555240e,2
beta,state,post,amp_cc,minus_fp,Right RSC – Left OFC,0.03135180988846755,0.05330711678937636,0.5881355394316823,5,0.5820011839290749,0.869147231305741,0,6,2,aaa8f555240e,2
beta,state,post,amp_cc,minus_fp,Right RSC – Left PER,-0.06834218696093093,,,1,,,0,2,1,aaa8f555240e,2
beta,state,post,amp_cc,minus_fp,Right RSC – Left RSC,0.0853967551780549,0.11271865893102671,0.7576097514636838,5,0.48284118361928996,0.8387402453188013,0,6,3,aaa8f555240e,2
beta,state,post,amp_cc,minus_fp,Right RSC – Right PER,0.07864857852610607,,,1,,,0,2,1,aaa8f555240e,2
beta,transition,onset,coherence,raw,Left DHC – Left ACC,0.03133273349332893,0.05126707104077129,0.6111668339392915,5,0.5678042491398094,0.8882139205670561,0,6,4,72c1a2a23cb8,2
beta,transition,onset,coherence,raw,Left DHC – Left OFC,0.04792236822719837,0.042176464473883686,1.1362348367742545,5,0.3073665322511528,0.8551365777203543,0,6,4,72c1a2a23cb8,2
beta,transition,onset,coherence,raw,Left OFC – Left ACC,0.020450854588353815,0.05384127969449461,0.3798359679486771,7,0.7153287308196329,0.9213998541188838,0,8,3,72c1a2a23cb8,2
beta,transition,onset,coherence,raw,Left PER – Left ACC,0.05075328230589605,,,1,,,0,2,2,72c1a2a23cb8,2
beta,transition,onset,coherence,raw,Left PER – Left DHC,-0.0049995020888206594,,,1,,,0,2,1,72c1a2a23cb8,2
beta,transition,onset,coherence,raw,Left PER – Left OFC,-0.0067835705437381206,,,1,,,0,2,1,72c1a2a23cb8,2
beta,transition,onset,coherence,raw,Left PER – Left RSC,0.00535560701168658,,,1,,,0,2,2,72c1a2a23cb8,2
beta,transition,onset,coherence,raw,Left RSC – Left ACC,-0.010498771136535094,0.01969448815680091,-0.5330816953935233,6,0.6131347096281503,0.8951913377263707,0,7,4,72c1a2a23cb8,2
beta,transition,onset,coherence,raw,Left RSC – Left DHC,-0.00241418089838406,0.05573579436844575,-0.04331473025081389,4,0.9675266438142802,0.9938899676101257,0,5,3,72c1a2a23cb8,2
beta,transition,onset,coherence,raw,Left RSC – Left OFC,-0.006831659112676517,0.0114669669756978,-0.5957686219167636,6,0.5731013739632186,0.8882139205670561,0,7,4,72c1a2a23cb8,2
beta,transition,onset,coherence,raw,Right ACC – Left ACC,0.17512404403429993,0.06976284447783614,2.51027671456168,7,0.04038057316524769,0.49177323596875056,0,8,8,72c1a2a23cb8,2
beta,transition,onset,coherence,raw,Right ACC – Left DHC,0.03381105225236548,0.044504813586415386,0.7597167480931981,5,0.48168754472103276,0.867037580497859,0,6,3,72c1a2a23cb8,2
beta,transition,onset,coherence,raw,Right ACC – Left OFC,0.0450747750036518,0.032655189332541336,1.3803250241374097,7,0.20995440689034336,0.7740967281596525,0,8,5,72c1a2a23cb8,2
beta,transition,onset,coherence,raw,Right ACC – Left PER,0.14165521505029716,,,1,,,0,2,2,72c1a2a23cb8,2
beta,transition,onset,coherence,raw,Right ACC – Left RSC,-0.014989370591049978,0.01132800884395145,-1.3232131787267716,6,0.23395197126842815,0.7740967281596525,0,7,5,72c1a2a23cb8,2
beta,transition,onset,coherence,raw,Right ACC – Right DHC,0.04014659724892868,0.057281544058235684,0.7008644391309243,4,0.5220146720639749,0.8765171732417489,0,5,2,72c1a2a23cb8,2
beta,transition,onset,coherence,raw,Right ACC – Right OFC,0.001559018422095454,0.024452265136978,0.0637576279073559,7,0.9509456953588719,0.9938899676101257,0,8,3,72c1a2a23cb8,2
beta,transition,onset,coherence,raw,Right ACC – Right PER,0.1730757104786311,,,1,,,0,2,2,72c1a2a23cb8,2
beta,transition,onset,coherence,raw,Right ACC – Right RSC,0.04907917277539036,0.03181374454128729,1.5427034284410097,5,0.1835469620441872,0.7245274817533706,0,6,4,72c1a2a23cb8,2
beta,transition,onset,coherence,raw,Right DHC – Left ACC,0.038257508372817224,0.07060399264639235,0.5418604095723483,4,0.6166873659892775,0.8951913377263707,0,5,2,72c1a2a23cb8,2
beta,transition,onset,coherence,raw,Right DHC – Left DHC,0.00804422063831864,0.07789555705806074,0.10326931268137345,4,0.9227196165110192,0.9938899676101257,0,5,2,72c1a2a23cb8,2
beta,transition,onset,coherence,raw,Right DHC – Left OFC,0.061206152907781836,0.06033919943571819,1.014367997589813,4,0.36777665362127926,0.8607958834187179,0,5,3,72c1a2a23cb8,2
beta,transition,onset,coherence,raw,Right DHC – Left PER,-0.017637616666666633,,,,,,0,1,1,72c1a2a23cb8,2
beta,transition,onset,coherence,raw,Right DHC – Left RSC,-0.02195164376763867,,,3,,,0,4,3,72c1a2a23cb8,2
beta,transition,onset,coherence,raw,Right DHC – Right PER,-0.043590676190476185,,,,,,0,1,1,72c1a2a23cb8,2
beta,transition,onset,coherence,raw,Right DHC – Right RSC,-0.061698470337313446,,,2,,,0,3,3,72c1a2a23cb8,2
beta,transition,onset,coherence,raw,Right OFC – Left ACC,-0.028781106122343993,0.038203636452382804,-0.7533603812353544,7,0.47580311357318067,0.867037580497859,0,8,7,72c1a2a23cb8,2
beta,transition,onset,coherence,raw,Right OFC – Left DHC,0.04501724886585514,0.045657889078177784,0.9859686852533698,5,0.3694255766402819,0.8607958834187179,0,6,3,72c1a2a23cb8,2
beta,transition,onset,coherence,raw,Right OFC – Left OFC,-0.015062991934382139,0.0353665078320756,-0.42591120406637323,7,0.682962221287397,0.9083323440125886,0,8,6,72c1a2a23cb8,2
beta,transition,onset,coherence,raw,Right OFC – Left PER,0.0030035640531949656,,,1,,,0,2,1,72c1a2a23cb8,2
beta,transition,onset,coherence,raw,Right OFC – Left RSC,-0.00804796268593735,0.009084697133194552,-0.8858812316957624,6,0.4097786016815327,0.8607958834187179,0,7,5,72c1a2a23cb8,2
beta,transition,onset,coherence,raw,Right OFC – Right DHC,0.04413582864482861,0.059789026239290506,0.7381927992636321,4,0.5013634379464539,0.8698791511539958,0,5,1,72c1a2a23cb8,2
beta,transition,onset,coherence,raw,Right OFC – Right PER,-0.06152046153686178,,,1,,,0,2,2,72c1a2a23cb8,2
beta,transition,onset,coherence,raw,Right OFC – Right RSC,-0.04104784381537218,0.014999831071637215,-2.736553739794341,5,0.040959587809866915,0.49177323596875056,0,6,5,72c1a2a23cb8,2
beta,transition,onset,coherence,raw,Right PER – Left ACC,-0.02148446495978065,,,1,,,0,2,2,72c1a2a23cb8,2
beta,transition,onset,coherence,raw,Right PER – Left DHC,0.0027219833333333165,,,,,,0,1,1,72c1a2a23cb8,2
beta,transition,onset,coherence,raw,Right PER – Left OFC,-0.04141433079467304,,,1,,,0,2,2,72c1a2a23cb8,2
beta,transition,onset,coherence,raw,Right PER – Left RSC,-0.02471022699165839,,,1,,,0,2,1,72c1a2a23cb8,2
beta,transition,onset,coherence,raw,Right RSC – Left ACC,-0.023706451131172573,0.01948904554024632,-1.2163987755181236,5,0.2781175102943422,0.8126810365743764,0,6,3,72c1a2a23cb8,2
beta,transition,onset,coherence,raw,Right RSC – Left DHC,-0.03348268581225326,,,3,,,0,4,4,72c1a2a23cb8,2
beta,transition,onset,coherence,raw,Right RSC – Left OFC,-0.02227336996335361,0.015020834000405449,-1.4828317763682362,5,0.19822498147133988,0.7689762212250254,0,6,5,72c1a2a23cb8,2
beta,transition,onset,coherence,raw,Right RSC – Left PER,-0.004120592619115717,,,1,,,0,2,1,72c1a2a23cb8,2
beta,transition,onset,coherence,raw,Right RSC – Left RSC,-0.030125196822475584,0.033987444634264355,-0.8863625125881027,5,0.41601207085754666,0.8607958834187179,0,6,5,72c1a2a23cb8,2
beta,transition,onset,coherence,raw,Right RSC – Right PER,-0.0470624490891827,,,1,,,0,2,2,72c1a2a23cb8,2
beta,transition,onset,raw_cc,raw,Left DHC – Left ACC,0.060116199764936436,0.09770997801651268,0.6152513897278432,5,0.5653094556020308,0.8882139205670561,0,6,4,72c1a2a23cb8,2
beta,transition,onset,raw_cc,raw,Left DHC – Left OFC,0.08883119249365401,0.10064750516515653,0.8825970633637401,5,0.4178604361722511,0.8607958834187179,0,6,4,72c1a2a23cb8,2
beta,transition,onset,raw_cc,raw,Left OFC – Left ACC,-0.04205254733852655,0.08852147875493388,-0.4750547316877339,7,0.6492127676092456,0.9072849236775171,0,8,6,72c1a2a23cb8,2
beta,transition,onset,raw_cc,raw,Left PER – Left ACC,0.20798164160967178,,,1,,,0,2,2,72c1a2a23cb8,2
beta,transition,onset,raw_cc,raw,Left PER – Left DHC,-0.015459188297371619,,,1,,,0,2,1,72c1a2a23cb8,2
beta,transition,onset,raw_cc,raw,Left PER – Left OFC,-0.05973503511134457,,,1,,,0,2,1,72c1a2a23cb8,2
beta,transition,onset,raw_cc,raw,Left PER – Left RSC,-0.09987836927221984,,,1,,,0,2,2,72c1a2a23cb8,2
beta,transition,onset,raw_cc,raw,Left RSC – Left ACC,-0.013342578460754873,0.05897711531303987,-0.22623314805980044,6,0.8285301080312822,0.9462907325230381,0,7,4,72c1a2a23cb8,2
beta,transition,onset,raw_cc,raw,Left RSC – Left DHC,-0.06291181488861369,0.13014430453085693,-0.4834004462615376,4,0.6540806586349249,0.9083323440125886,0,5,4,72c1a2a23cb8,2
beta,transition,onset,raw_cc,raw,Left RSC – Left OFC,-0.06900208433908255,0.03948527177857947,-1.7475398099327704,6,0.13113600979390028,0.6485818576001103,0,7,5,72c1a2a23cb8,2
beta,transition,onset,raw_cc,raw,Right ACC – Left ACC,0.3355245256348209,0.10920570485048328,3.0724084066322113,7,0.018006440548347408,0.4586525428550682,0,8,8,72c1a2a23cb8,2
beta,transition,onset,raw_cc,raw,Right ACC – Left DHC,0.06098653485575513,0.03511166383530613,1.7369309281900454,5,0.14290911659985758,0.6485818576001103,0,6,4,72c1a2a23cb8,2
beta,transition,onset,raw_cc,raw,Right ACC – Left OFC,0.09805635026377697,0.04490715649817131,2.1835350512065927,7,0.06529902901548698,0.5650877510955604,0,8,6,72c1a2a23cb8,2
beta,transition,onset,raw_cc,raw,Right ACC – Left PER,0.32773431227212274,,,1,,,0,2,2,72c1a2a23cb8,2
beta,transition,onset,raw_cc,raw,Right ACC – Left RSC,-0.0015662425478941667,0.04664997968181566,-0.03357434576771518,6,0.9743056267566369,0.9938899676101257,0,7,5,72c1a2a23cb8,2
beta,transition,onset,raw_cc,raw,Right ACC – Right DHC,0.04364234549811682,0.0774275369630145,0.5636540591361422,4,0.6030896185672715,0.8927313432739217,0,5,2,72c1a2a23cb8,2
beta,transition,onset,raw_cc,raw,Right ACC – Right OFC,0.015620874590147547,0.05876080226824197,0.2658383477958409,7,0.7980232221881841,0.9324897488010881,0,8,4,72c1a2a23cb8,2
beta,transition,onset,raw_cc,raw,Right ACC – Right PER,0.4796453818830282,,,1,,,0,2,2,72c1a2a23cb8,2
beta,transition,onset,raw_cc,raw,Right ACC – Right RSC,0.114957769533704,0.08787411175289146,1.3082097473368925,5,0.2477109530110888,0.7740967281596525,0,6,3,72c1a2a23cb8,2
beta,transition,onset,raw_cc,raw,Right DHC – Left ACC,-0.003998521123411644,0.09944364125521435,-0.0402089170603654,4,0.9698534654033477,0.9938899676101257,0,5,4,72c1a2a23cb8,2
beta,transition,onset,raw_cc,raw,Right DHC – Left DHC,-0.005635199759143743,0.18912103223682036,-0.029796790407146553,4,0.9776565398318318,0.9938899676101257,0,5,3,72c1a2a23cb8,2
beta,transition,onset,raw_cc,raw,Right DHC – Left OFC,0.03241966488020103,0.0889063229190929,0.3646497101190855,4,0.7338335055482822,0.9267781914312468,0,5,3,72c1a2a23cb8,2
beta,transition,onset,raw_cc,raw,Right DHC – Left PER,-0.04447181666666667,,,,,,0,1,1,72c1a2a23cb8,2
beta,transition,onset,raw_cc,raw,Right DHC – Left RSC,-0.015905137079724862,,,3,,,0,4,2,72c1a2a23cb8,2
beta,transition,onset,raw_cc,raw,Right DHC – Right PER,0.14909204285714286,,,,,,0,1,1,72c1a2a23cb8,2
beta,transition,onset,raw_cc,raw,Right DHC – Right RSC,-0.05451504960816088,,,2,,,0,3,2,72c1a2a23cb8,2
beta,transition,onset,raw_cc,raw,Right OFC – Left ACC,-0.1348873749879266,0.08408658620953274,-1.6041485457835685,7,0.1527160537157571,0.6485818576001103,0,8,6,72c1a2a23cb8,2
beta,transition,onset,raw_cc,raw,Right OFC – Left DHC,-0.009529067673435566,0.06780792346254572,-0.14053029774166478,5,0.8937269386473541,0.9882599352177095,0,6,3,72c1a2a23cb8,2
beta,transition,onset,raw_cc,raw,Right OFC – Left OFC,-0.11278072377508223,0.06100799541771128,-1.848622020816976,7,0.10698319326501134,0.6485818576001103,0,8,7,72c1a2a23cb8,2
beta,transition,onset,raw_cc,raw,Right OFC – Left PER,-0.10122009665726335,,,1,,,0,2,2,72c1a2a23cb8,2
beta,transition,onset,raw_cc,raw,Right OFC – Left RSC,-0.07241624814233026,0.04239038269681011,-1.7083178668207593,6,0.1384404871624247,0.6485818576001103,0,7,5,72c1a2a23cb8,2
beta,transition,onset,raw_cc,raw,Right OFC – Right DHC,0.020076024961281438,0.08051616189579487,0.24934155439828473,4,0.8153771187169694,0.9375541468803252,0,5,2,72c1a2a23cb8,2
beta,transition,onset,raw_cc,raw,Right OFC – Right PER,-0.3005374476636087,,,1,,,0,2,2,72c1a2a23cb8,2
beta,transition,onset,raw_cc,raw,Right OFC – Right RSC,-0.05491517035697778,0.05409684262011229,-1.0151270887029782,5,0.35662141897314376,0.8607958834187179,0,6,4,72c1a2a23cb8,2
beta,transition,onset,raw_cc,raw,Right PER – Left ACC,-0.049873180435537734,,,1,,,0,2,1,72c1a2a23cb8,2
beta,transition,onset,raw_cc,raw,Right PER – Left DHC,0.0678343,,,,,,0,1,1,72c1a2a23cb8,2
beta,transition,onset,raw_cc,raw,Right PER – Left OFC,-0.22389396509363124,,,1,,,0,2,2,72c1a2a23cb8,2
beta,transition,onset,raw_cc,raw,Right PER – Left RSC,-0.028514687716728142,,,1,,,0,2,1,72c1a2a23cb8,2
beta,transition,onset,raw_cc,raw,Right RSC – Left ACC,-0.054376508695642846,0.05893779094523755,-0.922608530512573,5,0.39854600822277664,0.8607958834187179,0,6,4,72c1a2a23cb8,2
beta,transition,onset,raw_cc,raw,Right RSC – Left DHC,-0.041248586246132285,,,3,,,0,4,3,72c1a2a23cb8,2
beta,transition,onset,raw_cc,raw,Right RSC – Left OFC,-0.09109400472685261,0.05092223066588274,-1.788884806020182,5,0.13365680299142751,0.6485818576001103,0,6,4,72c1a2a23cb8,2
beta,transition,onset,raw_cc,raw,Right RSC – Left PER,0.038154891895059974,,,1,,,0,2,1,72c1a2a23cb8,2
beta,transition,onset,raw_cc,raw,Right RSC – Left RSC,-0.07913459772800735,0.08210332931570379,-0.9638415200401793,5,0.37939235713999225,0.8607958834187179,0,6,4,72c1a2a23cb8,2
beta,transition,onset,raw_cc,raw,Right RSC – Right PER,-0.18716740032710788,,,1,,,0,2,2,72c1a2a23cb8,2
beta,transition,onset,amp_cc,raw,Left DHC – Left ACC,-0.02650362991238672,0.10849228940225704,-0.24429044735261476,5,0.81671383461575,0.9375541468803252,0,6,3,72c1a2a23cb8,2
beta,transition,onset,amp_cc,raw,Left DHC – Left OFC,-0.041727455923785024,0.07322855316174191,-0.5698249401653539,5,0.5934435672589845,0.8882139205670561,0,6,5,72c1a2a23cb8,2
beta,transition,onset,amp_cc,raw,Left OFC – Left ACC,-0.006346421303434182,0.06657901912629346,-0.0953216401610796,7,0.9267307471224224,0.9938899676101257,0,8,4,72c1a2a23cb8,2
beta,transition,onset,amp_cc,raw,Left PER – Left ACC,0.04750970862425848,,,1,,,0,2,2,72c1a2a23cb8,2
beta,transition,onset,amp_cc,raw,Left PER – Left DHC,0.00813006719701915,,,1,,,0,2,1,72c1a2a23cb8,2
beta,transition,onset,amp_cc,raw,Left PER – Left OFC,-0.02206249114058756,,,1,,,0,2,1,72c1a2a23cb8,2
beta,transition,onset,amp_cc,raw,Left PER – Left RSC,-0.024635139161117602,,,1,,,0,2,1,72c1a2a23cb8,2
beta,transition,onset,amp_cc,raw,Left RSC – Left ACC,-0.04557356662749747,0.06676936644890642,-0.6825520302393687,6,0.5203571698317886,0.8765171732417489,0,7,4,72c1a2a23cb8,2
beta,transition,onset,amp_cc,raw,Left RSC – Left DHC,-0.15750777865250853,0.08745682801892157,-1.800977490498869,4,0.1460721496084165,0.6485818576001103,0,5,4,72c1a2a23cb8,2
beta,transition,onset,amp_cc,raw,Left RSC – Left OFC,-0.05657657178074198,0.03324602255333973,-1.7017545990643197,6,0.1397008363840383,0.6485818576001103,0,7,4,72c1a2a23cb8,2
beta,transition,onset,amp_cc,raw,Right ACC – Left ACC,0.30775878725164846,0.07534069227162672,4.084894603066321,7,0.004660840578860093,0.34956304341450695,2,8,8,72c1a2a23cb8,2
beta,transition,onset,amp_cc,raw,Right ACC – Left DHC,0.06971816833544411,0.09134102847863577,0.7632733011294137,5,0.4797447371805054,0.867037580497859,0,6,3,72c1a2a23cb8,2
beta,transition,onset,amp_cc,raw,Right ACC – Left OFC,0.13977174928397912,0.03343014830431501,4.181008950712253,7,0.0041320535549031,0.34956304341450695,2,8,7,72c1a2a23cb8,2
beta,transition,onset,amp_cc,raw,Right ACC – Left PER,0.36019091974888573,,,1,,,0,2,2,72c1a2a23cb8,2
beta,transition,onset,amp_cc,raw,Right ACC – Left RSC,0.015268408537555357,0.057613852858061906,0.26501280126449395,6,0.7998689845271556,0.9324897488010881,0,7,3,72c1a2a23cb8,2
beta,transition,onset,amp_cc,raw,Right ACC – Right DHC,0.0614838531067697,0.07223173217637441,0.8512028059446133,4,0.44261423035341735,0.8607958834187179,0,5,2,72c1a2a23cb8,2
beta,transition,onset,amp_cc,raw,Right ACC – Right OFC,0.05175114576782151,0.0387530398741048,1.3354086785434913,7,0.2235299545139734,0.7740967281596525,0,8,6,72c1a2a23cb8,2
beta,transition,onset,amp_cc,raw,Right ACC – Right PER,0.26531992311782837,,,1,,,0,2,2,72c1a2a23cb8,2
beta,transition,onset,amp_cc,raw,Right ACC – Right RSC,0.12454229705809088,0.06428031837713327,1.9374872465223332,5,0.11042575018343907,0.6485818576001103,0,6,5,72c1a2a23cb8,2
beta,transition,onset,amp_cc,raw,Right DHC – Left ACC,-0.02948625594767433,0.10181968576476731,-0.2895928790803386,4,0.7865183915194025,0.9324897488010881,0,5,4,72c1a2a23cb8,2
beta,transition,onset,amp_cc,raw,Right DHC – Left DHC,-0.07346533370621793,0.13986418459567718,-0.5252619454980081,4,0.6271701863514267,0.8956873442774917,0,5,3,72c1a2a23cb8,2
beta,transition,onset,amp_cc,raw,Right DHC – Left OFC,-0.01863931189374109,0.10406514789296874,-0.1791119531479614,4,0.866556367900478,0.9768472361915211,0,5,4,72c1a2a23cb8,2
beta,transition,onset,amp_cc,raw,Right DHC – Left PER,-0.029181433333333326,,,,,,0,1,1,72c1a2a23cb8,2
beta,transition,onset,amp_cc,raw,Right DHC – Left RSC,-0.2111878573884504,,,3,,,0,4,3,72c1a2a23cb8,2
beta,transition,onset,amp_cc,raw,Right DHC – Right PER,-0.07430222857142857,,,,,,0,1,1,72c1a2a23cb8,2
beta,transition,onset,amp_cc,raw,Right DHC – Right RSC,-0.14948091613602674,,,2,,,0,3,2,72c1a2a23cb8,2
beta,transition,onset,amp_cc,raw,Right OFC – Left ACC,-0.07904514114458827,0.062279288910949034,-1.269204297717852,7,0.2449367037551607,0.7740967281596525,0,8,6,72c1a2a23cb8,2
beta,transition,onset,amp_cc,raw,Right OFC – Left DHC,0.0029369481559941226,0.09946494016710206,0.02952747119799219,5,0.9775862570440879,0.9938899676101257,0,6,2,72c1a2a23cb8,2
beta,transition,onset,amp_cc,raw,Right OFC – Left OFC,-0.07270052857635984,0.055112348385170644,-1.3191332016605144,7,0.22863580569180272,0.7740967281596525,0,8,6,72c1a2a23cb8,2
beta,transition,onset,amp_cc,raw,Right OFC – Left PER,-0.07251418559945665,,,1,,,0,2,2,72c1a2a23cb8,2
beta,transition,onset,amp_cc,raw,Right OFC – Left RSC,-0.047055426007058324,0.019625845219925147,-2.3976254515288487,6,0.053467599169100384,0.5650877510955604,0,7,6,72c1a2a23cb8,2
beta,transition,onset,amp_cc,raw,Right OFC – Right DHC,0.07300510098960457,0.06517214924529083,1.1201886363273454,4,0.3253463527524045,0.8607958834187179,0,5,3,72c1a2a23cb8,2
beta,transition,onset,amp_cc,raw,Right OFC – Right PER,-0.15140756864717803,,,1,,,0,2,2,72c1a2a23cb8,2
beta,transition,onset,amp_cc,raw,Right OFC – Right RSC,-0.026440090610213192,0.04432901526844991,-0.5964511155976722,5,0.5768500052188991,0.8882139205670561,0,6,4,72c1a2a23cb8,2
beta,transition,onset,amp_cc,raw,Right PER – Left ACC,-0.03527022352462413,,,1,,,0,2,2,72c1a2a23cb8,2
beta,transition,onset,amp_cc,raw,Right PER – Left DHC,-0.09446041666666667,,,,,,0,1,1,72c1a2a23cb8,2
beta,transition,onset,amp_cc,raw,Right PER – Left OFC,-0.05851939447554368,,,1,,,0,2,1,72c1a2a23cb8,2
beta,transition,onset,amp_cc,raw,Right PER – Left RSC,-0.04095744479349732,,,1,,,0,2,1,72c1a2a23cb8,2
beta,transition,onset,amp_cc,raw,Right RSC – Left ACC,-0.06173074148753653,0.035550193028898835,-1.7364389959108089,5,0.14299975118127933,0.6485818576001103,0,6,5,72c1a2a23cb8,2
beta,transition,onset,amp_cc,raw,Right RSC – Left DHC,-0.12257035576438552,,,3,,,0,4,3,72c1a2a23cb8,2
beta,transition,onset,amp_cc,raw,Right RSC – Left OFC,-0.11709564815435022,0.03916656675964012,-2.989683749228015,5,0.030458414515170604,0.49177323596875056,0,6,6,72c1a2a23cb8,2
beta,transition,onset,amp_cc,raw,Right RSC – Left PER,0.01764700725661088,,,1,,,0,2,1,72c1a2a23cb8,2
beta,transition,onset,amp_cc,raw,Right RSC – Left RSC,-0.09652387850521074,0.11614188449344963,-0.8310858647265592,5,0.4437880998958723,0.8607958834187179,0,6,3,72c1a2a23cb8,2
beta,transition,onset,amp_cc,raw,Right RSC – Right PER,-0.11382597738812694,,,1,,,0,2,2,72c1a2a23cb8,2
beta,transition,switch,coherence,raw,Left DHC – Left ACC,0.034569198513465176,0.048796843858690604,0.7084310332359433,5,0.5103291020103442,0.8698791511539958,0,6,3,72c1a2a23cb8,2
beta,transition,switch,coherence,raw,Left DHC – Left OFC,0.04106006173162649,0.04627070726136466,0.8873878131945266,5,0.415509882659206,0.8607958834187179,0,6,4,72c1a2a23cb8,2
beta,transition,switch,coherence,raw,Left OFC – Left ACC,0.00043762026036674406,0.05434034257870522,0.008053321705377649,7,0.9937991565873926,0.9938899676101257,0,8,2,72c1a2a23cb8,2
beta,transition,switch,coherence,raw,Left PER – Left ACC,0.0959053040069952,,,1,,,0,2,2,72c1a2a23cb8,2
beta,transition,switch,coherence,raw,Left PER – Left DHC,0.008110945569883541,,,1,,,0,2,2,72c1a2a23cb8,2
beta,transition,switch,coherence,raw,Left PER – Left OFC,0.021285775705436095,,,1,,,0,2,1,72c1a2a23cb8,2
beta,transition,switch,coherence,raw,Left PER – Left RSC,0.03342952356678003,,,1,,,0,2,2,72c1a2a23cb8,2
beta,transition,switch,coherence,raw,Left RSC – Left ACC,-0.009378574235150814,0.017985912875560336,-0.5214399902878787,6,0.6207396255184962,0.8952975368055233,0,7,4,72c1a2a23cb8,2
beta,transition,switch,coherence,raw,Left RSC – Left DHC,-0.0006677230531286055,0.04464786909646715,-0.014955317390084365,4,0.9887840345719087,0.9938899676101257,0,5,4,72c1a2a23cb8,2
beta,transition,switch,coherence,raw,Left RSC – Left OFC,0.0088499531224832,0.008599178762085777,1.0291625941657474,6,0.34309208908563554,0.8607958834187179,0,7,4,72c1a2a23cb8,2
beta,transition,switch,coherence,raw,Right ACC – Left ACC,0.1804453353562219,0.07243498822422759,2.491135013339696,7,0.04152751770402782,0.49177323596875056,0,8,7,72c1a2a23cb8,2
beta,transition,switch,coherence,raw,Right ACC – Left DHC,0.05413792013716418,0.04530970101992163,1.1948416987647081,5,0.28572918097491423,0.8215373332156766,0,6,4,72c1a2a23cb8,2
beta,transition,switch,coherence,raw,Right ACC – Left OFC,0.06387857967675467,0.030301606352534417,2.1080921893572118,7,0.07299376872169207,0.6082814060141005,0,8,6,72c1a2a23cb8,2
beta,transition,switch,coherence,raw,Right ACC – Left PER,0.12991874434566542,,,1,,,0,2,2,72c1a2a23cb8,2
beta,transition,switch,coherence,raw,Right ACC – Left RSC,0.017783337480404737,0.010486933375957184,1.6957614626574835,6,0.1408614186223432,0.6485818576001103,0,7,6,72c1a2a23cb8,2
beta,transition,switch,coherence,raw,Right ACC – Right DHC,0.05581880098044788,0.05868697359026527,0.9511276108759312,4,0.39539899519971267,0.8607958834187179,0,5,3,72c1a2a23cb8,2
beta,transition,switch,coherence,raw,Right ACC – Right OFC,0.016130093714972673,0.03276017108581266,0.4923690316732833,7,0.6375240845844099,0.8987937910380497,0,8,5,72c1a2a23cb8,2
beta,transition,switch,coherence,raw,Right ACC – Right PER,0.21163291448507734,,,1,,,0,2,2,72c1a2a23cb8,2
beta,transition,switch,coherence,raw,Right ACC – Right RSC,0.05821804052459003,0.03562187566678893,1.6343339432535275,5,0.16311656311551415,0.6672950309271033,0,6,5,72c1a2a23cb8,2
beta,transition,switch,coherence,raw,Right DHC – Left ACC,0.04733760227817844,0.060613382171978564,0.7809760911190748,4,0.4784528430789215,0.867037580497859,0,5,2,72c1a2a23cb8,2
beta,transition,switch,coherence,raw,Right DHC – Left DHC,0.0069122130625038705,0.07271433440120334,0.09505984094367893,4,0.9288390198475631,0.9938899676101257,0,5,1,72c1a2a23cb8,2
beta,transition,switch,coherence,raw,Right DHC – Left OFC,0.05505485383566697,0.06235116903366272,0.8829802983476291,4,0.4271197635228628,0.8607958834187179,0,5,3,72c1a2a23cb8,2
beta,transition,switch,coherence,raw,Right DHC – Left PER,0.020790966346153877,,,,,,0,1,1,72c1a2a23cb8,2
beta,transition,switch,coherence,raw,Right DHC – Left RSC,-0.03592981964157347,,,3,,,0,4,4,72c1a2a23cb8,2
beta,transition,switch,coherence,raw,Right DHC – Right PER,0.03534066666666666,,,,,,0,1,1,72c1a2a23cb8,2
beta,transition,switch,coherence,raw,Right DHC – Right RSC,-0.033201069515280755,,,2,,,0,3,2,72c1a2a23cb8,2
beta,transition,switch,coherence,raw,Right OFC – Left ACC,-0.0026679933149732255,0.042410669060070745,-0.06290854103702685,7,0.9515979813540546,0.9938899676101257,0,8,5,72c1a2a23cb8,2
beta,transition,switch,coherence,raw,Right OFC – Left DHC,0.027260401911622077,0.045596627380274014,0.5978600496977865,5,0.5759800475037167,0.8882139205670561,0,6,1,72c1a2a23cb8,2
beta,transition,switch,coherence,raw,Right OFC – Left OFC,-0.021850515388081315,0.044596307188131,-0.4899624378293071,7,0.6391422514048354,0.8987937910380497,0,8,6,72c1a2a23cb8,2
beta,transition,switch,coherence,raw,Right OFC – Left PER,-0.0017633978793770888,,,1,,,0,2,1,72c1a2a23cb8,2
beta,transition,switch,coherence,raw,Right OFC – Left RSC,-0.00671759547704226,0.010195933241572211,-0.6588504767422749,6,0.5344437766576681,0.8882139205670561,0,7,4,72c1a2a23cb8,2
beta,transition,switch,coherence,raw,Right OFC – Right DHC,0.051394174540707195,0.06758344105075728,0.7604551313406572,4,0.4893403900836367,0.8698791511539958,0,5,1,72c1a2a23cb8,2
beta,transition,switch,coherence,raw,Right OFC – Right PER,-0.045045188376281395,,,1,,,0,2,1,72c1a2a23cb8,2
beta,transition,switch,coherence,raw,Right OFC – Right RSC,-0.020025105332747973,0.02808008947537495,-0.713142504417913,5,0.5076492749682027,0.8698791511539958,0,6,3,72c1a2a23cb8,2
beta,transition,switch,coherence,raw,Right PER – Left ACC,0.01074972875669165,,,1,,,0,2,1,72c1a2a23cb8,2
beta,transition,switch,coherence,raw,Right PER – Left DHC,0.021091799999999994,,,,,,0,1,1,72c1a2a23cb8,2
beta,transition,switch,coherence,raw,Right PER – Left OFC,-0.009707400280951841,,,1,,,0,2,1,72c1a2a23cb8,2
beta,transition,switch,coherence,raw,Right PER – Left RSC,0.010272179803292075,,,1,,,0,2,1,72c1a2a23cb8,2
beta,transition,switch,coherence,raw,Right RSC – Left ACC,-0.04507982373654298,0.018191757338874657,-2.4780356782909694,5,0.05597573045381404,0.5650877510955604,0,6,5,72c1a2a23cb8,2
beta,transition,switch,coherence,raw,Right RSC – Left DHC,-0.021248798595725375,,,3,,,0,4,3,72c1a2a23cb8,2
beta,transition,switch,coherence,raw,Right RSC – Left OFC,-0.03224058236670865,0.018066633532602946,-1.784537352159575,5,0.13440719125571784,0.6485818576001103,0,6,4,72c1a2a23cb8,2
beta,transition,switch,coherence,raw,Right RSC – Left PER,0.02250692927718317,,,1,,,0,2,2,72c1a2a23cb8,2
beta,transition,switch,coherence,raw,Right RSC – Left RSC,-0.030603311710592745,0.03619521180179608,-0.8455071869222809,5,0.4364085829991437,0.8607958834187179,0,6,4,72c1a2a23cb8,2
beta,transition,switch,coherence,raw,Right RSC – Right PER,-0.011643493570947789,,,1,,,0,2,1,72c1a2a23cb8,2
beta,transition,switch,raw_cc,raw,Left DHC – Left ACC,0.07830248917201527,0.10761768494261763,0.7275987140381862,5,0.49948793015799486,0.8698791511539958,0,6,4,72c1a2a23cb8,2
beta,transition,switch,raw_cc,raw,Left DHC – Left OFC,0.08689324708246467,0.08700475221667651,0.9987184017956381,5,0.363780910990795,0.8607958834187179,0,6,4,72c1a2a23cb8,2
beta,transition,switch,raw_cc,raw,Left OFC – Left ACC,-0.11394981919212009,0.08798116451677135,-1.2951615248329487,7,0.23634094763660166,0.7740967281596525,0,8,6,72c1a2a23cb8,2
beta,transition,switch,raw_cc,raw,Left PER – Left ACC,0.22508149115346163,,,1,,,0,2,2,72c1a2a23cb8,2
beta,transition,switch,raw_cc,raw,Left PER – Left DHC,0.0666963547660092,,,1,,,0,2,2,72c1a2a23cb8,2
beta,transition,switch,raw_cc,raw,Left PER – Left OFC,-0.01868915771756775,,,1,,,0,2,1,72c1a2a23cb8,2
beta,transition,switch,raw_cc,raw,Left PER – Left RSC,0.06962964693055652,,,1,,,0,2,2,72c1a2a23cb8,2
beta,transition,switch,raw_cc,raw,Left RSC – Left ACC,-0.017471397670024817,0.03058745645382346,-0.5711948522558787,6,0.5886073839780089,0.8882139205670561,0,7,4,72c1a2a23cb8,2
beta,transition,switch,raw_cc,raw,Left RSC – Left DHC,0.012557792553949296,0.0902166787975579,0.13919590835446743,4,0.8960223412640566,0.9882599352177095,0,5,3,72c1a2a23cb8,2
beta,transition,switch,raw_cc,raw,Left RSC – Left OFC,-0.029045061424570542,0.05066542747992077,-0.5732718121460911,6,0.587287358472665,0.8882139205670561,0,7,2,72c1a2a23cb8,2
beta,transition,switch,raw_cc,raw,Right ACC – Left ACC,0.3411134608943345,0.1139495601002584,2.9935478521742964,7,0.020125020824176394,0.4586525428550682,0,8,6,72c1a2a23cb8,2
beta,transition,switch,raw_cc,raw,Right ACC – Left DHC,0.1359074111755991,0.087233352492767,1.557975330443341,5,0.17997545072690124,0.723115650242014,0,6,4,72c1a2a23cb8,2
beta,transition,switch,raw_cc,raw,Right ACC – Left OFC,0.09134750493413672,0.0556936796262204,1.6401772256241913,7,0.14497508234398696,0.6485818576001103,0,8,4,72c1a2a23cb8,2
beta,transition,switch,raw_cc,raw,Right ACC – Left PER,0.4269849566032853,,,1,,,0,2,2,72c1a2a23cb8,2
beta,transition,switch,raw_cc,raw,Right ACC – Left RSC,-0.025284357345622885,0.04968173074839513,-0.5089266610632248,6,0.6289715573148609,0.8956873442774917,0,7,5,72c1a2a23cb8,2
beta,transition,switch,raw_cc,raw,Right ACC – Right DHC,0.10745709065778061,0.057572211406702274,1.8664749543608983,4,0.1353820780672382,0.6485818576001103,0,5,4,72c1a2a23cb8,2
beta,transition,switch,raw_cc,raw,Right ACC – Right OFC,-0.0007298806198977666,0.041670513330610816,-0.01751551784608332,7,0.9865141388099572,0.9938899676101257,0,8,5,72c1a2a23cb8,2
beta,transition,switch,raw_cc,raw,Right ACC – Right PER,0.5359098864508818,,,1,,,0,2,2,72c1a2a23cb8,2
beta,transition,switch,raw_cc,raw,Right ACC – Right RSC,0.14427709339593592,0.08532956664408868,1.6908218226130052,5,0.1516607140296881,0.6485818576001103,0,6,4,72c1a2a23cb8,2
beta,transition,switch,raw_cc,raw,Right DHC – Left ACC,0.022428236384412995,0.08170276384880164,0.27451013072114033,4,0.7972869087553094,0.9324897488010881,0,5,2,72c1a2a23cb8,2
beta,transition,switch,raw_cc,raw,Right DHC – Left DHC,0.04611876838015212,0.15144655457644,0.30452174041948565,4,0.7759162896619107,0.9324897488010881,0,5,2,72c1a2a23cb8,2
beta,transition,switch,raw_cc,raw,Right DHC – Left OFC,0.11265498087058784,0.06364516441624665,1.7700477625261737,4,0.151431154512657,0.6485818576001103,0,5,5,72c1a2a23cb8,2
beta,transition,switch,raw_cc,raw,Right DHC – Left PER,0.09239350961538462,,,,,,0,1,1,72c1a2a23cb8,2
beta,transition,switch,raw_cc,raw,Right DHC – Left RSC,-0.05525705231799755,,,3,,,0,4,4,72c1a2a23cb8,2
beta,transition,switch,raw_cc,raw,Right DHC – Right PER,-0.00166613333333333,,,,,,0,1,1,72c1a2a23cb8,2
beta,transition,switch,raw_cc,raw,Right DHC – Right RSC,-0.12011860147316464,,,2,,,0,3,3,72c1a2a23cb8,2
beta,transition,switch,raw_cc,raw,Right OFC – Left ACC,-0.049233758831510745,0.05996097894839877,-0.8210966481030996,7,0.43865641921180903,0.8607958834187179,0,8,5,72c1a2a23cb8,2
beta,transition,switch,raw_cc,raw,Right OFC – Left DHC,0.07397694400927426,0.07970886252529245,0.928089319877079,5,0.3959562831754829,0.8607958834187179,0,6,4,72c1a2a23cb8,2
beta,transition,switch,raw_cc,raw,Right OFC – Left OFC,-0.12780862205637097,0.09332588818326829,-1.3694873367332694,7,0.2131616601680185,0.7740967281596525,0,8,6,72c1a2a23cb8,2
beta,transition,switch,raw_cc,raw,Right OFC – Left PER,-0.020917844835060477,,,1,,,0,2,1,72c1a2a23cb8,2
beta,transition,switch,raw_cc,raw,Right OFC – Left RSC,-0.0884813645134235,0.03149637301511624,-2.809255671151663,6,0.03078633775638645,0.49177323596875056,0,7,5,72c1a2a23cb8,2
beta,transition,switch,raw_cc,raw,Right OFC – Right DHC,0.06667426260057997,0.06559850236052227,1.01639915853788,4,0.3669179980417682,0.8607958834187179,0,5,3,72c1a2a23cb8,2
beta,transition,switch,raw_cc,raw,Right OFC – Right PER,-0.14555640207209714,,,1,,,0,2,2,72c1a2a23cb8,2
beta,transition,switch,raw_cc,raw,Right OFC – Right RSC,-0.04466356929734024,0.06807560418167523,-0.6560877400095539,5,0.5407542809271472,0.8882139205670561,0,6,5,72c1a2a23cb8,2
beta,transition,switch,raw_cc,raw,Right PER – Left ACC,-0.048578132444515844,,,1,,,0,2,2,72c1a2a23cb8,2
beta,transition,switch,raw_cc,raw,Right PER – Left DHC,0.07711499999999999,,,,,,0,1,1,72c1a2a23cb8,2
beta,transition,switch,raw_cc,raw,Right PER – Left OFC,-0.06932377453217323,,,1,,,0,2,1,72c1a2a23cb8,2
beta,transition,switch,raw_cc,raw,Right PER – Left RSC,-0.1161754523004105,,,1,,,0,2,1,72c1a2a23cb8,2
beta,transition,switch,raw_cc,raw,Right RSC – Left ACC,-0.14688581142826726,0.035193596173190816,-4.173651669622767,5,0.008708228947515561,0.3918703026382003,2,6,6,72c1a2a23cb8,2
beta,transition,switch,raw_cc,raw,Right RSC – Left DHC,0.017240376433138055,,,3,,,0,4,2,72c1a2a23cb8,2
beta,transition,switch,raw_cc,raw,Right RSC – Left OFC,-0.03665264117546613,0.05671950181350176,-0.6462087995057314,5,0.5466295246360239,0.8882139205670561,0,6,3,72c1a2a23cb8,2
beta,transition,switch,raw_cc,raw,Right RSC – Left PER,0.09512103028381715,,,1,,,0,2,2,72c1a2a23cb8,2
beta,transition,switch,raw_cc,raw,Right RSC – Left RSC,-0.09490364188857017,0.12003277764006813,-0.7906477193517047,5,0.46498088622924566,0.867037580497859,0,6,3,72c1a2a23cb8,2
beta,transition,switch,raw_cc,raw,Right RSC – Right PER,0.12072951577669114,,,1,,,0,2,2,72c1a2a23cb8,2
beta,transition,switch,amp_cc,raw,Left DHC – Left ACC,0.12878772487834989,0.06604088501957892,1.9501211233036722,5,0.10865330431038785,0.6485818576001103,0,6,4,72c1a2a23cb8,2
beta,transition,switch,amp_cc,raw,Left DHC – Left OFC,0.04619206045548881,0.07882441976737484,0.5860120580882163,5,0.5833211509620493,0.8882139205670561,0,6,3,72c1a2a23cb8,2
beta,transition,switch,amp_cc,raw,Left OFC – Left ACC,-0.007637789757106459,0.0656445969591276,-0.11635062306593166,7,0.9106423498360042,0.9938899676101257,0,8,4,72c1a2a23cb8,2
beta,transition,switch,amp_cc,raw,Left PER – Left ACC,0.18585872639778842,,,1,,,0,2,2,72c1a2a23cb8,2
beta,transition,switch,amp_cc,raw,Left PER – Left DHC,0.1322305981511592,,,1,,,0,2,2,72c1a2a23cb8,2
beta,transition,switch,amp_cc,raw,Left PER – Left OFC,0.07555480534960005,,,1,,,0,2,2,72c1a2a23cb8,2
beta,transition,switch,amp_cc,raw,Left PER – Left RSC,0.10890473077977697,,,1,,,0,2,2,72c1a2a23cb8,2
beta,transition,switch,amp_cc,raw,Left RSC – Left ACC,-0.012565075608444833,0.04962928134941814,-0.2531786732912696,6,0.8085815679412222,0.9375541468803252,0,7,4,72c1a2a23cb8,2
beta,transition,switch,amp_cc,raw,Left RSC – Left DHC,-0.05139489973622117,0.11006216670361917,-0.4669624565416733,4,0.6648275941457507,0.9083323440125886,0,5,3,72c1a2a23cb8,2
beta,transition,switch,amp_cc,raw,Left RSC – Left OFC,-0.011975169271757307,0.042752775739295666,-0.28010273168650623,6,0.7888051856237647,0.9324897488010881,0,7,4,72c1a2a23cb8,2
beta,transition,switch,amp_cc,raw,Right ACC – Left ACC,0.2927646136307398,0.09809509997111272,2.984497836456192,7,0.020384557460225255,0.4586525428550682,0,8,7,72c1a2a23cb8,2
beta,transition,switch,amp_cc,raw,Right ACC – Left DHC,0.12921710823819504,0.05364269311560247,2.4088482649393876,5,0.060950711321906895,0.5650877510955604,0,6,5,72c1a2a23cb8,2
beta,transition,switch,amp_cc,raw,Right ACC – Left OFC,0.0883380637584814,0.07178477199061375,1.230596146074436,7,0.2582174139051457,0.7944242810255197,0,8,5,72c1a2a23cb8,2
beta,transition,switch,amp_cc,raw,Right ACC – Left PER,0.28267088291523496,,,1,,,0,2,2,72c1a2a23cb8,2
beta,transition,switch,amp_cc,raw,Right ACC – Left RSC,0.015444568945644038,0.049547202476510475,0.3117142477007871,6,0.7658050500023781,0.9324897488010881,0,7,3,72c1a2a23cb8,2
beta,transition,switch,amp_cc,raw,Right ACC – Right DHC,0.1283269336356696,0.06716423769327302,1.910643789656567,4,0.12865043963724618,0.6485818576001103,0,5,4,72c1a2a23cb8,2
beta,transition,switch,amp_cc,raw,Right ACC – Right OFC,0.08925838084689143,0.04767224907727052,1.872334168715539,7,0.10332297994254401,0.6485818576001103,0,8,6,72c1a2a23cb8,2
beta,transition,switch,amp_cc,raw,Right ACC – Right PER,0.4086719947692347,,,1,,,0,2,2,72c1a2a23cb8,2
beta,transition,switch,amp_cc,raw,Right ACC – Right RSC,0.10346993828238851,0.07213500620375365,1.4343928659287244,5,0.21092186197407373,0.7740967281596525,0,6,4,72c1a2a23cb8,2
beta,transition,switch,amp_cc,raw,Right DHC – Left ACC,0.06798952438373547,0.07451990558200568,0.9123672910309336,4,0.4131897718623442,0.8607958834187179,0,5,2,72c1a2a23cb8,2
beta,transition,switch,amp_cc,raw,Right DHC – Left DHC,-0.04238715978975256,0.1144066323277911,-0.37049565158344483,4,0.7297984683266427,0.9267781914312468,0,5,3,72c1a2a23cb8,2
beta,transition,switch,amp_cc,raw,Right DHC – Left OFC,0.037006293235139986,0.08435194780192994,0.43871296632101364,4,0.6835249218786067,0.9083323440125886,0,5,3,72c1a2a23cb8,2
beta,transition,switch,amp_cc,raw,Right DHC – Left PER,-0.09285929326923077,,,,,,0,1,1,72c1a2a23cb8,2
beta,transition,switch,amp_cc,raw,Right DHC – Left RSC,-0.10987317717998381,,,3,,,0,4,4,72c1a2a23cb8,2
beta,transition,switch,amp_cc,raw,Right DHC – Right PER,0.1906864,,,,,,0,1,1,72c1a2a23cb8,2
beta,transition,switch,amp_cc,raw,Right DHC – Right RSC,-0.10610974315310635,,,2,,,0,3,3,72c1a2a23cb8,2
beta,transition,switch,amp_cc,raw,Right OFC – Left ACC,-0.05160672818606512,0.06245383879616799,-0.8263179522798457,7,0.43587959720025476,0.8607958834187179,0,8,6,72c1a2a23cb8,2
beta,transition,switch,amp_cc,raw,Right OFC – Left DHC,0.04410011562991704,0.0732257141344119,0.6022490343893075,5,0.5732752953670335,0.8882139205670561,0,6,4,72c1a2a23cb8,2
beta,transition,switch,amp_cc,raw,Right OFC – Left OFC,-0.05914551795858647,0.06350343987778445,-0.9313750258634017,7,0.3826585962884954,0.8607958834187179,0,8,4,72c1a2a23cb8,2
beta,transition,switch,amp_cc,raw,Right OFC – Left PER,0.030552381494028103,,,1,,,0,2,1,72c1a2a23cb8,2
beta,transition,switch,amp_cc,raw,Right OFC – Left RSC,-0.10525250393066063,0.04628003997445235,-2.274252658138637,6,0.06329708133743965,0.5650877510955604,0,7,6,72c1a2a23cb8,2
beta,transition,switch,amp_cc,raw,Right OFC – Right DHC,-0.0028288092748209267,0.09112776222402075,-0.031042233516793954,4,0.9767229975750068,0.9938899676101257,0,5,4,72c1a2a23cb8,2
beta,transition,switch,amp_cc,raw,Right OFC – Right PER,-0.11569790440223912,,,1,,,0,2,2,72c1a2a23cb8,2
beta,transition,switch,amp_cc,raw,Right OFC – Right RSC,-0.05005164186094532,0.052405656880734376,-0.9550808985154722,5,0.3833984359491198,0.8607958834187179,0,6,4,72c1a2a23cb8,2
beta,transition,switch,amp_cc,raw,Right PER – Left ACC,0.0696962821697868,,,1,,,0,2,2,72c1a2a23cb8,2
beta,transition,switch,amp_cc,raw,Right PER – Left DHC,0.08125366666666667,,,,,,0,1,1,72c1a2a23cb8,2
beta,transition,switch,amp_cc,raw,Right PER – Left OFC,-0.04547390984333519,,,1,,,0,2,2,72c1a2a23cb8,2
beta,transition,switch,amp_cc,raw,Right PER – Left RSC,-0.06423033040239763,,,1,,,0,2,1,72c1a2a23cb8,2
beta,transition,switch,amp_cc,raw,Right RSC – Left ACC,-0.07602747926416549,0.03169596535200965,-2.3986484847461838,5,0.06172384186765225,0.5650877510955604,0,6,5,72c1a2a23cb8,2
beta,transition,switch,amp_cc,raw,Right RSC – Left DHC,-0.06630489298248197,,,3,,,0,4,2,72c1a2a23cb8,2
beta,transition,switch,amp_cc,raw,Right RSC – Left OFC,-0.09211521124138398,0.03449843399691911,-2.670127323739111,5,0.04434173797455252,0.4988445522137159,0,6,5,72c1a2a23cb8,2
beta,transition,switch,amp_cc,raw,Right RSC – Left PER,0.009787898702396798,,,1,,,0,2,1,72c1a2a23cb8,2
beta,transition,switch,amp_cc,raw,Right RSC – Left RSC,0.026671489329675543,0.09895059020008427,0.2695435092983693,5,0.798281579096026,0.9324897488010881,0,6,5,72c1a2a23cb8,2
beta,transition,switch,amp_cc,raw,Right RSC – Right PER,-0.13035904022444125,,,1,,,0,2,2,72c1a2a23cb8,2
beta,transition,offset,coherence,raw,Left DHC – Left ACC,0.042349181270951206,0.05284466069797414,0.8013899741544696,5,0.459279237859256,0.867037580497859,0,6,3,72c1a2a23cb8,2
beta,transition,offset,coherence,raw,Left DHC – Left OFC,0.05151595557369096,0.041382105954084134,1.244884821252232,5,0.26833886825750886,0.7944242810255197,0,6,5,72c1a2a23cb8,2
beta,transition,offset,coherence,raw,Left OFC – Left ACC,0.008066343532063931,0.05619088102448375,0.14355253708425084,7,0.8898989578736363,0.9882599352177095,0,8,4,72c1a2a23cb8,2
beta,transition,offset,coherence,raw,Left PER – Left ACC,0.08420046286542233,,,1,,,0,2,2,72c1a2a23cb8,2
beta,transition,offset,coherence,raw,Left PER – Left DHC,0.03378102868578235,,,1,,,0,2,2,72c1a2a23cb8,2
beta,transition,offset,coherence,raw,Left PER – Left OFC,-0.0045917133140924256,,,1,,,0,2,1,72c1a2a23cb8,2
beta,transition,offset,coherence,raw,Left PER – Left RSC,0.0281444134600231,,,1,,,0,2,2,72c1a2a23cb8,2
beta,transition,offset,coherence,raw,Left RSC – Left ACC,0.0006177534794800429,0.01853142010852858,0.03333546354581529,6,0.9744883635323792,0.9938899676101257,0,7,4,72c1a2a23cb8,2
beta,transition,offset,coherence,raw,Left RSC – Left DHC,-0.00934240027933912,0.0546881419392523,-0.1708304569885859,4,0.8726501976644255,0.9768472361915211,0,5,4,72c1a2a23cb8,2
beta,transition,offset,coherence,raw,Left RSC – Left OFC,-0.010200167757166631,0.0074067780562811015,-1.3771396523103157,6,0.2176399928560671,0.7740967281596525,0,7,4,72c1a2a23cb8,2
beta,transition,offset,coherence,raw,Right ACC – Left ACC,0.1777701879653698,0.06750257617515615,2.63353190408749,7,0.03373901154250612,0.49177323596875056,0,8,8,72c1a2a23cb8,2
beta,transition,offset,coherence,raw,Right ACC – Left DHC,0.05312394246060283,0.039920373485799264,1.330747631394291,5,0.24072833785719416,0.7740967281596525,0,6,5,72c1a2a23cb8,2
beta,transition,offset,coherence,raw,Right ACC – Left OFC,0.055648734959572115,0.027378968547605735,2.032535844541103,7,0.08160683933271869,0.6485818576001103,0,8,7,72c1a2a23cb8,2
beta,transition,offset,coherence,raw,Right ACC – Left PER,0.175137348649868,,,1,,,0,2,2,72c1a2a23cb8,2
beta,transition,offset,coherence,raw,Right ACC – Left RSC,0.015065700004561814,0.011732055593537363,1.2841483646617562,6,0.24644392091569656,0.7740967281596525,0,7,5,72c1a2a23cb8,2
beta,transition,offset,coherence,raw,Right ACC – Right DHC,0.04321642415775542,0.04899799222624781,0.882003980044814,4,0.4275891248140468,0.8607958834187179,0,5,3,72c1a2a23cb8,2
beta,transition,offset,coherence,raw,Right ACC – Right OFC,0.021670141212357674,0.028887120324219306,0.7501661975696888,7,0.4776059791709232,0.867037580497859,0,8,6,72c1a2a23cb8,2
beta,transition,offset,coherence,raw,Right ACC – Right PER,0.20363154766067695,,,1,,,0,2,2,72c1a2a23cb8,2
beta,transition,offset,coherence,raw,Right ACC – Right RSC,0.06774187000744614,0.034729992560501834,1.95052935555444,5,0.1085965269321395,0.6485818576001103,0,6,5,72c1a2a23cb8,2
beta,transition,offset,coherence,raw,Right DHC – Left ACC,0.054386497285437506,0.0629305790328565,0.864230047161046,4,0.4362079094547347,0.8607958834187179,0,5,3,72c1a2a23cb8,2
beta,transition,offset,coherence,raw,Right DHC – Left DHC,0.0039664634740268255,0.06737085121247632,0.05887506841077705,4,0.9558755567517923,0.9938899676101257,0,5,1,72c1a2a23cb8,2
beta,transition,offset,coherence,raw,Right DHC – Left OFC,0.05011634178866891,0.048906949937827106,1.0247284251497843,4,0.3634152551009043,0.8607958834187179,0,5,3,72c1a2a23cb8,2
beta,transition,offset,coherence,raw,Right DHC – Left PER,0.015885437499999988,,,,,,0,1,1,72c1a2a23cb8,2
beta,transition,offset,coherence,raw,Right DHC – Left RSC,-0.03737578432972651,,,3,,,0,4,4,72c1a2a23cb8,2
beta,transition,offset,coherence,raw,Right DHC – Right PER,0.02439513333333332,,,,,,0,1,1,72c1a2a23cb8,2
beta,transition,offset,coherence,raw,Right DHC – Right RSC,-0.04090096483744866,,,2,,,0,3,3,72c1a2a23cb8,2
beta,transition,offset,coherence,raw,Right OFC – Left ACC,-0.0011163044820397636,0.046399978920598516,-0.024058297180479932,7,0.9814775645599979,0.9938899676101257,0,8,5,72c1a2a23cb8,2
beta,transition,offset,coherence,raw,Right OFC – Left DHC,0.029036899674082753,0.040893809989059164,0.7100561107378197,5,0.5094036729554489,0.8698791511539958,0,6,3,72c1a2a23cb8,2
beta,transition,offset,coherence,raw,Right OFC – Left OFC,-0.012107299431575947,0.040919257712536614,-0.29588267501408216,7,0.7759044774571718,0.9324897488010881,0,8,4,72c1a2a23cb8,2
beta,transition,offset,coherence,raw,Right OFC – Left PER,0.010739322902824876,,,1,,,0,2,1,72c1a2a23cb8,2
beta,transition,offset,coherence,raw,Right OFC – Left RSC,-0.014953556280766429,0.00728011586850127,-2.0540272367732055,6,0.08576256067701626,0.6485818576001103,0,7,6,72c1a2a23cb8,2
beta,transition,offset,coherence,raw,Right OFC – Right DHC,0.04806858657118269,0.04867459781151209,0.9875497432423351,4,0.37927950253565706,0.8607958834187179,0,5,3,72c1a2a23cb8,2
beta,transition,offset,coherence,raw,Right OFC – Right PER,-0.03312121541159311,,,1,,,0,2,1,72c1a2a23cb8,2
beta,transition,offset,coherence,raw,Right OFC – Right RSC,-0.012028234578758113,0.02090547473850852,-0.5753629003507746,5,0.5899684934269551,0.8882139205670561,0,6,3,72c1a2a23cb8,2
beta,transition,offset,coherence,raw,Right PER – Left ACC,0.003165801200326937,,,1,,,0,2,1,72c1a2a23cb8,2
beta,transition,offset,coherence,raw,Right PER – Left DHC,-0.009091574358974341,,,,,,0,1,1,72c1a2a23cb8,2
beta,transition,offset,coherence,raw,Right PER – Left OFC,-0.04359845208268766,,,1,,,0,2,2,72c1a2a23cb8,2
beta,transition,offset,coherence,raw,Right PER – Left RSC,-0.025690240929997322,,,1,,,0,2,2,72c1a2a23cb8,2
beta,transition,offset,coherence,raw,Right RSC – Left ACC,-0.027187736140176805,0.026430625577162668,-1.0286452002735915,5,0.35081158648308913,0.8607958834187179,0,6,4,72c1a2a23cb8,2
beta,transition,offset,coherence,raw,Right RSC – Left DHC,0.005122435341019173,,,3,,,0,4,2,72c1a2a23cb8,2
beta,transition,offset,coherence,raw,Right RSC – Left OFC,-0.02030174363779677,0.016055601794736668,-1.2644648202755047,5,0.2617991079982465,0.7944242810255197,0,6,4,72c1a2a23cb8,2
beta,transition,offset,coherence,raw,Right RSC – Left PER,0.04255452841440296,,,1,,,0,2,2,72c1a2a23cb8,2
beta,transition,offset,coherence,raw,Right RSC – Left RSC,-0.017625106478942852,0.04136816715487646,-0.4260548071408866,5,0.6877864026546534,0.9083323440125886,0,6,4,72c1a2a23cb8,2
beta,transition,offset,coherence,raw,Right RSC – Right PER,-0.05321787660111191,,,1,,,0,2,2,72c1a2a23cb8,2
beta,transition,offset,raw_cc,raw,Left DHC – Left ACC,0.049656967842055824,0.11223095633421899,0.44245339667408246,5,0.6766452104646109,0.9083323440125886,0,6,2,72c1a2a23cb8,2
beta,transition,offset,raw_cc,raw,Left DHC – Left OFC,0.11552361440736147,0.08281434740645795,1.3949710168017677,5,0.2218237358400753,0.7740967281596525,0,6,4,72c1a2a23cb8,2
beta,transition,offset,raw_cc,raw,Left OFC – Left ACC,0.037425205523324664,0.08361675161641544,0.44758023721143264,7,0.6679788397961551,0.9083323440125886,0,8,6,72c1a2a23cb8,2
beta,transition,offset,raw_cc,raw,Left PER – Left ACC,0.33003359080674927,,,1,,,0,2,2,72c1a2a23cb8,2
beta,transition,offset,raw_cc,raw,Left PER – Left DHC,0.10993081130173965,,,1,,,0,2,2,72c1a2a23cb8,2
beta,transition,offset,raw_cc,raw,Left PER – Left OFC,0.014188150422645257,,,1,,,0,2,1,72c1a2a23cb8,2
beta,transition,offset,raw_cc,raw,Left PER – Left RSC,-0.02314990144349823,,,1,,,0,2,2,72c1a2a23cb8,2
beta,transition,offset,raw_cc,raw,Left RSC – Left ACC,-0.059869684356473336,0.07868142646855752,-0.7609125437043049,6,0.47554015290000856,0.867037580497859,0,7,5,72c1a2a23cb8,2
beta,transition,offset,raw_cc,raw,Left RSC – Left DHC,0.024579683561118594,0.14368271500381732,0.17106917530383225,4,0.8724743876967441,0.9768472361915211,0,5,3,72c1a2a23cb8,2
beta,transition,offset,raw_cc,raw,Left RSC – Left OFC,-0.04508423491713943,0.048468924502320564,-0.9301678421806309,6,0.38817725624495586,0.8607958834187179,0,7,4,72c1a2a23cb8,2
beta,transition,offset,raw_cc,raw,Right ACC – Left ACC,0.3096604296351949,0.12416694024160901,2.4939040056285933,7,0.04135954639193681,0.49177323596875056,0,8,6,72c1a2a23cb8,2
beta,transition,offset,raw_cc,raw,Right ACC – Left DHC,0.11301696560110486,0.0995770966638046,1.1349694798059475,5,0.30784916797932754,0.8551365777203543,0,6,5,72c1a2a23cb8,2
beta,transition,offset,raw_cc,raw,Right ACC – Left OFC,0.0324316296083667,0.0584215395286699,0.5551313756880909,7,0.5960902311361131,0.8882139205670561,0,8,3,72c1a2a23cb8,2
beta,transition,offset,raw_cc,raw,Right ACC – Left PER,0.29299092169241836,,,1,,,0,2,2,72c1a2a23cb8,2
beta,transition,offset,raw_cc,raw,Right ACC – Left RSC,0.05288002279403593,0.0565012691968423,0.9359085830410204,6,0.38544229922565876,0.8607958834187179,0,7,4,72c1a2a23cb8,2
beta,transition,offset,raw_cc,raw,Right ACC – Right DHC,0.06517724641042381,0.07379869212589482,0.8831761720009416,4,0.4270256489703643,0.8607958834187179,0,5,3,72c1a2a23cb8,2
beta,transition,offset,raw_cc,raw,Right ACC – Right OFC,0.11106521054496188,0.030292131815329602,3.6664705944781457,7,0.008001508957590102,0.3918703026382003,2,8,6,72c1a2a23cb8,2
beta,transition,offset,raw_cc,raw,Right ACC – Right PER,0.5153982088236752,,,1,,,0,2,2,72c1a2a23cb8,2
beta,transition,offset,raw_cc,raw,Right ACC – Right RSC,0.1620872174823172,0.08437915029526674,1.9209392002067778,5,0.11279276480910057,0.6485818576001103,0,6,5,72c1a2a23cb8,2
beta,transition,offset,raw_cc,raw,Right DHC – Left ACC,0.03623206510863853,0.11347697681656507,0.31929001040631766,4,0.7654860006599759,0.9324897488010881,0,5,2,72c1a2a23cb8,2
beta,transition,offset,raw_cc,raw,Right DHC – Left DHC,-0.012361782768784801,0.1504573661721452,-0.08216136626133091,4,0.9384654828756314,0.9938899676101257,0,5,4,72c1a2a23cb8,2
beta,transition,offset,raw_cc,raw,Right DHC – Left OFC,0.031098438641182415,0.0728266827448213,0.42701984312739855,4,0.6913463405337211,0.9083323440125886,0,5,2,72c1a2a23cb8,2
beta,transition,offset,raw_cc,raw,Right DHC – Left PER,-0.0239099375,,,,,,0,1,1,72c1a2a23cb8,2
beta,transition,offset,raw_cc,raw,Right DHC – Left RSC,-0.16560270476516237,,,3,,,0,4,3,72c1a2a23cb8,2
beta,transition,offset,raw_cc,raw,Right DHC – Right PER,-0.18143641025641027,,,,,,0,1,1,72c1a2a23cb8,2
beta,transition,offset,raw_cc,raw,Right DHC – Right RSC,-0.09875934855608794,,,2,,,0,3,2,72c1a2a23cb8,2
beta,transition,offset,raw_cc,raw,Right OFC – Left ACC,-0.026518968222561265,0.07597100994622441,-0.34906694331604315,7,0.7373035389608585,0.9267781914312468,0,8,4,72c1a2a23cb8,2
beta,transition,offset,raw_cc,raw,Right OFC – Left DHC,0.03760736520547226,0.08083093388034544,0.4652595658630233,5,0.6613057572124356,0.9083323440125886,0,6,2,72c1a2a23cb8,2
beta,transition,offset,raw_cc,raw,Right OFC – Left OFC,-0.020793915841800757,0.06627601343173331,-0.313747233201032,7,0.7628559490327571,0.9324897488010881,0,8,4,72c1a2a23cb8,2
beta,transition,offset,raw_cc,raw,Right OFC – Left PER,-0.002362291451378991,,,1,,,0,2,1,72c1a2a23cb8,2
beta,transition,offset,raw_cc,raw,Right OFC – Left RSC,-0.015562218438417357,0.05142775364865772,-0.30260350363997546,6,0.77240837034422,0.9324897488010881,0,7,4,72c1a2a23cb8,2
beta,transition,offset,raw_cc,raw,Right OFC – Right DHC,0.08419256979947518,0.06540051951829813,1.2873379358388628,4,0.26741506698611145,0.7944242810255197,0,5,2,72c1a2a23cb8,2
beta,transition,offset,raw_cc,raw,Right OFC – Right PER,-0.1553775313226792,,,1,,,0,2,1,72c1a2a23cb8,2
beta,transition,offset,raw_cc,raw,Right OFC – Right RSC,0.019583494471253196,0.06666070700910359,0.2937786793737239,5,0.7807311030429637,0.9324897488010881,0,6,4,72c1a2a23cb8,2
beta,transition,offset,raw_cc,raw,Right PER – Left ACC,0.14709401053773694,,,1,,,0,2,2,72c1a2a23cb8,2
beta,transition,offset,raw_cc,raw,Right PER – Left DHC,-0.020414030769230773,,,,,,0,1,1,72c1a2a23cb8,2
beta,transition,offset,raw_cc,raw,Right PER – Left OFC,-0.13536582688653456,,,1,,,0,2,2,72c1a2a23cb8,2
beta,transition,offset,raw_cc,raw,Right PER – Left RSC,0.00844938483030983,,,1,,,0,2,1,72c1a2a23cb8,2
beta,transition,offset,raw_cc,raw,Right RSC – Left ACC,-0.006138437541354031,0.0955772333604256,-0.06422489253487529,5,0.9512797882352132,0.9938899676101257,0,6,4,72c1a2a23cb8,2
beta,transition,offset,raw_cc,raw,Right RSC – Left DHC,-0.13241175993909246,,,3,,,0,4,3,72c1a2a23cb8,2
beta,transition,offset,raw_cc,raw,Right RSC – Left OFC,-0.04086903328555547,0.04506706858789936,-0.9068491598437117,5,0.40606751511527805,0.8607958834187179,0,6,3,72c1a2a23cb8,2
beta,transition,offset,raw_cc,raw,Right RSC – Left PER,0.21827956622522315,,,1,,,0,2,2,72c1a2a23cb8,2
beta,transition,offset,raw_cc,raw,Right RSC – Left RSC,-0.022712269974700095,0.12755587640122099,-0.17805741778026535,5,0.8656671365902107,0.9768472361915211,0,6,2,72c1a2a23cb8,2
beta,transition,offset,raw_cc,raw,Right RSC – Right PER,-0.13240646170268663,,,1,,,0,2,2,72c1a2a23cb8,2
beta,transition,offset,amp_cc,raw,Left DHC – Left ACC,0.06375411279719813,0.06792298874553408,0.9386234907307424,5,0.39101654248017587,0.8607958834187179,0,6,4,72c1a2a23cb8,2
beta,transition,offset,amp_cc,raw,Left DHC – Left OFC,0.12301080125550744,0.06369274676861057,1.9313156912888916,5,0.11130244973146966,0.6485818576001103,0,6,5,72c1a2a23cb8,2
beta,transition,offset,amp_cc,raw,Left OFC – Left ACC,-0.00044975972605408734,0.05667779205639834,-0.007935378386062484,7,0.9938899676101257,0.9938899676101257,0,8,5,72c1a2a23cb8,2
beta,transition,offset,amp_cc,raw,Left PER – Left ACC,0.1646201064394301,,,1,,,0,2,2,72c1a2a23cb8,2
beta,transition,offset,amp_cc,raw,Left PER – Left DHC,0.06236342344714218,,,1,,,0,2,2,72c1a2a23cb8,2
beta,transition,offset,amp_cc,raw,Left PER – Left OFC,0.016408918050878966,,,1,,,0,2,1,72c1a2a23cb8,2
beta,transition,offset,amp_cc,raw,Left PER – Left RSC,0.09683061599412394,,,1,,,0,2,2,72c1a2a23cb8,2
beta,transition,offset,amp_cc,raw,Left RSC – Left ACC,-0.029351850067247432,0.03801289040493695,-0.7721551756410331,6,0.4693345607874001,0.867037580497859,0,7,3,72c1a2a23cb8,2
beta,transition,offset,amp_cc,raw,Left RSC – Left DHC,-0.05899532435016828,0.08063333500337572,-0.7316493153569604,4,0.5049390833886752,0.8698791511539958,0,5,3,72c1a2a23cb8,2
beta,transition,offset,amp_cc,raw,Left RSC – Left OFC,-0.033246614075638115,0.02855183942751768,-1.1644298490834082,6,0.2884508858846153,0.8215373332156766,0,7,5,72c1a2a23cb8,2
beta,transition,offset,amp_cc,raw,Right ACC – Left ACC,0.2575192198559921,0.08364824874809484,3.0785966677139465,7,0.017850535679603027,0.4586525428550682,0,8,8,72c1a2a23cb8,2
beta,transition,offset,amp_cc,raw,Right ACC – Left DHC,0.09701876650524645,0.07175959414565408,1.3519971463094196,5,0.23431266539561463,0.7740967281596525,0,6,5,72c1a2a23cb8,2
beta,transition,offset,amp_cc,raw,Right ACC – Left OFC,0.14522569487047687,0.03550358912428245,4.090451091074359,7,0.004628330596177494,0.34956304341450695,2,8,8,72c1a2a23cb8,2
beta,transition,offset,amp_cc,raw,Right ACC – Left PER,0.2535954015007731,,,1,,,0,2,2,72c1a2a23cb8,2
beta,transition,offset,amp_cc,raw,Right ACC – Left RSC,0.07076484891285158,0.025578624042554846,2.766561985317152,6,0.032570151167920974,0.49177323596875056,0,7,6,72c1a2a23cb8,2
beta,transition,offset,amp_cc,raw,Right ACC – Right DHC,0.08469328028137252,0.0780051705782555,1.0857393125806634,4,0.338649389279121,0.8607958834187179,0,5,3,72c1a2a23cb8,2
beta,transition,offset,amp_cc,raw,Right ACC – Right OFC,0.014451713374627173,0.04076460816644543,0.3545161851088958,7,0.73339177753023,0.9267781914312468,0,8,3,72c1a2a23cb8,2
beta,transition,offset,amp_cc,raw,Right ACC – Right PER,0.2575129594439471,,,1,,,0,2,2,72c1a2a23cb8,2
beta,transition,offset,amp_cc,raw,Right ACC – Right RSC,0.15562493918999312,0.041109559581744545,3.7856143625314154,5,0.012815889513081914,0.4586525428550682,0,6,5,72c1a2a23cb8,2
beta,transition,offset,amp_cc,raw,Right DHC – Left ACC,0.1384953359036549,0.0794327006197994,1.7435556744640448,4,0.15618767031767095,0.6507819596569623,0,5,4,72c1a2a23cb8,2
beta,transition,offset,amp_cc,raw,Right DHC – Left DHC,-0.04929920094718164,0.08871578372906051,-0.5556981956868264,4,0.6080314680287671,0.8941639235717163,0,5,4,72c1a2a23cb8,2
beta,transition,offset,amp_cc,raw,Right DHC – Left OFC,0.03814970973838809,0.09290196439489379,0.410644812376916,4,0.7023779457518289,0.9134973282899509,0,5,2,72c1a2a23cb8,2
beta,transition,offset,amp_cc,raw,Right DHC – Left PER,-0.061741124999999994,,,,,,0,1,1,72c1a2a23cb8,2
beta,transition,offset,amp_cc,raw,Right DHC – Left RSC,-0.04262452632988176,,,3,,,0,4,2,72c1a2a23cb8,2
beta,transition,offset,amp_cc,raw,Right DHC – Right PER,0.13971377435897436,,,,,,0,1,1,72c1a2a23cb8,2
beta,transition,offset,amp_cc,raw,Right DHC – Right RSC,-0.1422403169866743,,,2,,,0,3,3,72c1a2a23cb8,2
beta,transition,offset,amp_cc,raw,Right OFC – Left ACC,0.03032303588481555,0.07403763751040719,0.4095624455946903,7,0.6943696140896233,0.9083323440125886,0,8,4,72c1a2a23cb8,2
beta,transition,offset,amp_cc,raw,Right OFC – Left DHC,0.10374327572625236,0.05626177389054705,1.843938940284338,5,0.12451529848150585,0.6485818576001103,0,6,5,72c1a2a23cb8,2
beta,transition,offset,amp_cc,raw,Right OFC – Left OFC,-0.03298626715090309,0.05915197620820345,-0.5576528336905913,7,0.5944573405957841,0.8882139205670561,0,8,6,72c1a2a23cb8,2
beta,transition,offset,amp_cc,raw,Right OFC – Left PER,0.06960166276684891,,,1,,,0,2,2,72c1a2a23cb8,2
beta,transition,offset,amp_cc,raw,Right OFC – Left RSC,0.07430274538963519,0.027463290635957288,2.7055295876435026,6,0.035315327389069735,0.49177323596875056,0,7,5,72c1a2a23cb8,2
beta,transition,offset,amp_cc,raw,Right OFC – Right DHC,0.11721596207809136,0.06650691155552371,1.7624628679416707,4,0.15277705979024822,0.6485818576001103,0,5,4,72c1a2a23cb8,2
beta,transition,offset,amp_cc,raw,Right OFC – Right PER,-0.08658149996174634,,,1,,,0,2,1,72c1a2a23cb8,2
beta,transition,offset,amp_cc,raw,Right OFC – Right RSC,0.020104523746830787,0.07070598925129355,0.28433975621751134,5,0.7875496529672625,0.9324897488010881,0,6,3,72c1a2a23cb8,2
beta,transition,offset,amp_cc,raw,Right PER – Left ACC,0.04015392646359076,,,1,,,0,2,2,72c1a2a23cb8,2
beta,transition,offset,amp_cc,raw,Right PER – Left DHC,0.08473724615384615,,,,,,0,1,1,72c1a2a23cb8,2
beta,transition,offset,amp_cc,raw,Right PER – Left OFC,-0.004912317562224548,,,1,,,0,2,1,72c1a2a23cb8,2
beta,transition,offset,amp_cc,raw,Right PER – Left RSC,-0.06481387719654268,,,1,,,0,2,1,72c1a2a23cb8,2
beta,transition,offset,amp_cc,raw,Right RSC – Left ACC,0.018454857963548534,0.048037664894930145,0.3841747512897165,5,0.716644330981354,0.9213998541188838,0,6,4,72c1a2a23cb8,2
beta,transition,offset,amp_cc,raw,Right RSC – Left DHC,-0.04770352297928993,,,3,,,0,4,2,72c1a2a23cb8,2
beta,transition,offset,amp_cc,raw,Right RSC – Left OFC,0.022145184148190177,0.05028293337113417,0.4404115405268505,5,0.6780274291034727,0.9083323440125886,0,6,3,72c1a2a23cb8,2
beta,transition,offset,amp_cc,raw,Right RSC – Left PER,0.14244096026743774,,,1,,,0,2,2,72c1a2a23cb8,2
beta,transition,offset,amp_cc,raw,Right RSC – Left RSC,-0.05864204762604657,0.09652100859192646,-0.6075573440594125,5,0.5700146751099268,0.8882139205670561,0,6,3,72c1a2a23cb8,2
beta,transition,offset,amp_cc,raw,Right RSC – Right PER,-0.06448293233230618,,,1,,,0,2,1,72c1a2a23cb8,2
beta,transition,onset,coherence,minus_fp,Left DHC – Left ACC,0.005516549310417483,0.01803658961943225,0.30585323649400253,5,0.7720411522766614,0.9170285651976838,0,6,3,72c1a2a23cb8,2
beta,transition,onset,coherence,minus_fp,Left DHC – Left OFC,0.013094305556734267,0.011224281981956756,1.166605184882526,5,0.29597991929665435,0.7108380846989577,0,6,3,72c1a2a23cb8,2
beta,transition,onset,coherence,minus_fp,Left OFC – Left ACC,0.05075618407991839,0.045091351398956675,1.1256301376031232,7,0.297429758742728,0.7108380846989577,0,8,5,72c1a2a23cb8,2
beta,transition,onset,coherence,minus_fp,Left PER – Left ACC,-0.023394091158306343,,,1,,,0,2,1,72c1a2a23cb8,2
beta,transition,onset,coherence,minus_fp,Left PER – Left DHC,-0.016881327761420782,,,1,,,0,2,2,72c1a2a23cb8,2
beta,transition,onset,coherence,minus_fp,Left PER – Left OFC,-0.015187932885036018,,,1,,,0,2,1,72c1a2a23cb8,2
beta,transition,onset,coherence,minus_fp,Left PER – Left RSC,0.019540120277138417,,,1,,,0,2,1,72c1a2a23cb8,2
beta,transition,onset,coherence,minus_fp,Left RSC – Left ACC,0.014104739325644128,0.0130312813437662,1.082375474334413,6,0.32065557235440373,0.7108380846989577,0,7,5,72c1a2a23cb8,2
beta,transition,onset,coherence,minus_fp,Left RSC – Left DHC,0.09329633162620941,0.0826629589811132,1.1286352772288943,4,0.32215816369041805,0.7108380846989577,0,5,3,72c1a2a23cb8,2
beta,transition,onset,coherence,minus_fp,Left RSC – Left OFC,0.011117387715815047,0.011485368422126337,0.967960914026721,6,0.37044595244725004,0.7441994580413506,0,7,4,72c1a2a23cb8,2
beta,transition,onset,coherence,minus_fp,Right ACC – Left ACC,0.05038630518982072,0.021995381536526408,2.2907675007204222,7,0.05574443236806227,0.4643274600785167,0,8,7,72c1a2a23cb8,2
beta,transition,onset,coherence,minus_fp,Right ACC – Left DHC,-0.015747978861362935,0.014193486253796538,-1.1095215495171664,5,0.31769670856256926,0.7108380846989577,0,6,4,72c1a2a23cb8,2
beta,transition,onset,coherence,minus_fp,Right ACC – Left OFC,0.019142969267944947,0.01755817066319491,1.0902598929666438,7,0.3117003401748352,0.7108380846989577,0,8,6,72c1a2a23cb8,2
beta,transition,onset,coherence,minus_fp,Right ACC – Left PER,0.03167570120829837,,,1,,,0,2,2,72c1a2a23cb8,2
beta,transition,onset,coherence,minus_fp,Right ACC – Left RSC,-0.018094350929280762,0.01997902183713819,-0.9056675084886242,6,0.40001748842101786,0.7627452109722798,0,7,5,72c1a2a23cb8,2
beta,transition,onset,coherence,minus_fp,Right ACC – Right DHC,-0.0011633833340437695,0.013974828392950592,-0.08324848801940365,4,0.9376536168397611,0.9711684454696837,0,5,3,72c1a2a23cb8,2
beta,transition,onset,coherence,minus_fp,Right ACC – Right OFC,0.023851426350452645,0.013195045048110875,1.8076047685693528,7,0.1136125968076996,0.5557368658762956,0,8,6,72c1a2a23cb8,2
beta,transition,onset,coherence,minus_fp,Right ACC – Right PER,0.007273815261795192,,,1,,,0,2,1,72c1a2a23cb8,2
beta,transition,onset,coherence,minus_fp,Right ACC – Right RSC,0.0293972883510031,0.025703449235119153,1.143709860964379,5,0.3045288666826215,0.7108380846989577,0,6,4,72c1a2a23cb8,2
beta,transition,onset,coherence,minus_fp,Right DHC – Left ACC,-0.003968816053596705,0.023414045086545956,-0.16950578334186447,4,0.8736259474601658,0.9437125259474349,0,5,2,72c1a2a23cb8,2
beta,transition,onset,coherence,minus_fp,Right DHC – Left DHC,0.021758026917017774,0.022860577405574928,0.9517706631378314,4,0.3951093919443185,0.7627452109722798,0,5,3,72c1a2a23cb8,2
beta,transition,onset,coherence,minus_fp,Right DHC – Left OFC,0.021808529301766154,0.013963990385242202,1.5617691433542111,4,0.19337053838106621,0.6292042733521235,0,5,4,72c1a2a23cb8,2
beta,transition,onset,coherence,minus_fp,Right DHC – Left PER,-0.046568449999999977,,,,,,0,1,1,72c1a2a23cb8,2
beta,transition,onset,coherence,minus_fp,Right DHC – Left RSC,0.023383357779443892,,,3,,,0,4,2,72c1a2a23cb8,2
beta,transition,onset,coherence,minus_fp,Right DHC – Right PER,-0.03277564047619047,,,,,,0,1,1,72c1a2a23cb8,2
beta,transition,onset,coherence,minus_fp,Right DHC – Right RSC,0.01687755684030692,,,2,,,0,3,2,72c1a2a23cb8,2
beta,transition,onset,coherence,minus_fp,Right OFC – Left ACC,0.027730565172103424,0.027365582221892098,1.013337298919931,7,0.3446369732069681,0.7315407450147908,0,8,4,72c1a2a23cb8,2
beta,transition,onset,coherence,minus_fp,Right OFC – Left DHC,-0.0037334513697369876,0.012292146326533703,-0.30372656414592114,5,0.7735689987597684,0.9170285651976838,0,6,4,72c1a2a23cb8,2
beta,transition,onset,coherence,minus_fp,Right OFC – Left OFC,0.05236261850458989,0.03254595369837937,1.6088825968924454,7,0.15167737094523331,0.5943144868166501,0,8,5,72c1a2a23cb8,2
beta,transition,onset,coherence,minus_fp,Right OFC – Left PER,0.005187080984960514,,,1,,,0,2,1,72c1a2a23cb8,2
beta,transition,onset,coherence,minus_fp,Right OFC – Left RSC,0.011616070236602993,0.010758071133423778,1.079753990519131,6,0.3217319400041288,0.7108380846989577,0,7,5,72c1a2a23cb8,2
beta,transition,onset,coherence,minus_fp,Right OFC – Right DHC,-0.0005998620586025084,0.012836698212805617,-0.046730245477306524,4,0.9649682513789645,0.9780083628840855,0,5,3,72c1a2a23cb8,2
beta,transition,onset,coherence,minus_fp,Right OFC – Right PER,0.048993918992818214,,,1,,,0,2,1,72c1a2a23cb8,2
beta,transition,onset,coherence,minus_fp,Right OFC – Right RSC,0.012803951897164682,0.02614630736653105,0.489704022739156,5,0.6450711338795544,0.8961543216373716,0,6,4,72c1a2a23cb8,2
beta,transition,onset,coherence,minus_fp,Right PER – Left ACC,0.006020686158386323,,,1,,,0,2,1,72c1a2a23cb8,2
beta,transition,onset,coherence,minus_fp,Right PER – Left DHC,0.02591085833333331,,,,,,0,1,1,72c1a2a23cb8,2
beta,transition,onset,coherence,minus_fp,Right PER – Left OFC,0.05767809979782429,,,1,,,0,2,1,72c1a2a23cb8,2
beta,transition,onset,coherence,minus_fp,Right PER – Left RSC,-0.0485112955689352,,,1,,,0,2,1,72c1a2a23cb8,2
beta,transition,onset,coherence,minus_fp,Right RSC – Left ACC,0.019355967858861074,0.03182765000542314,0.6081494504169486,5,0.5696517011211266,0.8734600727281152,0,6,4,72c1a2a23cb8,2
beta,transition,onset,coherence,minus_fp,Right RSC – Left DHC,0.023110849253892462,,,3,,,0,4,3,72c1a2a23cb8,2
beta,transition,onset,coherence,minus_fp,Right RSC – Left OFC,0.026720593326401792,0.04787324880030099,0.5581529141225484,5,0.6008082357937187,0.8858188961914473,0,6,3,72c1a2a23cb8,2
beta,transition,onset,coherence,minus_fp,Right RSC – Left PER,-0.043037273928937664,,,1,,,0,2,2,72c1a2a23cb8,2
beta,transition,onset,coherence,minus_fp,Right RSC – Left RSC,0.02261591604313447,0.06779894032386734,0.33357329679639497,5,0.7522360249393918,0.9170285651976838,0,6,3,72c1a2a23cb8,2
beta,transition,onset,coherence,minus_fp,Right RSC – Right PER,0.029130701706973572,,,1,,,0,2,1,72c1a2a23cb8,2
beta,transition,onset,raw_cc,minus_fp,Left DHC – Left ACC,0.07450808212386437,0.09077650781415769,0.8207859491180375,5,0.4491161065135692,0.8001239745578229,0,6,3,72c1a2a23cb8,2
beta,transition,onset,raw_cc,minus_fp,Left DHC – Left OFC,0.040948607044086274,0.07453981374627101,0.5493521513680305,5,0.6063972342578947,0.8858188961914473,0,6,3,72c1a2a23cb8,2
beta,transition,onset,raw_cc,minus_fp,Left OFC – Left ACC,0.01735472108750865,0.07793704790087443,0.22267614125674287,7,0.8301455028134889,0.9424023125397405,0,8,4,72c1a2a23cb8,2
beta,transition,onset,raw_cc,minus_fp,Left PER – Left ACC,0.17133096192322436,,,1,,,0,2,2,72c1a2a23cb8,2
beta,transition,onset,raw_cc,minus_fp,Left PER – Left DHC,-0.11124816986831143,,,1,,,0,2,2,72c1a2a23cb8,2
beta,transition,onset,raw_cc,minus_fp,Left PER – Left OFC,-0.06298243333416136,,,1,,,0,2,1,72c1a2a23cb8,2
beta,transition,onset,raw_cc,minus_fp,Left PER – Left RSC,-0.011046486909680003,,,1,,,0,2,1,72c1a2a23cb8,2
beta,transition,onset,raw_cc,minus_fp,Left RSC – Left ACC,0.08840898407252115,0.038586937715159565,2.2911635208042984,6,0.061845274323774894,0.4643274600785167,0,7,5,72c1a2a23cb8,2
beta,transition,onset,raw_cc,minus_fp,Left RSC – Left DHC,0.07313425488548816,0.16753791995238088,0.4365235936215218,4,0.6849857686515846,0.9020057344116943,0,5,2,72c1a2a23cb8,2
beta,transition,onset,raw_cc,minus_fp,Left RSC – Left OFC,-0.019365082348454125,0.04907546880088005,-0.3945980104036594,6,0.7067840168719037,0.9035591124782859,0,7,2,72c1a2a23cb8,2
beta,transition,onset,raw_cc,minus_fp,Right ACC – Left ACC,0.25361031977970766,0.08962573631056758,2.829659539988683,7,0.025418598025224372,0.4085131825482488,0,8,7,72c1a2a23cb8,2
beta,transition,onset,raw_cc,minus_fp,Right ACC – Left DHC,0.12484365042123007,0.05138549674414275,2.429550327066957,5,0.05941358602172298,0.4643274600785167,0,6,5,72c1a2a23cb8,2
beta,transition,onset,raw_cc,minus_fp,Right ACC – Left OFC,0.1292216943003598,0.04138918114196329,3.1221128501463795,7,0.01679397500094301,0.3645520292305012,0,8,7,72c1a2a23cb8,2
beta,transition,onset,raw_cc,minus_fp,Right ACC – Left PER,0.11600818791240096,,,1,,,0,2,1,72c1a2a23cb8,2
beta,transition,onset,raw_cc,minus_fp,Right ACC – Left RSC,0.05683769033767595,0.07619165148777296,0.7459831783118275,6,0.483868381151475,0.8292786284651427,0,7,5,72c1a2a23cb8,2
beta,transition,onset,raw_cc,minus_fp,Right ACC – Right DHC,-0.03382286219305805,0.06305275726723795,-0.5364216199095915,4,0.6201103086574784,0.8858188961914473,0,5,3,72c1a2a23cb8,2
beta,transition,onset,raw_cc,minus_fp,Right ACC – Right OFC,0.10640720477713474,0.054732737102943387,1.944123579586383,7,0.09296873270741242,0.5247499285310924,0,8,6,72c1a2a23cb8,2
beta,transition,onset,raw_cc,minus_fp,Right ACC – Right PER,0.14564315129015007,,,1,,,0,2,1,72c1a2a23cb8,2
beta,transition,onset,raw_cc,minus_fp,Right ACC – Right RSC,0.08711852399100836,0.05919224338224265,1.471789528712869,5,0.2010532245926721,0.6292042733521235,0,6,3,72c1a2a23cb8,2
beta,transition,onset,raw_cc,minus_fp,Right DHC – Left ACC,0.07978430787398029,0.08407719756332706,0.9489410944493796,4,0.39638506021452413,0.7627452109722798,0,5,4,72c1a2a23cb8,2
beta,transition,onset,raw_cc,minus_fp,Right DHC – Left DHC,-0.025520399084781414,0.18582858149262796,-0.1373330134675426,4,0.8974029571863886,0.9437125259474349,0,5,3,72c1a2a23cb8,2
beta,transition,onset,raw_cc,minus_fp,Right DHC – Left OFC,0.017142695539712087,0.0630030173762796,0.27209324653974826,4,0.7990176395385241,0.936348796334208,0,5,4,72c1a2a23cb8,2
beta,transition,onset,raw_cc,minus_fp,Right DHC – Left PER,-0.0015709833333333381,,,,,,0,1,1,72c1a2a23cb8,2
beta,transition,onset,raw_cc,minus_fp,Right DHC – Left RSC,0.022494407693550312,,,3,,,0,4,3,72c1a2a23cb8,2
beta,transition,onset,raw_cc,minus_fp,Right DHC – Right PER,0.21974814999999998,,,,,,0,1,1,72c1a2a23cb8,2
beta,transition,onset,raw_cc,minus_fp,Right DHC – Right RSC,0.050599892103599,,,2,,,0,3,2,72c1a2a23cb8,2
beta,transition,onset,raw_cc,minus_fp,Right OFC – Left ACC,0.06527969609118188,0.06061509844115128,1.0769543854582577,7,0.3172099909752583,0.7108380846989577,0,8,6,72c1a2a23cb8,2
beta,transition,onset,raw_cc,minus_fp,Right OFC – Left DHC,-0.07959302124360774,0.04623238879053197,-1.7215857394742227,5,0.14576379781144064,0.5943144868166501,0,6,5,72c1a2a23cb8,2
beta,transition,onset,raw_cc,minus_fp,Right OFC – Left OFC,0.08042768674250678,0.05190304465810561,1.5495755070304247,7,0.16517559694667072,0.5994275695645308,0,8,5,72c1a2a23cb8,2
beta,transition,onset,raw_cc,minus_fp,Right OFC – Left PER,-0.09110020812827987,,,1,,,0,2,1,72c1a2a23cb8,2
beta,transition,onset,raw_cc,minus_fp,Right OFC – Left RSC,-0.0006677002789393003,0.029922202289778085,-0.022314543310450033,6,0.9829206395750655,0.9845996904990107,0,7,3,72c1a2a23cb8,2
beta,transition,onset,raw_cc,minus_fp,Right OFC – Right DHC,-0.03003329123132033,0.02471208443648648,-1.2153281245258811,4,0.29106657799362845,0.7108380846989577,0,5,3,72c1a2a23cb8,2
beta,transition,onset,raw_cc,minus_fp,Right OFC – Right PER,-0.13783551355990706,,,1,,,0,2,2,72c1a2a23cb8,2
beta,transition,onset,raw_cc,minus_fp,Right OFC – Right RSC,0.09657561436899245,0.0689302669497987,1.4010625323608221,5,0.22010499098591094,0.6516266180503942,0,6,4,72c1a2a23cb8,2
beta,transition,onset,raw_cc,minus_fp,Right PER – Left ACC,0.03055393700722486,,,1,,,0,2,1,72c1a2a23cb8,2
beta,transition,onset,raw_cc,minus_fp,Right PER – Left DHC,-0.02478969999999999,,,,,,0,1,1,72c1a2a23cb8,2
beta,transition,onset,raw_cc,minus_fp,Right PER – Left OFC,0.06678606563655555,,,1,,,0,2,1,72c1a2a23cb8,2
beta,transition,onset,raw_cc,minus_fp,Right PER – Left RSC,-0.11997643494123036,,,1,,,0,2,2,72c1a2a23cb8,2
beta,transition,onset,raw_cc,minus_fp,Right RSC – Left ACC,-0.03231698937203839,0.06665568122775986,-0.48483473241556857,5,0.6482876384133264,0.8961543216373716,0,6,3,72c1a2a23cb8,2
beta,transition,onset,raw_cc,minus_fp,Right RSC – Left DHC,0.08269369797124904,,,3,,,0,4,3,72c1a2a23cb8,2
beta,transition,onset,raw_cc,minus_fp,Right RSC – Left OFC,0.015318893616526053,0.07495072229330561,0.20438620399918805,5,0.8461108182783659,0.9424501688744175,0,6,4,72c1a2a23cb8,2
beta,transition,onset,raw_cc,minus_fp,Right RSC – Left PER,-0.08347132170996932,,,1,,,0,2,2,72c1a2a23cb8,2
beta,transition,onset,raw_cc,minus_fp,Right RSC – Left RSC,0.1031512738858983,0.11011423138797384,0.9367660527226275,5,0.3918839389733652,0.7627452109722798,0,6,3,72c1a2a23cb8,2
beta,transition,onset,raw_cc,minus_fp,Right RSC – Right PER,-0.1378538628565462,,,1,,,0,2,2,72c1a2a23cb8,2
beta,transition,onset,amp_cc,minus_fp,Left DHC – Left ACC,-0.08236960432426298,0.08211187089826472,-1.003138808349862,5,0.36184056563796363,0.7401284297140165,0,6,4,72c1a2a23cb8,2
beta,transition,onset,amp_cc,minus_fp,Left DHC – Left OFC,-0.08489246329406037,0.029848368903033783,-2.8441240313614564,5,0.03607145081554719,0.43524345509920603,0,6,5,72c1a2a23cb8,2
beta,transition,onset,amp_cc,minus_fp,Left OFC – Left ACC,0.010937155102012671,0.04867918380855916,0.22467827614006985,7,0.8286471907746606,0.9424023125397405,0,8,5,72c1a2a23cb8,2
beta,transition,onset,amp_cc,minus_fp,Left PER – Left ACC,-0.04623640158924923,,,1,,,0,2,2,72c1a2a23cb8,2
beta,transition,onset,amp_cc,minus_fp,Left PER – Left DHC,-0.0047683998357622515,,,1,,,0,2,1,72c1a2a23cb8,2
beta,transition,onset,amp_cc,minus_fp,Left PER – Left OFC,-0.04967587732683366,,,1,,,0,2,1,72c1a2a23cb8,2
beta,transition,onset,amp_cc,minus_fp,Left PER – Left RSC,-0.06259011797187139,,,1,,,0,2,1,72c1a2a23cb8,2
beta,transition,onset,amp_cc,minus_fp,Left RSC – Left ACC,-0.002766692581716478,0.049437619514168404,-0.05596330504796185,6,0.9571880872793643,0.9745127585423393,0,7,5,72c1a2a23cb8,2
beta,transition,onset,amp_cc,minus_fp,Left RSC – Left DHC,-0.07788758375906248,0.11866152671267732,-0.6563844736942971,4,0.547418438460648,0.8678045040708594,0,5,3,72c1a2a23cb8,2
beta,transition,onset,amp_cc,minus_fp,Left RSC – Left OFC,-0.02317142083285498,0.04076221914273723,-0.5684533698156993,6,0.5903524054300356,0.8858188961914473,0,7,4,72c1a2a23cb8,2
beta,transition,onset,amp_cc,minus_fp,Right ACC – Left ACC,0.15441643187186177,0.05116615659380004,3.017940806024365,7,0.0194427748922934,0.3645520292305012,0,8,7,72c1a2a23cb8,2
beta,transition,onset,amp_cc,minus_fp,Right ACC – Left DHC,0.006729800289178657,0.05283020876948928,0.12738545703164586,5,0.9035999115742498,0.9437125259474349,0,6,4,72c1a2a23cb8,2
beta,transition,onset,amp_cc,minus_fp,Right ACC – Left OFC,0.08523951994697748,0.04622829883954855,1.8438818231843441,7,0.10772980260960209,0.5557368658762956,0,8,6,72c1a2a23cb8,2
beta,transition,onset,amp_cc,minus_fp,Right ACC – Left PER,0.18847950173486464,,,1,,,0,2,2,72c1a2a23cb8,2
beta,transition,onset,amp_cc,minus_fp,Right ACC – Left RSC,-0.02162344558958575,0.06198496204151801,-0.34884986418322234,6,0.7391177419914798,0.9137444612532031,0,7,5,72c1a2a23cb8,2
beta,transition,onset,amp_cc,minus_fp,Right ACC – Right DHC,0.013137944066579412,0.026474779698851078,0.49624375409437527,4,0.6457536235344403,0.8961543216373716,0,5,3,72c1a2a23cb8,2
beta,transition,onset,amp_cc,minus_fp,Right ACC – Right OFC,0.06524312228952375,0.04717842990746858,1.3829015170171113,7,0.20919824514096683,0.6360757453610478,0,8,5,72c1a2a23cb8,2
beta,transition,onset,amp_cc,minus_fp,Right ACC – Right PER,-0.0010834490533711241,,,1,,,0,2,1,72c1a2a23cb8,2
beta,transition,onset,amp_cc,minus_fp,Right ACC – Right RSC,0.10900710120250534,0.06899371518909164,1.5799569700479048,5,0.17495387498332235,0.6043415371472991,0,6,5,72c1a2a23cb8,2
beta,transition,onset,amp_cc,minus_fp,Right DHC – Left ACC,-0.10467704955856728,0.06278933584935274,-1.6671150943484034,4,0.1708187649527214,0.6043415371472991,0,5,4,72c1a2a23cb8,2
beta,transition,onset,amp_cc,minus_fp,Right DHC – Left DHC,-0.037939846992443405,0.06694616001056825,-0.5667217804046438,4,0.60119090660301,0.8858188961914473,0,5,4,72c1a2a23cb8,2
beta,transition,onset,amp_cc,minus_fp,Right DHC – Left OFC,-0.03749715327328315,0.050329759109102125,-0.7450294604430523,4,0.4976478311377487,0.8294130518962478,0,5,3,72c1a2a23cb8,2
beta,transition,onset,amp_cc,minus_fp,Right DHC – Left PER,-0.1388241,,,,,,0,1,1,72c1a2a23cb8,2
beta,transition,onset,amp_cc,minus_fp,Right DHC – Left RSC,-0.14624722307567103,,,3,,,0,4,4,72c1a2a23cb8,2
beta,transition,onset,amp_cc,minus_fp,Right DHC – Right PER,0.0016102357142857016,,,,,,0,1,1,72c1a2a23cb8,2
beta,transition,onset,amp_cc,minus_fp,Right DHC – Right RSC,-0.017202274102019383,,,2,,,0,3,2,72c1a2a23cb8,2
beta,transition,onset,amp_cc,minus_fp,Right OFC – Left ACC,0.017254195161405205,0.04359266278812822,0.39580502905420395,7,0.7040352960801994,0.9035591124782859,0,8,5,72c1a2a23cb8,2
beta,transition,onset,amp_cc,minus_fp,Right OFC – Left DHC,-0.012998079786173138,0.05022700658168213,-0.2587866701758324,5,0.8061156621596131,0.9397721450047303,0,6,3,72c1a2a23cb8,2
beta,transition,onset,amp_cc,minus_fp,Right OFC – Left OFC,0.052987693284754965,0.03177417313581929,1.6676340579582698,7,0.13932404642061313,0.5943144868166501,0,8,5,72c1a2a23cb8,2
beta,transition,onset,amp_cc,minus_fp,Right OFC – Left PER,0.016387859752418042,,,1,,,0,2,1,72c1a2a23cb8,2
beta,transition,onset,amp_cc,minus_fp,Right OFC – Left RSC,-0.008322210838655131,0.03065282836825279,-0.271498953984764,6,0.7951069784172925,0.936348796334208,0,7,3,72c1a2a23cb8,2
beta,transition,onset,amp_cc,minus_fp,Right OFC – Right DHC,0.010043047568857169,0.03967524338258807,0.2531313411744482,4,0.8126438855857981,0.9424023125397405,0,5,2,72c1a2a23cb8,2
beta,transition,onset,amp_cc,minus_fp,Right OFC – Right PER,-0.006698450895538838,,,1,,,0,2,1,72c1a2a23cb8,2
beta,transition,onset,amp_cc,minus_fp,Right OFC – Right RSC,0.053380870468680716,0.05070351482374259,1.0528041429523227,5,0.3406261495737586,0.7299131776580542,0,6,3,72c1a2a23cb8,2
beta,transition,onset,amp_cc,minus_fp,Right PER – Left ACC,-0.023516621220933974,,,1,,,0,2,1,72c1a2a23cb8,2
beta,transition,onset,amp_cc,minus_fp,Right PER – Left DHC,0.05708633333333333,,,,,,0,1,1,72c1a2a23cb8,2
beta,transition,onset,amp_cc,minus_fp,Right PER – Left OFC,0.045821365371296136,,,1,,,0,2,1,72c1a2a23cb8,2
beta,transition,onset,amp_cc,minus_fp,Right PER – Left RSC,-0.04921143994088397,,,1,,,0,2,1,72c1a2a23cb8,2
beta,transition,onset,amp_cc,minus_fp,Right RSC – Left ACC,-0.02762767374418079,0.06432365376231629,-0.42951032984333254,5,0.6854311129590303,0.9020057344116943,0,6,4,72c1a2a23cb8,2
beta,transition,onset,amp_cc,minus_fp,Right RSC – Left DHC,-0.08167211253115478,,,3,,,0,4,3,72c1a2a23cb8,2
beta,transition,onset,amp_cc,minus_fp,Right RSC – Left OFC,-0.039795232303576136,0.08452594162647252,-0.4708049568904506,5,0.6576038102188334,0.8961543216373716,0,6,4,72c1a2a23cb8,2
beta,transition,onset,amp_cc,minus_fp,Right RSC – Left PER,-0.06095464361452428,,,1,,,0,2,1,72c1a2a23cb8,2
beta,transition,onset,amp_cc,minus_fp,Right RSC – Left RSC,0.014075182869006244,0.11328854501813089,0.12424188929916637,5,0.9059640249095375,0.9437125259474349,0,6,3,72c1a2a23cb8,2
beta,transition,onset,amp_cc,minus_fp,Right RSC – Right PER,-0.02182384959488848,,,1,,,0,2,1,72c1a2a23cb8,2
beta,transition,switch,coherence,minus_fp,Left DHC – Left ACC,0.003393690460401401,0.007622522852542432,0.44521879777237566,5,0.6747754924104487,0.9020057344116943,0,6,3,72c1a2a23cb8,2
beta,transition,switch,coherence,minus_fp,Left DHC – Left OFC,0.00204915547781496,0.009496820060106256,0.21577280235338403,5,0.8376909444797693,0.9424023125397405,0,6,4,72c1a2a23cb8,2
beta,transition,switch,coherence,minus_fp,Left OFC – Left ACC,0.03328675229600415,0.04835300944851914,0.6884111801033636,7,0.5133544480409462,0.8431003708701671,0,8,5,72c1a2a23cb8,2
beta,transition,switch,coherence,minus_fp,Left PER – Left ACC,0.02541748946731252,,,1,,,0,2,1,72c1a2a23cb8,2
beta,transition,switch,coherence,minus_fp,Left PER – Left DHC,-0.0018672343043555745,,,1,,,0,2,1,72c1a2a23cb8,2
beta,transition,switch,coherence,minus_fp,Left PER – Left OFC,0.013712570187091737,,,1,,,0,2,1,72c1a2a23cb8,2
beta,transition,switch,coherence,minus_fp,Left PER – Left RSC,0.05239769764902546,,,1,,,0,2,1,72c1a2a23cb8,2
beta,transition,switch,coherence,minus_fp,Left RSC – Left ACC,0.015689875643292443,0.009266197017303668,1.6932378638176178,6,0.1413529090883154,0.5943144868166501,0,7,5,72c1a2a23cb8,2
beta,transition,switch,coherence,minus_fp,Left RSC – Left DHC,0.09879344861546335,0.0833799252741771,1.1848589248623353,4,0.30166017411299767,0.7108380846989577,0,5,3,72c1a2a23cb8,2
beta,transition,switch,coherence,minus_fp,Left RSC – Left OFC,0.016849335942261276,0.008460020638585513,1.9916424157894759,6,0.09350297085279842,0.5247499285310924,0,7,6,72c1a2a23cb8,2
beta,transition,switch,coherence,minus_fp,Right ACC – Left ACC,0.05580961256941594,0.022627221291517736,2.46648105175589,7,0.04305441452155458,0.4403292394249901,0,8,7,72c1a2a23cb8,2
beta,transition,switch,coherence,minus_fp,Right ACC – Left DHC,-0.004597273157663096,0.014126457411910771,-0.32543708755932604,5,0.7580275884697435,0.9170285651976838,0,6,2,72c1a2a23cb8,2
beta,transition,switch,coherence,minus_fp,Right ACC – Left OFC,0.041531721564423196,0.0195720126036102,2.1219954434712744,7,0.07151047667941078,0.4732310956725713,0,8,8,72c1a2a23cb8,2
beta,transition,switch,coherence,minus_fp,Right ACC – Left PER,0.025412115475594615,,,1,,,0,2,2,72c1a2a23cb8,2
beta,transition,switch,coherence,minus_fp,Right ACC – Left RSC,0.016174538471943892,0.016665459893563443,0.9705425817976284,6,0.3692582218228728,0.7441994580413506,0,7,5,72c1a2a23cb8,2
beta,transition,switch,coherence,minus_fp,Right ACC – Right DHC,0.008772118655224492,0.012642179237158541,0.6938770990875553,4,0.5259483229596631,0.8575244396081464,0,5,3,72c1a2a23cb8,2
beta,transition,switch,coherence,minus_fp,Right ACC – Right OFC,0.030422027468727846,0.016968224559833746,1.7928821817187173,7,0.11608725642749286,0.5557368658762956,0,8,6,72c1a2a23cb8,2
beta,transition,switch,coherence,minus_fp,Right ACC – Right PER,0.05149173199196172,,,1,,,0,2,1,72c1a2a23cb8,2
beta,transition,switch,coherence,minus_fp,Right ACC – Right RSC,0.03687792453104076,0.030643237479424927,1.2034604553713375,5,0.2826638739733782,0.7108380846989577,0,6,5,72c1a2a23cb8,2
beta,transition,switch,coherence,minus_fp,Right DHC – Left ACC,0.009705681082997271,0.029430925390516945,0.32977831835775634,4,0.7581146596212957,0.9170285651976838,0,5,3,72c1a2a23cb8,2
beta,transition,switch,coherence,minus_fp,Right DHC – Left DHC,0.012005095661402997,0.013770664201956986,0.8717876992234638,4,0.4325259555263591,0.8001239745578229,0,5,3,72c1a2a23cb8,2
beta,transition,switch,coherence,minus_fp,Right DHC – Left OFC,0.005660091201767401,0.01197773595912983,0.47255100806034145,4,0.661162743963572,0.8961543216373716,0,5,3,72c1a2a23cb8,2
beta,transition,switch,coherence,minus_fp,Right DHC – Left PER,-0.008139866987179473,,,,,,0,1,1,72c1a2a23cb8,2
beta,transition,switch,coherence,minus_fp,Right DHC – Left RSC,0.007347322924333118,,,3,,,0,4,2,72c1a2a23cb8,2
beta,transition,switch,coherence,minus_fp,Right DHC – Right PER,0.046155702380952346,,,,,,0,1,1,72c1a2a23cb8,2
beta,transition,switch,coherence,minus_fp,Right DHC – Right RSC,0.04959070047849951,,,2,,,0,3,2,72c1a2a23cb8,2
beta,transition,switch,coherence,minus_fp,Right OFC – Left ACC,0.0564557362295358,0.026216826732751282,2.153416079109554,7,0.06826839948179782,0.46546636010316694,0,8,5,72c1a2a23cb8,2
beta,transition,switch,coherence,minus_fp,Right OFC – Left DHC,-0.018170712894087077,0.010968107432187587,-1.6566862611832507,5,0.1584838631511067,0.5943144868166501,0,6,5,72c1a2a23cb8,2
beta,transition,switch,coherence,minus_fp,Right OFC – Left OFC,0.03656895097698695,0.020297234050992867,1.8016716408311866,7,0.11460371211227295,0.5557368658762956,0,8,6,72c1a2a23cb8,2
beta,transition,switch,coherence,minus_fp,Right OFC – Left PER,0.00011621802941258537,,,1,,,0,2,1,72c1a2a23cb8,2
beta,transition,switch,coherence,minus_fp,Right OFC – Left RSC,0.014907719872840342,0.010058870663613068,1.482047077786524,6,0.18884072019312517,0.6292042733521235,0,7,6,72c1a2a23cb8,2
beta,transition,switch,coherence,minus_fp,Right OFC – Right DHC,-0.0025721916126478952,0.010810158587765331,-0.2379420793658881,4,0.823617536232609,0.9424023125397405,0,5,3,72c1a2a23cb8,2
beta,transition,switch,coherence,minus_fp,Right OFC – Right PER,0.05900955256655375,,,1,,,0,2,2,72c1a2a23cb8,2
beta,transition,switch,coherence,minus_fp,Right OFC – Right RSC,0.03717728466920604,0.014362729802155931,2.5884553411027413,5,0.048928286861120794,0.4403545817500871,0,6,6,72c1a2a23cb8,2
beta,transition,switch,coherence,minus_fp,Right PER – Left ACC,0.03262897544625344,,,1,,,0,2,2,72c1a2a23cb8,2
beta,transition,switch,coherence,minus_fp,Right PER – Left DHC,0.04428067499999999,,,,,,0,1,1,72c1a2a23cb8,2
beta,transition,switch,coherence,minus_fp,Right PER – Left OFC,0.08854055235431438,,,1,,,0,2,2,72c1a2a23cb8,2
beta,transition,switch,coherence,minus_fp,Right PER – Left RSC,-0.003983979395428987,,,1,,,0,2,2,72c1a2a23cb8,2
beta,transition,switch,coherence,minus_fp,Right RSC – Left ACC,-0.004192127022462366,0.027422336650215547,-0.15287271380024484,5,0.8844764445217913,0.9437125259474349,0,6,3,72c1a2a23cb8,2
beta,transition,switch,coherence,minus_fp,Right RSC – Left DHC,0.03844363795343607,,,3,,,0,4,4,72c1a2a23cb8,2
beta,transition,switch,coherence,minus_fp,Right RSC – Left OFC,0.019305297736621044,0.036024877521345436,0.5358879492423613,5,0.6150070367486217,0.8858188961914473,0,6,4,72c1a2a23cb8,2
beta,transition,switch,coherence,minus_fp,Right RSC – Left PER,-0.013566794551019126,,,1,,,0,2,1,72c1a2a23cb8,2
beta,transition,switch,coherence,minus_fp,Right RSC – Left RSC,0.025550927136612327,0.06211179096440626,0.41136999497010995,5,0.6978401350349188,0.9023794849589467,0,6,3,72c1a2a23cb8,2
beta,transition,switch,coherence,minus_fp,Right RSC – Right PER,0.04569423541387908,,,1,,,0,2,2,72c1a2a23cb8,2
beta,transition,switch,raw_cc,minus_fp,Left DHC – Left ACC,0.1101933992442832,0.07019908226268508,1.56972706326757,5,0.17727351756320775,0.6043415371472991,0,6,5,72c1a2a23cb8,2
beta,transition,switch,raw_cc,minus_fp,Left DHC – Left OFC,0.03826371251125276,0.060154657441052875,0.6360889437155947,5,0.5526912670220097,0.869619126433232,0,6,3,72c1a2a23cb8,2
beta,transition,switch,raw_cc,minus_fp,Left OFC – Left ACC,-0.05395217235289924,0.08198295341262013,-0.6580901285826823,7,0.531518967556992,0.8582542968129377,0,8,4,72c1a2a23cb8,2
beta,transition,switch,raw_cc,minus_fp,Left PER – Left ACC,0.22642835714690457,,,1,,,0,2,2,72c1a2a23cb8,2
beta,transition,switch,raw_cc,minus_fp,Left PER – Left DHC,-0.018271769912020012,,,1,,,0,2,2,72c1a2a23cb8,2
beta,transition,switch,raw_cc,minus_fp,Left PER – Left OFC,-0.009820083672019538,,,1,,,0,2,1,72c1a2a23cb8,2
beta,transition,switch,raw_cc,minus_fp,Left PER – Left RSC,0.1585498443197119,,,1,,,0,2,2,72c1a2a23cb8,2
beta,transition,switch,raw_cc,minus_fp,Left RSC – Left ACC,0.06889898430103428,0.047852551849656755,1.4398183929145774,6,0.19998302827096218,0.6292042733521235,0,7,5,72c1a2a23cb8,2
beta,transition,switch,raw_cc,minus_fp,Left RSC – Left DHC,0.15248534402508782,0.13767210412760092,1.1075979770292266,4,0.3301522688643125,0.7142717355237529,0,5,3,72c1a2a23cb8,2
beta,transition,switch,raw_cc,minus_fp,Left RSC – Left OFC,0.007970007934098725,0.044823194491939035,0.17780990454689802,6,0.8647234702107555,0.9437125259474349,0,7,4,72c1a2a23cb8,2
beta,transition,switch,raw_cc,minus_fp,Right ACC – Left ACC,0.24253606852308893,0.09020820057314326,2.688625501696313,7,0.031147672958115085,0.43524345509920603,0,8,6,72c1a2a23cb8,2
beta,transition,switch,raw_cc,minus_fp,Right ACC – Left DHC,0.19905763202892646,0.04073774886731354,4.886318894970727,5,0.004528014414022533,0.3645520292305012,2,6,6,72c1a2a23cb8,2
beta,transition,switch,raw_cc,minus_fp,Right ACC – Left OFC,0.11978679295109405,0.074593398047439,1.605863200854766,7,0.15233908476592853,0.5943144868166501,0,8,5,72c1a2a23cb8,2
beta,transition,switch,raw_cc,minus_fp,Right ACC – Left PER,0.21671375838126375,,,1,,,0,2,2,72c1a2a23cb8,2
beta,transition,switch,raw_cc,minus_fp,Right ACC – Left RSC,0.010618352164513924,0.056865317336551084,0.186728091248843,6,0.8580275938128517,0.9437125259474349,0,7,5,72c1a2a23cb8,2
beta,transition,switch,raw_cc,minus_fp,Right ACC – Right DHC,0.03519950854335034,0.08354418094677986,0.42132807030298713,4,0.6951705129444569,0.9023794849589467,0,5,4,72c1a2a23cb8,2
beta,transition,switch,raw_cc,minus_fp,Right ACC – Right OFC,0.06087146326636461,0.033292355901980715,1.8283915817066911,7,0.11020488560694527,0.5557368658762956,0,8,6,72c1a2a23cb8,2
beta,transition,switch,raw_cc,minus_fp,Right ACC – Right PER,0.20466450395056277,,,1,,,0,2,2,72c1a2a23cb8,2
beta,transition,switch,raw_cc,minus_fp,Right ACC – Right RSC,0.10696989050448884,0.06053882479523422,1.7669634464544446,5,0.137484366170804,0.5943144868166501,0,6,3,72c1a2a23cb8,2
beta,transition,switch,raw_cc,minus_fp,Right DHC – Left ACC,0.10442358026709896,0.05979769300926419,1.7462810856419004,4,0.15569109969720632,0.5943144868166501,0,5,4,72c1a2a23cb8,2
beta,transition,switch,raw_cc,minus_fp,Right DHC – Left DHC,0.02383822731191686,0.1482754448501913,0.16076989238509173,4,0.8800674889617209,0.9437125259474349,0,5,3,72c1a2a23cb8,2
beta,transition,switch,raw_cc,minus_fp,Right DHC – Left OFC,0.09224161977962518,0.03882052445044809,2.3761044211900253,4,0.07631203238511533,0.47695020240697084,0,5,4,72c1a2a23cb8,2
beta,transition,switch,raw_cc,minus_fp,Right DHC – Left PER,0.13529434294871795,,,,,,0,1,1,72c1a2a23cb8,2
beta,transition,switch,raw_cc,minus_fp,Right DHC – Left RSC,-0.004653505353106708,,,3,,,0,4,2,72c1a2a23cb8,2
beta,transition,switch,raw_cc,minus_fp,Right DHC – Right PER,0.0689899738095238,,,,,,0,1,1,72c1a2a23cb8,2
beta,transition,switch,raw_cc,minus_fp,Right DHC – Right RSC,-0.034945694230644885,,,2,,,0,3,1,72c1a2a23cb8,2
beta,transition,switch,raw_cc,minus_fp,Right OFC – Left ACC,0.14698769464622843,0.058649881947315824,2.506189096480449,7,0.040622722475925896,0.43524345509920603,0,8,6,72c1a2a23cb8,2
beta,transition,switch,raw_cc,minus_fp,Right OFC – Left DHC,-0.00671174259183778,0.04091825615176915,-0.16402807018323015,5,0.8761335084473197,0.9437125259474349,0,6,4,72c1a2a23cb8,2
beta,transition,switch,raw_cc,minus_fp,Right OFC – Left OFC,0.05546912790379265,0.04928859301994324,1.1253948328642416,7,0.29752290356983463,0.7108380846989577,0,8,5,72c1a2a23cb8,2
beta,transition,switch,raw_cc,minus_fp,Right OFC – Left PER,-0.0029178261902931047,,,1,,,0,2,1,72c1a2a23cb8,2
beta,transition,switch,raw_cc,minus_fp,Right OFC – Left RSC,-0.02380889594123353,0.045834405840606086,-0.5194546652144121,6,0.6220417137699941,0.8858188961914473,0,7,3,72c1a2a23cb8,2
beta,transition,switch,raw_cc,minus_fp,Right OFC – Right DHC,0.010170633304116545,0.01768658616858208,0.5750478474010633,4,0.5960568944659201,0.8858188961914473,0,5,2,72c1a2a23cb8,2
beta,transition,switch,raw_cc,minus_fp,Right OFC – Right PER,-0.018700718330535836,,,1,,,0,2,1,72c1a2a23cb8,2
beta,transition,switch,raw_cc,minus_fp,Right OFC – Right RSC,0.11526086970118854,0.09564694009660446,1.2050659392216185,5,0.2820961330099664,0.7108380846989577,0,6,4,72c1a2a23cb8,2
beta,transition,switch,raw_cc,minus_fp,Right PER – Left ACC,0.02366257210728174,,,1,,,0,2,1,72c1a2a23cb8,2
beta,transition,switch,raw_cc,minus_fp,Right PER – Left DHC,-0.015508999999999995,,,,,,0,1,1,72c1a2a23cb8,2
beta,transition,switch,raw_cc,minus_fp,Right PER – Left OFC,0.21568171417244777,,,1,,,0,2,2,72c1a2a23cb8,2
beta,transition,switch,raw_cc,minus_fp,Right PER – Left RSC,-0.20295299377451007,,,1,,,0,2,2,72c1a2a23cb8,2
beta,transition,switch,raw_cc,minus_fp,Right RSC – Left ACC,-0.13998158733582064,0.03541419183711572,-3.9526974942602933,5,0.010821515512930556,0.3645520292305012,0,6,6,72c1a2a23cb8,2
beta,transition,switch,raw_cc,minus_fp,Right RSC – Left DHC,0.0813888487961169,,,3,,,0,4,2,72c1a2a23cb8,2
beta,transition,switch,raw_cc,minus_fp,Right RSC – Left OFC,0.06087494172872149,0.07925494883517818,0.7680901019230925,5,0.4771225295961238,0.8257889935317527,0,6,4,72c1a2a23cb8,2
beta,transition,switch,raw_cc,minus_fp,Right RSC – Left PER,-0.019339041609116543,,,1,,,0,2,2,72c1a2a23cb8,2
beta,transition,switch,raw_cc,minus_fp,Right RSC – Left RSC,0.07722372814575805,0.16164030153233225,0.477750458355284,5,0.652982841199947,0.8961543216373716,0,6,2,72c1a2a23cb8,2
beta,transition,switch,raw_cc,minus_fp,Right RSC – Right PER,0.16388995401399856,,,1,,,0,2,2,72c1a2a23cb8,2
beta,transition,switch,amp_cc,minus_fp,Left DHC – Left ACC,0.06645308672109472,0.03874317374759111,1.7152205225630617,5,0.14696470673510723,0.5943144868166501,0,6,5,72c1a2a23cb8,2
beta,transition,switch,amp_cc,minus_fp,Left DHC – Left OFC,0.002958495858655838,0.047261554719643384,0.06259836089197028,5,0.9525116981366466,0.9741596912761158,0,6,3,72c1a2a23cb8,2
beta,transition,switch,amp_cc,minus_fp,Left OFC – Left ACC,0.02311671921060118,0.06270135396179914,0.36867974533189607,7,0.7232643124542415,0.9137444612532031,0,8,5,72c1a2a23cb8,2
beta,transition,switch,amp_cc,minus_fp,Left PER – Left ACC,0.08596107703449626,,,1,,,0,2,2,72c1a2a23cb8,2
beta,transition,switch,amp_cc,minus_fp,Left PER – Left DHC,0.11017378748295081,,,1,,,0,2,1,72c1a2a23cb8,2
beta,transition,switch,amp_cc,minus_fp,Left PER – Left OFC,0.03995932262487323,,,1,,,0,2,2,72c1a2a23cb8,2
beta,transition,switch,amp_cc,minus_fp,Left PER – Left RSC,0.08273197330274905,,,1,,,0,2,2,72c1a2a23cb8,2
beta,transition,switch,amp_cc,minus_fp,Left RSC – Left ACC,0.040711872972624664,0.04947521411471596,0.8228741138588682,6,0.44204859547179187,0.8001239745578229,0,7,4,72c1a2a23cb8,2
beta,transition,switch,amp_cc,minus_fp,Left RSC – Left DHC,0.029146021523186235,0.15703964421970273,0.1855965840218675,4,0.8617925305253152,0.9437125259474349,0,5,2,72c1a2a23cb8,2
beta,transition,switch,amp_cc,minus_fp,Left RSC – Left OFC,0.020821209938916795,0.04327766231366902,0.48110754661396127,6,0.6474818981083614,0.8961543216373716,0,7,4,72c1a2a23cb8,2
beta,transition,switch,amp_cc,minus_fp,Right ACC – Left ACC,0.15092565656375204,0.06505190954677614,2.3200803422261975,7,0.05338813615520102,0.46201271672770117,0,8,7,72c1a2a23cb8,2
beta,transition,switch,amp_cc,minus_fp,Right ACC – Left DHC,0.06783273140172452,0.053339579435378474,1.2717147776522062,5,0.2594146491422859,0.7032324826146304,0,6,4,72c1a2a23cb8,2
beta,transition,switch,amp_cc,minus_fp,Right ACC – Left OFC,0.05292491435352063,0.0727970041492704,0.7270204999782407,7,0.49080628335590754,0.8294130518962478,0,8,4,72c1a2a23cb8,2
beta,transition,switch,amp_cc,minus_fp,Right ACC – Left PER,0.11528536415503558,,,1,,,0,2,2,72c1a2a23cb8,2
beta,transition,switch,amp_cc,minus_fp,Right ACC – Left RSC,-0.022139486979168246,0.04243798591194267,-0.5216903324560902,6,0.6205755436720293,0.8858188961914473,0,7,4,72c1a2a23cb8,2
beta,transition,switch,amp_cc,minus_fp,Right ACC – Right DHC,0.08766465089501833,0.04758357471147386,1.8423300776912772,4,0.13922174552230232,0.5943144868166501,0,5,3,72c1a2a23cb8,2
beta,transition,switch,amp_cc,minus_fp,Right ACC – Right OFC,0.1090515869789298,0.0492668445254221,2.21348836178575,7,0.062474761318144924,0.4643274600785167,0,8,6,72c1a2a23cb8,2
beta,transition,switch,amp_cc,minus_fp,Right ACC – Right PER,0.13552629080886067,,,1,,,0,2,2,72c1a2a23cb8,2
beta,transition,switch,amp_cc,minus_fp,Right ACC – Right RSC,0.08794051030389027,0.059438983087184594,1.4795089979063047,5,0.1990719914217362,0.6292042733521235,0,6,4,72c1a2a23cb8,2
beta,transition,switch,amp_cc,minus_fp,Right DHC – Left ACC,-0.017208681991699514,0.03949508614681942,-0.43571703901917797,4,0.6855243581528877,0.9020057344116943,0,5,2,72c1a2a23cb8,2
beta,transition,switch,amp_cc,minus_fp,Right DHC – Left DHC,-0.007915310227345342,0.05265278641734874,-0.15033031993036747,4,0.8877799652012368,0.9437125259474349,0,5,3,72c1a2a23cb8,2
beta,transition,switch,amp_cc,minus_fp,Right DHC – Left OFC,0.01904093914252778,0.06208142988475711,0.3067090944566487,4,0.7743677598737315,0.9170285651976838,0,5,3,72c1a2a23cb8,2
beta,transition,switch,amp_cc,minus_fp,Right DHC – Left PER,-0.20250195993589742,,,,,,0,1,1,72c1a2a23cb8,2
beta,transition,switch,amp_cc,minus_fp,Right DHC – Left RSC,-0.06093129764366922,,,3,,,0,4,2,72c1a2a23cb8,2
beta,transition,switch,amp_cc,minus_fp,Right DHC – Right PER,0.2665988642857143,,,,,,0,1,1,72c1a2a23cb8,2
beta,transition,switch,amp_cc,minus_fp,Right DHC – Right RSC,0.030790822556701822,,,2,,,0,3,2,72c1a2a23cb8,2
beta,transition,switch,amp_cc,minus_fp,Right OFC – Left ACC,0.03945567747195638,0.06464674223007302,0.610327390226974,7,0.5609288951838672,0.8734600727281152,0,8,5,72c1a2a23cb8,2
beta,transition,switch,amp_cc,minus_fp,Right OFC – Left DHC,0.012741687693286041,0.06433119090995082,0.19806391756561034,5,0.8507960228850965,0.9430005179760922,0,6,4,72c1a2a23cb8,2
beta,transition,switch,amp_cc,minus_fp,Right OFC – Left OFC,0.04041686839666402,0.02886206027594832,1.4003459216092309,7,0.20414183090980006,0.6292042733521235,0,8,6,72c1a2a23cb8,2
beta,transition,switch,amp_cc,minus_fp,Right OFC – Left PER,0.12453381500165171,,,1,,,0,2,1,72c1a2a23cb8,2
beta,transition,switch,amp_cc,minus_fp,Right OFC – Left RSC,-0.053580236773947486,0.04219253671625974,-1.2698984451745292,6,0.2511458657920007,0.6973245971784806,0,7,4,72c1a2a23cb8,2
beta,transition,switch,amp_cc,minus_fp,Right OFC – Right DHC,-0.04712648431596634,0.041118506178355926,-1.1461137258136316,4,0.3156518384067224,0.7108380846989577,0,5,4,72c1a2a23cb8,2
beta,transition,switch,amp_cc,minus_fp,Right OFC – Right PER,0.03478918514936681,,,1,,,0,2,2,72c1a2a23cb8,2
beta,transition,switch,amp_cc,minus_fp,Right OFC – Right RSC,0.03384400203876305,0.09462699909834116,0.3576569304875732,5,0.7352020499135717,0.9137444612532031,0,6,3,72c1a2a23cb8,2
beta,transition,switch,amp_cc,minus_fp,Right PER – Left ACC,0.09125454106028213,,,1,,,0,2,2,72c1a2a23cb8,2
beta,transition,switch,amp_cc,minus_fp,Right PER – Left DHC,0.2328004166666667,,,,,,0,1,1,72c1a2a23cb8,2
beta,transition,switch,amp_cc,minus_fp,Right PER – Left OFC,0.05793578582745821,,,1,,,0,2,2,72c1a2a23cb8,2
beta,transition,switch,amp_cc,minus_fp,Right PER – Left RSC,-0.0709900603091167,,,1,,,0,2,1,72c1a2a23cb8,2
beta,transition,switch,amp_cc,minus_fp,Right RSC – Left ACC,-0.06256114211968718,0.06971625148764068,-0.8973681284453171,5,0.4106462910127356,0.7699617956488792,0,6,3,72c1a2a23cb8,2
beta,transition,switch,amp_cc,minus_fp,Right RSC – Left DHC,-0.02100084992550665,,,3,,,0,4,2,72c1a2a23cb8,2
beta,transition,switch,amp_cc,minus_fp,Right RSC – Left OFC,-0.011562673783960439,0.08718604392126417,-0.13262069551409444,5,0.8996652877456437,0.9437125259474349,0,6,4,72c1a2a23cb8,2
beta,transition,switch,amp_cc,minus_fp,Right RSC – Left PER,-0.0659707931484195,,,1,,,0,2,2,72c1a2a23cb8,2
beta,transition,switch,amp_cc,minus_fp,Right RSC – Left RSC,0.136740132483373,0.0974403626317633,1.4033212602063827,5,0.21947088641813864,0.6516266180503942,0,6,4,72c1a2a23cb8,2
beta,transition,switch,amp_cc,minus_fp,Right RSC – Right PER,-0.044913674938649964,,,1,,,0,2,1,72c1a2a23cb8,2
beta,transition,offset,coherence,minus_fp,Left DHC – Left ACC,0.013319863337575828,0.021961696838108894,0.60650428952569,5,0.5706605808490353,0.8734600727281152,0,6,3,72c1a2a23cb8,2
beta,transition,offset,coherence,minus_fp,Left DHC – Left OFC,0.0165349092509521,0.015116379981462319,1.093840540607564,5,0.32389967175977286,0.7108380846989577,0,6,4,72c1a2a23cb8,2
beta,transition,offset,coherence,minus_fp,Left OFC – Left ACC,0.04069211599648088,0.0505184810916841,0.8054896963871554,7,0.4470307048182173,0.8001239745578229,0,8,6,72c1a2a23cb8,2
beta,transition,offset,coherence,minus_fp,Left PER – Left ACC,0.009800856038236112,,,1,,,0,2,1,72c1a2a23cb8,2
beta,transition,offset,coherence,minus_fp,Left PER – Left DHC,0.023494201417425333,,,1,,,0,2,2,72c1a2a23cb8,2
beta,transition,offset,coherence,minus_fp,Left PER – Left OFC,-0.012159832089253062,,,1,,,0,2,1,72c1a2a23cb8,2
beta,transition,offset,coherence,minus_fp,Left PER – Left RSC,0.03886555493688441,,,1,,,0,2,2,72c1a2a23cb8,2
beta,transition,offset,coherence,minus_fp,Left RSC – Left ACC,0.024839149799559555,0.011965183392763477,2.0759522845744454,6,0.08319939599344607,0.505942272933118,0,7,5,72c1a2a23cb8,2
beta,transition,offset,coherence,minus_fp,Left RSC – Left DHC,0.09615253110670542,0.09296210345581808,1.0343196585735999,4,0.35941831724192946,0.7401284297140165,0,5,3,72c1a2a23cb8,2
beta,transition,offset,coherence,minus_fp,Left RSC – Left OFC,0.00024427320924918627,0.009777474392407112,0.024983262491475446,6,0.9808784940099354,0.9845996904990107,0,7,4,72c1a2a23cb8,2
beta,transition,offset,coherence,minus_fp,Right ACC – Left ACC,0.06078757213883124,0.022248486308534793,2.7322115894020342,7,0.029245140091138485,0.43524345509920603,0,8,6,72c1a2a23cb8,2
beta,transition,offset,coherence,minus_fp,Right ACC – Left DHC,-0.0036076531844572057,0.011922232094646972,-0.3025988049735272,5,0.7743796772780441,0.9170285651976838,0,6,4,72c1a2a23cb8,2
beta,transition,offset,coherence,minus_fp,Right ACC – Left OFC,0.03754042140753563,0.022014744196408326,1.7052399552142101,7,0.13191998952132614,0.5943144868166501,0,8,6,72c1a2a23cb8,2
beta,transition,offset,coherence,minus_fp,Right ACC – Left PER,0.06960661529115372,,,1,,,0,2,2,72c1a2a23cb8,2
beta,transition,offset,coherence,minus_fp,Right ACC – Left RSC,0.012933081576266298,0.020305045371920603,0.6369393093871718,6,0.5476810647913868,0.8678045040708594,0,7,5,72c1a2a23cb8,2
beta,transition,offset,coherence,minus_fp,Right ACC – Right DHC,0.005878139989558439,0.01640739149073503,0.3582617013117364,4,0.7382546020849677,0.9137444612532031,0,5,3,72c1a2a23cb8,2
beta,transition,offset,coherence,minus_fp,Right ACC – Right OFC,0.04913667049341788,0.011408012977394546,4.307206749394855,7,0.0035351948928698837,0.3645520292305012,2,8,7,72c1a2a23cb8,2
beta,transition,offset,coherence,minus_fp,Right ACC – Right PER,0.04393550429431043,,,1,,,0,2,1,72c1a2a23cb8,2
beta,transition,offset,coherence,minus_fp,Right ACC – Right RSC,0.045892897262409846,0.02792910121764838,1.6431927724695328,5,0.16126461797149413,0.5948285089112488,0,6,5,72c1a2a23cb8,2
beta,transition,offset,coherence,minus_fp,Right DHC – Left ACC,0.0086486108056722,0.009404488536904365,0.9196258543709199,4,0.40980786290540794,0.7699617956488792,0,5,3,72c1a2a23cb8,2
beta,transition,offset,coherence,minus_fp,Right DHC – Left DHC,0.0176256512873989,0.011578124152672007,1.5223235694299615,4,0.20258668981954242,0.6292042733521235,0,5,3,72c1a2a23cb8,2
beta,transition,offset,coherence,minus_fp,Right DHC – Left OFC,0.009045500062014373,0.012515471727662542,0.7227454353175835,4,0.5098349384989104,0.8431003708701671,0,5,3,72c1a2a23cb8,2
beta,transition,offset,coherence,minus_fp,Right DHC – Left PER,-0.013045395833333362,,,,,,0,1,1,72c1a2a23cb8,2
beta,transition,offset,coherence,minus_fp,Right DHC – Left RSC,0.008032592748791563,,,3,,,0,4,2,72c1a2a23cb8,2
beta,transition,offset,coherence,minus_fp,Right DHC – Right PER,0.03521016904761903,,,,,,0,1,1,72c1a2a23cb8,2
beta,transition,offset,coherence,minus_fp,Right DHC – Right RSC,0.045767743025076274,,,2,,,0,3,2,72c1a2a23cb8,2
beta,transition,offset,coherence,minus_fp,Right OFC – Left ACC,0.05645541889700474,0.016878470530236046,3.344818406138794,7,0.012337970771068253,0.3645520292305012,0,8,7,72c1a2a23cb8,2
beta,transition,offset,coherence,minus_fp,Right OFC – Left DHC,-0.009549209070969606,0.012965445343169776,-0.7365122306423627,5,0.49450187985375454,0.8294130518962478,0,6,4,72c1a2a23cb8,2
beta,transition,offset,coherence,minus_fp,Right OFC – Left OFC,0.05345201289510287,0.0206554486935641,2.587792387766316,7,0.03606055839227476,0.43524345509920603,0,8,7,72c1a2a23cb8,2
beta,transition,offset,coherence,minus_fp,Right OFC – Left PER,0.013404731966624372,,,1,,,0,2,1,72c1a2a23cb8,2
beta,transition,offset,coherence,minus_fp,Right OFC – Left RSC,0.00455953299793768,0.009841948104237686,0.4632754562051048,6,0.6594951943388387,0.8961543216373716,0,7,4,72c1a2a23cb8,2
beta,transition,offset,coherence,minus_fp,Right OFC – Right DHC,0.020004161149744258,0.007067632861181208,2.830390534236236,4,0.04732630019933385,0.4403545817500871,0,5,4,72c1a2a23cb8,2
beta,transition,offset,coherence,minus_fp,Right OFC – Right PER,0.0732514586421839,,,1,,,0,2,2,72c1a2a23cb8,2
beta,transition,offset,coherence,minus_fp,Right OFC – Right RSC,0.04313560084332636,0.025402034677813205,1.6981159734027964,5,0.1502412543669005,0.5943144868166501,0,6,5,72c1a2a23cb8,2
beta,transition,offset,coherence,minus_fp,Right PER – Left ACC,0.029932612929783033,,,1,,,0,2,1,72c1a2a23cb8,2
beta,transition,offset,coherence,minus_fp,Right PER – Left DHC,0.014097300641025656,,,,,,0,1,1,72c1a2a23cb8,2
beta,transition,offset,coherence,minus_fp,Right PER – Left OFC,0.05932768651389464,,,1,,,0,2,1,72c1a2a23cb8,2
beta,transition,offset,coherence,minus_fp,Right PER – Left RSC,-0.03400653493629984,,,1,,,0,2,2,72c1a2a23cb8,2
beta,transition,offset,coherence,minus_fp,Right RSC – Left ACC,0.01414624459671466,0.030950477207664456,0.4570606295275971,5,0.6667992692776082,0.8983822490267177,0,6,3,72c1a2a23cb8,2
beta,transition,offset,coherence,minus_fp,Right RSC – Left DHC,0.07013395361745266,,,3,,,0,4,4,72c1a2a23cb8,2
beta,transition,offset,coherence,minus_fp,Right RSC – Left OFC,0.020615576242816482,0.025615294675924022,0.8048151115822686,5,0.4574722048711753,0.8001239745578229,0,6,4,72c1a2a23cb8,2
beta,transition,offset,coherence,minus_fp,Right RSC – Left PER,0.006008518504330702,,,1,,,0,2,1,72c1a2a23cb8,2
beta,transition,offset,coherence,minus_fp,Right RSC – Left RSC,0.0404860741203319,0.06548639637859241,0.6182364026609785,5,0.5634906644068762,0.8734600727281152,0,6,4,72c1a2a23cb8,2
beta,transition,offset,coherence,minus_fp,Right RSC – Right PER,0.013018061092028053,,,1,,,0,2,1,72c1a2a23cb8,2
beta,transition,offset,raw_cc,minus_fp,Left DHC – Left ACC,0.07992236878173199,0.07213089716973695,1.1080185041045632,5,0.3182867919754517,0.7108380846989577,0,6,4,72c1a2a23cb8,2
beta,transition,offset,raw_cc,minus_fp,Left DHC – Left OFC,0.05790940096060338,0.06276657565837458,0.9226152670139631,5,0.3985428169008993,0.7627452109722798,0,6,5,72c1a2a23cb8,2
beta,transition,offset,raw_cc,minus_fp,Left OFC – Left ACC,0.0937365985500587,0.10355361156926507,0.9051987384076898,7,0.3954464551082888,0.7627452109722798,0,8,5,72c1a2a23cb8,2
beta,transition,offset,raw_cc,minus_fp,Left PER – Left ACC,0.3131346645683151,,,1,,,0,2,2,72c1a2a23cb8,2
beta,transition,offset,raw_cc,minus_fp,Left PER – Left DHC,0.031202121021411962,,,1,,,0,2,1,72c1a2a23cb8,2
beta,transition,offset,raw_cc,minus_fp,Left PER – Left OFC,0.010668043843063794,,,1,,,0,2,2,72c1a2a23cb8,2
beta,transition,offset,raw_cc,minus_fp,Left PER – Left RSC,0.05832393878218949,,,1,,,0,2,1,72c1a2a23cb8,2
beta,transition,offset,raw_cc,minus_fp,Left RSC – Left ACC,0.03840494545700969,0.07173836721765772,0.5353473593912056,6,0.6116607389981809,0.8858188961914473,0,7,4,72c1a2a23cb8,2
beta,transition,offset,raw_cc,minus_fp,Left RSC – Left DHC,0.17150137670561988,0.209384657270197,0.8190732737609744,4,0.4587377454131518,0.8001239745578229,0,5,3,72c1a2a23cb8,2
beta,transition,offset,raw_cc,minus_fp,Left RSC – Left OFC,-0.008471018053977621,0.0625786736851405,-0.13536589312517006,6,0.8967497459998148,0.9437125259474349,0,7,4,72c1a2a23cb8,2
beta,transition,offset,raw_cc,minus_fp,Right ACC – Left ACC,0.2087532951921498,0.08246894927329607,2.5312956819706365,7,0.03915874565006251,0.43524345509920603,0,8,6,72c1a2a23cb8,2
beta,transition,offset,raw_cc,minus_fp,Right ACC – Left DHC,0.16740754806141941,0.05262979362202469,3.180851311401726,5,0.024514826493666736,0.4085131825482488,0,6,6,72c1a2a23cb8,2
beta,transition,offset,raw_cc,minus_fp,Right ACC – Left OFC,0.05955500980421967,0.04689507966858939,1.2699628665757439,7,0.24468173676884844,0.6968783642150747,0,8,5,72c1a2a23cb8,2
beta,transition,offset,raw_cc,minus_fp,Right ACC – Left PER,0.08371984028985405,,,1,,,0,2,2,72c1a2a23cb8,2
beta,transition,offset,raw_cc,minus_fp,Right ACC – Left RSC,0.09073146799338966,0.09168783788362425,0.9895692829898718,6,0.3605970534893687,0.7401284297140165,0,7,5,72c1a2a23cb8,2
beta,transition,offset,raw_cc,minus_fp,Right ACC – Right DHC,-0.020521180518287704,0.05581645271809954,-0.3676546881603123,4,0.731758073585494,0.9137444612532031,0,5,3,72c1a2a23cb8,2
beta,transition,offset,raw_cc,minus_fp,Right ACC – Right OFC,0.1708434674919573,0.04968702374997252,3.4383920508430896,7,0.010860847180324321,0.3645520292305012,0,8,7,72c1a2a23cb8,2
beta,transition,offset,raw_cc,minus_fp,Right ACC – Right PER,0.18376564560813907,,,1,,,0,2,1,72c1a2a23cb8,2
beta,transition,offset,raw_cc,minus_fp,Right ACC – Right RSC,0.13042290210311672,0.06361538339714629,2.0501786696606996,5,0.09562109808788793,0.5247499285310924,0,6,4,72c1a2a23cb8,2
beta,transition,offset,raw_cc,minus_fp,Right DHC – Left ACC,0.12006851760334049,0.0692347560083482,1.7342231637078758,4,0.1579008049218061,0.5943144868166501,0,5,3,72c1a2a23cb8,2
beta,transition,offset,raw_cc,minus_fp,Right DHC – Left DHC,-0.029184905459546405,0.13181129454757262,-0.22141429958426775,4,0.835613775676592,0.9424023125397405,0,5,3,72c1a2a23cb8,2
beta,transition,offset,raw_cc,minus_fp,Right DHC – Left OFC,0.005638503952376249,0.07718309118258276,0.07305361661452399,4,0.9452706202571589,0.9711684454696837,0,5,2,72c1a2a23cb8,2
beta,transition,offset,raw_cc,minus_fp,Right DHC – Left PER,0.018990895833333334,,,,,,0,1,1,72c1a2a23cb8,2
beta,transition,offset,raw_cc,minus_fp,Right DHC – Left RSC,-0.11058764189366625,,,3,,,0,4,3,72c1a2a23cb8,2
beta,transition,offset,raw_cc,minus_fp,Right DHC – Right PER,-0.11078030311355312,,,,,,0,1,1,72c1a2a23cb8,2
beta,transition,offset,raw_cc,minus_fp,Right DHC – Right RSC,0.0053815436922444795,,,2,,,0,3,2,72c1a2a23cb8,2
beta,transition,offset,raw_cc,minus_fp,Right OFC – Left ACC,0.15945350231923414,0.07285160853823028,2.188743742501689,7,0.06479883453991941,0.4643274600785167,0,8,6,72c1a2a23cb8,2
beta,transition,offset,raw_cc,minus_fp,Right OFC – Left DHC,-0.035453164089817045,0.04221909308190054,-0.8397424364621401,5,0.4393471951435312,0.8001239745578229,0,6,4,72c1a2a23cb8,2
beta,transition,offset,raw_cc,minus_fp,Right OFC – Left OFC,0.13851221589867746,0.0449254019996367,3.0831602998187435,7,0.01773648149828131,0.3645520292305012,0,8,7,72c1a2a23cb8,2
beta,transition,offset,raw_cc,minus_fp,Right OFC – Left PER,0.018454481924583748,,,1,,,0,2,1,72c1a2a23cb8,2
beta,transition,offset,raw_cc,minus_fp,Right OFC – Left RSC,0.051044300957907476,0.0688592576771328,0.7412845081375105,6,0.4865101286995504,0.8292786284651427,0,7,4,72c1a2a23cb8,2
beta,transition,offset,raw_cc,minus_fp,Right OFC – Right DHC,0.02787041842406606,0.019580033768399195,1.4234101306325102,4,0.22771017705310267,0.665386880999326,0,5,4,72c1a2a23cb8,2
beta,transition,offset,raw_cc,minus_fp,Right OFC – Right PER,0.03211096304423855,,,1,,,0,2,1,72c1a2a23cb8,2
beta,transition,offset,raw_cc,minus_fp,Right OFC – Right RSC,0.1730336131312472,0.046408737124142514,3.7284706254424784,5,0.013592468280525169,0.3645520292305012,0,6,6,72c1a2a23cb8,2
beta,transition,offset,raw_cc,minus_fp,Right PER – Left ACC,0.20506945934292997,,,1,,,0,2,2,72c1a2a23cb8,2
beta,transition,offset,raw_cc,minus_fp,Right PER – Left DHC,-0.11303803076923077,,,,,,0,1,1,72c1a2a23cb8,2
beta,transition,offset,raw_cc,minus_fp,Right PER – Left OFC,0.1468709008562887,,,1,,,0,2,1,72c1a2a23cb8,2
beta,transition,offset,raw_cc,minus_fp,Right PER – Left RSC,-0.10236040731344703,,,1,,,0,2,2,72c1a2a23cb8,2
beta,transition,offset,raw_cc,minus_fp,Right RSC – Left ACC,-0.004724841635969771,0.06490659661192802,-0.0727944751782206,5,0.9447919579567235,0.9711684454696837,0,6,4,72c1a2a23cb8,2
beta,transition,offset,raw_cc,minus_fp,Right RSC – Left DHC,-0.05286371621390211,,,3,,,0,4,2,72c1a2a23cb8,2
beta,transition,offset,raw_cc,minus_fp,Right RSC – Left OFC,0.03752843453745535,0.05622317036781327,0.6674905433461591,5,0.5340248957947168,0.8582542968129377,0,6,4,72c1a2a23cb8,2
beta,transition,offset,raw_cc,minus_fp,Right RSC – Left PER,0.10802151279253183,,,1,,,0,2,2,72c1a2a23cb8,2
beta,transition,offset,raw_cc,minus_fp,Right RSC – Left RSC,0.14285377294573318,0.17140883195971976,0.8334096400546217,5,0.4425926601767201,0.8001239745578229,0,6,3,72c1a2a23cb8,2
beta,transition,offset,raw_cc,minus_fp,Right RSC – Right PER,-0.08452256103980714,,,1,,,0,2,2,72c1a2a23cb8,2
beta,transition,offset,amp_cc,minus_fp,Left DHC – Left ACC,0.0010735131887647507,0.05291831966306005,0.020286229714019492,5,0.9845996904990107,0.9845996904990107,0,6,3,72c1a2a23cb8,2
beta,transition,offset,amp_cc,minus_fp,Left DHC – Left OFC,0.06826409615309523,0.04300936025485984,1.5871916194192108,5,0.17333142775867516,0.6043415371472991,0,6,5,72c1a2a23cb8,2
beta,transition,offset,amp_cc,minus_fp,Left OFC – Left ACC,0.022750745727645683,0.0553482245125746,0.4110474351797306,7,0.6933298860114161,0.9023794849589467,0,8,5,72c1a2a23cb8,2
beta,transition,offset,amp_cc,minus_fp,Left PER – Left ACC,0.06206411234000932,,,1,,,0,2,2,72c1a2a23cb8,2
beta,transition,offset,amp_cc,minus_fp,Left PER – Left DHC,0.06569846222722359,,,1,,,0,2,2,72c1a2a23cb8,2
beta,transition,offset,amp_cc,minus_fp,Left PER – Left OFC,-0.01096046447565522,,,1,,,0,2,1,72c1a2a23cb8,2
beta,transition,offset,amp_cc,minus_fp,Left PER – Left RSC,0.05275409855292624,,,1,,,0,2,1,72c1a2a23cb8,2
beta,transition,offset,amp_cc,minus_fp,Left RSC – Left ACC,0.0211508272468038,0.026702133741832747,0.7921025132784791,6,0.458464378459596,0.8001239745578229,0,7,4,72c1a2a23cb8,2
beta,transition,offset,amp_cc,minus_fp,Left RSC – Left DHC,0.026299124230774098,0.11891660080323799,0.2211560375349881,4,0.8358016689386738,0.9424023125397405,0,5,3,72c1a2a23cb8,2
beta,transition,offset,amp_cc,minus_fp,Left RSC – Left OFC,-0.0060711858554176905,0.0299118352977267,-0.20296935293298773,6,0.8458670712099335,0.9424501688744175,0,7,4,72c1a2a23cb8,2
beta,transition,offset,amp_cc,minus_fp,Right ACC – Left ACC,0.10835850501200683,0.049799027167310723,2.1759161006891308,7,0.06603768321116682,0.4643274600785167,0,8,7,72c1a2a23cb8,2
beta,transition,offset,amp_cc,minus_fp,Right ACC – Left DHC,0.046359550001733495,0.023319291995476478,1.9880341997830127,5,0.1035096838565001,0.5545161635169648,0,6,4,72c1a2a23cb8,2
beta,transition,offset,amp_cc,minus_fp,Right ACC – Left OFC,0.10189376345165288,0.04034696456614437,2.5254381475119243,7,0.03949535394160235,0.43524345509920603,0,8,7,72c1a2a23cb8,2
beta,transition,offset,amp_cc,minus_fp,Right ACC – Left PER,0.12413933234670357,,,1,,,0,2,2,72c1a2a23cb8,2
beta,transition,offset,amp_cc,minus_fp,Right ACC – Left RSC,0.03794820395169469,0.0300947384506711,1.2609580911924643,6,0.2541360754161574,0.6973245971784806,0,7,5,72c1a2a23cb8,2
beta,transition,offset,amp_cc,minus_fp,Right ACC – Right DHC,0.038366491743227295,0.03425482811266589,1.1200316526779213,4,0.3254058787733007,0.7108380846989577,0,5,3,72c1a2a23cb8,2
beta,transition,offset,amp_cc,minus_fp,Right ACC – Right OFC,0.0395988684657623,0.035061305500857516,1.1294179694704696,7,0.2959336375515487,0.7108380846989577,0,8,5,72c1a2a23cb8,2
beta,transition,offset,amp_cc,minus_fp,Right ACC – Right PER,-0.008903216789093376,,,1,,,0,2,1,72c1a2a23cb8,2
beta,transition,offset,amp_cc,minus_fp,Right ACC – Right RSC,0.13921877823473713,0.041013405239196624,3.3944701109988635,5,0.019366998639107676,0.3645520292305012,0,6,6,72c1a2a23cb8,2
beta,transition,offset,amp_cc,minus_fp,Right DHC – Left ACC,0.05598231747519524,0.05292199944138292,1.057826954123341,4,0.34978637011850744,0.735532086697796,0,5,3,72c1a2a23cb8,2
beta,transition,offset,amp_cc,minus_fp,Right DHC – Left DHC,-0.020617597230276306,0.03541810377776619,-0.582120300952392,4,0.5917181073629441,0.8858188961914473,0,5,3,72c1a2a23cb8,2
beta,transition,offset,amp_cc,minus_fp,Right DHC – Left OFC,0.020465681420696644,0.0587972492873428,0.3480720895748139,4,0.745332089346619,0.9163919131310888,0,5,2,72c1a2a23cb8,2
beta,transition,offset,amp_cc,minus_fp,Right DHC – Left PER,-0.17138379166666667,,,,,,0,1,1,72c1a2a23cb8,2
beta,transition,offset,amp_cc,minus_fp,Right DHC – Left RSC,0.016988973092772235,,,3,,,0,4,2,72c1a2a23cb8,2
beta,transition,offset,amp_cc,minus_fp,Right DHC – Right PER,0.21562623864468866,,,,,,0,1,1,72c1a2a23cb8,2
beta,transition,offset,amp_cc,minus_fp,Right DHC – Right RSC,-0.04473801030382026,,,2,,,0,3,2,72c1a2a23cb8,2
beta,transition,offset,amp_cc,minus_fp,Right OFC – Left ACC,0.1330223102593018,0.03468230126833449,3.835452244939506,7,0.006412260076065466,0.3645520292305012,2,8,8,72c1a2a23cb8,2
beta,transition,offset,amp_cc,minus_fp,Right OFC – Left DHC,0.06719434193927436,0.04933251798637373,1.3620699830856857,5,0.2313275172421875,0.6672909151216947,0,6,4,72c1a2a23cb8,2
beta,transition,offset,amp_cc,minus_fp,Right OFC – Left OFC,0.07623179068101092,0.0366328048267236,2.0809706229592306,7,0.0759761830239493,0.47695020240697084,0,8,7,72c1a2a23cb8,2
beta,transition,offset,amp_cc,minus_fp,Right OFC – Left PER,0.14816754976576968,,,1,,,0,2,2,72c1a2a23cb8,2
beta,transition,offset,amp_cc,minus_fp,Right OFC – Left RSC,0.11172053792554652,0.03154631512908303,3.5414766342250115,6,0.012197093278034116,0.3645520292305012,0,7,6,72c1a2a23cb8,2
beta,transition,offset,amp_cc,minus_fp,Right OFC – Right DHC,0.054146643769326236,0.040631187151784966,1.3326375024941284,4,0.2534964004799875,0.6973245971784806,0,5,3,72c1a2a23cb8,2
beta,transition,offset,amp_cc,minus_fp,Right OFC – Right PER,0.05424268809592993,,,1,,,0,2,2,72c1a2a23cb8,2
beta,transition,offset,amp_cc,minus_fp,Right OFC – Right RSC,0.11522583662002985,0.04451071631903581,2.588721237243972,5,0.04891253468993015,0.4403545817500871,0,6,4,72c1a2a23cb8,2
beta,transition,offset,amp_cc,minus_fp,Right PER – Left ACC,0.06698619085630456,,,1,,,0,2,2,72c1a2a23cb8,2
beta,transition,offset,amp_cc,minus_fp,Right PER – Left DHC,0.23628399615384615,,,,,,0,1,1,72c1a2a23cb8,2
beta,transition,offset,amp_cc,minus_fp,Right PER – Left OFC,0.10228798009453514,,,1,,,0,2,2,72c1a2a23cb8,2
beta,transition,offset,amp_cc,minus_fp,Right PER – Left RSC,-0.0637978264183541,,,1,,,0,2,1,72c1a2a23cb8,2
beta,transition,offset,amp_cc,minus_fp,Right RSC – Left ACC,0.05451439564193813,0.04537053055513955,1.201537539343647,5,0.2833452118857556,0.7108380846989577,0,6,4,72c1a2a23cb8,2
beta,transition,offset,amp_cc,minus_fp,Right RSC – Left DHC,-0.002345531188366688,,,3,,,0,4,2,72c1a2a23cb8,2
beta,transition,offset,amp_cc,minus_fp,Right RSC – Left OFC,0.09868753361459968,0.047233852092289925,2.0893390914163583,5,0.09097618195823852,0.5247499285310924,0,6,5,72c1a2a23cb8,2
beta,transition,offset,amp_cc,minus_fp,Right RSC – Left PER,0.06220197760379952,,,1,,,0,2,1,72c1a2a23cb8,2
beta,transition,offset,amp_cc,minus_fp,Right RSC – Left RSC,0.045823653122346035,0.12226512398378757,0.37478924184808643,5,0.7231880663257597,0.9137444612532031,0,6,2,72c1a2a23cb8,2
beta,transition,offset,amp_cc,minus_fp,Right RSC – Right PER,0.029434143459576664,,,1,,,0,2,2,72c1a2a23cb8,2
gamma_low,state,pre,coherence,raw,Left DHC – Left ACC,0.058587004090743494,0.06322530942568054,0.9266384715698508,5,0.3966405132960413,0.8442974075297226,0,6,3,5200533bf224,2
gamma_low,state,pre,coherence,raw,Left DHC – Left OFC,0.05750749008478448,0.05803275267898712,0.9909488595671452,5,0.36721218778038617,0.8442974075297226,0,6,3,5200533bf224,2
gamma_low,state,pre,coherence,raw,Left OFC – Left ACC,0.003795014816267999,0.06808946535040594,0.055735711783575836,7,0.9571098315138594,0.9836624647141085,0,8,2,5200533bf224,2
gamma_low,state,pre,coherence,raw,Left PER – Left ACC,0.017009332795253004,,,1,,,0,2,1,5200533bf224,2
gamma_low,state,pre,coherence,raw,Left PER – Left DHC,0.03991294967548042,,,1,,,0,2,2,5200533bf224,2
gamma_low,state,pre,coherence,raw,Left PER – Left OFC,-0.004483489387357378,,,1,,,0,2,1,5200533bf224,2
gamma_low,state,pre,coherence,raw,Left PER – Left RSC,0.02603317297164352,,,1,,,0,2,1,5200533bf224,2
gamma_low,state,pre,coherence,raw,Left RSC – Left ACC,-0.0047969272000409555,0.01656882342550877,-0.2895152586788859,6,0.7819310501705965,0.9219638776991746,0,7,4,5200533bf224,2
gamma_low,state,pre,coherence,raw,Left RSC – Left DHC,-0.006153696080095924,0.07456980923663974,-0.08252262065694432,4,0.9381956868297306,0.9836624647141085,0,5,4,5200533bf224,2
gamma_low,state,pre,coherence,raw,Left RSC – Left OFC,-0.0049785237660058415,0.008067431697585023,-0.6171138415087118,6,0.5598336851423895,0.8677665056543626,0,7,4,5200533bf224,2
gamma_low,state,pre,coherence,raw,Right ACC – Left ACC,0.1453074402276598,0.08373914347407747,1.7352391510027991,7,0.12628222908575984,0.8442974075297226,0,8,6,5200533bf224,2
gamma_low,state,pre,coherence,raw,Right ACC – Left DHC,0.07182918999497985,0.058980691593327646,1.2178424507166294,5,0.27761431054440233,0.8442974075297226,0,6,3,5200533bf224,2
gamma_low,state,pre,coherence,raw,Right ACC – Left OFC,0.044946765039727304,0.049555226085900066,0.9070035310063088,7,0.3945546968853061,0.8442974075297226,0,8,4,5200533bf224,2
gamma_low,state,pre,coherence,raw,Right ACC – Left PER,0.09647320552859524,,,1,,,0,2,2,5200533bf224,2
gamma_low,state,pre,coherence,raw,Right ACC – Left RSC,-0.004775785014178767,0.011339387175982363,-0.42116782327480823,6,0.688302850165966,0.8993441435103149,0,7,5,5200533bf224,2
gamma_low,state,pre,coherence,raw,Right ACC – Right DHC,0.06974931009401858,0.07408933952202512,0.9414216747509762,4,0.3997920920951752,0.8442974075297226,0,5,3,5200533bf224,2
gamma_low,state,pre,coherence,raw,Right ACC – Right OFC,0.013968016007166406,0.03792128665974168,0.36834235432193946,7,0.7235048794101907,0.9158289612787225,0,8,3,5200533bf224,2
gamma_low,state,pre,coherence,raw,Right ACC – Right PER,0.10397290211563956,,,1,,,0,2,2,5200533bf224,2
gamma_low,state,pre,coherence,raw,Right ACC – Right RSC,0.042210208975166176,0.026161714473008017,1.6134343572442842,5,0.1675695782042147,0.8442974075297226,0,6,4,5200533bf224,2
gamma_low,state,pre,coherence,raw,Right DHC – Left ACC,0.06903563410921637,0.07884784886038661,0.875555073562699,4,0.4307000435927333,0.8442974075297226,0,5,2,5200533bf224,2
gamma_low,state,pre,coherence,raw,Right DHC – Left DHC,0.03631636807055724,0.07710578872162384,0.470994054696344,4,0.6621826140246165,0.8927413279447913,0,5,2,5200533bf224,2
gamma_low,state,pre,coherence,raw,Right DHC – Left OFC,0.06503442711587783,0.07205248812297083,0.9025979367275231,4,0.41777822378615637,0.8442974075297226,0,5,2,5200533bf224,2
gamma_low,state,pre,coherence,raw,Right DHC – Left PER,0.0061572384615384565,,,,,,0,1,1,5200533bf224,2
gamma_low,state,pre,coherence,raw,Right DHC – Left RSC,-0.030985425966713675,,,3,,,0,4,3,5200533bf224,2
gamma_low,state,pre,coherence,raw,Right DHC – Right PER,0.027672044444444446,,,,,,0,1,1,5200533bf224,2
gamma_low,state,pre,coherence,raw,Right DHC – Right RSC,-0.029977386693016007,,,2,,,0,3,2,5200533bf224,2
gamma_low,state,pre,coherence,raw,Right OFC – Left ACC,0.005425625945829316,0.04207827415481154,0.12894126612388426,7,0.9010307242901673,0.9793812220545296,0,8,3,5200533bf224,2
gamma_low,state,pre,coherence,raw,Right OFC – Left DHC,0.034959464052517396,0.04942764450384275,0.7072856577213481,5,0.5109820548188169,0.8563945052829333,0,6,2,5200533bf224,2
gamma_low,state,pre,coherence,raw,Right OFC – Left OFC,-0.000879856095631301,0.04468006218509611,-0.019692365064003733,7,0.9848383355075888,0.991447988766029,0,8,5,5200533bf224,2
gamma_low,state,pre,coherence,raw,Right OFC – Left PER,-0.00897675251910401,,,1,,,0,2,1,5200533bf224,2
gamma_low,state,pre,coherence,raw,Right OFC – Left RSC,-0.008644451691749626,0.0058809084648339845,-1.4699177420360776,6,0.19198074404923765,0.8442974075297226,0,7,5,5200533bf224,2
gamma_low,state,pre,coherence,raw,Right OFC – Right DHC,0.04048086496901578,0.05180982328464817,0.7813357082229369,4,0.4782637171406502,0.8525931338747639,0,5,2,5200533bf224,2
gamma_low,state,pre,coherence,raw,Right OFC – Right PER,-0.05529806216721073,,,1,,,0,2,1,5200533bf224,2
gamma_low,state,pre,coherence,raw,Right OFC – Right RSC,-0.025675621885926925,0.019353288922393363,-1.3266800278178092,5,0.24197490836224542,0.8442974075297226,0,6,3,5200533bf224,2
gamma_low,state,pre,coherence,raw,Right PER – Left ACC,-0.0008301155882579552,,,1,,,0,2,1,5200533bf224,2
gamma_low,state,pre,coherence,raw,Right PER – Left DHC,-0.001690266666666676,,,,,,0,1,1,5200533bf224,2
gamma_low,state,pre,coherence,raw,Right PER – Left OFC,-0.05722356467377619,,,1,,,0,2,1,5200533bf224,2
gamma_low,state,pre,coherence,raw,Right PER – Left RSC,-0.014326501677367013,,,1,,,0,2,1,5200533bf224,2
gamma_low,state,pre,coherence,raw,Right RSC – Left ACC,-0.004998597756846212,0.014791857444711927,-0.3379290109798351,5,0.7491430626201645,0.9219638776991746,0,6,3,5200533bf224,2
gamma_low,state,pre,coherence,raw,Right RSC – Left DHC,0.010046949843078468,,,3,,,0,4,2,5200533bf224,2
gamma_low,state,pre,coherence,raw,Right RSC – Left OFC,-0.018904296086522842,0.01913610977476295,-0.9878860598643812,5,0.3685721236343294,0.8442974075297226,0,6,4,5200533bf224,2
gamma_low,state,pre,coherence,raw,Right RSC – Left PER,0.02849571938066813,,,1,,,0,2,2,5200533bf224,2
gamma_low,state,pre,coherence,raw,Right RSC – Left RSC,-0.025891441991796927,0.02387790688321601,-1.0843262819655373,5,0.3277138263849992,0.8442974075297226,0,6,3,5200533bf224,2
gamma_low,state,pre,coherence,raw,Right RSC – Right PER,-0.053305273797877556,,,1,,,0,2,1,5200533bf224,2
gamma_low,state,pre,raw_cc,raw,Left DHC – Left ACC,0.02750060078206619,0.08222829575558813,0.33444206193702225,5,0.7516186975266836,0.9219638776991746,0,6,3,5200533bf224,2
gamma_low,state,pre,raw_cc,raw,Left DHC – Left OFC,0.012782874220732035,0.06394781896379013,0.1998953901456783,5,0.8494380601495334,0.9580128497927068,0,6,2,5200533bf224,2
gamma_low,state,pre,raw_cc,raw,Left OFC – Left ACC,-0.03685373339862195,0.08189458656040528,-0.45001427989918125,7,0.666305712323842,0.8927413279447913,0,8,5,5200533bf224,2
gamma_low,state,pre,raw_cc,raw,Left PER – Left ACC,0.03014739482479468,,,1,,,0,2,1,5200533bf224,2
gamma_low,state,pre,raw_cc,raw,Left PER – Left DHC,0.05831761976987825,,,1,,,0,2,2,5200533bf224,2
gamma_low,state,pre,raw_cc,raw,Left PER – Left OFC,-0.07643227961519665,,,1,,,0,2,2,5200533bf224,2
gamma_low,state,pre,raw_cc,raw,Left PER – Left RSC,-0.05123583792855797,,,1,,,0,2,2,5200533bf224,2
gamma_low,state,pre,raw_cc,raw,Left RSC – Left ACC,-0.08280726154958054,0.044052820909610574,-1.8797266517730602,6,0.10919639217331978,0.8442974075297226,0,7,4,5200533bf224,2
gamma_low,state,pre,raw_cc,raw,Left RSC – Left DHC,-0.011012092321832586,0.14251003291736686,-0.07727240038052512,4,0.9421176799197714,0.9836624647141085,0,5,3,5200533bf224,2
gamma_low,state,pre,raw_cc,raw,Left RSC – Left OFC,-0.021586495245266107,0.03669727225670639,-0.5882316019093544,6,0.5778310891026497,0.8711021443758538,0,7,5,5200533bf224,2
gamma_low,state,pre,raw_cc,raw,Right ACC – Left ACC,0.1243800859275587,0.1126241793307654,1.1043817292756242,7,0.305937460736731,0.8442974075297226,0,8,4,5200533bf224,2
gamma_low,state,pre,raw_cc,raw,Right ACC – Left DHC,0.04224100319516438,0.06469463966105636,0.6529289507827927,5,0.5426283406788419,0.8677665056543626,0,6,2,5200533bf224,2
gamma_low,state,pre,raw_cc,raw,Right ACC – Left OFC,0.020769990748368976,0.04521953037175102,0.4593146053844059,7,0.6599316014502263,0.8927413279447913,0,8,3,5200533bf224,2
gamma_low,state,pre,raw_cc,raw,Right ACC – Left PER,0.22748968461257926,,,1,,,0,2,2,5200533bf224,2
gamma_low,state,pre,raw_cc,raw,Right ACC – Left RSC,0.005778628394394305,0.018791317490771658,0.3075158725423146,6,0.7688453268840858,0.9219638776991746,0,7,4,5200533bf224,2
gamma_low,state,pre,raw_cc,raw,Right ACC – Right DHC,0.037721933936332816,0.06059121826280722,0.6225643751330169,4,0.5673043486527971,0.8677665056543626,0,5,2,5200533bf224,2
gamma_low,state,pre,raw_cc,raw,Right ACC – Right OFC,-0.02149326234244418,0.04965160193910897,-0.4328815486920802,7,0.6781252970835339,0.8927413279447913,0,8,4,5200533bf224,2
gamma_low,state,pre,raw_cc,raw,Right ACC – Right PER,0.2316772019286197,,,1,,,0,2,2,5200533bf224,2
gamma_low,state,pre,raw_cc,raw,Right ACC – Right RSC,0.13349041712473692,0.07238345109295342,1.844211834460768,5,0.1244716132097654,0.8442974075297226,0,6,5,5200533bf224,2
gamma_low,state,pre,raw_cc,raw,Right DHC – Left ACC,0.04630229055327825,0.09002033611574581,0.5143536733049293,4,0.6341179529854017,0.8927413279447913,0,5,3,5200533bf224,2
gamma_low,state,pre,raw_cc,raw,Right DHC – Left DHC,-0.022122073285013803,0.08146377089772489,-0.2715571970365495,4,0.7994016943122308,0.9295368538514313,0,5,4,5200533bf224,2
gamma_low,state,pre,raw_cc,raw,Right DHC – Left OFC,0.004595001928099617,0.07180033305580008,0.06399694447835753,4,0.9520432017934798,0.9836624647141085,0,5,1,5200533bf224,2
gamma_low,state,pre,raw_cc,raw,Right DHC – Left PER,0.0003239384615384628,,,,,,0,1,1,5200533bf224,2
gamma_low,state,pre,raw_cc,raw,Right DHC – Left RSC,-0.08566412056554297,,,3,,,0,4,3,5200533bf224,2
gamma_low,state,pre,raw_cc,raw,Right DHC – Right PER,0.045755666666666674,,,,,,0,1,1,5200533bf224,2
gamma_low,state,pre,raw_cc,raw,Right DHC – Right RSC,-0.04965480362439237,,,2,,,0,3,2,5200533bf224,2
gamma_low,state,pre,raw_cc,raw,Right OFC – Left ACC,-0.10841243327546694,0.06427365985478511,-1.6867319135148913,7,0.13551627539291597,0.8442974075297226,0,8,7,5200533bf224,2
gamma_low,state,pre,raw_cc,raw,Right OFC – Left DHC,0.06529866274193198,0.051668979599399,1.263788510015234,5,0.2620225576651807,0.8442974075297226,0,6,4,5200533bf224,2
gamma_low,state,pre,raw_cc,raw,Right OFC – Left OFC,-0.08897290688801035,0.06551494263990568,-1.3580551749398349,7,0.21659166042726097,0.8442974075297226,0,8,6,5200533bf224,2
gamma_low,state,pre,raw_cc,raw,Right OFC – Left PER,-0.15494258703242736,,,1,,,0,2,2,5200533bf224,2
gamma_low,state,pre,raw_cc,raw,Right OFC – Left RSC,-0.008741743187483518,0.017484076605553345,-0.4999831209105398,6,0.6348912002065026,0.8927413279447913,0,7,4,5200533bf224,2
gamma_low,state,pre,raw_cc,raw,Right OFC – Right DHC,0.0014453747608556028,0.05914436746035071,0.02443807961636508,4,0.9816737203839389,0.991447988766029,0,5,1,5200533bf224,2
gamma_low,state,pre,raw_cc,raw,Right OFC – Right PER,-0.0372873931230094,,,1,,,0,2,1,5200533bf224,2
gamma_low,state,pre,raw_cc,raw,Right OFC – Right RSC,-0.11586051039900475,0.04436736826518398,-2.6113901934977504,5,0.047589813227235614,0.8442974075297226,0,6,6,5200533bf224,2
gamma_low,state,pre,raw_cc,raw,Right PER – Left ACC,-0.055263305023085754,,,1,,,0,2,2,5200533bf224,2
gamma_low,state,pre,raw_cc,raw,Right PER – Left DHC,0.015502866666666667,,,,,,0,1,1,5200533bf224,2
gamma_low,state,pre,raw_cc,raw,Right PER – Left OFC,-0.0892952882022216,,,1,,,0,2,2,5200533bf224,2
gamma_low,state,pre,raw_cc,raw,Right PER – Left RSC,-0.06380513495960047,,,1,,,0,2,1,5200533bf224,2
gamma_low,state,pre,raw_cc,raw,Right RSC – Left ACC,-0.0163394137988768,0.05438416728171713,-0.300444313401665,5,0.7759293178515153,0.9219638776991746,0,6,4,5200533bf224,2
gamma_low,state,pre,raw_cc,raw,Right RSC – Left DHC,0.05219197627313199,,,3,,,0,4,3,5200533bf224,2
gamma_low,state,pre,raw_cc,raw,Right RSC – Left OFC,-0.04808634367231473,0.03552498726530222,-1.3535921438395946,5,0.23383759098427095,0.8442974075297226,0,6,4,5200533bf224,2
gamma_low,state,pre,raw_cc,raw,Right RSC – Left PER,0.0446051811340254,,,1,,,0,2,1,5200533bf224,2
gamma_low,state,pre,raw_cc,raw,Right RSC – Left RSC,-0.07927856337905766,0.06808914815232973,-1.1643347806568949,5,0.29681812365329896,0.8442974075297226,0,6,4,5200533bf224,2
gamma_low,state,pre,raw_cc,raw,Right RSC – Right PER,-0.07483486057192577,,,1,,,0,2,1,5200533bf224,2
gamma_low,state,pre,amp_cc,raw,Left DHC – Left ACC,-0.004298758688109351,0.08449013947145309,-0.05087882106718245,5,0.9613921047354986,0.9836624647141085,0,6,4,5200533bf224,2
gamma_low,state,pre,amp_cc,raw,Left DHC – Left OFC,0.043264295113233625,0.06983653048786025,0.6195080828185515,5,0.5627169549289308,0.8677665056543626,0,6,2,5200533bf224,2
gamma_low,state,pre,amp_cc,raw,Left OFC – Left ACC,-0.015488974918315697,0.07367813397079953,-0.21022485347490424,7,0.8394802858619902,0.950851612136467,0,8,6,5200533bf224,2
gamma_low,state,pre,amp_cc,raw,Left PER – Left ACC,0.031444484242689995,,,1,,,0,2,1,5200533bf224,2
gamma_low,state,pre,amp_cc,raw,Left PER – Left DHC,-0.020146088792473715,,,1,,,0,2,1,5200533bf224,2
gamma_low,state,pre,amp_cc,raw,Left PER – Left OFC,-0.0779601577140166,,,1,,,0,2,2,5200533bf224,2
gamma_low,state,pre,amp_cc,raw,Left PER – Left RSC,0.02473959666450832,,,1,,,0,2,2,5200533bf224,2
gamma_low,state,pre,amp_cc,raw,Left RSC – Left ACC,-0.04185513721398543,0.03008090023621001,-1.3914190361763885,6,0.21349661960835808,0.8442974075297226,0,7,5,5200533bf224,2
gamma_low,state,pre,amp_cc,raw,Left RSC – Left DHC,-0.013439668807024099,0.08129465699360587,-0.16532044422158246,4,0.8767106305106289,0.9743409389389965,0,5,3,5200533bf224,2
gamma_low,state,pre,amp_cc,raw,Left RSC – Left OFC,-0.04228472691778809,0.024315243184071366,-1.7390213454862062,6,0.13268980034695982,0.8442974075297226,0,7,6,5200533bf224,2
gamma_low,state,pre,amp_cc,raw,Right ACC – Left ACC,0.1827678810718543,0.0771719833998225,2.368319084465499,7,0.04972900551107692,0.8442974075297226,0,8,7,5200533bf224,2
gamma_low,state,pre,amp_cc,raw,Right ACC – Left DHC,0.085316160290499,0.06197968884032302,1.3765180478768981,5,0.2271078737571213,0.8442974075297226,0,6,4,5200533bf224,2
gamma_low,state,pre,amp_cc,raw,Right ACC – Left OFC,0.05373184045232055,0.05024387038930965,1.069420807672353,7,0.32036409086417866,0.8442974075297226,0,8,4,5200533bf224,2
gamma_low,state,pre,amp_cc,raw,Right ACC – Left PER,0.11050768221797112,,,1,,,0,2,2,5200533bf224,2
gamma_low,state,pre,amp_cc,raw,Right ACC – Left RSC,-0.03599893293982301,0.011877328175901253,-3.0308948617639255,6,0.023071347027354264,0.8442974075297226,0,7,6,5200533bf224,2
gamma_low,state,pre,amp_cc,raw,Right ACC – Right DHC,0.059463366510929566,0.07367063348188536,0.8071515568757912,4,0.4648375638607463,0.8442974075297226,0,5,3,5200533bf224,2
gamma_low,state,pre,amp_cc,raw,Right ACC – Right OFC,0.019692061127905416,0.045169676013699596,0.43595754642855916,7,0.6759959191139527,0.8927413279447913,0,8,4,5200533bf224,2
gamma_low,state,pre,amp_cc,raw,Right ACC – Right PER,0.08319711675073012,,,1,,,0,2,2,5200533bf224,2
gamma_low,state,pre,amp_cc,raw,Right ACC – Right RSC,0.027650919803120615,0.019532087538765768,1.4156663873352615,5,0.2160356136237232,0.8442974075297226,0,6,5,5200533bf224,2
gamma_low,state,pre,amp_cc,raw,Right DHC – Left ACC,0.06370341167858919,0.07937030689526398,0.8026101217253876,4,0.46717789883311317,0.8442974075297226,0,5,2,5200533bf224,2
gamma_low,state,pre,amp_cc,raw,Right DHC – Left DHC,0.007583342553146147,0.08588254751525527,0.08829899406278233,4,0.9338831037972213,0.9836624647141085,0,5,2,5200533bf224,2
gamma_low,state,pre,amp_cc,raw,Right DHC – Left OFC,0.060112249849149466,0.07810281672347341,0.7696553385773477,4,0.4844359771024387,0.8525931338747639,0,5,2,5200533bf224,2
gamma_low,state,pre,amp_cc,raw,Right DHC – Left PER,-0.009746269230769225,,,,,,0,1,1,5200533bf224,2
gamma_low,state,pre,amp_cc,raw,Right DHC – Left RSC,-0.06626378146620607,,,3,,,0,4,3,5200533bf224,2
gamma_low,state,pre,amp_cc,raw,Right DHC – Right PER,0.04792082222222222,,,,,,0,1,1,5200533bf224,2
gamma_low,state,pre,amp_cc,raw,Right DHC – Right RSC,-0.041127030989598704,,,2,,,0,3,2,5200533bf224,2
gamma_low,state,pre,amp_cc,raw,Right OFC – Left ACC,-0.026884248528161243,0.05360903686241853,-0.5014872510609842,7,0.631412355404462,0.8927413279447913,0,8,7,5200533bf224,2
gamma_low,state,pre,amp_cc,raw,Right OFC – Left DHC,0.03943103626879335,0.06982328606243328,0.5647261607472276,5,0.5966540015778149,0.8889077876856678,0,6,3,5200533bf224,2
gamma_low,state,pre,amp_cc,raw,Right OFC – Left OFC,-0.05036874287462976,0.0585347464210651,-0.8604930567616398,7,0.4180121052551503,0.8442974075297226,0,8,6,5200533bf224,2
gamma_low,state,pre,amp_cc,raw,Right OFC – Left PER,-0.08977850900220116,,,1,,,0,2,2,5200533bf224,2
gamma_low,state,pre,amp_cc,raw,Right OFC – Left RSC,-0.0440382926754576,0.013261129797071433,-3.320855262662684,6,0.01598735102082936,0.8442974075297226,0,7,6,5200533bf224,2
gamma_low,state,pre,amp_cc,raw,Right OFC – Right DHC,0.043412514639448445,0.06692630068653967,0.6486615006972833,4,0.5519164366076269,0.8677665056543626,0,5,2,5200533bf224,2
gamma_low,state,pre,amp_cc,raw,Right OFC – Right PER,-0.10163264715004365,,,1,,,0,2,1,5200533bf224,2
gamma_low,state,pre,amp_cc,raw,Right OFC – Right RSC,-0.04030141076866749,0.028358604389403425,-1.4211351946404898,5,0.2145301605287831,0.8442974075297226,0,6,5,5200533bf224,2
gamma_low,state,pre,amp_cc,raw,Right PER – Left ACC,-0.06098389557854619,,,1,,,0,2,2,5200533bf224,2
gamma_low,state,pre,amp_cc,raw,Right PER – Left DHC,-0.011906800000000006,,,,,,0,1,1,5200533bf224,2
gamma_low,state,pre,amp_cc,raw,Right PER – Left OFC,-0.09038003046268826,,,1,,,0,2,2,5200533bf224,2
gamma_low,state,pre,amp_cc,raw,Right PER – Left RSC,-0.007692103594876578,,,1,,,0,2,1,5200533bf224,2
gamma_low,state,pre,amp_cc,raw,Right RSC – Left ACC,-0.00413694133973567,0.029187505228380033,-0.14173672286705674,5,0.8928218644859581,0.9775421873933848,0,6,3,5200533bf224,2
gamma_low,state,pre,amp_cc,raw,Right RSC – Left DHC,-0.03755394182899885,,,3,,,0,4,4,5200533bf224,2
gamma_low,state,pre,amp_cc,raw,Right RSC – Left OFC,-0.02900327259165158,0.047588474874316736,-0.6094600145991336,5,0.5688488163104372,0.8677665056543626,0,6,4,5200533bf224,2
gamma_low,state,pre,amp_cc,raw,Right RSC – Left PER,-0.019556713977591088,,,1,,,0,2,2,5200533bf224,2
gamma_low,state,pre,amp_cc,raw,Right RSC – Left RSC,-0.04254937569031624,0.05645061212899743,-0.7537451603374123,5,0.48496231010751584,0.8525931338747639,0,6,4,5200533bf224,2
gamma_low,state,pre,amp_cc,raw,Right RSC – Right PER,-0.05821083383339291,,,1,,,0,2,1,5200533bf224,2
gamma_low,state,cue1,coherence,raw,Left DHC – Left ACC,0.06807565197467316,0.06607562416937597,1.0302687690118582,5,0.3501191600616945,0.8442974075297226,0,6,3,5200533bf224,2
gamma_low,state,cue1,coherence,raw,Left DHC – Left OFC,0.05768195395854979,0.06200386420672198,0.9302961145492019,5,0.39491735041844267,0.8442974075297226,0,6,3,5200533bf224,2
gamma_low,state,cue1,coherence,raw,Left OFC – Left ACC,0.03120684543147322,0.07188066354151941,0.43414798770531177,7,0.6772482136250397,0.8927413279447913,0,8,3,5200533bf224,2
gamma_low,state,cue1,coherence,raw,Left PER – Left ACC,0.04215602420296284,,,1,,,0,2,2,5200533bf224,2
gamma_low,state,cue1,coherence,raw,Left PER – Left DHC,0.04816433658928203,,,1,,,0,2,2,5200533bf224,2
gamma_low,state,cue1,coherence,raw,Left PER – Left OFC,0.0013643863058343145,,,1,,,0,2,1,5200533bf224,2
gamma_low,state,cue1,coherence,raw,Left PER – Left RSC,0.03225948107479747,,,1,,,0,2,1,5200533bf224,2
gamma_low,state,cue1,coherence,raw,Left RSC – Left ACC,-0.005379436512303432,0.016686033811437743,-0.3223915624943778,6,0.7580936997984776,0.9219638776991746,0,7,5,5200533bf224,2
gamma_low,state,cue1,coherence,raw,Left RSC – Left DHC,0.011970497319378859,0.07660965614793898,0.15625311378846202,4,0.8834024513046903,0.9743409389389965,0,5,2,5200533bf224,2
gamma_low,state,cue1,coherence,raw,Left RSC – Left OFC,-0.004620979626382358,0.005496736219789135,-0.8406769838701896,6,0.4327475277298942,0.8442974075297226,0,7,5,5200533bf224,2
gamma_low,state,cue1,coherence,raw,Right ACC – Left ACC,0.1651924739799046,0.08717633433529952,1.8949233784542685,7,0.09994932313135615,0.8442974075297226,0,8,7,5200533bf224,2
gamma_low,state,cue1,coherence,raw,Right ACC – Left DHC,0.08149280612613771,0.061624252748194226,1.3224145120124915,5,0.243288560857294,0.8442974075297226,0,6,4,5200533bf224,2
gamma_low,state,cue1,coherence,raw,Right ACC – Left OFC,0.057526140641315365,0.04797866654585285,1.1989941526686254,7,0.26953861405321605,0.8442974075297226,0,8,6,5200533bf224,2
gamma_low,state,cue1,coherence,raw,Right ACC – Left PER,0.10319026832110438,,,1,,,0,2,2,5200533bf224,2
gamma_low,state,cue1,coherence,raw,Right ACC – Left RSC,0.0077299810023810835,0.01077753840965775,0.7172306614518069,6,0.5001879718731947,0.8525931338747639,0,7,4,5200533bf224,2
gamma_low,state,cue1,coherence,raw,Right ACC – Right DHC,0.07752564558914346,0.07046037989152103,1.1002728868124176,4,0.33297795881073006,0.8442974075297226,0,5,3,5200533bf224,2
gamma_low,state,cue1,coherence,raw,Right ACC – Right OFC,0.02479011645203392,0.038215425560110886,0.64869397864065,7,0.5372283244235789,0.8677665056543626,0,8,5,5200533bf224,2
gamma_low,state,cue1,coherence,raw,Right ACC – Right PER,0.13242559866381817,,,1,,,0,2,2,5200533bf224,2
gamma_low,state,cue1,coherence,raw,Right ACC – Right RSC,0.06935264179874087,0.03233610812953587,2.14474300744294,5,0.08480695025830581,0.8442974075297226,0,6,5,5200533bf224,2
gamma_low,state,cue1,coherence,raw,Right DHC – Left ACC,0.07158602182636527,0.0777948025162078,0.920190289209244,4,0.40954585475122546,0.8442974075297226,0,5,2,5200533bf224,2
gamma_low,state,cue1,coherence,raw,Right DHC – Left DHC,0.04176090684955819,0.08447347247818685,0.4943671146032489,4,0.6469664929861392,0.8927413279447913,0,5,1,5200533bf224,2
gamma_low,state,cue1,coherence,raw,Right DHC – Left OFC,0.0735582361959551,0.0751009464199458,0.9794581786577728,4,0.382810907857727,0.8442974075297226,0,5,2,5200533bf224,2
gamma_low,state,cue1,coherence,raw,Right DHC – Left PER,-0.0018341233766233783,,,,,,0,1,1,5200533bf224,2
gamma_low,state,cue1,coherence,raw,Right DHC – Left RSC,-0.020901047121395767,,,3,,,0,4,4,5200533bf224,2
gamma_low,state,cue1,coherence,raw,Right DHC – Right PER,0.03413417692307692,,,,,,0,1,1,5200533bf224,2
gamma_low,state,cue1,coherence,raw,Right DHC – Right RSC,-0.035837775684083785,,,2,,,0,3,2,5200533bf224,2
gamma_low,state,cue1,coherence,raw,Right OFC – Left ACC,0.013798180194073056,0.046535614175374454,0.29650796360123527,7,0.7754464150331936,0.9219638776991746,0,8,3,5200533bf224,2
gamma_low,state,cue1,coherence,raw,Right OFC – Left DHC,0.03665368582998445,0.05042983470219079,0.7268254208335155,5,0.49992215693982855,0.8525931338747639,0,6,2,5200533bf224,2
gamma_low,state,cue1,coherence,raw,Right OFC – Left OFC,-0.00015110266105402642,0.049206799955706745,-0.003070767885536973,7,0.9976355654799566,0.9976355654799566,0,8,5,5200533bf224,2
gamma_low,state,cue1,coherence,raw,Right OFC – Left PER,-0.018955392974089984,,,1,,,0,2,1,5200533bf224,2
gamma_low,state,cue1,coherence,raw,Right OFC – Left RSC,-0.00159365673603825,0.003220673846733711,-0.49482090142548213,6,0.6383215737428264,0.8927413279447913,0,7,4,5200533bf224,2
gamma_low,state,cue1,coherence,raw,Right OFC – Right DHC,0.044262453129217914,0.05784246387223238,0.7652241997676446,4,0.4867934134647738,0.8525931338747639,0,5,2,5200533bf224,2
gamma_low,state,cue1,coherence,raw,Right OFC – Right PER,-0.027017116529382507,,,1,,,0,2,1,5200533bf224,2
gamma_low,state,cue1,coherence,raw,Right OFC – Right RSC,-0.02307838580685107,0.016902702325102405,-1.3653666356400942,5,0.2303582877309751,0.8442974075297226,0,6,3,5200533bf224,2
gamma_low,state,cue1,coherence,raw,Right PER – Left ACC,-0.004170809946866408,,,1,,,0,2,1,5200533bf224,2
gamma_low,state,cue1,coherence,raw,Right PER – Left DHC,-0.024909855769230757,,,,,,0,1,1,5200533bf224,2
gamma_low,state,cue1,coherence,raw,Right PER – Left OFC,-0.04677322321633431,,,1,,,0,2,2,5200533bf224,2
gamma_low,state,cue1,coherence,raw,Right PER – Left RSC,-0.02078009198136833,,,1,,,0,2,2,5200533bf224,2
gamma_low,state,cue1,coherence,raw,Right RSC – Left ACC,-0.006162851971793126,0.01398266908804729,-0.4407493256821242,5,0.6777986687730607,0.8927413279447913,0,6,4,5200533bf224,2
gamma_low,state,cue1,coherence,raw,Right RSC – Left DHC,0.00013632878560722021,,,3,,,0,4,2,5200533bf224,2
gamma_low,state,cue1,coherence,raw,Right RSC – Left OFC,-0.025035741407373288,0.018917374241608876,-1.3234258141548538,5,0.24297651331735953,0.8442974075297226,0,6,4,5200533bf224,2
gamma_low,state,cue1,coherence,raw,Right RSC – Left PER,0.0516633460447365,,,1,,,0,2,2,5200533bf224,2
gamma_low,state,cue1,coherence,raw,Right RSC – Left RSC,-0.010628218317984531,0.02010080566341062,-0.528745886903977,5,0.6196028880821647,0.8927413279447913,0,6,4,5200533bf224,2
gamma_low,state,cue1,coherence,raw,Right RSC – Right PER,-0.04578080330869577,,,1,,,0,2,2,5200533bf224,2
gamma_low,state,cue1,raw_cc,raw,Left DHC – Left ACC,0.04161937146760937,0.0760691979442389,0.547125151735104,5,0.6078163810183963,0.8927413279447913,0,6,2,5200533bf224,2
gamma_low,state,cue1,raw_cc,raw,Left DHC – Left OFC,0.08680682379532326,0.054586278871400815,1.5902682064082523,5,0.1726459615174789,0.8442974075297226,0,6,4,5200533bf224,2
gamma_low,state,cue1,raw_cc,raw,Left OFC – Left ACC,0.009671547110441669,0.0944011616224189,0.10245156886019521,7,0.9212714064257712,0.9836624647141085,0,8,3,5200533bf224,2
gamma_low,state,cue1,raw_cc,raw,Left PER – Left ACC,0.0861604256920224,,,1,,,0,2,2,5200533bf224,2
gamma_low,state,cue1,raw_cc,raw,Left PER – Left DHC,0.10208972725363806,,,1,,,0,2,2,5200533bf224,2
gamma_low,state,cue1,raw_cc,raw,Left PER – Left OFC,-0.026589708864149224,,,1,,,0,2,1,5200533bf224,2
gamma_low,state,cue1,raw_cc,raw,Left PER – Left RSC,0.015505353998016603,,,1,,,0,2,1,5200533bf224,2
gamma_low,state,cue1,raw_cc,raw,Left RSC – Left ACC,-0.013151328702743794,0.05489910911313966,-0.2395545012513897,6,0.8186493252027868,0.9445953752339847,0,7,2,5200533bf224,2
gamma_low,state,cue1,raw_cc,raw,Left RSC – Left DHC,0.01696207884291817,0.15374390693153983,0.11032683623989838,4,0.9174640326039472,0.9836624647141085,0,5,2,5200533bf224,2
gamma_low,state,cue1,raw_cc,raw,Left RSC – Left OFC,0.0011388297820693312,0.03539925801508712,0.032171007131956364,6,0.9753791571667875,0.9903940755795348,0,7,5,5200533bf224,2
gamma_low,state,cue1,raw_cc,raw,Right ACC – Left ACC,0.1922179319926487,0.1077954656864047,1.783172703681649,7,0.1177475126908295,0.8442974075297226,0,8,7,5200533bf224,2
gamma_low,state,cue1,raw_cc,raw,Right ACC – Left DHC,0.0676775987091741,0.06800280828520738,0.9952177037355673,5,0.3653236422057217,0.8442974075297226,0,6,3,5200533bf224,2
gamma_low,state,cue1,raw_cc,raw,Right ACC – Left OFC,0.04790550785028721,0.06218528685908841,0.7703672407082544,7,0.4662813099220578,0.8442974075297226,0,8,4,5200533bf224,2
gamma_low,state,cue1,raw_cc,raw,Right ACC – Left PER,0.24411802061679727,,,1,,,0,2,2,5200533bf224,2
gamma_low,state,cue1,raw_cc,raw,Right ACC – Left RSC,0.009890895954709066,0.02860739670150326,0.3457461039853836,6,0.7413336926182738,0.9219638776991746,0,7,3,5200533bf224,2
gamma_low,state,cue1,raw_cc,raw,Right ACC – Right DHC,0.05494229741790754,0.0557636438109893,0.9852709339463951,4,0.38027118341939664,0.8442974075297226,0,5,3,5200533bf224,2
gamma_low,state,cue1,raw_cc,raw,Right ACC – Right OFC,-0.03382334369729403,0.0428762182726087,-0.7888602367457844,7,0.45607559545592447,0.8442974075297226,0,8,5,5200533bf224,2
gamma_low,state,cue1,raw_cc,raw,Right ACC – Right PER,0.28325166507571703,,,1,,,0,2,2,5200533bf224,2
gamma_low,state,cue1,raw_cc,raw,Right ACC – Right RSC,0.11014139222072943,0.06733204966231794,1.6357944362767487,5,0.16280979941579238,0.8442974075297226,0,6,5,5200533bf224,2
gamma_low,state,cue1,raw_cc,raw,Right DHC – Left ACC,0.0672029057126056,0.06467026673682165,1.039162340030089,4,0.35741503014614096,0.8442974075297226,0,5,3,5200533bf224,2
gamma_low,state,cue1,raw_cc,raw,Right DHC – Left DHC,-0.0760453542804118,0.11433014124399357,-0.6651382868330612,4,0.542351087674296,0.8677665056543626,0,5,3,5200533bf224,2
gamma_low,state,cue1,raw_cc,raw,Right DHC – Left OFC,0.06860557686244075,0.06035956814928093,1.1366147731999314,4,0.31917265091216585,0.8442974075297226,0,5,3,5200533bf224,2
gamma_low,state,cue1,raw_cc,raw,Right DHC – Left PER,0.017401051948051947,,,,,,0,1,1,5200533bf224,2
gamma_low,state,cue1,raw_cc,raw,Right DHC – Left RSC,-0.055893261420202074,,,3,,,0,4,3,5200533bf224,2
gamma_low,state,cue1,raw_cc,raw,Right DHC – Right PER,-0.07682210769230768,,,,,,0,1,1,5200533bf224,2
gamma_low,state,cue1,raw_cc,raw,Right DHC – Right RSC,-0.07861502958826179,,,2,,,0,3,2,5200533bf224,2
gamma_low,state,cue1,raw_cc,raw,Right OFC – Left ACC,-0.038265939693926374,0.05859115102704774,-0.6531010062639232,7,0.534545793155211,0.8677665056543626,0,8,6,5200533bf224,2
gamma_low,state,cue1,raw_cc,raw,Right OFC – Left DHC,0.09966079070021579,0.04972230681259784,2.00434768796699,5,0.10137513156069326,0.8442974075297226,0,6,5,5200533bf224,2
gamma_low,state,cue1,raw_cc,raw,Right OFC – Left OFC,-0.07630331337130544,0.06593411126511818,-1.1572661238200839,7,0.2851229764235924,0.8442974075297226,0,8,6,5200533bf224,2
gamma_low,state,cue1,raw_cc,raw,Right OFC – Left PER,-0.027056444821224674,,,1,,,0,2,2,5200533bf224,2
gamma_low,state,cue1,raw_cc,raw,Right OFC – Left RSC,-0.0439456775826243,0.018084521712607046,-2.430016025913971,6,0.05116132197025578,0.8442974075297226,0,7,5,5200533bf224,2
gamma_low,state,cue1,raw_cc,raw,Right OFC – Right DHC,0.04045032993923258,0.05319783876450701,0.7603754377747499,4,0.489383037247141,0.8525931338747639,0,5,3,5200533bf224,2
gamma_low,state,cue1,raw_cc,raw,Right OFC – Right PER,0.0012379594743810334,,,1,,,0,2,1,5200533bf224,2
gamma_low,state,cue1,raw_cc,raw,Right OFC – Right RSC,-0.04721884185287595,0.036643373968882675,-1.2886051893849593,5,0.25393632135769756,0.8442974075297226,0,6,3,5200533bf224,2
gamma_low,state,cue1,raw_cc,raw,Right PER – Left ACC,-0.05992447590065163,,,1,,,0,2,2,5200533bf224,2
gamma_low,state,cue1,raw_cc,raw,Right PER – Left DHC,0.122141875,,,,,,0,1,1,5200533bf224,2
gamma_low,state,cue1,raw_cc,raw,Right PER – Left OFC,-0.09529861607883344,,,1,,,0,2,2,5200533bf224,2
gamma_low,state,cue1,raw_cc,raw,Right PER – Left RSC,0.0039696630108587904,,,1,,,0,2,1,5200533bf224,2
gamma_low,state,cue1,raw_cc,raw,Right RSC – Left ACC,-0.06003498983458748,0.024371947004653487,-2.463282470749039,5,0.056998342383471276,0.8442974075297226,0,6,5,5200533bf224,2
gamma_low,state,cue1,raw_cc,raw,Right RSC – Left DHC,0.056223441539776445,,,3,,,0,4,3,5200533bf224,2
gamma_low,state,cue1,raw_cc,raw,Right RSC – Left OFC,-0.06167331325602032,0.04026087096119988,-1.5318425007609993,5,0.186128879051825,0.8442974075297226,0,6,4,5200533bf224,2
gamma_low,state,cue1,raw_cc,raw,Right RSC – Left PER,-0.017143528687948634,,,1,,,0,2,1,5200533bf224,2
gamma_low,state,cue1,raw_cc,raw,Right RSC – Left RSC,-0.0486538542825529,0.04526395543676386,-1.0748917944328773,5,0.3315339402906006,0.8442974075297226,0,6,5,5200533bf224,2
gamma_low,state,cue1,raw_cc,raw,Right RSC – Right PER,-0.02115421742284293,,,1,,,0,2,1,5200533bf224,2
gamma_low,state,cue1,amp_cc,raw,Left DHC – Left ACC,0.10505385712358818,0.0730005118020913,1.4390838438009228,5,0.20965902994077737,0.8442974075297226,0,6,4,5200533bf224,2
gamma_low,state,cue1,amp_cc,raw,Left DHC – Left OFC,0.06952113840768048,0.06720488507791407,1.034465550042695,5,0.34833460513142234,0.8442974075297226,0,6,3,5200533bf224,2
gamma_low,state,cue1,amp_cc,raw,Left OFC – Left ACC,0.043280746738274575,0.07315990884180988,0.5915910424636864,7,0.5727258937318793,0.8677665056543626,0,8,4,5200533bf224,2
gamma_low,state,cue1,amp_cc,raw,Left PER – Left ACC,0.09325582920535083,,,1,,,0,2,2,5200533bf224,2
gamma_low,state,cue1,amp_cc,raw,Left PER – Left DHC,0.021963792349235504,,,1,,,0,2,1,5200533bf224,2
gamma_low,state,cue1,amp_cc,raw,Left PER – Left OFC,0.0038541524320748204,,,1,,,0,2,1,5200533bf224,2
gamma_low,state,cue1,amp_cc,raw,Left PER – Left RSC,0.030920186205060346,,,1,,,0,2,1,5200533bf224,2
gamma_low,state,cue1,amp_cc,raw,Left RSC – Left ACC,-0.041049957790426944,0.03470491932567772,-1.1828282153664196,6,0.28161845060886276,0.8442974075297226,0,7,5,5200533bf224,2
gamma_low,state,cue1,amp_cc,raw,Left RSC – Left DHC,-0.018301837397453134,0.08492679092885684,-0.2155013417707562,4,0.8399189240538791,0.950851612136467,0,5,4,5200533bf224,2
gamma_low,state,cue1,amp_cc,raw,Left RSC – Left OFC,-0.0422291503725084,0.02750839115193424,-1.5351370474292196,6,0.17565247595980243,0.8442974075297226,0,7,4,5200533bf224,2
gamma_low,state,cue1,amp_cc,raw,Right ACC – Left ACC,0.23162254856299733,0.0793965140587668,2.9172886405511154,7,0.022426449789596528,0.8442974075297226,0,8,8,5200533bf224,2
gamma_low,state,cue1,amp_cc,raw,Right ACC – Left DHC,0.12075074286636812,0.053578370338683776,2.25372183034066,5,0.07393112323790037,0.8442974075297226,0,6,5,5200533bf224,2
gamma_low,state,cue1,amp_cc,raw,Right ACC – Left OFC,0.08935586834111083,0.049821527808817496,1.7935192329709422,7,0.11597911367500238,0.8442974075297226,0,8,6,5200533bf224,2
gamma_low,state,cue1,amp_cc,raw,Right ACC – Left PER,0.19148008789670398,,,1,,,0,2,2,5200533bf224,2
gamma_low,state,cue1,amp_cc,raw,Right ACC – Left RSC,-0.020374129119885613,0.020947564995899445,-0.9726251773833339,6,0.36830228010952476,0.8442974075297226,0,7,5,5200533bf224,2
gamma_low,state,cue1,amp_cc,raw,Right ACC – Right DHC,0.0866892228356917,0.066008609089121,1.3133017652083676,4,0.2593491786960125,0.8442974075297226,0,5,4,5200533bf224,2
gamma_low,state,cue1,amp_cc,raw,Right ACC – Right OFC,0.062178012566973716,0.03763911216864829,1.6519521578610783,7,0.14252577823005716,0.8442974075297226,0,8,6,5200533bf224,2
gamma_low,state,cue1,amp_cc,raw,Right ACC – Right PER,0.1756560254323864,,,1,,,0,2,2,5200533bf224,2
gamma_low,state,cue1,amp_cc,raw,Right ACC – Right RSC,0.08599656250267063,0.04011033965957904,2.1439998572072216,5,0.0848867063068774,0.8442974075297226,0,6,5,5200533bf224,2
gamma_low,state,cue1,amp_cc,raw,Right DHC – Left ACC,0.09564601043792362,0.0726327820929794,1.316843547524922,4,0.25826735268622913,0.8442974075297226,0,5,3,5200533bf224,2
gamma_low,state,cue1,amp_cc,raw,Right DHC – Left DHC,0.007942222284938164,0.08794905205382211,0.09030480828921007,4,0.9323862154906501,0.9836624647141085,0,5,2,5200533bf224,2
gamma_low,state,cue1,amp_cc,raw,Right DHC – Left OFC,0.1104658122958752,0.06530095274098686,1.691641663086182,4,0.16597310882205446,0.8442974075297226,0,5,5,5200533bf224,2
gamma_low,state,cue1,amp_cc,raw,Right DHC – Left PER,0.036083889610389615,,,,,,0,1,1,5200533bf224,2
gamma_low,state,cue1,amp_cc,raw,Right DHC – Left RSC,0.0025141989812316238,,,3,,,0,4,2,5200533bf224,2
gamma_low,state,cue1,amp_cc,raw,Right DHC – Right PER,0.13470165384615385,,,,,,0,1,1,5200533bf224,2
gamma_low,state,cue1,amp_cc,raw,Right DHC – Right RSC,-0.03620161576896621,,,2,,,0,3,1,5200533bf224,2
gamma_low,state,cue1,amp_cc,raw,Right OFC – Left ACC,0.01863596999559707,0.049480941658016225,0.37662925100330874,7,0.7176059064718209,0.9137867250262717,0,8,4,5200533bf224,2
gamma_low,state,cue1,amp_cc,raw,Right OFC – Left DHC,0.04651927320255073,0.06526843754825375,0.7127376562087682,5,0.5078791634545629,0.8559761181818475,0,6,3,5200533bf224,2
gamma_low,state,cue1,amp_cc,raw,Right OFC – Left OFC,-0.03638311916770207,0.05638546278910785,-0.6452570816662749,7,0.5393260909001627,0.8677665056543626,0,8,6,5200533bf224,2
gamma_low,state,cue1,amp_cc,raw,Right OFC – Left PER,-0.055049068602112575,,,1,,,0,2,2,5200533bf224,2
gamma_low,state,cue1,amp_cc,raw,Right OFC – Left RSC,-0.024500688608721247,0.02530675748913701,-0.9681480774152211,6,0.37035974463681387,0.8442974075297226,0,7,5,5200533bf224,2
gamma_low,state,cue1,amp_cc,raw,Right OFC – Right DHC,0.04441152552701309,0.0691973595799195,0.6418095400839681,4,0.5559285412778949,0.8677665056543626,0,5,3,5200533bf224,2
gamma_low,state,cue1,amp_cc,raw,Right OFC – Right PER,-0.02885447206388953,,,1,,,0,2,1,5200533bf224,2
gamma_low,state,cue1,amp_cc,raw,Right OFC – Right RSC,0.0075764853425588806,0.025631066572299292,0.29559773960975727,5,0.7794195786864775,0.9219638776991746,0,6,4,5200533bf224,2
gamma_low,state,cue1,amp_cc,raw,Right PER – Left ACC,0.019003930198368765,,,1,,,0,2,1,5200533bf224,2
gamma_low,state,cue1,amp_cc,raw,Right PER – Left DHC,-0.0779066346153846,,,,,,0,1,1,5200533bf224,2
gamma_low,state,cue1,amp_cc,raw,Right PER – Left OFC,-0.05306291146672114,,,1,,,0,2,1,5200533bf224,2
gamma_low,state,cue1,amp_cc,raw,Right PER – Left RSC,-0.029752240839028436,,,1,,,0,2,2,5200533bf224,2
gamma_low,state,cue1,amp_cc,raw,Right RSC – Left ACC,0.03424445229958303,0.013934778868584848,2.4574808558164607,5,0.05740602954845815,0.8442974075297226,0,6,4,5200533bf224,2
gamma_low,state,cue1,amp_cc,raw,Right RSC – Left DHC,0.012077266980989437,,,3,,,0,4,1,5200533bf224,2
gamma_low,state,cue1,amp_cc,raw,Right RSC – Left OFC,-0.02863710335355645,0.03397682097197293,-0.8428423417593673,5,0.4377651377339385,0.8442974075297226,0,6,4,5200533bf224,2
gamma_low,state,cue1,amp_cc,raw,Right RSC – Left PER,0.07571780863079754,,,1,,,0,2,2,5200533bf224,2
gamma_low,state,cue1,amp_cc,raw,Right RSC – Left RSC,-0.027261714307948704,0.06199529809245937,-0.4397384180214888,5,0.6784834092380414,0.8927413279447913,0,6,3,5200533bf224,2
gamma_low,state,cue1,amp_cc,raw,Right RSC – Right PER,-0.0020968245609931714,,,1,,,0,2,1,5200533bf224,2
gamma_low,state,cue2,coherence,raw,Left DHC – Left ACC,0.05335764553323173,0.06042765965342738,0.883000365052287,5,0.417662159956425,0.8442974075297226,0,6,3,5200533bf224,2
gamma_low,state,cue2,coherence,raw,Left DHC – Left OFC,0.041971900092285935,0.05184832249091466,0.8095131737317179,5,0.4550021979043431,0.8442974075297226,0,6,1,5200533bf224,2
gamma_low,state,cue2,coherence,raw,Left OFC – Left ACC,0.028432993097346326,0.0751064689954215,0.3785691629183047,7,0.7162279533123665,0.9137867250262717,0,8,3,5200533bf224,2
gamma_low,state,cue2,coherence,raw,Left PER – Left ACC,0.040440997937338796,,,1,,,0,2,2,5200533bf224,2
gamma_low,state,cue2,coherence,raw,Left PER – Left DHC,0.04531432505423768,,,1,,,0,2,2,5200533bf224,2
gamma_low,state,cue2,coherence,raw,Left PER – Left OFC,-0.008772166426735638,,,1,,,0,2,1,5200533bf224,2
gamma_low,state,cue2,coherence,raw,Left PER – Left RSC,0.06120698253801206,,,1,,,0,2,2,5200533bf224,2
gamma_low,state,cue2,coherence,raw,Left RSC – Left ACC,-0.006548181851355703,0.020226563299493225,-0.3237416932573893,6,0.7571207569237063,0.9219638776991746,0,7,4,5200533bf224,2
gamma_low,state,cue2,coherence,raw,Left RSC – Left DHC,0.025190962853184038,0.0696333858927202,0.36176558887994015,4,0.7358280554462268,0.9219638776991746,0,5,3,5200533bf224,2
gamma_low,state,cue2,coherence,raw,Left RSC – Left OFC,-0.010929567712796965,0.005059996090577341,-2.1599952879706494,6,0.07407734823859977,0.8442974075297226,0,7,5,5200533bf224,2
gamma_low,state,cue2,coherence,raw,Right ACC – Left ACC,0.1552854119839939,0.08626858050315314,1.800022801793037,7,0.1148806193414928,0.8442974075297226,0,8,7,5200533bf224,2
gamma_low,state,cue2,coherence,raw,Right ACC – Left DHC,0.06703486215326288,0.050246254636371925,1.3341265461155014,5,0.2396973615823229,0.8442974075297226,0,6,5,5200533bf224,2
gamma_low,state,cue2,coherence,raw,Right ACC – Left OFC,0.05020888516906764,0.04473582594697107,1.1223417497328476,7,0.29873362475288506,0.8442974075297226,0,8,7,5200533bf224,2
gamma_low,state,cue2,coherence,raw,Right ACC – Left PER,0.10647400641779486,,,1,,,0,2,2,5200533bf224,2
gamma_low,state,cue2,coherence,raw,Right ACC – Left RSC,0.010251358579107592,0.010685735243140709,0.9593498571554121,6,0.3744292760728422,0.8442974075297226,0,7,4,5200533bf224,2
gamma_low,state,cue2,coherence,raw,Right ACC – Right DHC,0.06902362218427664,0.07089869209084783,0.9735528279679896,4,0.3854060606346378,0.8442974075297226,0,5,3,5200533bf224,2
gamma_low,state,cue2,coherence,raw,Right ACC – Right OFC,0.021592785393838364,0.03572087864869293,0.6044864015300047,7,0.5645910647685802,0.8677665056543626,0,8,5,5200533bf224,2
gamma_low,state,cue2,coherence,raw,Right ACC – Right PER,0.12682611118389245,,,1,,,0,2,2,5200533bf224,2
gamma_low,state,cue2,coherence,raw,Right ACC – Right RSC,0.06453775892219811,0.029472433503297302,2.189766885553505,5,0.08012021269200661,0.8442974075297226,0,6,4,5200533bf224,2
gamma_low,state,cue2,coherence,raw,Right DHC – Left ACC,0.06800506013064006,0.07995752316106243,0.8505148414071566,4,0.4429546476324443,0.8442974075297226,0,5,3,5200533bf224,2
gamma_low,state,cue2,coherence,raw,Right DHC – Left DHC,0.023433580839833754,0.07249793066942681,0.3232310305060329,4,0.7627126122764465,0.9219638776991746,0,5,1,5200533bf224,2
gamma_low,state,cue2,coherence,raw,Right DHC – Left OFC,0.06712327340439024,0.07086102320451551,0.94725238740432,4,0.3971480556181533,0.8442974075297226,0,5,2,5200533bf224,2
gamma_low,state,cue2,coherence,raw,Right DHC – Left PER,6.047916666666874e-05,,,,,,0,1,1,5200533bf224,2
gamma_low,state,cue2,coherence,raw,Right DHC – Left RSC,-0.009646344425387475,,,3,,,0,4,2,5200533bf224,2
gamma_low,state,cue2,coherence,raw,Right DHC – Right PER,0.0401755119047619,,,,,,0,1,1,5200533bf224,2
gamma_low,state,cue2,coherence,raw,Right DHC – Right RSC,-0.037655132336310765,,,2,,,0,3,2,5200533bf224,2
gamma_low,state,cue2,coherence,raw,Right OFC – Left ACC,0.01874805001569376,0.04030844403531583,0.46511470398777605,7,0.6559716513929409,0.8927413279447913,0,8,3,5200533bf224,2
gamma_low,state,cue2,coherence,raw,Right OFC – Left DHC,0.015152029770986952,0.02697279009535362,0.5617524074232523,5,0.5985312437083496,0.8889077876856678,0,6,5,5200533bf224,2
gamma_low,state,cue2,coherence,raw,Right OFC – Left OFC,0.00023673682922453895,0.04671527491964102,0.005067653559392949,7,0.9960980124948164,0.9976355654799566,0,8,3,5200533bf224,2
gamma_low,state,cue2,coherence,raw,Right OFC – Left PER,-0.023498349471193992,,,1,,,0,2,1,5200533bf224,2
gamma_low,state,cue2,coherence,raw,Right OFC – Left RSC,-0.0013230948553306417,0.0034945707041514457,-0.37861441857760797,6,0.718009234773417,0.9137867250262717,0,7,4,5200533bf224,2
gamma_low,state,cue2,coherence,raw,Right OFC – Right DHC,0.029244594787445462,0.04250742414492461,0.6879879309491698,4,0.5292803096144623,0.8677665056543626,0,5,3,5200533bf224,2
gamma_low,state,cue2,coherence,raw,Right OFC – Right PER,-0.017570943403031718,,,1,,,0,2,1,5200533bf224,2
gamma_low,state,cue2,coherence,raw,Right OFC – Right RSC,-0.01897710515875677,0.016765034638692406,-1.1319454786546683,5,0.30900527197912653,0.8442974075297226,0,6,3,5200533bf224,2
gamma_low,state,cue2,coherence,raw,Right PER – Left ACC,-0.00023061412184642084,,,1,,,0,2,1,5200533bf224,2
gamma_low,state,cue2,coherence,raw,Right PER – Left DHC,-0.011763142857142854,,,,,,0,1,1,5200533bf224,2
gamma_low,state,cue2,coherence,raw,Right PER – Left OFC,-0.027399804644928378,,,1,,,0,2,1,5200533bf224,2
gamma_low,state,cue2,coherence,raw,Right PER – Left RSC,-0.009215293157129524,,,1,,,0,2,2,5200533bf224,2
gamma_low,state,cue2,coherence,raw,Right RSC – Left ACC,-0.0009473490561842643,0.01594123057348371,-0.059427598880607356,5,0.9549136130844773,0.9836624647141085,0,6,3,5200533bf224,2
gamma_low,state,cue2,coherence,raw,Right RSC – Left DHC,0.0050874189740422755,,,3,,,0,4,1,5200533bf224,2
gamma_low,state,cue2,coherence,raw,Right RSC – Left OFC,-0.025462258861493125,0.020236404891023706,-1.2582402357835536,5,0.2638622488359839,0.8442974075297226,0,6,3,5200533bf224,2
gamma_low,state,cue2,coherence,raw,Right RSC – Left PER,0.041518486065863204,,,1,,,0,2,2,5200533bf224,2
gamma_low,state,cue2,coherence,raw,Right RSC – Left RSC,0.0008071559560601635,0.01349744955180807,0.059800627738004014,5,0.9546310076165118,0.9836624647141085,0,6,3,5200533bf224,2
gamma_low,state,cue2,coherence,raw,Right RSC – Right PER,-0.03246346940833493,,,1,,,0,2,1,5200533bf224,2
gamma_low,state,cue2,raw_cc,raw,Left DHC – Left ACC,0.04092454695036239,0.06671766152673346,0.6133990013118807,5,0.5664400061036684,0.8677665056543626,0,6,4,5200533bf224,2
gamma_low,state,cue2,raw_cc,raw,Left DHC – Left OFC,0.023381529403649518,0.05520389234238792,0.42354856535534857,5,0.6894971766912414,0.8993441435103149,0,6,2,5200533bf224,2
gamma_low,state,cue2,raw_cc,raw,Left OFC – Left ACC,-0.0027584581419761887,0.09309516612017867,-0.02963051957408006,7,0.9771888212384744,0.9903940755795348,0,8,5,5200533bf224,2
gamma_low,state,cue2,raw_cc,raw,Left PER – Left ACC,0.13553381591473168,,,1,,,0,2,2,5200533bf224,2
gamma_low,state,cue2,raw_cc,raw,Left PER – Left DHC,0.006549912879244315,,,1,,,0,2,2,5200533bf224,2
gamma_low,state,cue2,raw_cc,raw,Left PER – Left OFC,-0.12139544237004803,,,1,,,0,2,2,5200533bf224,2
gamma_low,state,cue2,raw_cc,raw,Left PER – Left RSC,0.010658437013869893,,,1,,,0,2,1,5200533bf224,2
gamma_low,state,cue2,raw_cc,raw,Left RSC – Left ACC,-0.07769572574682572,0.051068374417495135,-1.5214058922582137,6,0.17897819021274788,0.8442974075297226,0,7,4,5200533bf224,2
gamma_low,state,cue2,raw_cc,raw,Left RSC – Left DHC,0.05059747920498642,0.13093148606914695,0.3864424114018312,4,0.7188455570206671,0.9137867250262717,0,5,3,5200533bf224,2
gamma_low,state,cue2,raw_cc,raw,Left RSC – Left OFC,-0.05406684783585459,0.010787242925639783,-5.01210997180245,6,0.0024229741837155107,0.7268922551146533,2,7,7,5200533bf224,2
gamma_low,state,cue2,raw_cc,raw,Right ACC – Left ACC,0.1780492904130741,0.10400668164692008,1.7119024238991922,7,0.1306476577367857,0.8442974075297226,0,8,6,5200533bf224,2
gamma_low,state,cue2,raw_cc,raw,Right ACC – Left DHC,0.05189219825857623,0.05150710101736368,1.007476585433972,5,0.35994482775390635,0.8442974075297226,0,6,3,5200533bf224,2
gamma_low,state,cue2,raw_cc,raw,Right ACC – Left OFC,0.036228464215698766,0.046859093075036454,0.7731362653068288,7,0.46474332702984966,0.8442974075297226,0,8,3,5200533bf224,2
gamma_low,state,cue2,raw_cc,raw,Right ACC – Left PER,0.33558365847847604,,,1,,,0,2,2,5200533bf224,2
gamma_low,state,cue2,raw_cc,raw,Right ACC – Left RSC,0.0019376094518082333,0.02728923476932302,0.0710027037469875,6,0.9457030940861169,0.9836624647141085,0,7,5,5200533bf224,2
gamma_low,state,cue2,raw_cc,raw,Right ACC – Right DHC,0.06916130590861905,0.05187345527672671,1.3332696952548797,4,0.25330723191915927,0.8442974075297226,0,5,4,5200533bf224,2
gamma_low,state,cue2,raw_cc,raw,Right ACC – Right OFC,-0.04358131757900446,0.04797171382171542,-0.9084794789898969,7,0.3938265313517396,0.8442974075297226,0,8,5,5200533bf224,2
gamma_low,state,cue2,raw_cc,raw,Right ACC – Right PER,0.3026157411782308,,,1,,,0,2,2,5200533bf224,2
gamma_low,state,cue2,raw_cc,raw,Right ACC – Right RSC,0.0558584366667422,0.07667222537236276,0.7285354819879392,5,0.49896226251739395,0.8525931338747639,0,6,3,5200533bf224,2
gamma_low,state,cue2,raw_cc,raw,Right DHC – Left ACC,0.05970549562203817,0.06995642724487164,0.8534669075229976,4,0.44149540110552343,0.8442974075297226,0,5,3,5200533bf224,2
gamma_low,state,cue2,raw_cc,raw,Right DHC – Left DHC,-0.031025315058181343,0.08392520711187956,-0.36967814707709823,4,0.730362102023425,0.920624498348855,0,5,3,5200533bf224,2
gamma_low,state,cue2,raw_cc,raw,Right DHC – Left OFC,0.07217079837429509,0.051944356452528206,1.3893867072980637,4,0.23705627718055505,0.8442974075297226,0,5,4,5200533bf224,2
gamma_low,state,cue2,raw_cc,raw,Right DHC – Left PER,0.0013813333333333297,,,,,,0,1,1,5200533bf224,2
gamma_low,state,cue2,raw_cc,raw,Right DHC – Left RSC,-0.016520048140342032,,,3,,,0,4,2,5200533bf224,2
gamma_low,state,cue2,raw_cc,raw,Right DHC – Right PER,-0.07246985714285714,,,,,,0,1,1,5200533bf224,2
gamma_low,state,cue2,raw_cc,raw,Right DHC – Right RSC,-0.0635225743065857,,,2,,,0,3,2,5200533bf224,2
gamma_low,state,cue2,raw_cc,raw,Right OFC – Left ACC,-0.05494031544929941,0.06297147846005069,-0.8724634833554642,7,0.41188013391847134,0.8442974075297226,0,8,6,5200533bf224,2
gamma_low,state,cue2,raw_cc,raw,Right OFC – Left DHC,0.0437112124128672,0.042885539098686885,1.0192529540617479,5,0.35483974901601534,0.8442974075297226,0,6,3,5200533bf224,2
gamma_low,state,cue2,raw_cc,raw,Right OFC – Left OFC,-0.0823237751940756,0.06776578284516044,-1.2148280701217464,7,0.26381494531831196,0.8442974075297226,0,8,6,5200533bf224,2
gamma_low,state,cue2,raw_cc,raw,Right OFC – Left PER,-0.13122940893006702,,,1,,,0,2,1,5200533bf224,2
gamma_low,state,cue2,raw_cc,raw,Right OFC – Left RSC,-0.025667606604969192,0.02383775021040562,-1.0767629653978337,6,0.32296367970110545,0.8442974075297226,0,7,5,5200533bf224,2
gamma_low,state,cue2,raw_cc,raw,Right OFC – Right DHC,0.056708760267250795,0.04326898242671097,1.310609981718524,4,0.260174319975709,0.8442974075297226,0,5,4,5200533bf224,2
gamma_low,state,cue2,raw_cc,raw,Right OFC – Right PER,-0.05475014780532273,,,1,,,0,2,2,5200533bf224,2
gamma_low,state,cue2,raw_cc,raw,Right OFC – Right RSC,-0.055180884125210196,0.042269712976919276,-1.3054473342494866,5,0.24857955763966477,0.8442974075297226,0,6,4,5200533bf224,2
gamma_low,state,cue2,raw_cc,raw,Right PER – Left ACC,-0.09069178615144932,,,1,,,0,2,1,5200533bf224,2
gamma_low,state,cue2,raw_cc,raw,Right PER – Left DHC,0.011685678571428573,,,,,,0,1,1,5200533bf224,2
gamma_low,state,cue2,raw_cc,raw,Right PER – Left OFC,-0.06486830183712594,,,1,,,0,2,2,5200533bf224,2
gamma_low,state,cue2,raw_cc,raw,Right PER – Left RSC,0.04225213357878543,,,1,,,0,2,1,5200533bf224,2
gamma_low,state,cue2,raw_cc,raw,Right RSC – Left ACC,0.01543124310524217,0.05674431920077743,0.2719434001955698,5,0.7965373918582751,0.9295368538514313,0,6,3,5200533bf224,2
gamma_low,state,cue2,raw_cc,raw,Right RSC – Left DHC,0.0060312577568800525,,,3,,,0,4,2,5200533bf224,2
gamma_low,state,cue2,raw_cc,raw,Right RSC – Left OFC,-0.06842642983563824,0.04479034054373501,-1.527705058835711,5,0.18712172324898993,0.8442974075297226,0,6,5,5200533bf224,2
gamma_low,state,cue2,raw_cc,raw,Right RSC – Left PER,0.10670834618068005,,,1,,,0,2,2,5200533bf224,2
gamma_low,state,cue2,raw_cc,raw,Right RSC – Left RSC,-0.05153392152870044,0.02149756068346041,-2.397198560688289,5,0.06183460348477036,0.8442974075297226,0,6,5,5200533bf224,2
gamma_low,state,cue2,raw_cc,raw,Right RSC – Right PER,0.035808720939314004,,,1,,,0,2,1,5200533bf224,2
gamma_low,state,cue2,amp_cc,raw,Left DHC – Left ACC,0.07150739959329132,0.0591554342179965,1.2088052524435202,5,0.2807777688707598,0.8442974075297226,0,6,5,5200533bf224,2
gamma_low,state,cue2,amp_cc,raw,Left DHC – Left OFC,0.06112700882766411,0.05181909712629173,1.1796231933313592,5,0.2912141243495847,0.8442974075297226,0,6,4,5200533bf224,2
gamma_low,state,cue2,amp_cc,raw,Left OFC – Left ACC,0.036628407218516304,0.07981053097046802,0.4589420314979457,7,0.6601863737088633,0.8927413279447913,0,8,4,5200533bf224,2
gamma_low,state,cue2,amp_cc,raw,Left PER – Left ACC,0.10020116470502323,,,1,,,0,2,2,5200533bf224,2
gamma_low,state,cue2,amp_cc,raw,Left PER – Left DHC,0.01309101138104406,,,1,,,0,2,2,5200533bf224,2
gamma_low,state,cue2,amp_cc,raw,Left PER – Left OFC,0.031480168883065,,,1,,,0,2,1,5200533bf224,2
gamma_low,state,cue2,amp_cc,raw,Left PER – Left RSC,0.02904559308507325,,,1,,,0,2,1,5200533bf224,2
gamma_low,state,cue2,amp_cc,raw,Left RSC – Left ACC,-0.027338038209746316,0.028489019849387807,-0.9595991141244467,6,0.3743135047149917,0.8442974075297226,0,7,6,5200533bf224,2
gamma_low,state,cue2,amp_cc,raw,Left RSC – Left DHC,0.026584645243425128,0.0595620723525573,0.4463351289402158,4,0.6784521592895728,0.8927413279447913,0,5,3,5200533bf224,2
gamma_low,state,cue2,amp_cc,raw,Left RSC – Left OFC,-0.013612515923653803,0.013942172637855414,-0.9763554273236773,6,0.36659491332998806,0.8442974075297226,0,7,3,5200533bf224,2
gamma_low,state,cue2,amp_cc,raw,Right ACC – Left ACC,0.22066403073019797,0.07432057241818725,2.969084111577678,7,0.02083479050798667,0.8442974075297226,0,8,8,5200533bf224,2
gamma_low,state,cue2,amp_cc,raw,Right ACC – Left DHC,0.09383311572544377,0.05226771489966883,1.7952404444227634,5,0.1325674502665836,0.8442974075297226,0,6,5,5200533bf224,2
gamma_low,state,cue2,amp_cc,raw,Right ACC – Left OFC,0.07630442815468808,0.04304845722047539,1.7725241061227845,7,0.11959451256174934,0.8442974075297226,0,8,5,5200533bf224,2
gamma_low,state,cue2,amp_cc,raw,Right ACC – Left PER,0.15119814080464042,,,1,,,0,2,2,5200533bf224,2
gamma_low,state,cue2,amp_cc,raw,Right ACC – Left RSC,0.0016745480577597485,0.028002353882275635,0.05980026053522844,6,0.9542567649542374,0.9836624647141085,0,7,3,5200533bf224,2
gamma_low,state,cue2,amp_cc,raw,Right ACC – Right DHC,0.06875559312301494,0.06588051358492363,1.043640818531039,4,0.35557121406321684,0.8442974075297226,0,5,3,5200533bf224,2
gamma_low,state,cue2,amp_cc,raw,Right ACC – Right OFC,0.020159092521016757,0.036552172327641914,0.551515579985702,7,0.5984361804596917,0.8889077876856678,0,8,4,5200533bf224,2
gamma_low,state,cue2,amp_cc,raw,Right ACC – Right PER,0.13210570997137713,,,1,,,0,2,2,5200533bf224,2
gamma_low,state,cue2,amp_cc,raw,Right ACC – Right RSC,0.0817909030620137,0.027386379095205585,2.9865541106283917,5,0.030568320702671674,0.8442974075297226,0,6,6,5200533bf224,2
gamma_low,state,cue2,amp_cc,raw,Right DHC – Left ACC,0.0671277976048976,0.08137443974295183,0.82492485130396,4,0.4557669572069283,0.8442974075297226,0,5,3,5200533bf224,2
gamma_low,state,cue2,amp_cc,raw,Right DHC – Left DHC,-0.00511059492982252,0.07724842027457708,-0.06615792156858445,4,0.9504267513800372,0.9836624647141085,0,5,4,5200533bf224,2
gamma_low,state,cue2,amp_cc,raw,Right DHC – Left OFC,0.09864503975358561,0.063914029705536,1.5434019761867923,4,0.19760723843022193,0.8442974075297226,0,5,4,5200533bf224,2
gamma_low,state,cue2,amp_cc,raw,Right DHC – Left PER,0.004894541666666662,,,,,,0,1,1,5200533bf224,2
gamma_low,state,cue2,amp_cc,raw,Right DHC – Left RSC,-0.005706697386662114,,,3,,,0,4,3,5200533bf224,2
gamma_low,state,cue2,amp_cc,raw,Right DHC – Right PER,0.07937414285714284,,,,,,0,1,1,5200533bf224,2
gamma_low,state,cue2,amp_cc,raw,Right DHC – Right RSC,-0.035007382643242844,,,2,,,0,3,2,5200533bf224,2
gamma_low,state,cue2,amp_cc,raw,Right OFC – Left ACC,-0.002258297234785078,0.048266805843600415,-0.046787791222453565,7,0.9639892154198263,0.9836624647141085,0,8,5,5200533bf224,2
gamma_low,state,cue2,amp_cc,raw,Right OFC – Left DHC,0.04332571672055934,0.05130150452550098,0.8445311130987001,5,0.4369050869905026,0.8442974075297226,0,6,3,5200533bf224,2
gamma_low,state,cue2,amp_cc,raw,Right OFC – Left OFC,-0.01164695580746977,0.05336370929710458,-0.21825611376872023,7,0.8334559378232471,0.950710195235643,0,8,4,5200533bf224,2
gamma_low,state,cue2,amp_cc,raw,Right OFC – Left PER,-0.06528663118233216,,,1,,,0,2,1,5200533bf224,2
gamma_low,state,cue2,amp_cc,raw,Right OFC – Left RSC,-0.04179294292039513,0.02183973265368117,-1.9136197124350225,6,0.10418372240005457,0.8442974075297226,0,7,5,5200533bf224,2
gamma_low,state,cue2,amp_cc,raw,Right OFC – Right DHC,0.045582893382737646,0.06155906604083632,0.7404740895922529,4,0.5001212949751368,0.8525931338747639,0,5,2,5200533bf224,2
gamma_low,state,cue2,amp_cc,raw,Right OFC – Right PER,-0.04424476094603558,,,1,,,0,2,2,5200533bf224,2
gamma_low,state,cue2,amp_cc,raw,Right OFC – Right RSC,-0.033568684704433235,0.017044505465269134,-1.9694724949828977,5,0.10599550743367812,0.8442974075297226,0,6,5,5200533bf224,2
gamma_low,state,cue2,amp_cc,raw,Right PER – Left ACC,-0.021740168995928146,,,1,,,0,2,1,5200533bf224,2
gamma_low,state,cue2,amp_cc,raw,Right PER – Left DHC,-0.010208726190476185,,,,,,0,1,1,5200533bf224,2
gamma_low,state,cue2,amp_cc,raw,Right PER – Left OFC,-0.10380665014358785,,,1,,,0,2,1,5200533bf224,2
gamma_low,state,cue2,amp_cc,raw,Right PER – Left RSC,-0.0197627332041735,,,1,,,0,2,2,5200533bf224,2
gamma_low,state,cue2,amp_cc,raw,Right RSC – Left ACC,0.03158312337220164,0.03643035016577156,0.8669453691355354,5,0.42561195479574254,0.8442974075297226,0,6,5,5200533bf224,2
gamma_low,state,cue2,amp_cc,raw,Right RSC – Left DHC,0.009812209555928056,,,3,,,0,4,2,5200533bf224,2
gamma_low,state,cue2,amp_cc,raw,Right RSC – Left OFC,-0.020281205003643388,0.04377778088340682,-0.46327622356323256,5,0.6626324564375652,0.8927413279447913,0,6,3,5200533bf224,2
gamma_low,state,cue2,amp_cc,raw,Right RSC – Left PER,0.04523734859472705,,,1,,,0,2,2,5200533bf224,2
gamma_low,state,cue2,amp_cc,raw,Right RSC – Left RSC,-0.021214971760784955,0.053606903020287144,-0.39575074413002936,5,0.7086112072847183,0.9137867250262717,0,6,3,5200533bf224,2
gamma_low,state,cue2,amp_cc,raw,Right RSC – Right PER,-0.06908550115469275,,,1,,,0,2,1,5200533bf224,2
gamma_low,state,post,coherence,raw,Left DHC – Left ACC,0.061234062393925544,0.058164698321883715,1.0527702224991515,5,0.34064027369563454,0.8442974075297226,0,6,3,5200533bf224,2
gamma_low,state,post,coherence,raw,Left DHC – Left OFC,0.04464981860039781,0.05545511068246079,0.8051524566611233,5,0.45729451427834134,0.8442974075297226,0,6,2,5200533bf224,2
gamma_low,state,post,coherence,raw,Left OFC – Left ACC,0.01107442652341166,0.06992619080451859,0.15837308447661125,7,0.8786349113999103,0.9743409389389965,0,8,2,5200533bf224,2
gamma_low,state,post,coherence,raw,Left PER – Left ACC,0.04622028574562004,,,1,,,0,2,2,5200533bf224,2
gamma_low,state,post,coherence,raw,Left PER – Left DHC,0.032417499253873945,,,1,,,0,2,1,5200533bf224,2
gamma_low,state,post,coherence,raw,Left PER – Left OFC,-0.00233626915927342,,,1,,,0,2,1,5200533bf224,2
gamma_low,state,post,coherence,raw,Left PER – Left RSC,0.04426690480065582,,,1,,,0,2,2,5200533bf224,2
gamma_low,state,post,coherence,raw,Left RSC – Left ACC,0.004866604016142662,0.01694899041380718,0.28713238354174614,6,0.7836692960442985,0.9219638776991746,0,7,3,5200533bf224,2
gamma_low,state,post,coherence,raw,Left RSC – Left DHC,0.010857778009597693,0.07156638308559318,0.15171617652678943,4,0.8867552428126848,0.9744563107831702,0,5,1,5200533bf224,2
gamma_low,state,post,coherence,raw,Left RSC – Left OFC,-0.010524693941482767,0.006016903458385423,-1.7491877698012732,6,0.1308374756227638,0.8442974075297226,0,7,4,5200533bf224,2
gamma_low,state,post,coherence,raw,Right ACC – Left ACC,0.1615611729328972,0.0838863271302052,1.925953590531244,7,0.0954893936903517,0.8442974075297226,0,8,8,5200533bf224,2
gamma_low,state,post,coherence,raw,Right ACC – Left DHC,0.06768414993960756,0.054251168295737756,1.2476072325418504,5,0.26742078613680836,0.8442974075297226,0,6,4,5200533bf224,2
gamma_low,state,post,coherence,raw,Right ACC – Left OFC,0.043812553509790644,0.04296518753510024,1.0197221523587707,7,0.3418027022042964,0.8442974075297226,0,8,6,5200533bf224,2
gamma_low,state,post,coherence,raw,Right ACC – Left PER,0.10215656326584534,,,1,,,0,2,2,5200533bf224,2
gamma_low,state,post,coherence,raw,Right ACC – Left RSC,0.011027519708242652,0.010635685602413701,1.036841452490851,6,0.33977765645422897,0.8442974075297226,0,7,5,5200533bf224,2
gamma_low,state,post,coherence,raw,Right ACC – Right DHC,0.07094936280024741,0.0691955824285184,1.025345264974693,4,0.3631570263453281,0.8442974075297226,0,5,3,5200533bf224,2
gamma_low,state,post,coherence,raw,Right ACC – Right OFC,0.013850507593910944,0.036152743201342735,0.38311083385220207,7,0.7130063643211635,0.9137867250262717,0,8,6,5200533bf224,2
gamma_low,state,post,coherence,raw,Right ACC – Right PER,0.12970146408560232,,,1,,,0,2,2,5200533bf224,2
gamma_low,state,post,coherence,raw,Right ACC – Right RSC,0.06843118808756064,0.028268465276729597,2.4207606397328094,5,0.060061023788902795,0.8442974075297226,0,6,5,5200533bf224,2
gamma_low,state,post,coherence,raw,Right DHC – Left ACC,0.0682911602043793,0.07577052652929914,0.9012892391340622,4,0.4183960944942032,0.8442974075297226,0,5,2,5200533bf224,2
gamma_low,state,post,coherence,raw,Right DHC – Left DHC,0.02405300444330471,0.07589376228894569,0.31692992569967965,4,0.7671488885100889,0.9219638776991746,0,5,1,5200533bf224,2
gamma_low,state,post,coherence,raw,Right DHC – Left OFC,0.06240638443939735,0.07258042289807447,0.8598239297535557,4,0.4383662193815472,0.8442974075297226,0,5,1,5200533bf224,2
gamma_low,state,post,coherence,raw,Right DHC – Left PER,-0.005953285714285703,,,,,,0,1,1,5200533bf224,2
gamma_low,state,post,coherence,raw,Right DHC – Left RSC,-0.013180248495153741,,,3,,,0,4,3,5200533bf224,2
gamma_low,state,post,coherence,raw,Right DHC – Right PER,0.02536859340659342,,,,,,0,1,1,5200533bf224,2
gamma_low,state,post,coherence,raw,Right DHC – Right RSC,-0.03097408010366703,,,2,,,0,3,2,5200533bf224,2
gamma_low,state,post,coherence,raw,Right OFC – Left ACC,0.004740594681847164,0.03584731142480422,0.13224407893996068,7,0.8985122495589701,0.9793812220545296,0,8,3,5200533bf224,2
gamma_low,state,post,coherence,raw,Right OFC – Left DHC,0.030518922888515147,0.040036138082085206,0.7622843848211053,5,0.4802843760458658,0.8525931338747639,0,6,4,5200533bf224,2
gamma_low,state,post,coherence,raw,Right OFC – Left OFC,-0.0023258079169126396,0.04419335275839765,-0.05262800334764572,7,0.9594987028576822,0.9836624647141085,0,8,5,5200533bf224,2
gamma_low,state,post,coherence,raw,Right OFC – Left PER,-0.025315580245261208,,,1,,,0,2,1,5200533bf224,2
gamma_low,state,post,coherence,raw,Right OFC – Left RSC,-0.005447828117891122,0.004678619292689752,-1.1644093646181564,6,0.288458571167738,0.8442974075297226,0,7,5,5200533bf224,2
gamma_low,state,post,coherence,raw,Right OFC – Right DHC,0.04095718735445295,0.04944488654761765,0.8283402028844649,4,0.4540400787507707,0.8442974075297226,0,5,4,5200533bf224,2
gamma_low,state,post,coherence,raw,Right OFC – Right PER,-0.03768051799074381,,,1,,,0,2,1,5200533bf224,2
gamma_low,state,post,coherence,raw,Right OFC – Right RSC,-0.020760136864562562,0.015710375330754426,-1.3214284463288912,5,0.243593178887689,0.8442974075297226,0,6,3,5200533bf224,2
gamma_low,state,post,coherence,raw,Right PER – Left ACC,-0.013850592811705016,,,1,,,0,2,1,5200533bf224,2
gamma_low,state,post,coherence,raw,Right PER – Left DHC,-0.010619923076923075,,,,,,0,1,1,5200533bf224,2
gamma_low,state,post,coherence,raw,Right PER – Left OFC,-0.03943367244814707,,,1,,,0,2,1,5200533bf224,2
gamma_low,state,post,coherence,raw,Right PER – Left RSC,-0.00698418352235638,,,1,,,0,2,2,5200533bf224,2
gamma_low,state,post,coherence,raw,Right RSC – Left ACC,-0.004498562575039897,0.020060774712823845,-0.22424670230527996,5,0.8314407520183202,0.950710195235643,0,6,4,5200533bf224,2
gamma_low,state,post,coherence,raw,Right RSC – Left DHC,0.011998091698846795,,,3,,,0,4,2,5200533bf224,2
gamma_low,state,post,coherence,raw,Right RSC – Left OFC,-0.025339926119135103,0.01608508489694262,-1.5753678815802583,5,0.17599074914526175,0.8442974075297226,0,6,4,5200533bf224,2
gamma_low,state,post,coherence,raw,Right RSC – Left PER,0.041335167697947366,,,1,,,0,2,2,5200533bf224,2
gamma_low,state,post,coherence,raw,Right RSC – Left RSC,0.008402034627712869,0.013639443669818015,0.6160100683802284,5,0.5648468330469169,0.8677665056543626,0,6,5,5200533bf224,2
gamma_low,state,post,coherence,raw,Right RSC – Right PER,-0.03218150790088024,,,1,,,0,2,1,5200533bf224,2
gamma_low,state,post,raw_cc,raw,Left DHC – Left ACC,0.06857028302141722,0.05539506237336767,1.2378410653145833,5,0.2707275046276238,0.8442974075297226,0,6,5,5200533bf224,2
gamma_low,state,post,raw_cc,raw,Left DHC – Left OFC,0.0794320033108043,0.0511945656524546,1.5515709977899932,5,0.18146483833810256,0.8442974075297226,0,6,6,5200533bf224,2
gamma_low,state,post,raw_cc,raw,Left OFC – Left ACC,0.02747005942242731,0.12108994631141923,0.22685664879047668,7,0.8270178586291923,0.9505952398036693,0,8,3,5200533bf224,2
gamma_low,state,post,raw_cc,raw,Left PER – Left ACC,0.06842251704467893,,,1,,,0,2,2,5200533bf224,2
gamma_low,state,post,raw_cc,raw,Left PER – Left DHC,-0.056406656246955685,,,1,,,0,2,1,5200533bf224,2
gamma_low,state,post,raw_cc,raw,Left PER – Left OFC,-0.00027286312066985153,,,1,,,0,2,1,5200533bf224,2
gamma_low,state,post,raw_cc,raw,Left PER – Left RSC,0.028297882822886086,,,1,,,0,2,2,5200533bf224,2
gamma_low,state,post,raw_cc,raw,Left RSC – Left ACC,0.007598875404278611,0.04665790657986366,0.16286361650777723,6,0.8759726718933917,0.9743409389389965,0,7,3,5200533bf224,2
gamma_low,state,post,raw_cc,raw,Left RSC – Left DHC,0.037300276353597686,0.14726912716997545,0.2532796728709226,4,0.8125369725256132,0.9411625164389341,0,5,2,5200533bf224,2
gamma_low,state,post,raw_cc,raw,Left RSC – Left OFC,-0.030460988679318346,0.012572445552017556,-2.42283719211893,6,0.051663303886822644,0.8442974075297226,0,7,6,5200533bf224,2
gamma_low,state,post,raw_cc,raw,Right ACC – Left ACC,0.20908189741998198,0.10548405175771977,1.982118566133676,7,0.08790682423031926,0.8442974075297226,0,8,7,5200533bf224,2
gamma_low,state,post,raw_cc,raw,Right ACC – Left DHC,0.05802086797999517,0.051593813544723914,1.1245702535576283,5,0.3118407805926929,0.8442974075297226,0,6,4,5200533bf224,2
gamma_low,state,post,raw_cc,raw,Right ACC – Left OFC,0.02140046038622753,0.04609768631299604,0.4642415291934994,7,0.6565670477835545,0.8927413279447913,0,8,3,5200533bf224,2
gamma_low,state,post,raw_cc,raw,Right ACC – Left PER,0.28461782679851855,,,1,,,0,2,2,5200533bf224,2
gamma_low,state,post,raw_cc,raw,Right ACC – Left RSC,0.02701313768434375,0.01929721869440315,1.3998461701726208,6,0.21108519396048456,0.8442974075297226,0,7,4,5200533bf224,2
gamma_low,state,post,raw_cc,raw,Right ACC – Right DHC,0.07288591728594317,0.05395932683732893,1.350756607947912,4,0.2481291019537173,0.8442974075297226,0,5,3,5200533bf224,2
gamma_low,state,post,raw_cc,raw,Right ACC – Right OFC,-0.04368567646334983,0.056009842685741225,-0.779964277144295,7,0.46096568821056894,0.8442974075297226,0,8,4,5200533bf224,2
gamma_low,state,post,raw_cc,raw,Right ACC – Right PER,0.3070655911618173,,,1,,,0,2,2,5200533bf224,2
gamma_low,state,post,raw_cc,raw,Right ACC – Right RSC,0.15252557413239118,0.06429198915838744,2.372388475283206,5,0.06376357489859458,0.8442974075297226,0,6,5,5200533bf224,2
gamma_low,state,post,raw_cc,raw,Right DHC – Left ACC,0.07087023293733039,0.06428120088668143,1.102503250713447,4,0.33211526612734404,0.8442974075297226,0,5,3,5200533bf224,2
gamma_low,state,post,raw_cc,raw,Right DHC – Left DHC,-0.06502933441129988,0.09864241105159147,-0.6592431563467012,4,0.5457599913417812,0.8677665056543626,0,5,3,5200533bf224,2
gamma_low,state,post,raw_cc,raw,Right DHC – Left OFC,0.053115045865148425,0.07439307823241581,0.7139783314142288,4,0.514689742763747,0.8578162379395784,0,5,3,5200533bf224,2
gamma_low,state,post,raw_cc,raw,Right DHC – Left PER,0.024888928571428572,,,,,,0,1,1,5200533bf224,2
gamma_low,state,post,raw_cc,raw,Right DHC – Left RSC,-0.022894605971013282,,,3,,,0,4,2,5200533bf224,2
gamma_low,state,post,raw_cc,raw,Right DHC – Right PER,-0.049711461538461524,,,,,,0,1,1,5200533bf224,2
gamma_low,state,post,raw_cc,raw,Right DHC – Right RSC,-0.05210733559991827,,,2,,,0,3,2,5200533bf224,2
gamma_low,state,post,raw_cc,raw,Right OFC – Left ACC,-0.0507498448513355,0.060940245319660975,-0.832780448866395,7,0.4324599156180734,0.8442974075297226,0,8,5,5200533bf224,2
gamma_low,state,post,raw_cc,raw,Right OFC – Left DHC,0.04900668757639443,0.04775748604820388,1.0261571877324045,5,0.35187490897509793,0.8442974075297226,0,6,4,5200533bf224,2
gamma_low,state,post,raw_cc,raw,Right OFC – Left OFC,-0.08873950200142366,0.07392636349028774,-1.2003769401301885,7,0.2690346329735096,0.8442974075297226,0,8,4,5200533bf224,2
gamma_low,state,post,raw_cc,raw,Right OFC – Left PER,-0.0311142074635247,,,1,,,0,2,1,5200533bf224,2
gamma_low,state,post,raw_cc,raw,Right OFC – Left RSC,0.0073728310973180744,0.02131022039306552,0.3459762950043089,6,0.7411692524881984,0.9219638776991746,0,7,4,5200533bf224,2
gamma_low,state,post,raw_cc,raw,Right OFC – Right DHC,0.027952102321559626,0.05269982432335968,0.5304021916666921,4,0.6239122774197592,0.8927413279447913,0,5,2,5200533bf224,2
gamma_low,state,post,raw_cc,raw,Right OFC – Right PER,-0.10785455294191203,,,1,,,0,2,1,5200533bf224,2
gamma_low,state,post,raw_cc,raw,Right OFC – Right RSC,-0.06995179315498148,0.04766408084143385,-1.467599750589823,5,0.20213646730384974,0.8442974075297226,0,6,4,5200533bf224,2
gamma_low,state,post,raw_cc,raw,Right PER – Left ACC,-0.10065491006380205,,,1,,,0,2,2,5200533bf224,2
gamma_low,state,post,raw_cc,raw,Right PER – Left DHC,0.009732802197802197,,,,,,0,1,1,5200533bf224,2
gamma_low,state,post,raw_cc,raw,Right PER – Left OFC,-0.06383506078222062,,,1,,,0,2,1,5200533bf224,2
gamma_low,state,post,raw_cc,raw,Right PER – Left RSC,0.004757941494786855,,,1,,,0,2,2,5200533bf224,2
gamma_low,state,post,raw_cc,raw,Right RSC – Left ACC,-0.07029792921350583,0.04283671197290995,-1.641067345644139,5,0.16170702792634756,0.8442974075297226,0,6,5,5200533bf224,2
gamma_low,state,post,raw_cc,raw,Right RSC – Left DHC,0.048836940706297904,,,3,,,0,4,2,5200533bf224,2
gamma_low,state,post,raw_cc,raw,Right RSC – Left OFC,-0.07404321617951108,0.02957307842866137,-2.5037371864455795,5,0.05424162614601952,0.8442974075297226,0,6,6,5200533bf224,2
gamma_low,state,post,raw_cc,raw,Right RSC – Left PER,0.11791660222945669,,,1,,,0,2,2,5200533bf224,2
gamma_low,state,post,raw_cc,raw,Right RSC – Left RSC,0.03521116494205431,0.0281892155186913,1.2491005618339042,5,0.26691839927540456,0.8442974075297226,0,6,4,5200533bf224,2
gamma_low,state,post,raw_cc,raw,Right RSC – Right PER,0.0016134835455454705,,,1,,,0,2,1,5200533bf224,2
gamma_low,state,post,amp_cc,raw,Left DHC – Left ACC,0.07610170166601565,0.06796437069456492,1.1197293653761657,5,0.31371421492559526,0.8442974075297226,0,6,4,5200533bf224,2
gamma_low,state,post,amp_cc,raw,Left DHC – Left OFC,0.04315837868262149,0.06014225093538552,0.717604978386811,5,0.5051201012411571,0.8559761181818475,0,6,2,5200533bf224,2
gamma_low,state,post,amp_cc,raw,Left OFC – Left ACC,0.01266990942333254,0.07726151612939745,0.16398732587790532,7,0.8743756303861961,0.9743409389389965,0,8,2,5200533bf224,2
gamma_low,state,post,amp_cc,raw,Left PER – Left ACC,0.10239473683924456,,,1,,,0,2,2,5200533bf224,2
gamma_low,state,post,amp_cc,raw,Left PER – Left DHC,0.010935282938944057,,,1,,,0,2,1,5200533bf224,2
gamma_low,state,post,amp_cc,raw,Left PER – Left OFC,0.004721249593944617,,,1,,,0,2,1,5200533bf224,2
gamma_low,state,post,amp_cc,raw,Left PER – Left RSC,0.0519816900238385,,,1,,,0,2,2,5200533bf224,2
gamma_low,state,post,amp_cc,raw,Left RSC – Left ACC,-0.0027660834872659584,0.026904469130136,-0.1028113014936852,6,0.9214628571088539,0.9836624647141085,0,7,4,5200533bf224,2
gamma_low,state,post,amp_cc,raw,Left RSC – Left DHC,0.005184652999187277,0.08453522448528225,0.06133127380634016,4,0.9540375558273674,0.9836624647141085,0,5,1,5200533bf224,2
gamma_low,state,post,amp_cc,raw,Left RSC – Left OFC,-0.03428540180217033,0.01409463410266635,-2.4325144982432994,6,0.050987819951854946,0.8442974075297226,0,7,5,5200533bf224,2
gamma_low,state,post,amp_cc,raw,Right ACC – Left ACC,0.22148674918913985,0.07126126277795698,3.108094644340931,7,0.017126868502300985,0.8442974075297226,0,8,8,5200533bf224,2
gamma_low,state,post,amp_cc,raw,Right ACC – Left DHC,0.08172167506408047,0.06681916295168772,1.223027518665083,5,0.27581377083797975,0.8442974075297226,0,6,3,5200533bf224,2
gamma_low,state,post,amp_cc,raw,Right ACC – Left OFC,0.09096888354030097,0.04589843513493058,1.9819604584093966,7,0.0879273163641161,0.8442974075297226,0,8,7,5200533bf224,2
gamma_low,state,post,amp_cc,raw,Right ACC – Left PER,0.17198881803778188,,,1,,,0,2,2,5200533bf224,2
gamma_low,state,post,amp_cc,raw,Right ACC – Left RSC,0.01022651917601458,0.01991593785255746,0.5134841879766844,6,0.6259665143504253,0.8927413279447913,0,7,4,5200533bf224,2
gamma_low,state,post,amp_cc,raw,Right ACC – Right DHC,0.09157530691877504,0.06146618058614454,1.4898486622319522,4,0.2105100401977487,0.8442974075297226,0,5,4,5200533bf224,2
gamma_low,state,post,amp_cc,raw,Right ACC – Right OFC,0.03384438702620946,0.040730791524057196,0.8309287828649154,7,0.43343778945628775,0.8442974075297226,0,8,5,5200533bf224,2
gamma_low,state,post,amp_cc,raw,Right ACC – Right PER,0.15929947241065173,,,1,,,0,2,2,5200533bf224,2
gamma_low,state,post,amp_cc,raw,Right ACC – Right RSC,0.06012755772399763,0.03743709419676254,1.606095745785668,5,0.16916154190396562,0.8442974075297226,0,6,4,5200533bf224,2
gamma_low,state,post,amp_cc,raw,Right DHC – Left ACC,0.08426657107192852,0.07340501554177141,1.147967484919015,4,0.3149689291722069,0.8442974075297226,0,5,4,5200533bf224,2
gamma_low,state,post,amp_cc,raw,Right DHC – Left DHC,-0.01297409703162927,0.08278306021190347,-0.15672405681088497,4,0.8830545926372377,0.9743409389389965,0,5,4,5200533bf224,2
gamma_low,state,post,amp_cc,raw,Right DHC – Left OFC,0.08057501947113142,0.06688285469919189,1.2047186058896642,4,0.2947149634946196,0.8442974075297226,0,5,4,5200533bf224,2
gamma_low,state,post,amp_cc,raw,Right DHC – Left PER,0.03071242857142857,,,,,,0,1,1,5200533bf224,2
gamma_low,state,post,amp_cc,raw,Right DHC – Left RSC,-0.02636383915041268,,,3,,,0,4,3,5200533bf224,2
gamma_low,state,post,amp_cc,raw,Right DHC – Right PER,0.018558945054945056,,,,,,0,1,1,5200533bf224,2
gamma_low,state,post,amp_cc,raw,Right DHC – Right RSC,-0.054112686822913876,,,2,,,0,3,2,5200533bf224,2
gamma_low,state,post,amp_cc,raw,Right OFC – Left ACC,0.013425937389795958,0.05015705840333802,0.2676779264412054,7,0.7966629403319366,0.9295368538514313,0,8,3,5200533bf224,2
gamma_low,state,post,amp_cc,raw,Right OFC – Left DHC,0.03470517657127045,0.057183077224022785,0.6069134131293428,5,0.5704095843472505,0.8677665056543626,0,6,3,5200533bf224,2
gamma_low,state,post,amp_cc,raw,Right OFC – Left OFC,-0.028632674914844825,0.059522247024590594,-0.48104156590418584,7,0.6451588956857686,0.8927413279447913,0,8,5,5200533bf224,2
gamma_low,state,post,amp_cc,raw,Right OFC – Left PER,-0.04531120509422783,,,1,,,0,2,1,5200533bf224,2
gamma_low,state,post,amp_cc,raw,Right OFC – Left RSC,-0.005259944960567585,0.01805074538911058,-0.29139765960804787,6,0.7805588619382507,0.9219638776991746,0,7,3,5200533bf224,2
gamma_low,state,post,amp_cc,raw,Right OFC – Right DHC,0.03519851567722809,0.06521297584227927,0.5397471166222717,4,0.6180159929211491,0.8927413279447913,0,5,2,5200533bf224,2
gamma_low,state,post,amp_cc,raw,Right OFC – Right PER,-0.07272725833834999,,,1,,,0,2,2,5200533bf224,2
gamma_low,state,post,amp_cc,raw,Right OFC – Right RSC,-0.040003220635177514,0.025401066187888656,-1.5748638399379957,5,0.17610500095075213,0.8442974075297226,0,6,4,5200533bf224,2
gamma_low,state,post,amp_cc,raw,Right PER – Left ACC,-0.011139687413739096,,,1,,,0,2,1,5200533bf224,2
gamma_low,state,post,amp_cc,raw,Right PER – Left DHC,-0.05053049450549451,,,,,,0,1,1,5200533bf224,2
gamma_low,state,post,amp_cc,raw,Right PER – Left OFC,-0.06203309380382425,,,1,,,0,2,1,5200533bf224,2
gamma_low,state,post,amp_cc,raw,Right PER – Left RSC,-0.06399955334688613,,,1,,,0,2,2,5200533bf224,2
gamma_low,state,post,amp_cc,raw,Right RSC – Left ACC,0.012512025253699747,0.04080839621611124,0.30660418967310393,5,0.7715019308002925,0.9219638776991746,0,6,3,5200533bf224,2
gamma_low,state,post,amp_cc,raw,Right RSC – Left DHC,-0.012231422219059361,,,3,,,0,4,2,5200533bf224,2
gamma_low,state,post,amp_cc,raw,Right RSC – Left OFC,-0.016120388089101708,0.036147786882681936,-0.4459578159354711,5,0.6742762832337617,0.8927413279447913,0,6,3,5200533bf224,2
gamma_low,state,post,amp_cc,raw,Right RSC – Left PER,0.06290458488916344,,,1,,,0,2,2,5200533bf224,2
gamma_low,state,post,amp_cc,raw,Right RSC – Left RSC,-0.026650967751432584,0.05331931110377193,-0.4998370609020722,5,0.6384057381148028,0.8927413279447913,0,6,4,5200533bf224,2
gamma_low,state,post,amp_cc,raw,Right RSC – Right PER,-0.05149458270774185,,,1,,,0,2,1,5200533bf224,2
gamma_low,state,pre,coherence,minus_fp,Left DHC – Left ACC,0.004039128536032048,0.01240365994178458,0.3256400574499237,5,0.7578828882007856,0.9625228197734456,0,6,3,5200533bf224,2
gamma_low,state,pre,coherence,minus_fp,Left DHC – Left OFC,0.007461978887855397,0.008452686800807909,0.8827937274503275,5,0.4177637405610052,0.7821643655250384,0,6,4,5200533bf224,2
gamma_low,state,pre,coherence,minus_fp,Left OFC – Left ACC,-0.0023005867275301935,0.03672215847670977,-0.062648461391214,7,0.9517977878733055,0.9914587197105305,0,8,3,5200533bf224,2
gamma_low,state,pre,coherence,minus_fp,Left PER – Left ACC,-0.015218695095727024,,,1,,,0,2,1,5200533bf224,2
gamma_low,state,pre,coherence,minus_fp,Left PER – Left DHC,0.04211818125707131,,,1,,,0,2,2,5200533bf224,2
gamma_low,state,pre,coherence,minus_fp,Left PER – Left OFC,-0.01061392593346897,,,1,,,0,2,1,5200533bf224,2
gamma_low,state,pre,coherence,minus_fp,Left PER – Left RSC,0.0525231231333686,,,1,,,0,2,2,5200533bf224,2
gamma_low,state,pre,coherence,minus_fp,Left RSC – Left ACC,0.012193679925391521,0.013330438930871843,0.914724562981365,6,0.3956087619299188,0.780806766966945,0,7,5,5200533bf224,2
gamma_low,state,pre,coherence,minus_fp,Left RSC – Left DHC,0.05623536282003095,0.0692677831016372,0.8118545202683379,4,0.4624236888601104,0.8191081645411575,0,5,3,5200533bf224,2
gamma_low,state,pre,coherence,minus_fp,Left RSC – Left OFC,0.009601576329087315,0.002556702809248174,3.7554526456325843,6,0.009448931446023299,0.2362232861505825,2,7,6,5200533bf224,2
gamma_low,state,pre,coherence,minus_fp,Right ACC – Left ACC,0.014168666451242921,0.013258148843986826,1.0686760737091179,7,0.3206772503408221,0.7214194574462037,0,8,6,5200533bf224,2
gamma_low,state,pre,coherence,minus_fp,Right ACC – Left DHC,0.013914201491037592,0.011077516484009032,1.2560759003268884,5,0.2645830781535034,0.7006282988347254,0,6,4,5200533bf224,2
gamma_low,state,pre,coherence,minus_fp,Right ACC – Left OFC,-4.342046376421048e-06,0.006330192679499166,-0.0006859264158708962,7,0.9994718484353113,0.9994718484353112,0,8,2,5200533bf224,2
gamma_low,state,pre,coherence,minus_fp,Right ACC – Left PER,0.047536782408708005,,,1,,,0,2,2,5200533bf224,2
gamma_low,state,pre,coherence,minus_fp,Right ACC – Left RSC,0.01132538593062097,0.013042464303540901,0.8683470904763173,6,0.4185775328647774,0.7821643655250384,0,7,4,5200533bf224,2
gamma_low,state,pre,coherence,minus_fp,Right ACC – Right DHC,-0.0012603775870886188,0.012394462415494594,-0.10168876590508619,4,0.9238972813512009,0.9910015998870338,0,5,2,5200533bf224,2
gamma_low,state,pre,coherence,minus_fp,Right ACC – Right OFC,0.013034557872053534,0.005973664920451545,2.1820035180460478,7,0.0654468406203929,0.381604546231658,0,8,7,5200533bf224,2
gamma_low,state,pre,coherence,minus_fp,Right ACC – Right PER,0.0013433785310895774,,,1,,,0,2,1,5200533bf224,2
gamma_low,state,pre,coherence,minus_fp,Right ACC – Right RSC,0.023849056220618593,0.008355807154027317,2.854189401573715,5,0.03564826174269208,0.3323419283608456,0,6,5,5200533bf224,2
gamma_low,state,pre,coherence,minus_fp,Right DHC – Left ACC,0.009694896809919208,0.02012804440985076,0.48166113967706076,4,0.6552130818037191,0.9016693786289711,0,5,3,5200533bf224,2
gamma_low,state,pre,coherence,minus_fp,Right DHC – Left DHC,0.003002658506945529,0.012419513543248495,0.24176941363197244,4,0.8208477083435068,0.9625228197734456,0,5,4,5200533bf224,2
gamma_low,state,pre,coherence,minus_fp,Right DHC – Left OFC,0.005599855444964528,0.0061351539529044775,0.9127489689665357,4,0.41301136165390046,0.7821643655250384,0,5,3,5200533bf224,2
gamma_low,state,pre,coherence,minus_fp,Right DHC – Left PER,-0.03900251153846154,,,,,,0,1,1,5200533bf224,2
gamma_low,state,pre,coherence,minus_fp,Right DHC – Left RSC,-0.00991450289718329,,,3,,,0,4,2,5200533bf224,2
gamma_low,state,pre,coherence,minus_fp,Right DHC – Right PER,0.026207919444444464,,,,,,0,1,1,5200533bf224,2
gamma_low,state,pre,coherence,minus_fp,Right DHC – Right RSC,0.05463827902437023,,,2,,,0,3,2,5200533bf224,2
gamma_low,state,pre,coherence,minus_fp,Right OFC – Left ACC,0.023563328869949756,0.010399328001379462,2.2658511075738836,7,0.05783021388851105,0.3567910912083254,0,8,6,5200533bf224,2
gamma_low,state,pre,coherence,minus_fp,Right OFC – Left DHC,0.0023340285695275624,0.002989208032651655,0.7808183786583437,5,0.47024345091677566,0.8191081645411575,0,6,2,5200533bf224,2
gamma_low,state,pre,coherence,minus_fp,Right OFC – Left OFC,0.020304423327158427,0.011457563624345064,1.7721414423582629,7,0.1196613992130126,0.4992725704337799,0,8,6,5200533bf224,2
gamma_low,state,pre,coherence,minus_fp,Right OFC – Left PER,-0.011979858472318795,,,1,,,0,2,1,5200533bf224,2
gamma_low,state,pre,coherence,minus_fp,Right OFC – Left RSC,0.003765821588068903,0.0028483862718137903,1.3220895021625385,6,0.2343032540029941,0.6694378685799831,0,7,5,5200533bf224,2
gamma_low,state,pre,coherence,minus_fp,Right OFC – Right DHC,0.013161128121717531,0.008262897313169043,1.5927982187001046,4,0.18642421383357102,0.6018204857958322,0,5,4,5200533bf224,2
gamma_low,state,pre,coherence,minus_fp,Right OFC – Right PER,0.009857130621384769,,,1,,,0,2,2,5200533bf224,2
gamma_low,state,pre,coherence,minus_fp,Right OFC – Right RSC,0.011728478605643975,0.005066452409866536,2.314929196374892,5,0.06848503805423951,0.38765115879758216,0,6,5,5200533bf224,2
gamma_low,state,pre,coherence,minus_fp,Right PER – Left ACC,0.023183771067307672,,,1,,,0,2,2,5200533bf224,2
gamma_low,state,pre,coherence,minus_fp,Right PER – Left DHC,-0.0045275166666666755,,,,,,0,1,1,5200533bf224,2
gamma_low,state,pre,coherence,minus_fp,Right PER – Left OFC,0.017050154317395462,,,1,,,0,2,2,5200533bf224,2
gamma_low,state,pre,coherence,minus_fp,Right PER – Left RSC,-0.010818618018226612,,,1,,,0,2,2,5200533bf224,2
gamma_low,state,pre,coherence,minus_fp,Right RSC – Left ACC,0.0012338223532745653,0.008540163668925337,0.14447291657465683,5,0.8907698279568473,0.9897442532853858,0,6,3,5200533bf224,2
gamma_low,state,pre,coherence,minus_fp,Right RSC – Left DHC,0.04171509858784888,,,3,,,0,4,4,5200533bf224,2
gamma_low,state,pre,coherence,minus_fp,Right RSC – Left OFC,-0.0017100054232568162,0.005272657511059113,-0.3243156642869697,5,0.7588272701924085,0.9625228197734456,0,6,2,5200533bf224,2
gamma_low,state,pre,coherence,minus_fp,Right RSC – Left PER,0.012701943046768853,,,1,,,0,2,1,5200533bf224,2
gamma_low,state,pre,coherence,minus_fp,Right RSC – Left RSC,-0.00037936242877678784,0.025856632779526934,-0.01467176457242197,5,0.9888614795665738,0.9981767092367849,0,6,4,5200533bf224,2
gamma_low,state,pre,coherence,minus_fp,Right RSC – Right PER,0.0054717761554071015,,,1,,,0,2,1,5200533bf224,2
gamma_low,state,pre,raw_cc,minus_fp,Left DHC – Left ACC,0.012745190602869478,0.05213656484737015,0.24445781267294917,5,0.8165912149248006,0.9625228197734456,0,6,2,5200533bf224,2
gamma_low,state,pre,raw_cc,minus_fp,Left DHC – Left OFC,-0.0146630768814902,0.021582778250233914,-0.6793878300320897,5,0.5270636007951669,0.8449749382598722,0,6,4,5200533bf224,2
gamma_low,state,pre,raw_cc,minus_fp,Left OFC – Left ACC,0.018896461415858937,0.06245171336637554,0.30257714956517,7,0.7710053688694697,0.9625228197734456,0,8,4,5200533bf224,2
gamma_low,state,pre,raw_cc,minus_fp,Left PER – Left ACC,-0.021071475674009032,,,1,,,0,2,1,5200533bf224,2
gamma_low,state,pre,raw_cc,minus_fp,Left PER – Left DHC,0.10185972864904709,,,1,,,0,2,2,5200533bf224,2
gamma_low,state,pre,raw_cc,minus_fp,Left PER – Left OFC,-0.020053373829713138,,,1,,,0,2,1,5200533bf224,2
gamma_low,state,pre,raw_cc,minus_fp,Left PER – Left RSC,-0.004570776356137115,,,1,,,0,2,1,5200533bf224,2
gamma_low,state,pre,raw_cc,minus_fp,Left RSC – Left ACC,-0.023796959915126193,0.0319327496458451,-0.7452211343855417,6,0.48429615740305126,0.8191081645411575,0,7,3,5200533bf224,2
gamma_low,state,pre,raw_cc,minus_fp,Left RSC – Left DHC,0.1403605385246675,0.12917807298907283,1.086566282317438,4,0.3383243517556445,0.7316886488566999,0,5,3,5200533bf224,2
gamma_low,state,pre,raw_cc,minus_fp,Left RSC – Left OFC,0.011318926502569803,0.04338650651561546,0.26088587009179803,6,0.8029038279952345,0.9625228197734456,0,7,2,5200533bf224,2
gamma_low,state,pre,raw_cc,minus_fp,Right ACC – Left ACC,0.030818643590636657,0.04974717074270977,0.6195054538886112,7,0.555203043107366,0.845486867676192,0,8,3,5200533bf224,2
gamma_low,state,pre,raw_cc,minus_fp,Right ACC – Left DHC,-0.007818576496146899,0.04347360548929181,-0.17984651625163064,5,0.8643345974204056,0.9813204618182524,0,6,4,5200533bf224,2
gamma_low,state,pre,raw_cc,minus_fp,Right ACC – Left OFC,0.0753832661189185,0.028396879757426392,2.6546320146037936,7,0.03272098213776592,0.3323419283608456,0,8,7,5200533bf224,2
gamma_low,state,pre,raw_cc,minus_fp,Right ACC – Left PER,0.046515530913403505,,,1,,,0,2,1,5200533bf224,2
gamma_low,state,pre,raw_cc,minus_fp,Right ACC – Left RSC,0.027859933715426725,0.056226524247919275,0.4954945034941887,6,0.6378733954801609,0.896004465566008,0,7,4,5200533bf224,2
gamma_low,state,pre,raw_cc,minus_fp,Right ACC – Right DHC,0.06426207231181728,0.05327762244716693,1.2061737998076612,4,0.29421201515460693,0.7177644849742204,0,5,3,5200533bf224,2
gamma_low,state,pre,raw_cc,minus_fp,Right ACC – Right OFC,0.021326903901046215,0.04570083132606847,0.46666336874447656,7,0.6549163144483432,0.9016693786289711,0,8,5,5200533bf224,2
gamma_low,state,pre,raw_cc,minus_fp,Right ACC – Right PER,0.02425088037172388,,,1,,,0,2,1,5200533bf224,2
gamma_low,state,pre,raw_cc,minus_fp,Right ACC – Right RSC,0.13380656125591162,0.06300809818485462,2.1236406923971396,5,0.08710287068628662,0.426930482363659,0,6,5,5200533bf224,2
gamma_low,state,pre,raw_cc,minus_fp,Right DHC – Left ACC,0.019529259455164018,0.07743601712247926,0.25219865614052583,4,0.813316250181723,0.9625228197734456,0,5,3,5200533bf224,2
gamma_low,state,pre,raw_cc,minus_fp,Right DHC – Left DHC,-0.010215373737422043,0.05601438828845995,-0.1823705310288394,4,0.8641616293140499,0.9813204618182524,0,5,2,5200533bf224,2
gamma_low,state,pre,raw_cc,minus_fp,Right DHC – Left OFC,-0.015466099777285733,0.0607872369267499,-0.2544300507674458,4,0.8117079824333174,0.9625228197734456,0,5,3,5200533bf224,2
gamma_low,state,pre,raw_cc,minus_fp,Right DHC – Left PER,-0.015641811538461538,,,,,,0,1,1,5200533bf224,2
gamma_low,state,pre,raw_cc,minus_fp,Right DHC – Left RSC,0.008910741084737364,,,3,,,0,4,2,5200533bf224,2
gamma_low,state,pre,raw_cc,minus_fp,Right DHC – Right PER,0.07877413095238096,,,,,,0,1,1,5200533bf224,2
gamma_low,state,pre,raw_cc,minus_fp,Right DHC – Right RSC,0.06672290211191338,,,2,,,0,3,2,5200533bf224,2
gamma_low,state,pre,raw_cc,minus_fp,Right OFC – Left ACC,0.02986519626177017,0.03946718302045953,0.7567095996258016,7,0.473917662463194,0.8191081645411575,0,8,4,5200533bf224,2
gamma_low,state,pre,raw_cc,minus_fp,Right OFC – Left DHC,-0.033578886481726924,0.03473877933908087,-0.9666110070813836,5,0.3781330139188509,0.761341638762787,0,6,4,5200533bf224,2
gamma_low,state,pre,raw_cc,minus_fp,Right OFC – Left OFC,0.03972828415124658,0.044295711175106146,0.8968878272254397,7,0.3995721765497702,0.7821643655250384,0,8,6,5200533bf224,2
gamma_low,state,pre,raw_cc,minus_fp,Right OFC – Left PER,-0.11351044637797063,,,1,,,0,2,2,5200533bf224,2
gamma_low,state,pre,raw_cc,minus_fp,Right OFC – Left RSC,0.01538285784102226,0.01836444195487674,0.8376436310354256,6,0.43432211175065116,0.794491667836557,0,7,3,5200533bf224,2
gamma_low,state,pre,raw_cc,minus_fp,Right OFC – Right DHC,-0.03769260265983708,0.0312550861679474,-1.2059670050915252,4,0.29428343883943037,0.7177644849742204,0,5,4,5200533bf224,2
gamma_low,state,pre,raw_cc,minus_fp,Right OFC – Right PER,0.17581894772721227,,,1,,,0,2,2,5200533bf224,2
gamma_low,state,pre,raw_cc,minus_fp,Right OFC – Right RSC,-0.048055245648851636,0.02273755309889271,-2.113474807066723,5,0.08823229968848953,0.426930482363659,0,6,4,5200533bf224,2
gamma_low,state,pre,raw_cc,minus_fp,Right PER – Left ACC,-0.0015407981630705411,,,1,,,0,2,1,5200533bf224,2
gamma_low,state,pre,raw_cc,minus_fp,Right PER – Left DHC,0.10095886666666666,,,,,,0,1,1,5200533bf224,2
gamma_low,state,pre,raw_cc,minus_fp,Right PER – Left OFC,0.14544435422284735,,,1,,,0,2,2,5200533bf224,2
gamma_low,state,pre,raw_cc,minus_fp,Right PER – Left RSC,0.036712396295248015,,,1,,,0,2,1,5200533bf224,2
gamma_low,state,pre,raw_cc,minus_fp,Right RSC – Left ACC,0.008837701421809835,0.0299393218640191,0.29518709414827904,5,0.7797155774781048,0.9625228197734456,0,6,2,5200533bf224,2
gamma_low,state,pre,raw_cc,minus_fp,Right RSC – Left DHC,0.08255277095431278,,,3,,,0,4,3,5200533bf224,2
gamma_low,state,pre,raw_cc,minus_fp,Right RSC – Left OFC,0.002451155628728932,0.04732212204979634,0.051797246669319244,5,0.9606959252476,0.9914587197105305,0,6,4,5200533bf224,2
gamma_low,state,pre,raw_cc,minus_fp,Right RSC – Left PER,-0.017361401473106032,,,1,,,0,2,2,5200533bf224,2
gamma_low,state,pre,raw_cc,minus_fp,Right RSC – Left RSC,0.0075328504370678565,0.0795521339543591,0.09469074005468699,5,0.9282381652275217,0.9910015998870338,0,6,2,5200533bf224,2
gamma_low,state,pre,raw_cc,minus_fp,Right RSC – Right PER,-0.038633545038427405,,,1,,,0,2,2,5200533bf224,2
gamma_low,state,pre,amp_cc,minus_fp,Left DHC – Left ACC,-0.06261443950376826,0.03171215962352153,-1.9744615392679186,5,0.10532131481436588,0.486098376066304,0,6,5,5200533bf224,2
gamma_low,state,pre,amp_cc,minus_fp,Left DHC – Left OFC,0.007968412973878444,0.028392809949545968,0.28064897373801034,5,0.7902217451356887,0.9625228197734456,0,6,4,5200533bf224,2
gamma_low,state,pre,amp_cc,minus_fp,Left OFC – Left ACC,-0.039722776333796846,0.03854345210598425,-1.030597265251949,7,0.33701729804448893,0.7316886488566999,0,8,3,5200533bf224,2
gamma_low,state,pre,amp_cc,minus_fp,Left PER – Left ACC,-0.008166047418872257,,,1,,,0,2,1,5200533bf224,2
gamma_low,state,pre,amp_cc,minus_fp,Left PER – Left DHC,-0.010546098127498514,,,1,,,0,2,1,5200533bf224,2
gamma_low,state,pre,amp_cc,minus_fp,Left PER – Left OFC,-0.028419636948267383,,,1,,,0,2,1,5200533bf224,2
gamma_low,state,pre,amp_cc,minus_fp,Left PER – Left RSC,0.05641164971374269,,,1,,,0,2,2,5200533bf224,2
gamma_low,state,pre,amp_cc,minus_fp,Left RSC – Left ACC,0.01567410260986051,0.021246853294831974,0.7377140695781543,6,0.4885241359209762,0.8191081645411575,0,7,5,5200533bf224,2
gamma_low,state,pre,amp_cc,minus_fp,Left RSC – Left DHC,0.07914709213838983,0.06278377551380422,1.2606297007574483,4,0.27596457693190685,0.7019409114685274,0,5,4,5200533bf224,2
gamma_low,state,pre,amp_cc,minus_fp,Left RSC – Left OFC,-0.0006380223976251881,0.03423013398556132,-0.018639202461033705,6,0.9857332964975942,0.9981767092367849,0,7,4,5200533bf224,2
gamma_low,state,pre,amp_cc,minus_fp,Right ACC – Left ACC,0.024232428199074122,0.0329820519623145,0.7347156031032347,7,0.4863911265806664,0.8191081645411575,0,8,6,5200533bf224,2
gamma_low,state,pre,amp_cc,minus_fp,Right ACC – Left DHC,0.016797538889879265,0.024030473408453053,0.6990099031494942,5,0.5157170144982792,0.8362978613485609,0,6,4,5200533bf224,2
gamma_low,state,pre,amp_cc,minus_fp,Right ACC – Left OFC,0.024287663819912306,0.018814403932899477,1.2909079610777416,7,0.23773141769631828,0.6702417300247867,0,8,7,5200533bf224,2
gamma_low,state,pre,amp_cc,minus_fp,Right ACC – Left PER,0.01202771646545021,,,1,,,0,2,2,5200533bf224,2
gamma_low,state,pre,amp_cc,minus_fp,Right ACC – Left RSC,0.0019114958399876827,0.030608845023125518,0.06244913320131858,6,0.9522335578293746,0.9914587197105305,0,7,3,5200533bf224,2
gamma_low,state,pre,amp_cc,minus_fp,Right ACC – Right DHC,0.02985733672353165,0.026609471261890835,1.1220567454976942,4,0.3246387558507917,0.7214194574462037,0,5,3,5200533bf224,2
gamma_low,state,pre,amp_cc,minus_fp,Right ACC – Right OFC,0.03718831532305991,0.023599257393631248,1.5758256585266939,7,0.15906955564164318,0.5599670049808211,0,8,5,5200533bf224,2
gamma_low,state,pre,amp_cc,minus_fp,Right ACC – Right PER,-0.05499812842833936,,,1,,,0,2,2,5200533bf224,2
gamma_low,state,pre,amp_cc,minus_fp,Right ACC – Right RSC,0.050212421750407,0.04013382174503272,1.2511248509898434,5,0.2662387535571957,0.7006282988347254,0,6,5,5200533bf224,2
gamma_low,state,pre,amp_cc,minus_fp,Right DHC – Left ACC,0.00551186056804696,0.03083807057044546,0.17873558449306512,4,0.8668330746061229,0.9813204618182524,0,5,4,5200533bf224,2
gamma_low,state,pre,amp_cc,minus_fp,Right DHC – Left DHC,0.007495692310870172,0.03461974329854269,0.2165149592887276,4,0.839180435675113,0.9645752134196701,0,5,3,5200533bf224,2
gamma_low,state,pre,amp_cc,minus_fp,Right DHC – Left OFC,-0.014929904394183692,0.04529857613514528,-0.3295888230491245,4,0.7582475675634794,0.9625228197734456,0,5,2,5200533bf224,2
gamma_low,state,pre,amp_cc,minus_fp,Right DHC – Left PER,-0.03722197756410255,,,,,,0,1,1,5200533bf224,2
gamma_low,state,pre,amp_cc,minus_fp,Right DHC – Left RSC,-0.045964119710129495,,,3,,,0,4,2,5200533bf224,2
gamma_low,state,pre,amp_cc,minus_fp,Right DHC – Right PER,0.1049551257936508,,,,,,0,1,1,5200533bf224,2
gamma_low,state,pre,amp_cc,minus_fp,Right DHC – Right RSC,0.04423876183941851,,,2,,,0,3,2,5200533bf224,2
gamma_low,state,pre,amp_cc,minus_fp,Right OFC – Left ACC,-0.055056429654426295,0.020511391956564304,-2.6841878781808597,7,0.03134849872354319,0.3323419283608456,0,8,6,5200533bf224,2
gamma_low,state,pre,amp_cc,minus_fp,Right OFC – Left DHC,-0.0023581282435831043,0.03663076807902178,-0.06437561556165103,5,0.9511656406983576,0.9914587197105305,0,6,3,5200533bf224,2
gamma_low,state,pre,amp_cc,minus_fp,Right OFC – Left OFC,-0.02802882140755934,0.037314674818291274,-0.7511474116831884,7,0.4770516738128454,0.8191081645411575,0,8,4,5200533bf224,2
gamma_low,state,pre,amp_cc,minus_fp,Right OFC – Left PER,-0.07156351541750303,,,1,,,0,2,2,5200533bf224,2
gamma_low,state,pre,amp_cc,minus_fp,Right OFC – Left RSC,-0.003891546279599871,0.013539663733142448,-0.2874182369887169,6,0.7834607008636488,0.9625228197734456,0,7,4,5200533bf224,2
gamma_low,state,pre,amp_cc,minus_fp,Right OFC – Right DHC,0.009987543984165832,0.033054167338154576,0.30215687728539947,4,0.7775919044170945,0.9625228197734456,0,5,3,5200533bf224,2
gamma_low,state,pre,amp_cc,minus_fp,Right OFC – Right PER,-0.010178130996768831,,,1,,,0,2,1,5200533bf224,2
gamma_low,state,pre,amp_cc,minus_fp,Right OFC – Right RSC,0.00738395143935891,0.032835833395301016,0.22487479913988093,5,0.830978034404408,0.9625228197734456,0,6,4,5200533bf224,2
gamma_low,state,pre,amp_cc,minus_fp,Right PER – Left ACC,-0.11713634101065674,,,1,,,0,2,2,5200533bf224,2
gamma_low,state,pre,amp_cc,minus_fp,Right PER – Left DHC,0.030155574999999997,,,,,,0,1,1,5200533bf224,2
gamma_low,state,pre,amp_cc,minus_fp,Right PER – Left OFC,-0.03431323255899789,,,1,,,0,2,1,5200533bf224,2
gamma_low,state,pre,amp_cc,minus_fp,Right PER – Left RSC,0.009803133776651459,,,1,,,0,2,1,5200533bf224,2
gamma_low,state,pre,amp_cc,minus_fp,Right RSC – Left ACC,0.033020808663975075,0.021602557173746775,1.52856017916734,5,0.18691610240545012,0.6018204857958322,0,6,3,5200533bf224,2
gamma_low,state,pre,amp_cc,minus_fp,Right RSC – Left DHC,0.05474219211761364,,,3,,,0,4,2,5200533bf224,2
gamma_low,state,pre,amp_cc,minus_fp,Right RSC – Left OFC,0.05470350899911915,0.016065739287069714,3.404979255647856,5,0.019147308352599802,0.3239523265395564,0,6,5,5200533bf224,2
gamma_low,state,pre,amp_cc,minus_fp,Right RSC – Left PER,-0.02638948795969833,,,1,,,0,2,2,5200533bf224,2
gamma_low,state,pre,amp_cc,minus_fp,Right RSC – Left RSC,0.019390311510350606,0.08284723702766178,0.23404898227174908,5,0.8242283843693212,0.9625228197734456,0,6,4,5200533bf224,2
gamma_low,state,pre,amp_cc,minus_fp,Right RSC – Right PER,0.0072510719933322155,,,1,,,0,2,1,5200533bf224,2
gamma_low,state,cue1,coherence,minus_fp,Left DHC – Left ACC,0.0025984805407776924,0.011450273481969862,0.2269361116019964,5,0.8294600164003332,0.9625228197734456,0,6,3,5200533bf224,2
gamma_low,state,cue1,coherence,minus_fp,Left DHC – Left OFC,-0.00022363453929015703,0.003914246447540729,-0.05713348464061678,5,0.9566517900897435,0.9914587197105305,0,6,2,5200533bf224,2
gamma_low,state,cue1,coherence,minus_fp,Left OFC – Left ACC,0.022261534465954632,0.03774695927481352,0.5897570266225003,7,0.5738883802563778,0.8485857123378678,0,8,5,5200533bf224,2
gamma_low,state,cue1,coherence,minus_fp,Left PER – Left ACC,0.009322283352477902,,,1,,,0,2,1,5200533bf224,2
gamma_low,state,cue1,coherence,minus_fp,Left PER – Left DHC,0.0486253737842312,,,1,,,0,2,2,5200533bf224,2
gamma_low,state,cue1,coherence,minus_fp,Left PER – Left OFC,-0.004769994874169697,,,1,,,0,2,1,5200533bf224,2
gamma_low,state,cue1,coherence,minus_fp,Left PER – Left RSC,0.05809441560144593,,,1,,,0,2,2,5200533bf224,2
gamma_low,state,cue1,coherence,minus_fp,Left RSC – Left ACC,0.019017554039020765,0.016133487388479698,1.1787627548276058,6,0.2831161676256394,0.7019409114685274,0,7,5,5200533bf224,2
gamma_low,state,cue1,coherence,minus_fp,Left RSC – Left DHC,0.06581720705040453,0.06153440253495061,1.0696001641199222,4,0.3450494127506104,0.7341476867034264,0,5,4,5200533bf224,2
gamma_low,state,cue1,coherence,minus_fp,Left RSC – Left OFC,0.00930448854694348,0.0038119323163100876,2.440885035427421,6,0.050411035746543785,0.3567910912083254,0,7,6,5200533bf224,2
gamma_low,state,cue1,coherence,minus_fp,Right ACC – Left ACC,0.02573466869481792,0.011756872490368754,2.188904295415281,7,0.06478347790158492,0.381604546231658,0,8,6,5200533bf224,2
gamma_low,state,cue1,coherence,minus_fp,Right ACC – Left DHC,0.02078874116440163,0.012038609011091215,1.7268391344256537,5,0.14478009407904321,0.535241401756701,0,6,4,5200533bf224,2
gamma_low,state,cue1,coherence,minus_fp,Right ACC – Left OFC,0.010943493881925876,0.0047432820047693175,2.3071564943687335,7,0.05441427403015861,0.3567910912083254,0,8,8,5200533bf224,2
gamma_low,state,cue1,coherence,minus_fp,Right ACC – Left PER,0.05407375120440897,,,1,,,0,2,2,5200533bf224,2
gamma_low,state,cue1,coherence,minus_fp,Right ACC – Left RSC,0.024992862045815287,0.017137851331947,1.458342796989119,6,0.19502236324724553,0.6031619481873574,0,7,5,5200533bf224,2
gamma_low,state,cue1,coherence,minus_fp,Right ACC – Right DHC,0.012194406564155973,0.016122695446932876,0.7563503636407022,4,0.49154068337472184,0.8191081645411575,0,5,4,5200533bf224,2
gamma_low,state,cue1,coherence,minus_fp,Right ACC – Right OFC,0.018270965075455198,0.005119563353334976,3.568852227124636,7,0.009110893654819019,0.2362232861505825,2,8,8,5200533bf224,2
gamma_low,state,cue1,coherence,minus_fp,Right ACC – Right PER,0.031422367231758716,,,1,,,0,2,1,5200533bf224,2
gamma_low,state,cue1,coherence,minus_fp,Right ACC – Right RSC,0.04559052324033984,0.00922480505343665,4.942166579808139,5,0.004314002229974809,0.18488580985606326,2,6,6,5200533bf224,2
gamma_low,state,cue1,coherence,minus_fp,Right DHC – Left ACC,0.014142632864917544,0.01778374776795593,0.7952560421713124,4,0.4709871869999777,0.8191081645411575,0,5,3,5200533bf224,2
gamma_low,state,cue1,coherence,minus_fp,Right DHC – Left DHC,-0.0003020380347756759,0.01558185477410927,-0.019383959044307147,4,0.9854631686182012,0.9981767092367849,0,5,2,5200533bf224,2
gamma_low,state,cue1,coherence,minus_fp,Right DHC – Left OFC,0.011543944453978234,0.008820585891378895,1.3087503025463545,4,0.2607458761945306,0.6984264540924927,0,5,4,5200533bf224,2
gamma_low,state,cue1,coherence,minus_fp,Right DHC – Left PER,-0.046993873376623384,,,,,,0,1,1,5200533bf224,2
gamma_low,state,cue1,coherence,minus_fp,Right DHC – Left RSC,0.00371293606044946,,,3,,,0,4,2,5200533bf224,2
gamma_low,state,cue1,coherence,minus_fp,Right DHC – Right PER,0.03267005192307694,,,,,,0,1,1,5200533bf224,2
gamma_low,state,cue1,coherence,minus_fp,Right DHC – Right RSC,0.04921823758727399,,,2,,,0,3,2,5200533bf224,2
gamma_low,state,cue1,coherence,minus_fp,Right OFC – Left ACC,0.01750958147359108,0.009697982997546206,1.8054869221797327,7,0.11396542853287148,0.4992725704337799,0,8,5,5200533bf224,2
gamma_low,state,cue1,coherence,minus_fp,Right OFC – Left DHC,0.0037564975572768906,0.004032606933673406,0.9315307985782288,5,0.39433702673039017,0.780806766966945,0,6,4,5200533bf224,2
gamma_low,state,cue1,coherence,minus_fp,Right OFC – Left OFC,0.00978751417334973,0.010240657961282687,0.9557505201671437,7,0.37103202522333645,0.7520919430202766,0,8,7,5200533bf224,2
gamma_low,state,cue1,coherence,minus_fp,Right OFC – Left PER,-0.021994829177767405,,,1,,,0,2,1,5200533bf224,2
gamma_low,state,cue1,coherence,minus_fp,Right OFC – Left RSC,0.00808787268698665,0.0031685542904743976,2.5525435089754227,6,0.043341812054918286,0.34267919822472154,0,7,7,5200533bf224,2
gamma_low,state,cue1,coherence,minus_fp,Right OFC – Right DHC,0.008863748816315558,0.007512704916225417,1.1798345489614865,4,0.3034414156405969,0.720943925073516,0,5,4,5200533bf224,2
gamma_low,state,cue1,coherence,minus_fp,Right OFC – Right PER,0.027607652099860346,,,1,,,0,2,2,5200533bf224,2
gamma_low,state,cue1,coherence,minus_fp,Right OFC – Right RSC,0.01626443013224745,0.0029257820700913004,5.559002599171684,5,0.0025907025779773126,0.18488580985606326,2,6,6,5200533bf224,2
gamma_low,state,cue1,coherence,minus_fp,Right PER – Left ACC,0.008836014624941501,,,1,,,0,2,2,5200533bf224,2
gamma_low,state,cue1,coherence,minus_fp,Right PER – Left DHC,-0.027747105769230757,,,,,,0,1,1,5200533bf224,2
gamma_low,state,cue1,coherence,minus_fp,Right PER – Left OFC,0.020962415882571053,,,1,,,0,2,2,5200533bf224,2
gamma_low,state,cue1,coherence,minus_fp,Right PER – Left RSC,-0.025638856953744373,,,1,,,0,2,2,5200533bf224,2
gamma_low,state,cue1,coherence,minus_fp,Right RSC – Left ACC,0.009012285984394826,0.010255945798858034,0.8787376767726595,5,0.41976154283177064,0.7821643655250384,0,6,4,5200533bf224,2
gamma_low,state,cue1,coherence,minus_fp,Right RSC – Left DHC,0.030468401484990446,,,3,,,0,4,3,5200533bf224,2
gamma_low,state,cue1,coherence,minus_fp,Right RSC – Left OFC,-0.0017666153096767426,0.007127850843815729,-0.24784684028699824,5,0.8141095391419698,0.9625228197734456,0,6,2,5200533bf224,2
gamma_low,state,cue1,coherence,minus_fp,Right RSC – Left PER,0.021129646849146134,,,1,,,0,2,2,5200533bf224,2
gamma_low,state,cue1,coherence,minus_fp,Right RSC – Left RSC,0.015051699784920025,0.03018169500203654,0.4987029318235572,5,0.6391498521037524,0.896004465566008,0,6,4,5200533bf224,2
gamma_low,state,cue1,coherence,minus_fp,Right RSC – Right PER,-0.008181394659156013,,,1,,,0,2,1,5200533bf224,2
gamma_low,state,cue1,raw_cc,minus_fp,Left DHC – Left ACC,0.01699359340923343,0.05240525828938966,0.3242726772834945,5,0.758857930835021,0.9625228197734456,0,6,4,5200533bf224,2
gamma_low,state,cue1,raw_cc,minus_fp,Left DHC – Left OFC,0.0601548492526297,0.03435226293932889,1.7511175132442351,5,0.1403201495815819,0.5306001570207742,0,6,4,5200533bf224,2
gamma_low,state,cue1,raw_cc,minus_fp,Left OFC – Left ACC,0.0512964823959741,0.060759137339757185,0.8442595573589343,7,0.42643271731721283,0.7896902172540978,0,8,6,5200533bf224,2
gamma_low,state,cue1,raw_cc,minus_fp,Left PER – Left ACC,-0.015134348933208955,,,1,,,0,2,1,5200533bf224,2
gamma_low,state,cue1,raw_cc,minus_fp,Left PER – Left DHC,0.11510972981054782,,,1,,,0,2,2,5200533bf224,2
gamma_low,state,cue1,raw_cc,minus_fp,Left PER – Left OFC,0.001574782103946474,,,1,,,0,2,1,5200533bf224,2
gamma_low,state,cue1,raw_cc,minus_fp,Left PER – Left RSC,0.04174829013287612,,,1,,,0,2,2,5200533bf224,2
gamma_low,state,cue1,raw_cc,minus_fp,Left RSC – Left ACC,0.055897403086181935,0.05102981066512514,1.0953872326315217,6,0.31535700348622725,0.7214194574462037,0,7,6,5200533bf224,2
gamma_low,state,cue1,raw_cc,minus_fp,Left RSC – Left DHC,0.16743714828823983,0.1327350306225879,1.261439030095395,4,0.27570169140219364,0.7019409114685274,0,5,3,5200533bf224,2
gamma_low,state,cue1,raw_cc,minus_fp,Left RSC – Left OFC,0.037054011752024774,0.058927505608145116,0.6288067239503697,6,0.552646161580546,0.845486867676192,0,7,5,5200533bf224,2
gamma_low,state,cue1,raw_cc,minus_fp,Right ACC – Left ACC,0.10324970079356112,0.05940106732316224,1.73817921876466,7,0.12574218896175687,0.5141290387285159,0,8,6,5200533bf224,2
gamma_low,state,cue1,raw_cc,minus_fp,Right ACC – Left DHC,0.011469145499624118,0.04204107314448607,0.27280810506922953,5,0.7959092728221042,0.9625228197734456,0,6,3,5200533bf224,2
gamma_low,state,cue1,raw_cc,minus_fp,Right ACC – Left OFC,0.09699917597463947,0.04765759210212607,2.0353352256399924,7,0.08127042132334936,0.426930482363659,0,8,7,5200533bf224,2
gamma_low,state,cue1,raw_cc,minus_fp,Right ACC – Left PER,0.047159966806046644,,,1,,,0,2,2,5200533bf224,2
gamma_low,state,cue1,raw_cc,minus_fp,Right ACC – Left RSC,0.041062054177683785,0.056074520381724884,0.7322765116519164,6,0.4916022589129407,0.8191081645411575,0,7,4,5200533bf224,2
gamma_low,state,cue1,raw_cc,minus_fp,Right ACC – Right DHC,0.08361537136793994,0.02820459531155997,2.9646009965499927,4,0.041365138746599965,0.34267919822472154,0,5,4,5200533bf224,2
gamma_low,state,cue1,raw_cc,minus_fp,Right ACC – Right OFC,-0.005256374002794013,0.040878764136642674,-0.12858446466786244,7,0.9013028677881766,0.9910015998870338,0,8,5,5200533bf224,2
gamma_low,state,cue1,raw_cc,minus_fp,Right ACC – Right PER,0.07364788508603859,,,1,,,0,2,1,5200533bf224,2
gamma_low,state,cue1,raw_cc,minus_fp,Right ACC – Right RSC,0.12912439797685327,0.0627613777749962,2.057386286830302,5,0.09474781727497672,0.4441303934764534,0,6,5,5200533bf224,2
gamma_low,state,cue1,raw_cc,minus_fp,Right DHC – Left ACC,0.04132730686761087,0.05537160903491866,0.7463627586034006,4,0.4969256198216356,0.8191081645411575,0,5,4,5200533bf224,2
gamma_low,state,cue1,raw_cc,minus_fp,Right DHC – Left DHC,-0.0522817301866517,0.07475842653934126,-0.6993423030263846,4,0.5228697660827597,0.8433383323915479,0,5,3,5200533bf224,2
gamma_low,state,cue1,raw_cc,minus_fp,Right DHC – Left OFC,0.0482056409137562,0.06586788617600252,0.7318534677877493,4,0.504827239458303,0.8275856384562343,0,5,3,5200533bf224,2
gamma_low,state,cue1,raw_cc,minus_fp,Right DHC – Left PER,0.0014353019480519494,,,,,,0,1,1,5200533bf224,2
gamma_low,state,cue1,raw_cc,minus_fp,Right DHC – Left RSC,0.03633863285646282,,,3,,,0,4,3,5200533bf224,2
gamma_low,state,cue1,raw_cc,minus_fp,Right DHC – Right PER,-0.043803643406593415,,,,,,0,1,1,5200533bf224,2
gamma_low,state,cue1,raw_cc,minus_fp,Right DHC – Right RSC,0.04934416936237901,,,2,,,0,3,2,5200533bf224,2
gamma_low,state,cue1,raw_cc,minus_fp,Right OFC – Left ACC,0.06955753691396314,0.039271331185939944,1.7712039498896939,7,0.11982541690410717,0.4992725704337799,0,8,6,5200533bf224,2
gamma_low,state,cue1,raw_cc,minus_fp,Right OFC – Left DHC,-0.00030953415569401414,0.037918692728075146,-0.008163101980170161,5,0.9938025463520224,0.9981767092367849,0,6,3,5200533bf224,2
gamma_low,state,cue1,raw_cc,minus_fp,Right OFC – Left OFC,0.07333250710693323,0.03201604731108987,2.290492214556791,7,0.055767054881955394,0.3567910912083254,0,8,6,5200533bf224,2
gamma_low,state,cue1,raw_cc,minus_fp,Right OFC – Left PER,0.01125459611752665,,,1,,,0,2,1,5200533bf224,2
gamma_low,state,cue1,raw_cc,minus_fp,Right OFC – Left RSC,-0.012623470938623624,0.016416409370785076,-0.7689544439046805,6,0.47109548029907183,0.8191081645411575,0,7,4,5200533bf224,2
gamma_low,state,cue1,raw_cc,minus_fp,Right OFC – Right DHC,0.01072419197713234,0.03281283855041272,0.32682914526446694,4,0.7601842887359324,0.9625228197734456,0,5,2,5200533bf224,2
gamma_low,state,cue1,raw_cc,minus_fp,Right OFC – Right PER,0.17076528721551684,,,1,,,0,2,2,5200533bf224,2
gamma_low,state,cue1,raw_cc,minus_fp,Right OFC – Right RSC,-0.008078507105999798,0.02512604402689318,-0.32151926094506256,5,0.7608228595084928,0.9625228197734456,0,6,3,5200533bf224,2
gamma_low,state,cue1,raw_cc,minus_fp,Right PER – Left ACC,0.0005207724064370912,,,1,,,0,2,1,5200533bf224,2
gamma_low,state,cue1,raw_cc,minus_fp,Right PER – Left DHC,0.207597875,,,,,,0,1,1,5200533bf224,2
gamma_low,state,cue1,raw_cc,minus_fp,Right PER – Left OFC,0.16637225311760476,,,1,,,0,2,2,5200533bf224,2
gamma_low,state,cue1,raw_cc,minus_fp,Right PER – Left RSC,0.10297244360045954,,,1,,,0,2,2,5200533bf224,2
gamma_low,state,cue1,raw_cc,minus_fp,Right RSC – Left ACC,-0.02759086200530089,0.03350709495828709,-0.8234334262534156,5,0.4477420327166017,0.809172348283015,0,6,4,5200533bf224,2
gamma_low,state,cue1,raw_cc,minus_fp,Right RSC – Left DHC,0.11619306329041411,,,3,,,0,4,3,5200533bf224,2
gamma_low,state,cue1,raw_cc,minus_fp,Right RSC – Left OFC,0.012308263841815974,0.04717337745267753,0.2609154677161528,5,0.804563199861433,0.9625228197734456,0,6,4,5200533bf224,2
gamma_low,state,cue1,raw_cc,minus_fp,Right RSC – Left PER,-0.07343183828900453,,,1,,,0,2,2,5200533bf224,2
gamma_low,state,cue1,raw_cc,minus_fp,Right RSC – Left RSC,0.03980522937270285,0.08832012157897305,0.4506926469424103,5,0.6710824032809596,0.9109715881641984,0,6,3,5200533bf224,2
gamma_low,state,cue1,raw_cc,minus_fp,Right RSC – Right PER,0.06262181312580362,,,1,,,0,2,1,5200533bf224,2
gamma_low,state,cue1,amp_cc,minus_fp,Left DHC – Left ACC,0.05613968674470427,0.026209348974117426,2.141971813193224,5,0.08510476385437397,0.426930482363659,0,6,4,5200533bf224,2
gamma_low,state,cue1,amp_cc,minus_fp,Left DHC – Left OFC,0.027908508104028982,0.021781679971554935,1.281283543807235,5,0.25629792233167376,0.692697087382902,0,6,4,5200533bf224,2
gamma_low,state,cue1,amp_cc,minus_fp,Left OFC – Left ACC,0.017535742014807724,0.03643569101121772,0.48127924922320997,7,0.6449982183221433,0.8999975139378743,0,8,5,5200533bf224,2
gamma_low,state,cue1,amp_cc,minus_fp,Left PER – Left ACC,0.05537275867226726,,,1,,,0,2,1,5200533bf224,2
gamma_low,state,cue1,amp_cc,minus_fp,Left PER – Left DHC,0.03012147319488992,,,1,,,0,2,1,5200533bf224,2
gamma_low,state,cue1,amp_cc,minus_fp,Left PER – Left OFC,0.058519269675237406,,,1,,,0,2,2,5200533bf224,2
gamma_low,state,cue1,amp_cc,minus_fp,Left PER – Left RSC,0.06352654984390721,,,1,,,0,2,1,5200533bf224,2
gamma_low,state,cue1,amp_cc,minus_fp,Left RSC – Left ACC,0.0368875772067056,0.024734854928004056,1.4913197313699462,6,0.18647252351275137,0.6018204857958322,0,7,5,5200533bf224,2
gamma_low,state,cue1,amp_cc,minus_fp,Left RSC – Left DHC,0.08641136594113634,0.06032597889977208,1.4324071903533224,4,0.22530074467274785,0.6499795588284394,0,5,4,5200533bf224,2
gamma_low,state,cue1,amp_cc,minus_fp,Left RSC – Left OFC,0.006861252566999997,0.031714734014903455,0.21634274352658114,6,0.8358884943634775,0.9644867242655509,0,7,4,5200533bf224,2
gamma_low,state,cue1,amp_cc,minus_fp,Right ACC – Left ACC,0.08362512067741218,0.024178362207517404,3.458675983082589,7,0.010566476355769227,0.24384176205621294,2,8,7,5200533bf224,2
gamma_low,state,cue1,amp_cc,minus_fp,Right ACC – Left DHC,0.05963018900130276,0.03517805533100328,1.6950962308808815,5,0.15082728185925912,0.5386688637830682,0,6,5,5200533bf224,2
gamma_low,state,cue1,amp_cc,minus_fp,Right ACC – Left OFC,0.06314738966631234,0.01217320627332542,5.187408169093813,7,0.001270482224492827,0.12704822244928268,2,8,8,5200533bf224,2
gamma_low,state,cue1,amp_cc,minus_fp,Right ACC – Left PER,0.08875461117583405,,,1,,,0,2,2,5200533bf224,2
gamma_low,state,cue1,amp_cc,minus_fp,Right ACC – Left RSC,0.014193059890756976,0.018684859109057587,0.7596021895544727,6,0.47626712405902777,0.8191081645411575,0,7,5,5200533bf224,2
gamma_low,state,cue1,amp_cc,minus_fp,Right ACC – Right DHC,0.06351825655893491,0.027685184364864977,2.2943049871665426,4,0.08346047019649885,0.426930482363659,0,5,4,5200533bf224,2
gamma_low,state,cue1,amp_cc,minus_fp,Right ACC – Right OFC,0.07589593942744184,0.014621942382148534,5.190551121313457,7,0.001266095849221951,0.12704822244928268,2,8,7,5200533bf224,2
gamma_low,state,cue1,amp_cc,minus_fp,Right ACC – Right PER,0.014143831934325491,,,1,,,0,2,1,5200533bf224,2
gamma_low,state,cue1,amp_cc,minus_fp,Right ACC – Right RSC,0.08880559167332482,0.02810818759605808,3.1594207691206315,5,0.0251114941177362,0.3239523265395564,0,6,5,5200533bf224,2
gamma_low,state,cue1,amp_cc,minus_fp,Right DHC – Left ACC,0.03913881260055566,0.038480795953002286,1.0170998710202626,4,0.3666221861602278,0.7520919430202766,0,5,4,5200533bf224,2
gamma_low,state,cue1,amp_cc,minus_fp,Right DHC – Left DHC,-0.002321927671599994,0.045461619275105315,-0.05107446036070863,4,0.9617149581192146,0.9914587197105305,0,5,2,5200533bf224,2
gamma_low,state,cue1,amp_cc,minus_fp,Right DHC – Left OFC,0.030225593084227623,0.025476293566435774,1.186420348211441,4,0.3011086128087076,0.720943925073516,0,5,4,5200533bf224,2
gamma_low,state,cue1,amp_cc,minus_fp,Right DHC – Left PER,0.008608181277056287,,,,,,0,1,1,5200533bf224,2
gamma_low,state,cue1,amp_cc,minus_fp,Right DHC – Left RSC,0.020096795298249925,,,3,,,0,4,2,5200533bf224,2
gamma_low,state,cue1,amp_cc,minus_fp,Right DHC – Right PER,0.19173595741758243,,,,,,0,1,1,5200533bf224,2
gamma_low,state,cue1,amp_cc,minus_fp,Right DHC – Right RSC,0.04859268511694062,,,2,,,0,3,2,5200533bf224,2
gamma_low,state,cue1,amp_cc,minus_fp,Right OFC – Left ACC,0.02181765123684902,0.018531116069768358,1.177352252001827,7,0.2775300998646838,0.7019409114685274,0,8,5,5200533bf224,2
gamma_low,state,cue1,amp_cc,minus_fp,Right OFC – Left DHC,-0.004525261371992746,0.02694026167089132,-0.16797392049395884,5,0.8731867582951023,0.9844409310599828,0,6,4,5200533bf224,2
gamma_low,state,cue1,amp_cc,minus_fp,Right OFC – Left OFC,-0.018434670342168807,0.03310386194617908,-0.556873707730544,7,0.5949616331076831,0.8569737268638343,0,8,4,5200533bf224,2
gamma_low,state,cue1,amp_cc,minus_fp,Right OFC – Left PER,-0.03766776701083661,,,1,,,0,2,2,5200533bf224,2
gamma_low,state,cue1,amp_cc,minus_fp,Right OFC – Left RSC,0.02087318287671859,0.016141622793995555,1.2931279056082952,6,0.24352116190900583,0.6702417300247867,0,7,4,5200533bf224,2
gamma_low,state,cue1,amp_cc,minus_fp,Right OFC – Right DHC,0.012625975058892343,0.029667596319958578,0.4255813286227825,4,0.6923118019362979,0.9313611685241676,0,5,3,5200533bf224,2
gamma_low,state,cue1,amp_cc,minus_fp,Right OFC – Right PER,0.02899267884542022,,,1,,,0,2,2,5200533bf224,2
gamma_low,state,cue1,amp_cc,minus_fp,Right OFC – Right RSC,0.05596197666320864,0.014966904330590627,3.739048197751141,5,0.013444742229563916,0.2881016192049411,0,6,6,5200533bf224,2
gamma_low,state,cue1,amp_cc,minus_fp,Right PER – Left ACC,-0.023891205152396216,,,1,,,0,2,1,5200533bf224,2
gamma_low,state,cue1,amp_cc,minus_fp,Right PER – Left DHC,-0.03584425961538461,,,,,,0,1,1,5200533bf224,2
gamma_low,state,cue1,amp_cc,minus_fp,Right PER – Left OFC,-0.0006111729780507659,,,1,,,0,2,1,5200533bf224,2
gamma_low,state,cue1,amp_cc,minus_fp,Right PER – Left RSC,-0.03363766813347313,,,1,,,0,2,2,5200533bf224,2
gamma_low,state,cue1,amp_cc,minus_fp,Right RSC – Left ACC,0.06712521296366833,0.03171642400937715,2.1164180723470705,5,0.08790371966865221,0.426930482363659,0,6,5,5200533bf224,2
gamma_low,state,cue1,amp_cc,minus_fp,Right RSC – Left DHC,0.08881412025583096,,,3,,,0,4,3,5200533bf224,2
gamma_low,state,cue1,amp_cc,minus_fp,Right RSC – Left OFC,0.06286146289970743,0.03234815723814384,1.9432780184950795,5,0.1096096509285912,0.498225686039051,0,6,4,5200533bf224,2
gamma_low,state,cue1,amp_cc,minus_fp,Right RSC – Left PER,0.05990147402925323,,,1,,,0,2,2,5200533bf224,2
gamma_low,state,cue1,amp_cc,minus_fp,Right RSC – Left RSC,0.05430370865975331,0.08672237964344874,0.6261787197608981,5,0.5586695746401653,0.8464690524850988,0,6,4,5200533bf224,2
gamma_low,state,cue1,amp_cc,minus_fp,Right RSC – Right PER,0.03828651051064963,,,1,,,0,2,2,5200533bf224,2
gamma_low,state,cue2,coherence,minus_fp,Left DHC – Left ACC,-0.0024443231156419808,0.01078884619264388,-0.226560196706538,5,0.8297367897821567,0.9625228197734456,0,6,3,5200533bf224,2
gamma_low,state,cue2,coherence,minus_fp,Left DHC – Left OFC,-0.002066775850695709,0.005856092421788641,-0.35292746456765256,5,0.7385339400689696,0.9625228197734456,0,6,3,5200533bf224,2
gamma_low,state,cue2,coherence,minus_fp,Left OFC – Left ACC,0.021898488519867875,0.04117612123978517,0.5318249475793055,7,0.6113010855180505,0.8691484628218727,0,8,5,5200533bf224,2
gamma_low,state,cue2,coherence,minus_fp,Left PER – Left ACC,0.010680611321756855,,,1,,,0,2,2,5200533bf224,2
gamma_low,state,cue2,coherence,minus_fp,Left PER – Left DHC,0.04342020917279638,,,1,,,0,2,2,5200533bf224,2
gamma_low,state,cue2,coherence,minus_fp,Left PER – Left OFC,-0.014984258567903913,,,1,,,0,2,1,5200533bf224,2
gamma_low,state,cue2,coherence,minus_fp,Left PER – Left RSC,0.07573799569802976,,,1,,,0,2,2,5200533bf224,2
gamma_low,state,cue2,coherence,minus_fp,Left RSC – Left ACC,0.018179387667155454,0.01651461601759368,1.1008059556327696,6,0.31317195479543,0.7214194574462037,0,7,5,5200533bf224,2
gamma_low,state,cue2,coherence,minus_fp,Left RSC – Left DHC,0.09370935839746856,0.0899863645602179,1.0413728663830983,4,0.35650388649181497,0.7456992060805274,0,5,3,5200533bf224,2
gamma_low,state,cue2,coherence,minus_fp,Left RSC – Left OFC,0.001066114310405605,0.00462135026505843,0.2306932496474871,6,0.8252180030971252,0.9625228197734456,0,7,5,5200533bf224,2
gamma_low,state,cue2,coherence,minus_fp,Right ACC – Left ACC,0.01708504942734353,0.013392994516921462,1.2756706056854812,7,0.24277058054492917,0.6702417300247867,0,8,5,5200533bf224,2
gamma_low,state,cue2,coherence,minus_fp,Right ACC – Left DHC,0.016569812057145198,0.01041609745338563,1.59078888530938,5,0.17253021796515153,0.5815625324668029,0,6,5,5200533bf224,2
gamma_low,state,cue2,coherence,minus_fp,Right ACC – Left OFC,0.010100424916417583,0.005586783599606508,1.8079141130737517,7,0.1135611482515438,0.4992725704337799,0,8,6,5200533bf224,2
gamma_low,state,cue2,coherence,minus_fp,Right ACC – Left PER,0.05769332090605889,,,1,,,0,2,2,5200533bf224,2
gamma_low,state,cue2,coherence,minus_fp,Right ACC – Left RSC,0.02414605150722134,0.01614209802495847,1.4958434442590658,6,0.18532725866308783,0.6018204857958322,0,7,5,5200533bf224,2
gamma_low,state,cue2,coherence,minus_fp,Right ACC – Right DHC,0.0022035311824496586,0.013268085721205214,0.16607755095582089,4,0.8761524286433846,0.9844409310599828,0,5,3,5200533bf224,2
gamma_low,state,cue2,coherence,minus_fp,Right ACC – Right OFC,0.01520671602722668,0.005059227209790784,3.0057388997667744,7,0.01978093016901529,0.3239523265395564,0,8,7,5200533bf224,2
gamma_low,state,cue2,coherence,minus_fp,Right ACC – Right PER,0.02840100694832038,,,1,,,0,2,1,5200533bf224,2
gamma_low,state,cue2,coherence,minus_fp,Right ACC – Right RSC,0.04092962912442371,0.014301923316934194,2.8618269177797213,5,0.035330831996633706,0.3323419283608456,0,6,5,5200533bf224,2
gamma_low,state,cue2,coherence,minus_fp,Right DHC – Left ACC,0.004921982730484476,0.015319537702159118,0.3212879413319879,4,0.7640794749941201,0.9625228197734456,0,5,4,5200533bf224,2
gamma_low,state,cue2,coherence,minus_fp,Right DHC – Left DHC,-0.0012655132275993756,0.013074437374422826,-0.09679293963922803,4,0.9275466415420548,0.9910015998870338,0,5,2,5200533bf224,2
gamma_low,state,cue2,coherence,minus_fp,Right DHC – Left OFC,0.01126098542215967,0.00991517747627016,1.1357321085891212,4,0.3195016427447912,0.7214194574462037,0,5,4,5200533bf224,2
gamma_low,state,cue2,coherence,minus_fp,Right DHC – Left PER,-0.04509927083333333,,,,,,0,1,1,5200533bf224,2
gamma_low,state,cue2,coherence,minus_fp,Right DHC – Left RSC,0.010255590981115026,,,3,,,0,4,2,5200533bf224,2
gamma_low,state,cue2,coherence,minus_fp,Right DHC – Right PER,0.03871138690476192,,,,,,0,1,1,5200533bf224,2
gamma_low,state,cue2,coherence,minus_fp,Right DHC – Right RSC,0.04705256617093689,,,2,,,0,3,2,5200533bf224,2
gamma_low,state,cue2,coherence,minus_fp,Right OFC – Left ACC,0.0340325654900226,0.012644668278449024,2.6914557772959613,7,0.03102028994974069,0.3323419283608456,0,8,6,5200533bf224,2
gamma_low,state,cue2,coherence,minus_fp,Right OFC – Left DHC,0.007562492890818276,0.0023046265997022355,3.2814395580591547,5,0.02191964630009033,0.3239523265395564,0,6,5,5200533bf224,2
gamma_low,state,cue2,coherence,minus_fp,Right OFC – Left OFC,0.019821035937545913,0.012824941020496113,1.5455069856359596,7,0.16614107980760645,0.5678399069423675,0,8,6,5200533bf224,2
gamma_low,state,cue2,coherence,minus_fp,Right OFC – Left PER,-0.02654330258720653,,,1,,,0,2,2,5200533bf224,2
gamma_low,state,cue2,coherence,minus_fp,Right OFC – Left RSC,0.010578347015441563,0.0023091480046515942,4.581060631077925,6,0.003766313668498832,0.18488580985606326,2,7,7,5200533bf224,2
gamma_low,state,cue2,coherence,minus_fp,Right OFC – Right DHC,0.013359178195009652,0.004705065446095857,2.8393182513741135,4,0.04690000309161702,0.3479893351148094,0,5,5,5200533bf224,2
gamma_low,state,cue2,coherence,minus_fp,Right OFC – Right PER,0.04481545782987298,,,1,,,0,2,2,5200533bf224,2
gamma_low,state,cue2,coherence,minus_fp,Right OFC – Right RSC,0.018739315861670762,0.004455448261340461,4.2059327732004395,5,0.008441200826978395,0.2362232861505825,2,6,6,5200533bf224,2
gamma_low,state,cue2,coherence,minus_fp,Right PER – Left ACC,0.015380082790453898,,,1,,,0,2,2,5200533bf224,2
gamma_low,state,cue2,coherence,minus_fp,Right PER – Left DHC,-0.014600392857142852,,,,,,0,1,1,5200533bf224,2
gamma_low,state,cue2,coherence,minus_fp,Right PER – Left OFC,0.042085806660741944,,,1,,,0,2,2,5200533bf224,2
gamma_low,state,cue2,coherence,minus_fp,Right PER – Left RSC,-0.02133410346715978,,,1,,,0,2,2,5200533bf224,2
gamma_low,state,cue2,coherence,minus_fp,Right RSC – Left ACC,0.015493685765387314,0.006336236065210626,2.445250714451132,5,0.05827587823069315,0.3567910912083254,0,6,5,5200533bf224,2
gamma_low,state,cue2,coherence,minus_fp,Right RSC – Left DHC,0.032721441940527264,,,3,,,0,4,4,5200533bf224,2
gamma_low,state,cue2,coherence,minus_fp,Right RSC – Left OFC,0.0018797168126909183,0.005582244532292923,0.33673136348952076,5,0.749992974225359,0.9625228197734456,0,6,5,5200533bf224,2
gamma_low,state,cue2,coherence,minus_fp,Right RSC – Left PER,0.011110723127437654,,,1,,,0,2,2,5200533bf224,2
gamma_low,state,cue2,coherence,minus_fp,Right RSC – Left RSC,0.01579946179966616,0.023778813554403106,0.6644344034877462,5,0.5358229836369125,0.845486867676192,0,6,4,5200533bf224,2
gamma_low,state,cue2,coherence,minus_fp,Right RSC – Right PER,0.003913782218113998,,,1,,,0,2,1,5200533bf224,2
gamma_low,state,cue2,raw_cc,minus_fp,Left DHC – Left ACC,0.028930852993557354,0.04296661629893813,0.6733332872263518,5,0.5305985439583375,0.8449749382598722,0,6,3,5200533bf224,2
gamma_low,state,cue2,raw_cc,minus_fp,Left DHC – Left OFC,-0.003820117339682906,0.019336044370459934,-0.1975645724892407,5,0.8511663690252534,0.9746179797999086,0,6,3,5200533bf224,2
gamma_low,state,cue2,raw_cc,minus_fp,Left OFC – Left ACC,0.025840031800260975,0.043764417815364096,0.5904347204908889,7,0.5734586659492612,0.8485857123378678,0,8,6,5200533bf224,2
gamma_low,state,cue2,raw_cc,minus_fp,Left PER – Left ACC,0.03245728864224669,,,1,,,0,2,1,5200533bf224,2
gamma_low,state,cue2,raw_cc,minus_fp,Left PER – Left DHC,0.046145855571503365,,,1,,,0,2,1,5200533bf224,2
gamma_low,state,cue2,raw_cc,minus_fp,Left PER – Left OFC,-0.06756922567533345,,,1,,,0,2,2,5200533bf224,2
gamma_low,state,cue2,raw_cc,minus_fp,Left PER – Left RSC,0.05661428693709178,,,1,,,0,2,2,5200533bf224,2
gamma_low,state,cue2,raw_cc,minus_fp,Left RSC – Left ACC,-0.01853058778091768,0.02797601460651447,-0.6623741101637352,6,0.5323342111037195,0.8449749382598722,0,7,3,5200533bf224,2
gamma_low,state,cue2,raw_cc,minus_fp,Left RSC – Left DHC,0.20208449994352742,0.162424305195488,1.2441764777771764,4,0.28136115305390474,0.7019409114685274,0,5,3,5200533bf224,2
gamma_low,state,cue2,raw_cc,minus_fp,Left RSC – Left OFC,-0.027228654528839425,0.044532369434893006,-0.6114351172948057,6,0.5633449908092001,0.8470405124207327,0,7,4,5200533bf224,2
gamma_low,state,cue2,raw_cc,minus_fp,Right ACC – Left ACC,0.08288934603715127,0.05722169057786399,1.448565136752823,7,0.19072755907623345,0.6018204857958322,0,8,7,5200533bf224,2
gamma_low,state,cue2,raw_cc,minus_fp,Right ACC – Left DHC,-0.0016648799328539106,0.020461644456972954,-0.0813658910140309,5,0.938307591054045,0.9914587197105305,0,6,3,5200533bf224,2
gamma_low,state,cue2,raw_cc,minus_fp,Right ACC – Left OFC,0.08624143417463193,0.04321827923601859,1.9954851442293742,7,0.08619129808554543,0.426930482363659,0,8,6,5200533bf224,2
gamma_low,state,cue2,raw_cc,minus_fp,Right ACC – Left PER,0.14588789644617808,,,1,,,0,2,2,5200533bf224,2
gamma_low,state,cue2,raw_cc,minus_fp,Right ACC – Left RSC,0.03967071098192397,0.06511297549346237,0.6092596856659865,6,0.5646936749471552,0.8470405124207327,0,7,5,5200533bf224,2
gamma_low,state,cue2,raw_cc,minus_fp,Right ACC – Right DHC,0.10967100261956896,0.03760690363926485,2.916246540038541,4,0.043406031775131394,0.34267919822472154,0,5,4,5200533bf224,2
gamma_low,state,cue2,raw_cc,minus_fp,Right ACC – Right OFC,-0.002567634955864349,0.027497049860524248,-0.09337856129615338,7,0.9282192979080475,0.9910015998870338,0,8,3,5200533bf224,2
gamma_low,state,cue2,raw_cc,minus_fp,Right ACC – Right PER,0.09260009104724452,,,1,,,0,2,1,5200533bf224,2
gamma_low,state,cue2,raw_cc,minus_fp,Right ACC – Right RSC,0.07007012140911359,0.0613607306786404,1.1419375329163888,5,0.3051995949477885,0.720943925073516,0,6,5,5200533bf224,2
gamma_low,state,cue2,raw_cc,minus_fp,Right DHC – Left ACC,0.032628567441489835,0.05340107829342359,0.6110095242310507,4,0.5742096653486239,0.8485857123378678,0,5,3,5200533bf224,2
gamma_low,state,cue2,raw_cc,minus_fp,Right DHC – Left DHC,-0.005213519827357613,0.04791632799615848,-0.10880466107034723,4,0.9185971430770182,0.9910015998870338,0,5,2,5200533bf224,2
gamma_low,state,cue2,raw_cc,minus_fp,Right DHC – Left OFC,0.03977216387123172,0.04292025139186186,0.9266526309017133,4,0.4065560617559742,0.7821643655250384,0,5,3,5200533bf224,2
gamma_low,state,cue2,raw_cc,minus_fp,Right DHC – Left PER,-0.01458441666666667,,,,,,0,1,1,5200533bf224,2
gamma_low,state,cue2,raw_cc,minus_fp,Right DHC – Left RSC,0.07315404059509742,,,3,,,0,4,3,5200533bf224,2
gamma_low,state,cue2,raw_cc,minus_fp,Right DHC – Right PER,-0.03945139285714286,,,,,,0,1,1,5200533bf224,2
gamma_low,state,cue2,raw_cc,minus_fp,Right DHC – Right RSC,0.06044883259283132,,,2,,,0,3,2,5200533bf224,2
gamma_low,state,cue2,raw_cc,minus_fp,Right OFC – Left ACC,0.06325050556585396,0.04387158085037431,1.4417193166932416,7,0.19258255545466632,0.6018204857958322,0,8,4,5200533bf224,2
gamma_low,state,cue2,raw_cc,minus_fp,Right OFC – Left DHC,-0.06729317753843993,0.027257184946315932,-2.4688234559429527,5,0.05661190782660768,0.3567910912083254,0,6,4,5200533bf224,2
gamma_low,state,cue2,raw_cc,minus_fp,Right OFC – Left OFC,0.04040243135943412,0.02900379686230992,1.3930049072966921,7,0.2062563027508093,0.6187689082524279,0,8,6,5200533bf224,2
gamma_low,state,cue2,raw_cc,minus_fp,Right OFC – Left PER,-0.0904491770762898,,,1,,,0,2,1,5200533bf224,2
gamma_low,state,cue2,raw_cc,minus_fp,Right OFC – Left RSC,-0.003848193040305369,0.034903186074489334,-0.11025334570009371,6,0.915803797240853,0.9910015998870338,0,7,3,5200533bf224,2
gamma_low,state,cue2,raw_cc,minus_fp,Right OFC – Right DHC,0.027936633092691104,0.04314258866415151,0.6475418828055746,4,0.5525706457290704,0.845486867676192,0,5,2,5200533bf224,2
gamma_low,state,cue2,raw_cc,minus_fp,Right OFC – Right PER,0.11179942673563907,,,1,,,0,2,2,5200533bf224,2
gamma_low,state,cue2,raw_cc,minus_fp,Right OFC – Right RSC,0.024849072572190784,0.014537252186184763,1.7093376556957367,5,0.14808345448602062,0.535241401756701,0,6,4,5200533bf224,2
gamma_low,state,cue2,raw_cc,minus_fp,Right PER – Left ACC,-0.019397708455959922,,,1,,,0,2,1,5200533bf224,2
gamma_low,state,cue2,raw_cc,minus_fp,Right PER – Left DHC,0.09714167857142857,,,,,,0,1,1,5200533bf224,2
gamma_low,state,cue2,raw_cc,minus_fp,Right PER – Left OFC,0.15807476731632114,,,1,,,0,2,2,5200533bf224,2
gamma_low,state,cue2,raw_cc,minus_fp,Right PER – Left RSC,0.11047694547329275,,,1,,,0,2,2,5200533bf224,2
gamma_low,state,cue2,raw_cc,minus_fp,Right RSC – Left ACC,0.0334915119034234,0.035280007225600735,0.9493056985294628,5,0.3860580122328159,0.7721160244656318,0,6,3,5200533bf224,2
gamma_low,state,cue2,raw_cc,minus_fp,Right RSC – Left DHC,0.05038748577726996,,,3,,,0,4,3,5200533bf224,2
gamma_low,state,cue2,raw_cc,minus_fp,Right RSC – Left OFC,-0.015850913999132632,0.03047868408182164,-0.520065563085992,5,0.6252151917278976,0.8847384788602325,0,6,2,5200533bf224,2
gamma_low,state,cue2,raw_cc,minus_fp,Right RSC – Left PER,0.03115351439383188,,,1,,,0,2,1,5200533bf224,2
gamma_low,state,cue2,raw_cc,minus_fp,Right RSC – Left RSC,0.0048464004992867455,0.07076880869371685,0.06848215462071257,5,0.9480561441227365,0.9914587197105305,0,6,4,5200533bf224,2
gamma_low,state,cue2,raw_cc,minus_fp,Right RSC – Right PER,0.04801791498324143,,,1,,,0,2,1,5200533bf224,2
gamma_low,state,cue2,amp_cc,minus_fp,Left DHC – Left ACC,0.022198513554760668,0.0249985982686841,0.887990331144642,5,0.41521499261195893,0.7821643655250384,0,6,3,5200533bf224,2
gamma_low,state,cue2,amp_cc,minus_fp,Left DHC – Left OFC,0.02893073293405411,0.02858500472410256,1.0120947403468517,5,0.35793561891865316,0.7456992060805274,0,6,4,5200533bf224,2
gamma_low,state,cue2,amp_cc,minus_fp,Left OFC – Left ACC,0.021279356811256263,0.03826366910921306,0.5561243160063982,7,0.5954469059839598,0.8569737268638343,0,8,5,5200533bf224,2
gamma_low,state,cue2,amp_cc,minus_fp,Left PER – Left ACC,0.0663611593309805,,,1,,,0,2,2,5200533bf224,2
gamma_low,state,cue2,amp_cc,minus_fp,Left PER – Left DHC,0.012413670764305731,,,1,,,0,2,1,5200533bf224,2
gamma_low,state,cue2,amp_cc,minus_fp,Left PER – Left OFC,0.07283275474626758,,,1,,,0,2,2,5200533bf224,2
gamma_low,state,cue2,amp_cc,minus_fp,Left PER – Left RSC,0.07032834772904832,,,1,,,0,2,2,5200533bf224,2
gamma_low,state,cue2,amp_cc,minus_fp,Left RSC – Left ACC,0.040191117213866034,0.014831590549196463,2.709831901073043,6,0.03511391915932857,0.3323419283608456,0,7,6,5200533bf224,2
gamma_low,state,cue2,amp_cc,minus_fp,Left RSC – Left DHC,0.11854711936093384,0.06483723934046488,1.8283801186912758,4,0.1414933752055398,0.5306001570207742,0,5,5,5200533bf224,2
gamma_low,state,cue2,amp_cc,minus_fp,Left RSC – Left OFC,0.02783858529377739,0.025071289171895054,1.1103770972010678,6,0.30934328067162675,0.7214194574462037,0,7,3,5200533bf224,2
gamma_low,state,cue2,amp_cc,minus_fp,Right ACC – Left ACC,0.07002172930685903,0.024549374297840317,2.8522816287427357,7,0.024607924577123994,0.3239523265395564,0,8,6,5200533bf224,2
gamma_low,state,cue2,amp_cc,minus_fp,Right ACC – Left DHC,0.026728767348102686,0.024340575308821197,1.0981156775869627,5,0.3221982829136431,0.7214194574462037,0,6,3,5200533bf224,2
gamma_low,state,cue2,amp_cc,minus_fp,Right ACC – Left OFC,0.06052372258243622,0.0262879876668384,2.302333801639191,7,0.054802308627847185,0.3567910912083254,0,8,7,5200533bf224,2
gamma_low,state,cue2,amp_cc,minus_fp,Right ACC – Left PER,0.05205158473450028,,,1,,,0,2,2,5200533bf224,2
gamma_low,state,cue2,amp_cc,minus_fp,Right ACC – Left RSC,0.03444936839349209,0.03208090345320223,1.0738278753198096,6,0.3241761611077632,0.7214194574462037,0,7,5,5200533bf224,2
gamma_low,state,cue2,amp_cc,minus_fp,Right ACC – Right DHC,0.04529605989555255,0.0448773107873543,1.00933097596205,4,0.3699136111298827,0.7520919430202766,0,5,4,5200533bf224,2
gamma_low,state,cue2,amp_cc,minus_fp,Right ACC – Right OFC,0.02017191907259695,0.023284904620541842,0.8663088555149747,7,0.415024704721714,0.7821643655250384,0,8,5,5200533bf224,2
gamma_low,state,cue2,amp_cc,minus_fp,Right ACC – Right PER,-0.03033792626356237,,,1,,,0,2,1,5200533bf224,2
gamma_low,state,cue2,amp_cc,minus_fp,Right ACC – Right RSC,0.08351832730808183,0.033999813122440006,2.4564348929600266,5,0.05747986744208162,0.3567910912083254,0,6,5,5200533bf224,2
gamma_low,state,cue2,amp_cc,minus_fp,Right DHC – Left ACC,0.012456146570942236,0.0452560542716585,0.2752371317254423,4,0.7967665783437216,0.9625228197734456,0,5,3,5200533bf224,2
gamma_low,state,cue2,amp_cc,minus_fp,Right DHC – Left DHC,-0.0102114833531354,0.03936326529094295,-0.2594165722193008,4,0.8081180403101417,0.9625228197734456,0,5,2,5200533bf224,2
gamma_low,state,cue2,amp_cc,minus_fp,Right DHC – Left OFC,0.02253976950679533,0.016595366134948466,1.3581965787020778,4,0.24595762857903913,0.6707935324882885,0,5,4,5200533bf224,2
gamma_low,state,cue2,amp_cc,minus_fp,Right DHC – Left PER,-0.022581166666666666,,,,,,0,1,1,5200533bf224,2
gamma_low,state,cue2,amp_cc,minus_fp,Right DHC – Left RSC,0.007059223265591415,,,3,,,0,4,2,5200533bf224,2
gamma_low,state,cue2,amp_cc,minus_fp,Right DHC – Right PER,0.13640844642857142,,,,,,0,1,1,5200533bf224,2
gamma_low,state,cue2,amp_cc,minus_fp,Right DHC – Right RSC,0.047704873368728536,,,2,,,0,3,2,5200533bf224,2
gamma_low,state,cue2,amp_cc,minus_fp,Right OFC – Left ACC,-0.009244448514550923,0.0208556457535009,-0.4432588002219552,7,0.6709543236740468,0.9109715881641984,0,8,4,5200533bf224,2
gamma_low,state,cue2,amp_cc,minus_fp,Right OFC – Left DHC,0.0014786973339460357,0.02292459108645809,0.06450267000921667,5,0.9510694191913379,0.9914587197105305,0,6,3,5200533bf224,2
gamma_low,state,cue2,amp_cc,minus_fp,Right OFC – Left OFC,0.022785283895083403,0.027177277665928975,0.8383946389026435,7,0.42950461231617537,0.7904992864714885,0,8,4,5200533bf224,2
gamma_low,state,cue2,amp_cc,minus_fp,Right OFC – Left PER,-0.046991988213985605,,,1,,,0,2,1,5200533bf224,2
gamma_low,state,cue2,amp_cc,minus_fp,Right OFC – Left RSC,-0.004590397656926823,0.03167491786823789,-0.14492216447165146,6,0.889517974008285,0.9897442532853858,0,7,4,5200533bf224,2
gamma_low,state,cue2,amp_cc,minus_fp,Right OFC – Right DHC,0.0060787537694913865,0.03992983897670203,0.1522358698475637,4,0.8863710429642323,0.9897442532853858,0,5,1,5200533bf224,2
gamma_low,state,cue2,amp_cc,minus_fp,Right OFC – Right PER,0.0009852271984202576,,,1,,,0,2,1,5200533bf224,2
gamma_low,state,cue2,amp_cc,minus_fp,Right OFC – Right RSC,0.01330148532738948,0.02756490313457165,0.4825514990004401,5,0.6497988774105732,0.9016693786289711,0,6,5,5200533bf224,2
gamma_low,state,cue2,amp_cc,minus_fp,Right PER – Left ACC,-0.04529584995145495,,,1,,,0,2,2,5200533bf224,2
gamma_low,state,cue2,amp_cc,minus_fp,Right PER – Left DHC,0.03185364880952382,,,,,,0,1,1,5200533bf224,2
gamma_low,state,cue2,amp_cc,minus_fp,Right PER – Left OFC,-0.02126718601602332,,,1,,,0,2,2,5200533bf224,2
gamma_low,state,cue2,amp_cc,minus_fp,Right PER – Left RSC,-0.02654941513068727,,,1,,,0,2,2,5200533bf224,2
gamma_low,state,cue2,amp_cc,minus_fp,Right RSC – Left ACC,0.07588374320373992,0.0249426409857096,3.042329929986806,5,0.028674334029367577,0.3323419283608456,0,6,5,5200533bf224,2
gamma_low,state,cue2,amp_cc,minus_fp,Right RSC – Left DHC,0.09135779092296839,,,3,,,0,4,3,5200533bf224,2
gamma_low,state,cue2,amp_cc,minus_fp,Right RSC – Left OFC,0.0776198131671349,0.024764271261987388,3.1343467508482514,5,0.025830458186902633,0.3239523265395564,0,6,4,5200533bf224,2
gamma_low,state,cue2,amp_cc,minus_fp,Right RSC – Left PER,0.04009823124893768,,,1,,,0,2,2,5200533bf224,2
gamma_low,state,cue2,amp_cc,minus_fp,Right RSC – Left RSC,0.032526014608282104,0.08759764445074551,0.37131152112852606,5,0.7256196559510343,0.9625228197734456,0,6,4,5200533bf224,2
gamma_low,state,cue2,amp_cc,minus_fp,Right RSC – Right PER,-0.0038702610133295383,,,1,,,0,2,1,5200533bf224,2
gamma_low,state,post,coherence,minus_fp,Left DHC – Left ACC,0.004753708718234878,0.008132746161349305,0.5845145814124598,5,0.5842531001470972,0.8569737268638343,0,6,3,5200533bf224,2
gamma_low,state,post,coherence,minus_fp,Left DHC – Left OFC,-0.004179305881781253,0.0039551309359695,-1.0566795257706942,5,0.3390157406369376,0.7316886488566999,0,6,3,5200533bf224,2
gamma_low,state,post,coherence,minus_fp,Left OFC – Left ACC,0.011015499208552966,0.04604491080678223,0.23923380489924692,7,0.8177778361841297,0.9625228197734456,0,8,5,5200533bf224,2
gamma_low,state,post,coherence,minus_fp,Left PER – Left ACC,0.01985153822083925,,,1,,,0,2,1,5200533bf224,2
gamma_low,state,post,coherence,minus_fp,Left PER – Left DHC,0.032357302055393215,,,1,,,0,2,2,5200533bf224,2
gamma_low,state,post,coherence,minus_fp,Left PER – Left OFC,-0.008473442323992681,,,1,,,0,2,1,5200533bf224,2
gamma_low,state,post,coherence,minus_fp,Left PER – Left RSC,0.06288389439542841,,,1,,,0,2,2,5200533bf224,2
gamma_low,state,post,coherence,minus_fp,Left RSC – Left ACC,0.02909223820663718,0.016588536681047025,1.7537555461342207,6,0.13001347349796283,0.5141290387285159,0,7,5,5200533bf224,2
gamma_low,state,post,coherence,minus_fp,Left RSC – Left DHC,0.08309038210916543,0.07867004079342799,1.0561883694371583,4,0.3504502436403766,0.740387838676852,0,5,3,5200533bf224,2
gamma_low,state,post,coherence,minus_fp,Left RSC – Left OFC,0.004975523699219858,0.0035310608117831523,1.4090733534286728,6,0.20847337179112863,0.6192278370033524,0,7,6,5200533bf224,2
gamma_low,state,post,coherence,minus_fp,Right ACC – Left ACC,0.025712611320959193,0.014403669900215165,1.78514305722704,7,0.11740876439052814,0.4992725704337799,0,8,7,5200533bf224,2
gamma_low,state,post,coherence,minus_fp,Right ACC – Left DHC,0.016842318361168923,0.015565156638720849,1.0820526096904755,5,0.32863099622154135,0.7249213151945765,0,6,4,5200533bf224,2
gamma_low,state,post,coherence,minus_fp,Right ACC – Left OFC,0.006387348688700493,0.006298030715202239,1.0141818891550747,7,0.3442610034416552,0.7341476867034264,0,8,6,5200533bf224,2
gamma_low,state,post,coherence,minus_fp,Right ACC – Left PER,0.05319444668705745,,,1,,,0,2,2,5200533bf224,2
gamma_low,state,post,coherence,minus_fp,Right ACC – Left RSC,0.026118839067136843,0.019328802513774414,1.351291113276345,6,0.22532624706052562,0.6499795588284394,0,7,5,5200533bf224,2
gamma_low,state,post,coherence,minus_fp,Right ACC – Right DHC,0.007769337070880615,0.013230825782060938,0.5872148268639965,4,0.5886054508639715,0.8569737268638343,0,5,4,5200533bf224,2
gamma_low,state,post,coherence,minus_fp,Right ACC – Right OFC,0.016589022627131914,0.006915906551215575,2.3986765154043534,7,0.04755854246569061,0.3479893351148094,0,8,6,5200533bf224,2
gamma_low,state,post,coherence,minus_fp,Right ACC – Right PER,0.03489071401907323,,,1,,,0,2,1,5200533bf224,2
gamma_low,state,post,coherence,minus_fp,Right ACC – Right RSC,0.04802640562690754,0.015281810969143607,3.142716902066152,5,0.025587910856983455,0.3239523265395564,0,6,5,5200533bf224,2
gamma_low,state,post,coherence,minus_fp,Right DHC – Left ACC,0.011915213156064275,0.018519157378258443,0.6433993141638711,4,0.5549958745834009,0.845486867676192,0,5,3,5200533bf224,2
gamma_low,state,post,coherence,minus_fp,Right DHC – Left DHC,-0.008007851289698666,0.01779395433196817,-0.450032136775352,4,0.6759990681628364,0.9135122542741032,0,5,2,5200533bf224,2
gamma_low,state,post,coherence,minus_fp,Right DHC – Left OFC,0.005102099750397183,0.005493319351728511,0.9287826583014461,4,0.40557463399840427,0.7821643655250384,0,5,4,5200533bf224,2
gamma_low,state,post,coherence,minus_fp,Right DHC – Left PER,-0.0511130357142857,,,,,,0,1,1,5200533bf224,2
gamma_low,state,post,coherence,minus_fp,Right DHC – Left RSC,0.009998321050330095,,,3,,,0,4,2,5200533bf224,2
gamma_low,state,post,coherence,minus_fp,Right DHC – Right PER,0.023904468406593438,,,,,,0,1,1,5200533bf224,2
gamma_low,state,post,coherence,minus_fp,Right DHC – Right RSC,0.05669522549957994,,,2,,,0,3,2,5200533bf224,2
gamma_low,state,post,coherence,minus_fp,Right OFC – Left ACC,0.027286788936012264,0.010690917810529567,2.5523336180863065,7,0.0379740462441527,0.3323419283608456,0,8,5,5200533bf224,2
gamma_low,state,post,coherence,minus_fp,Right OFC – Left DHC,0.011513114422066205,0.004137233330953339,2.782805198809816,5,0.03877322497543199,0.3323419283608456,0,6,5,5200533bf224,2
gamma_low,state,post,coherence,minus_fp,Right OFC – Left OFC,0.016036108658687917,0.00933297693580346,1.7182201101526022,7,0.12945191955076263,0.5141290387285159,0,8,6,5200533bf224,2
gamma_low,state,post,coherence,minus_fp,Right OFC – Left PER,-0.02836398771668087,,,1,,,0,2,2,5200533bf224,2
gamma_low,state,post,coherence,minus_fp,Right OFC – Left RSC,0.0067191985885077824,0.0038341445183013457,1.7524635694964916,6,0.13024602314455735,0.5141290387285159,0,7,6,5200533bf224,2
gamma_low,state,post,coherence,minus_fp,Right OFC – Right DHC,0.015891675204959283,0.008875645966279811,1.790480970662264,4,0.14786778622979088,0.535241401756701,0,5,5,5200533bf224,2
gamma_low,state,post,coherence,minus_fp,Right OFC – Right PER,0.017159372755299298,,,1,,,0,2,2,5200533bf224,2
gamma_low,state,post,coherence,minus_fp,Right OFC – Right RSC,0.015196806821999437,0.0035107404061670787,4.3286614969606525,5,0.007508856649268355,0.2362232861505825,2,6,6,5200533bf224,2
gamma_low,state,post,coherence,minus_fp,Right PER – Left ACC,0.007162774241527744,,,1,,,0,2,2,5200533bf224,2
gamma_low,state,post,coherence,minus_fp,Right PER – Left DHC,-0.013457173076923075,,,,,,0,1,1,5200533bf224,2
gamma_low,state,post,coherence,minus_fp,Right PER – Left OFC,0.029369013994160184,,,1,,,0,2,2,5200533bf224,2
gamma_low,state,post,coherence,minus_fp,Right PER – Left RSC,-0.024570241748301754,,,1,,,0,2,2,5200533bf224,2
gamma_low,state,post,coherence,minus_fp,Right RSC – Left ACC,0.02075682831553982,0.00931921181567436,2.227315863840338,5,0.07642230425732838,0.42456835698515766,0,6,4,5200533bf224,2
gamma_low,state,post,coherence,minus_fp,Right RSC – Left DHC,0.0415541014670455,,,3,,,0,4,3,5200533bf224,2
gamma_low,state,post,coherence,minus_fp,Right RSC – Left OFC,-0.000551852621614663,0.004874023056585691,-0.11322322754895667,5,0.9142591290809082,0.9910015998870338,0,6,3,5200533bf224,2
gamma_low,state,post,coherence,minus_fp,Right RSC – Left PER,0.018474936554711215,,,1,,,0,2,2,5200533bf224,2
gamma_low,state,post,coherence,minus_fp,Right RSC – Left RSC,0.026862700073392747,0.03188675744589859,0.842440631317561,5,0.4379699087420186,0.7963089249854883,0,6,4,5200533bf224,2
gamma_low,state,post,coherence,minus_fp,Right RSC – Right PER,0.010193560702406535,,,1,,,0,2,2,5200533bf224,2
gamma_low,state,post,raw_cc,minus_fp,Left DHC – Left ACC,0.048936133019941264,0.033676934352841935,1.4531053363475654,5,0.20592725952585184,0.6187689082524279,0,6,4,5200533bf224,2
gamma_low,state,post,raw_cc,minus_fp,Left DHC – Left OFC,0.048312609599715485,0.009447547707235642,5.1137724938625135,5,0.0037266243801888648,0.18488580985606326,2,6,6,5200533bf224,2
gamma_low,state,post,raw_cc,minus_fp,Left OFC – Left ACC,0.07360055482660244,0.09830111755224286,0.74872551461571,7,0.47842062901037474,0.8191081645411575,0,8,6,5200533bf224,2
gamma_low,state,post,raw_cc,minus_fp,Left PER – Left ACC,-0.03673573133329907,,,1,,,0,2,1,5200533bf224,2
gamma_low,state,post,raw_cc,minus_fp,Left PER – Left DHC,-0.023622776337189243,,,1,,,0,2,1,5200533bf224,2
gamma_low,state,post,raw_cc,minus_fp,Left PER – Left OFC,0.03412824059519048,,,1,,,0,2,1,5200533bf224,2
gamma_low,state,post,raw_cc,minus_fp,Left PER – Left RSC,0.07708486162098499,,,1,,,0,2,2,5200533bf224,2
gamma_low,state,post,raw_cc,minus_fp,Left RSC – Left ACC,0.04488151754631685,0.030523552153732873,1.470389727914681,6,0.19185765578446579,0.6018204857958322,0,7,5,5200533bf224,2
gamma_low,state,post,raw_cc,minus_fp,Left RSC – Left DHC,0.19103799805993277,0.13880564638810725,1.3762984650190768,4,0.2407521178642334,0.6702417300247867,0,5,3,5200533bf224,2
gamma_low,state,post,raw_cc,minus_fp,Left RSC – Left OFC,-0.0003808385117423607,0.04802662550939726,-0.007929737051124755,6,0.9939301337244197,0.9981767092367849,0,7,4,5200533bf224,2
gamma_low,state,post,raw_cc,minus_fp,Right ACC – Left ACC,0.1135790114520425,0.05529926073446456,2.0538974652378275,7,0.07907419158440364,0.426930482363659,0,8,7,5200533bf224,2
gamma_low,state,post,raw_cc,minus_fp,Right ACC – Left DHC,0.006820256101049529,0.025275440340648225,0.26983728113654754,5,0.7980680003481303,0.9625228197734456,0,6,3,5200533bf224,2
gamma_low,state,post,raw_cc,minus_fp,Right ACC – Left OFC,0.07852332968548814,0.032306065707363406,2.430606388186433,7,0.04538014172729673,0.3479893351148094,0,8,7,5200533bf224,2
gamma_low,state,post,raw_cc,minus_fp,Right ACC – Left PER,0.09270786061398237,,,1,,,0,2,2,5200533bf224,2
gamma_low,state,post,raw_cc,minus_fp,Right ACC – Left RSC,0.06661490089606853,0.04232366315533696,1.5739398702701486,6,0.16656637270309446,0.5678399069423675,0,7,5,5200533bf224,2
gamma_low,state,post,raw_cc,minus_fp,Right ACC – Right DHC,0.10183819645648422,0.05545010490095821,1.8365735581272884,4,0.1401543644420001,0.5306001570207742,0,5,3,5200533bf224,2
gamma_low,state,post,raw_cc,minus_fp,Right ACC – Right OFC,0.004788688741578343,0.04340197935702532,0.11033341825695366,7,0.9152416313307166,0.9910015998870338,0,8,3,5200533bf224,2
gamma_low,state,post,raw_cc,minus_fp,Right ACC – Right PER,0.09729092340414836,,,1,,,0,2,1,5200533bf224,2
gamma_low,state,post,raw_cc,minus_fp,Right ACC – Right RSC,0.14717828808223776,0.06282001008743307,2.342856804342989,5,0.06614478801348739,0.381604546231658,0,6,4,5200533bf224,2
gamma_low,state,post,raw_cc,minus_fp,Right DHC – Left ACC,0.0443881518320002,0.06173848179067731,0.7189705762849344,4,0.5119211253916676,0.8346540087907622,0,5,4,5200533bf224,2
gamma_low,state,post,raw_cc,minus_fp,Right DHC – Left DHC,-0.03800561181145852,0.056833656027905986,-0.6687166455171795,4,0.5402891935140854,0.845486867676192,0,5,3,5200533bf224,2
gamma_low,state,post,raw_cc,minus_fp,Right DHC – Left OFC,0.03427074523461711,0.09214105428330978,0.37193784574293537,4,0.7288046415145354,0.9625228197734456,0,5,3,5200533bf224,2
gamma_low,state,post,raw_cc,minus_fp,Right DHC – Left PER,0.008923178571428573,,,,,,0,1,1,5200533bf224,2
gamma_low,state,post,raw_cc,minus_fp,Right DHC – Left RSC,0.06762703504816768,,,3,,,0,4,3,5200533bf224,2
gamma_low,state,post,raw_cc,minus_fp,Right DHC – Right PER,-0.01669299725274724,,,,,,0,1,1,5200533bf224,2
gamma_low,state,post,raw_cc,minus_fp,Right DHC – Right RSC,0.07606907070264432,,,2,,,0,3,2,5200533bf224,2
gamma_low,state,post,raw_cc,minus_fp,Right OFC – Left ACC,0.06350750784841201,0.03278900506083143,1.936853763345073,7,0.09396933669264572,0.4441303934764534,0,8,6,5200533bf224,2
gamma_low,state,post,raw_cc,minus_fp,Right OFC – Left DHC,-0.05409497883442387,0.016934207925895693,-3.1944203750859903,5,0.024145301310517505,0.3239523265395564,0,6,5,5200533bf224,2
gamma_low,state,post,raw_cc,minus_fp,Right OFC – Left OFC,0.058778616727099206,0.01821735384880023,3.226517814549136,7,0.014521629747803133,0.2904325949560627,0,8,7,5200533bf224,2
gamma_low,state,post,raw_cc,minus_fp,Right OFC – Left PER,0.010437949581585088,,,1,,,0,2,1,5200533bf224,2
gamma_low,state,post,raw_cc,minus_fp,Right OFC – Left RSC,0.0309649409163948,0.03200268559099069,0.9675732003289114,6,0.37062458425273487,0.7520919430202766,0,7,5,5200533bf224,2
gamma_low,state,post,raw_cc,minus_fp,Right OFC – Right DHC,-0.0046334278674448745,0.03508963178564199,-0.13204549696474116,4,0.901323980134024,0.9910015998870338,0,5,3,5200533bf224,2
gamma_low,state,post,raw_cc,minus_fp,Right OFC – Right PER,0.1367805864255372,,,1,,,0,2,2,5200533bf224,2
gamma_low,state,post,raw_cc,minus_fp,Right OFC – Right RSC,0.019486872630520895,0.042698702070846625,0.456380912894913,5,0.6672557687417987,0.9109715881641984,0,6,3,5200533bf224,2
gamma_low,state,post,raw_cc,minus_fp,Right PER – Left ACC,-0.02489213509713433,,,1,,,0,2,2,5200533bf224,2
gamma_low,state,post,raw_cc,minus_fp,Right PER – Left DHC,0.09518880219780218,,,,,,0,1,1,5200533bf224,2
gamma_low,state,post,raw_cc,minus_fp,Right PER – Left OFC,0.1932773104216637,,,1,,,0,2,2,5200533bf224,2
gamma_low,state,post,raw_cc,minus_fp,Right PER – Left RSC,0.07009627495814237,,,1,,,0,2,2,5200533bf224,2
gamma_low,state,post,raw_cc,minus_fp,Right RSC – Left ACC,-0.044118398797592516,0.038181772971007125,-1.1554832414695173,5,0.30010602561501293,0.720943925073516,0,6,5,5200533bf224,2
gamma_low,state,post,raw_cc,minus_fp,Right RSC – Left DHC,0.11758117619062057,,,3,,,0,4,3,5200533bf224,2
gamma_low,state,post,raw_cc,minus_fp,Right RSC – Left OFC,-0.02846808771378338,0.04491242428980078,-0.6338577390098319,5,0.5540336061464263,0.845486867676192,0,6,3,5200533bf224,2
gamma_low,state,post,raw_cc,minus_fp,Right RSC – Left PER,0.062161550093130034,,,1,,,0,2,1,5200533bf224,2
gamma_low,state,post,raw_cc,minus_fp,Right RSC – Left RSC,0.08341986322160826,0.05705897094310058,1.4619938257350429,5,0.20359461091966974,0.6187689082524279,0,6,5,5200533bf224,2
gamma_low,state,post,raw_cc,minus_fp,Right RSC – Right PER,0.04399290305509426,,,1,,,0,2,1,5200533bf224,2
gamma_low,state,post,amp_cc,minus_fp,Left DHC – Left ACC,0.021181923734701548,0.0378507680886836,0.5596167476726686,5,0.599881608804684,0.8569737268638343,0,6,4,5200533bf224,2
gamma_low,state,post,amp_cc,minus_fp,Left DHC – Left OFC,0.007353467118877213,0.02154102953115464,0.34137027240234474,5,0.7467032176152417,0.9625228197734456,0,6,5,5200533bf224,2
gamma_low,state,post,amp_cc,minus_fp,Left OFC – Left ACC,-0.005700358478113156,0.05126529958833138,-0.11119331251134693,7,0.9145841489483142,0.9910015998870338,0,8,4,5200533bf224,2
gamma_low,state,post,amp_cc,minus_fp,Left PER – Left ACC,0.054152355355121945,,,1,,,0,2,2,5200533bf224,2
gamma_low,state,post,amp_cc,minus_fp,Left PER – Left DHC,0.01909502894896861,,,1,,,0,2,1,5200533bf224,2
gamma_low,state,post,amp_cc,minus_fp,Left PER – Left OFC,0.050299556314533436,,,1,,,0,2,2,5200533bf224,2
gamma_low,state,post,amp_cc,minus_fp,Left PER – Left RSC,0.08059273796768311,,,1,,,0,2,2,5200533bf224,2
gamma_low,state,post,amp_cc,minus_fp,Left RSC – Left ACC,0.0681905424519974,0.023186694908146045,2.940934131497992,6,0.025916186123164514,0.3239523265395564,0,7,5,5200533bf224,2
gamma_low,state,post,amp_cc,minus_fp,Left RSC – Left DHC,0.1155604998171104,0.09225231465831683,1.2526569143020658,4,0.2785671433581763,0.7019409114685274,0,5,3,5200533bf224,2
gamma_low,state,post,amp_cc,minus_fp,Left RSC – Left OFC,0.016302045011561975,0.029303691467141634,0.5563136995842839,6,0.5981157100165582,0.8569737268638343,0,7,3,5200533bf224,2
gamma_low,state,post,amp_cc,minus_fp,Right ACC – Left ACC,0.07737948042676529,0.030119483142941345,2.5690839401040506,7,0.03705735283067041,0.3323419283608456,0,8,6,5200533bf224,2
gamma_low,state,post,amp_cc,minus_fp,Right ACC – Left DHC,0.016830678568935456,0.04109539899054143,0.40955140921759214,5,0.6990901625887235,0.9362814677527547,0,6,4,5200533bf224,2
gamma_low,state,post,amp_cc,minus_fp,Right ACC – Left OFC,0.07176892489445591,0.010999130288618283,6.524963611779487,7,0.0003263914183862943,0.09791742551588829,2,8,8,5200533bf224,2
gamma_low,state,post,amp_cc,minus_fp,Right ACC – Left PER,0.08163681799047436,,,1,,,0,2,2,5200533bf224,2
gamma_low,state,post,amp_cc,minus_fp,Right ACC – Left RSC,0.049363572143424815,0.026916408368456386,1.8339583598112774,6,0.11634820514580245,0.4992725704337799,0,7,5,5200533bf224,2
gamma_low,state,post,amp_cc,minus_fp,Right ACC – Right DHC,0.06775150861475615,0.045847506648289495,1.4777577575700915,4,0.21353975137416079,0.6280580922769434,0,5,4,5200533bf224,2
gamma_low,state,post,amp_cc,minus_fp,Right ACC – Right OFC,0.042675675501073526,0.025609047813277615,1.666429607700889,7,0.13956753871947988,0.5306001570207742,0,8,6,5200533bf224,2
gamma_low,state,post,amp_cc,minus_fp,Right ACC – Right PER,0.000980335115655263,,,1,,,0,2,1,5200533bf224,2
gamma_low,state,post,amp_cc,minus_fp,Right ACC – Right RSC,0.07507202194773481,0.04558758948559549,1.6467644548623401,5,0.16052387476116872,0.5599670049808211,0,6,5,5200533bf224,2
gamma_low,state,post,amp_cc,minus_fp,Right DHC – Left ACC,0.02632209257867843,0.04502675324765069,0.5845878434517552,4,0.5902091535038285,0.8569737268638343,0,5,4,5200533bf224,2
gamma_low,state,post,amp_cc,minus_fp,Right DHC – Left DHC,-0.026825949558533,0.04124506917606725,-0.6504037960033038,4,0.5508994564081857,0.845486867676192,0,5,3,5200533bf224,2
gamma_low,state,post,amp_cc,minus_fp,Right DHC – Left OFC,0.0019690563714295805,0.030610314449394996,0.06432656465142907,4,0.9517966215950417,0.9914587197105305,0,5,3,5200533bf224,2
gamma_low,state,post,amp_cc,minus_fp,Right DHC – Left PER,0.0032367202380952434,,,,,,0,1,1,5200533bf224,2
gamma_low,state,post,amp_cc,minus_fp,Right DHC – Left RSC,-0.008304417519457987,,,3,,,0,4,2,5200533bf224,2
gamma_low,state,post,amp_cc,minus_fp,Right DHC – Right PER,0.07559324862637362,,,,,,0,1,1,5200533bf224,2
gamma_low,state,post,amp_cc,minus_fp,Right DHC – Right RSC,0.03477083070090211,,,2,,,0,3,2,5200533bf224,2
gamma_low,state,post,amp_cc,minus_fp,Right OFC – Left ACC,0.01340339610278702,0.018594289294322386,0.7208340093363846,7,0.49437494944553634,0.8191081645411575,0,8,5,5200533bf224,2
gamma_low,state,post,amp_cc,minus_fp,Right OFC – Left DHC,0.00017345458227704984,0.025567738970230246,0.006784118942977766,5,0.994849453539329,0.9981767092367849,0,6,3,5200533bf224,2
gamma_low,state,post,amp_cc,minus_fp,Right OFC – Left OFC,0.0009199372497317754,0.034412393943213195,0.026732730400850398,7,0.9794190561417352,0.9981767092367849,0,8,5,5200533bf224,2
gamma_low,state,post,amp_cc,minus_fp,Right OFC – Left PER,-0.028379853815019573,,,1,,,0,2,1,5200533bf224,2
gamma_low,state,post,amp_cc,minus_fp,Right OFC – Left RSC,0.04294750596779327,0.010579309961282056,4.05957535273772,6,0.006653694101649267,0.2362232861505825,2,7,7,5200533bf224,2
gamma_low,state,post,amp_cc,minus_fp,Right OFC – Right DHC,0.000419512326927482,0.019364006718429545,0.02166454148811126,4,0.9837531824856356,0.9981767092367849,0,5,2,5200533bf224,2
gamma_low,state,post,amp_cc,minus_fp,Right OFC – Right PER,-0.03036126546145931,,,1,,,0,2,1,5200533bf224,2
gamma_low,state,post,amp_cc,minus_fp,Right OFC – Right RSC,0.01849316928741172,0.024200219015590902,0.764173633118674,5,0.47925381819395996,0.8191081645411575,0,6,4,5200533bf224,2
gamma_low,state,post,amp_cc,minus_fp,Right PER – Left ACC,-0.03207170437097337,,,1,,,0,2,1,5200533bf224,2
gamma_low,state,post,amp_cc,minus_fp,Right PER – Left DHC,-0.008468119505494504,,,,,,0,1,1,5200533bf224,2
gamma_low,state,post,amp_cc,minus_fp,Right PER – Left OFC,0.043965006432045935,,,1,,,0,2,1,5200533bf224,2
gamma_low,state,post,amp_cc,minus_fp,Right PER – Left RSC,-0.06413811127854185,,,1,,,0,2,2,5200533bf224,2
gamma_low,state,post,amp_cc,minus_fp,Right RSC – Left ACC,0.05496291116416787,0.0442712005972455,1.2415048704955969,5,0.269482666099233,0.7019409114685274,0,6,4,5200533bf224,2
gamma_low,state,post,amp_cc,minus_fp,Right RSC – Left DHC,0.07595461543515501,,,3,,,0,4,3,5200533bf224,2
gamma_low,state,post,amp_cc,minus_fp,Right RSC – Left OFC,0.07928996998013947,0.02693570698051397,2.9436751015111655,5,0.03211965434036546,0.3323419283608456,0,6,5,5200533bf224,2
gamma_low,state,post,amp_cc,minus_fp,Right RSC – Left PER,0.0492559713346053,,,1,,,0,2,2,5200533bf224,2
gamma_low,state,post,amp_cc,minus_fp,Right RSC – Left RSC,0.03452304037365376,0.10158110557531819,0.3398569072282478,5,0.7477757772979818,0.9625228197734456,0,6,3,5200533bf224,2
gamma_low,state,post,amp_cc,minus_fp,Right RSC – Right PER,0.025844161905153228,,,1,,,0,2,1,5200533bf224,2
gamma_low,transition,onset,coherence,raw,Left DHC – Left ACC,0.041408724328009995,0.05462283704512756,0.7580844673776188,5,0.4825810903544123,0.8617519470614505,0,6,2,d1d6b4135fac,2
gamma_low,transition,onset,coherence,raw,Left DHC – Left OFC,0.05428965404489953,0.05405856365861762,1.0042748155082561,5,0.36134329896145073,0.8408438136486918,0,6,4,d1d6b4135fac,2
gamma_low,transition,onset,coherence,raw,Left OFC – Left ACC,0.025879050125776105,0.06032300427299944,0.42900797859233214,7,0.6808112900648685,0.9030681618334618,0,8,3,d1d6b4135fac,2
gamma_low,transition,onset,coherence,raw,Left PER – Left ACC,0.023290553112675676,,,1,,,0,2,2,d1d6b4135fac,2
gamma_low,transition,onset,coherence,raw,Left PER – Left DHC,0.0039021702487230456,,,1,,,0,2,1,d1d6b4135fac,2
gamma_low,transition,onset,coherence,raw,Left PER – Left OFC,0.011082548680908208,,,1,,,0,2,1,d1d6b4135fac,2
gamma_low,transition,onset,coherence,raw,Left PER – Left RSC,0.027411049480228874,,,1,,,0,2,1,d1d6b4135fac,2
gamma_low,transition,onset,coherence,raw,Left RSC – Left ACC,-0.0010458377193075916,0.015736880620374014,-0.06645775262179852,6,0.9491725244178528,0.9841650598802621,0,7,5,d1d6b4135fac,2
gamma_low,transition,onset,coherence,raw,Left RSC – Left DHC,0.001492194760543222,0.054348504633679726,0.027456040798195396,4,0.979411202714965,0.9890086940235702,0,5,2,d1d6b4135fac,2
gamma_low,transition,onset,coherence,raw,Left RSC – Left OFC,-0.01090786070887311,0.006095330321681928,-1.789543820139222,6,0.12373100472016965,0.8408438136486918,0,7,4,d1d6b4135fac,2
gamma_low,transition,onset,coherence,raw,Right ACC – Left ACC,0.11944199002005741,0.07592898984633357,1.5730749251608143,7,0.159699484214124,0.8408438136486918,0,8,7,d1d6b4135fac,2
gamma_low,transition,onset,coherence,raw,Right ACC – Left DHC,0.0649730948835487,0.05403621560433244,1.2023990606466413,5,0.2830397717103707,0.8408438136486918,0,6,4,d1d6b4135fac,2
gamma_low,transition,onset,coherence,raw,Right ACC – Left OFC,0.04502523441468344,0.044950727707287794,1.0016575194929171,7,0.3498691615881651,0.8408438136486918,0,8,3,d1d6b4135fac,2
gamma_low,transition,onset,coherence,raw,Right ACC – Left PER,0.06952650278820469,,,1,,,0,2,2,d1d6b4135fac,2
gamma_low,transition,onset,coherence,raw,Right ACC – Left RSC,-0.013742510658608889,0.01135674776137536,-1.2100744814767814,6,0.2717555543502862,0.8408438136486918,0,7,6,d1d6b4135fac,2
gamma_low,transition,onset,coherence,raw,Right ACC – Right DHC,0.0521630764134854,0.06936007494896278,0.7520619960671692,4,0.49384738500868486,0.8749264695035756,0,5,2,d1d6b4135fac,2
gamma_low,transition,onset,coherence,raw,Right ACC – Right OFC,0.03226595518699865,0.038324315397104965,0.8419186318834031,7,0.42765694794891396,0.8408438136486918,0,8,5,d1d6b4135fac,2
gamma_low,transition,onset,coherence,raw,Right ACC – Right PER,0.10535182781184954,,,1,,,0,2,2,d1d6b4135fac,2
gamma_low,transition,onset,coherence,raw,Right ACC – Right RSC,0.0462107654180379,0.029784747642049688,1.5514909165387114,5,0.18148353801083045,0.8408438136486918,0,6,5,d1d6b4135fac,2
gamma_low,transition,onset,coherence,raw,Right DHC – Left ACC,0.054833267930214834,0.06833836733058894,0.802378957415784,4,0.46729727072700183,0.8523600459437654,0,5,1,d1d6b4135fac,2
gamma_low,transition,onset,coherence,raw,Right DHC – Left DHC,0.02101452608026859,0.0827597005056229,0.2539222103497198,4,0.8120739077827885,0.9659964239164653,0,5,1,d1d6b4135fac,2
gamma_low,transition,onset,coherence,raw,Right DHC – Left OFC,0.06893013862537072,0.06966354219855575,0.9894722038237063,4,0.3784446379749232,0.8408438136486918,0,5,3,d1d6b4135fac,2
gamma_low,transition,onset,coherence,raw,Right DHC – Left PER,-0.017361900000000013,,,,,,0,1,1,d1d6b4135fac,2
gamma_low,transition,onset,coherence,raw,Right DHC – Left RSC,-0.008890556291594522,,,3,,,0,4,2,d1d6b4135fac,2
gamma_low,transition,onset,coherence,raw,Right DHC – Right PER,0.013399528571428563,,,,,,0,1,1,d1d6b4135fac,2
gamma_low,transition,onset,coherence,raw,Right DHC – Right RSC,-0.049027433038443556,,,2,,,0,3,3,d1d6b4135fac,2
gamma_low,transition,onset,coherence,raw,Right OFC – Left ACC,0.025763344112015127,0.03727466056443062,0.6911758208363089,7,0.5117180924277034,0.8856659292017943,0,8,3,d1d6b4135fac,2
gamma_low,transition,onset,coherence,raw,Right OFC – Left DHC,0.0513393578924649,0.05411508954217546,0.9487068824390054,5,0.386334627373112,0.8408438136486918,0,6,4,d1d6b4135fac,2
gamma_low,transition,onset,coherence,raw,Right OFC – Left OFC,0.014671748924602084,0.04385039277394877,0.3345864882040116,7,0.7477387620007517,0.9505153754246844,0,8,2,d1d6b4135fac,2
gamma_low,transition,onset,coherence,raw,Right OFC – Left PER,-0.032614359314759034,,,1,,,0,2,1,d1d6b4135fac,2
gamma_low,transition,onset,coherence,raw,Right OFC – Left RSC,0.0009405009172821654,0.0033031934915311776,0.28472474279616033,6,0.7854269984323304,0.9601652398654436,0,7,4,d1d6b4135fac,2
gamma_low,transition,onset,coherence,raw,Right OFC – Right DHC,0.046442081671838935,0.05624378731639839,0.8257282072876754,4,0.45536029420575036,0.8523600459437654,0,5,2,d1d6b4135fac,2
gamma_low,transition,onset,coherence,raw,Right OFC – Right PER,-0.035398463796289054,,,1,,,0,2,2,d1d6b4135fac,2
gamma_low,transition,onset,coherence,raw,Right OFC – Right RSC,-0.021413821608198727,0.014304344761655331,-1.4970152051704795,5,0.194648376143085,0.8408438136486918,0,6,4,d1d6b4135fac,2
gamma_low,transition,onset,coherence,raw,Right PER – Left ACC,-0.022333932633282105,,,1,,,0,2,2,d1d6b4135fac,2
gamma_low,transition,onset,coherence,raw,Right PER – Left DHC,-0.011271816666666684,,,,,,0,1,1,d1d6b4135fac,2
gamma_low,transition,onset,coherence,raw,Right PER – Left OFC,-0.05191954030003053,,,1,,,0,2,2,d1d6b4135fac,2
gamma_low,transition,onset,coherence,raw,Right PER – Left RSC,-0.006384078319336887,,,1,,,0,2,2,d1d6b4135fac,2
gamma_low,transition,onset,coherence,raw,Right RSC – Left ACC,-0.002743679115210404,0.008640208366996527,-0.3175477949919106,5,0.763660628904764,0.9568301565121506,0,6,4,d1d6b4135fac,2
gamma_low,transition,onset,coherence,raw,Right RSC – Left DHC,-0.036905204312990124,,,3,,,0,4,3,d1d6b4135fac,2
gamma_low,transition,onset,coherence,raw,Right RSC – Left OFC,-0.03158144875978758,0.01644241752277647,-1.920730252472918,5,0.11282298597882626,0.8408438136486918,0,6,5,d1d6b4135fac,2
gamma_low,transition,onset,coherence,raw,Right RSC – Left PER,0.005545212158906174,,,1,,,0,2,1,d1d6b4135fac,2
gamma_low,transition,onset,coherence,raw,Right RSC – Left RSC,-0.008598676969761238,0.020647922113089266,-0.41644272593949333,5,0.6943590755430618,0.9030681618334618,0,6,3,d1d6b4135fac,2
gamma_low,transition,onset,coherence,raw,Right RSC – Right PER,-0.04004801046542216,,,1,,,0,2,2,d1d6b4135fac,2
gamma_low,transition,onset,raw_cc,raw,Left DHC – Left ACC,0.15804580484841238,0.08588326529638916,1.8402398220769232,5,0.12510900972595432,0.8408438136486918,0,6,5,d1d6b4135fac,2
gamma_low,transition,onset,raw_cc,raw,Left DHC – Left OFC,0.09009894517227963,0.0768582073838673,1.1722748713391355,5,0.29389586979594484,0.8408438136486918,0,6,4,d1d6b4135fac,2
gamma_low,transition,onset,raw_cc,raw,Left OFC – Left ACC,0.008172331136802416,0.12044587438832244,0.06785065223948215,7,0.9478019252426889,0.9841650598802621,0,8,4,d1d6b4135fac,2
gamma_low,transition,onset,raw_cc,raw,Left PER – Left ACC,0.027596375255001655,,,1,,,0,2,2,d1d6b4135fac,2
gamma_low,transition,onset,raw_cc,raw,Left PER – Left DHC,-0.03159493759546991,,,1,,,0,2,2,d1d6b4135fac,2
gamma_low,transition,onset,raw_cc,raw,Left PER – Left OFC,-0.08598476355973059,,,1,,,0,2,2,d1d6b4135fac,2
gamma_low,transition,onset,raw_cc,raw,Left PER – Left RSC,0.04832320380253983,,,1,,,0,2,1,d1d6b4135fac,2
gamma_low,transition,onset,raw_cc,raw,Left RSC – Left ACC,0.02221132201709017,0.02715189469702149,0.818039487296874,6,0.4445992988461873,0.8477529003423063,0,7,4,d1d6b4135fac,2
gamma_low,transition,onset,raw_cc,raw,Left RSC – Left DHC,-0.024264546151457834,0.11914400706903597,-0.2036572946333604,4,0.8485626530684208,0.9659964239164653,0,5,3,d1d6b4135fac,2
gamma_low,transition,onset,raw_cc,raw,Left RSC – Left OFC,-0.048783788973594255,0.020300630063846803,-2.403067728448135,6,0.05307260008486889,0.8408438136486918,0,7,6,d1d6b4135fac,2
gamma_low,transition,onset,raw_cc,raw,Right ACC – Left ACC,0.19309210068518842,0.11315221304348141,1.7064809913261547,7,0.13168210285203588,0.8408438136486918,0,8,6,d1d6b4135fac,2
gamma_low,transition,onset,raw_cc,raw,Right ACC – Left DHC,0.10740338128809121,0.06710734237598241,1.6004713863699462,5,0.17039172820943557,0.8408438136486918,0,6,4,d1d6b4135fac,2
gamma_low,transition,onset,raw_cc,raw,Right ACC – Left OFC,0.07974092519857368,0.05669810107628823,1.4064126255530311,7,0.2024089888876445,0.8408438136486918,0,8,6,d1d6b4135fac,2
gamma_low,transition,onset,raw_cc,raw,Right ACC – Left PER,0.1466804402020078,,,1,,,0,2,2,d1d6b4135fac,2
gamma_low,transition,onset,raw_cc,raw,Right ACC – Left RSC,0.029055187156273705,0.01676579261378224,1.7330040890753373,6,0.13379817591511692,0.8408438136486918,0,7,4,d1d6b4135fac,2
gamma_low,transition,onset,raw_cc,raw,Right ACC – Right DHC,0.11598372201539672,0.058556199677342484,1.980724887449877,4,0.11870310153512197,0.8408438136486918,0,5,4,d1d6b4135fac,2
gamma_low,transition,onset,raw_cc,raw,Right ACC – Right OFC,0.007820862953121163,0.050549129952936214,0.15471805272222847,7,0.8814101533492466,0.9659964239164653,0,8,4,d1d6b4135fac,2
gamma_low,transition,onset,raw_cc,raw,Right ACC – Right PER,0.1830809847717802,,,1,,,0,2,2,d1d6b4135fac,2
gamma_low,transition,onset,raw_cc,raw,Right ACC – Right RSC,0.0762515484135081,0.06821923283579498,1.117742684046991,5,0.3144858905131849,0.8408438136486918,0,6,3,d1d6b4135fac,2
gamma_low,transition,onset,raw_cc,raw,Right DHC – Left ACC,0.09504639440067898,0.08609303027888629,1.1039963873125331,4,0.3315388642543625,0.8408438136486918,0,5,3,d1d6b4135fac,2
gamma_low,transition,onset,raw_cc,raw,Right DHC – Left DHC,0.011577439457475502,0.09455092883303415,0.1224465967745267,4,0.9084507814833717,0.9659964239164653,0,5,1,d1d6b4135fac,2
gamma_low,transition,onset,raw_cc,raw,Right DHC – Left OFC,0.08759240979957691,0.07463188022859035,1.1736594271950498,4,0.30564407201364474,0.8408438136486918,0,5,4,d1d6b4135fac,2
gamma_low,transition,onset,raw_cc,raw,Right DHC – Left PER,-0.11812305000000001,,,,,,0,1,1,d1d6b4135fac,2
gamma_low,transition,onset,raw_cc,raw,Right DHC – Left RSC,-0.0681677676205068,,,3,,,0,4,3,d1d6b4135fac,2
gamma_low,transition,onset,raw_cc,raw,Right DHC – Right PER,-0.1395994619047619,,,,,,0,1,1,d1d6b4135fac,2
gamma_low,transition,onset,raw_cc,raw,Right DHC – Right RSC,-0.041460618253159026,,,2,,,0,3,1,d1d6b4135fac,2
gamma_low,transition,onset,raw_cc,raw,Right OFC – Left ACC,-0.008370140914865057,0.05119390588974527,-0.16349877528179957,7,0.8747460973616624,0.9659964239164653,0,8,6,d1d6b4135fac,2
gamma_low,transition,onset,raw_cc,raw,Right OFC – Left DHC,0.04161780261900706,0.06661825918067596,0.6247206566316159,5,0.5595526482617867,0.8991128745691085,0,6,3,d1d6b4135fac,2
gamma_low,transition,onset,raw_cc,raw,Right OFC – Left OFC,0.0012588169730219387,0.04899006402503578,0.025695352681691444,7,0.9802175056322495,0.9890086940235702,0,8,3,d1d6b4135fac,2
gamma_low,transition,onset,raw_cc,raw,Right OFC – Left PER,-0.0019979716495299644,,,1,,,0,2,1,d1d6b4135fac,2
gamma_low,transition,onset,raw_cc,raw,Right OFC – Left RSC,0.003261957176083725,0.028044926374191342,0.1163118466620607,6,0.9112007814721159,0.9659964239164653,0,7,3,d1d6b4135fac,2
gamma_low,transition,onset,raw_cc,raw,Right OFC – Right DHC,0.02724676869955217,0.05519525886028513,0.4936432813644642,4,0.6474346599835124,0.8991128745691085,0,5,1,d1d6b4135fac,2
gamma_low,transition,onset,raw_cc,raw,Right OFC – Right PER,-0.022676884041058654,,,1,,,0,2,2,d1d6b4135fac,2
gamma_low,transition,onset,raw_cc,raw,Right OFC – Right RSC,0.035189725998133664,0.036413644177294764,0.9663884731447928,5,0.3782340789141288,0.8408438136486918,0,6,3,d1d6b4135fac,2
gamma_low,transition,onset,raw_cc,raw,Right PER – Left ACC,-0.31008975372885234,,,1,,,0,2,2,d1d6b4135fac,2
gamma_low,transition,onset,raw_cc,raw,Right PER – Left DHC,-0.1754446,,,,,,0,1,1,d1d6b4135fac,2
gamma_low,transition,onset,raw_cc,raw,Right PER – Left OFC,-0.20018084501830663,,,1,,,0,2,2,d1d6b4135fac,2
gamma_low,transition,onset,raw_cc,raw,Right PER – Left RSC,0.008357580745577922,,,1,,,0,2,1,d1d6b4135fac,2
gamma_low,transition,onset,raw_cc,raw,Right RSC – Left ACC,-0.006183894598499328,0.0409135306394402,-0.15114546463849102,5,0.8857697811216608,0.9659964239164653,0,6,4,d1d6b4135fac,2
gamma_low,transition,onset,raw_cc,raw,Right RSC – Left DHC,0.11273616218639027,,,3,,,0,4,4,d1d6b4135fac,2
gamma_low,transition,onset,raw_cc,raw,Right RSC – Left OFC,-0.03424054021525162,0.053640078829612456,-0.6383387377937417,5,0.5513398839512319,0.8991128745691085,0,6,4,d1d6b4135fac,2
gamma_low,transition,onset,raw_cc,raw,Right RSC – Left PER,-0.1392654507307771,,,1,,,0,2,2,d1d6b4135fac,2
gamma_low,transition,onset,raw_cc,raw,Right RSC – Left RSC,-0.08298895043233305,0.054442277695029864,-1.5243475098013628,5,0.1879312023861757,0.8408438136486918,0,6,5,d1d6b4135fac,2
gamma_low,transition,onset,raw_cc,raw,Right RSC – Right PER,-0.12853664639181742,,,1,,,0,2,2,d1d6b4135fac,2
gamma_low,transition,onset,amp_cc,raw,Left DHC – Left ACC,0.05080240198460547,0.0947628438612466,0.5361004367808044,5,0.6148706073414181,0.8991128745691085,0,6,3,d1d6b4135fac,2
gamma_low,transition,onset,amp_cc,raw,Left DHC – Left OFC,0.05558688079762473,0.08340271968388223,0.666487627841314,5,0.5346145190398383,0.8983590914346868,0,6,2,d1d6b4135fac,2
gamma_low,transition,onset,amp_cc,raw,Left OFC – Left ACC,0.02477693993529127,0.0893108477882645,0.2774236338460441,7,0.789469197222698,0.9601652398654436,0,8,3,d1d6b4135fac,2
gamma_low,transition,onset,amp_cc,raw,Left PER – Left ACC,0.006608399199588299,,,1,,,0,2,1,d1d6b4135fac,2
gamma_low,transition,onset,amp_cc,raw,Left PER – Left DHC,-0.09978563236573076,,,1,,,0,2,1,d1d6b4135fac,2
gamma_low,transition,onset,amp_cc,raw,Left PER – Left OFC,-0.015375065644600058,,,1,,,0,2,1,d1d6b4135fac,2
gamma_low,transition,onset,amp_cc,raw,Left PER – Left RSC,-0.011987170240573858,,,1,,,0,2,1,d1d6b4135fac,2
gamma_low,transition,onset,amp_cc,raw,Left RSC – Left ACC,-0.04685344302780742,0.04454387645938724,-1.0518492495938452,6,0.33337484368460873,0.8408438136486918,0,7,4,d1d6b4135fac,2
gamma_low,transition,onset,amp_cc,raw,Left RSC – Left DHC,-0.015778066447359042,0.10555496831785471,-0.14947725056244623,4,0.8884108691274635,0.9659964239164653,0,5,4,d1d6b4135fac,2
gamma_low,transition,onset,amp_cc,raw,Left RSC – Left OFC,-0.02772313036449279,0.032436671325655586,-0.8546848129439641,6,0.4255305002126747,0.8408438136486918,0,7,4,d1d6b4135fac,2
gamma_low,transition,onset,amp_cc,raw,Right ACC – Left ACC,0.16369386737592162,0.10133870429668773,1.6153143906071432,7,0.15027672779291523,0.8408438136486918,0,8,6,d1d6b4135fac,2
gamma_low,transition,onset,amp_cc,raw,Right ACC – Left DHC,0.04173751029273173,0.07364207041524976,0.5667617715985448,5,0.5953710287410471,0.8991128745691085,0,6,2,d1d6b4135fac,2
gamma_low,transition,onset,amp_cc,raw,Right ACC – Left OFC,0.08024247018281211,0.05532186107713801,1.4504658487704536,7,0.19021538803987098,0.8408438136486918,0,8,7,d1d6b4135fac,2
gamma_low,transition,onset,amp_cc,raw,Right ACC – Left PER,0.150213700698911,,,1,,,0,2,2,d1d6b4135fac,2
gamma_low,transition,onset,amp_cc,raw,Right ACC – Left RSC,-0.03244361639994504,0.024748219233942055,-1.3109475107384205,6,0.23781205259479377,0.8408438136486918,0,7,4,d1d6b4135fac,2
gamma_low,transition,onset,amp_cc,raw,Right ACC – Right DHC,0.09723998409194103,0.07506571874578244,1.295398028776011,4,0.26488548697035635,0.8408438136486918,0,5,5,d1d6b4135fac,2
gamma_low,transition,onset,amp_cc,raw,Right ACC – Right OFC,0.07598446155931626,0.04803595378809081,1.5818247701402885,7,0.157703702347698,0.8408438136486918,0,8,5,d1d6b4135fac,2
gamma_low,transition,onset,amp_cc,raw,Right ACC – Right PER,0.15408967538925844,,,1,,,0,2,2,d1d6b4135fac,2
gamma_low,transition,onset,amp_cc,raw,Right ACC – Right RSC,0.07356646984655553,0.05008237627519622,1.4689093313447676,5,0.20179728216677942,0.8408438136486918,0,6,4,d1d6b4135fac,2
gamma_low,transition,onset,amp_cc,raw,Right DHC – Left ACC,0.09448644804741074,0.09106248918023271,1.0376001018421674,4,0.3580602034768715,0.8408438136486918,0,5,4,d1d6b4135fac,2
gamma_low,transition,onset,amp_cc,raw,Right DHC – Left DHC,-0.011592005814737816,0.10015616699433001,-0.11573931154328276,4,0.9134369169564055,0.9659964239164653,0,5,3,d1d6b4135fac,2
gamma_low,transition,onset,amp_cc,raw,Right DHC – Left OFC,0.10176576338012618,0.08856219611486867,1.1490880741951335,4,0.31455677561435774,0.8408438136486918,0,5,4,d1d6b4135fac,2
gamma_low,transition,onset,amp_cc,raw,Right DHC – Left PER,0.048644733333333336,,,,,,0,1,1,d1d6b4135fac,2
gamma_low,transition,onset,amp_cc,raw,Right DHC – Left RSC,-0.06107386536096006,,,3,,,0,4,4,d1d6b4135fac,2
gamma_low,transition,onset,amp_cc,raw,Right DHC – Right PER,-0.02761903809523809,,,,,,0,1,1,d1d6b4135fac,2
gamma_low,transition,onset,amp_cc,raw,Right DHC – Right RSC,-0.053366394582344524,,,2,,,0,3,3,d1d6b4135fac,2
gamma_low,transition,onset,amp_cc,raw,Right OFC – Left ACC,-0.011627500622287503,0.05425881372950946,-0.2142969929319283,7,0.8364242525255597,0.9659964239164653,0,8,6,d1d6b4135fac,2
gamma_low,transition,onset,amp_cc,raw,Right OFC – Left DHC,0.06183280862929447,0.07902065292919512,0.782489214366509,5,0.4693458344148181,0.8523600459437654,0,6,3,d1d6b4135fac,2
gamma_low,transition,onset,amp_cc,raw,Right OFC – Left OFC,-0.03217723171277239,0.06354880662227691,-0.5063388822394145,7,0.6281729324055093,0.8991128745691085,0,8,6,d1d6b4135fac,2
gamma_low,transition,onset,amp_cc,raw,Right OFC – Left PER,-0.09090009641177928,,,1,,,0,2,2,d1d6b4135fac,2
gamma_low,transition,onset,amp_cc,raw,Right OFC – Left RSC,0.013883817109730691,0.03480117922476392,0.3989467431566574,6,0.7037436942815869,0.9100133977779141,0,7,6,d1d6b4135fac,2
gamma_low,transition,onset,amp_cc,raw,Right OFC – Right DHC,0.010159742542334793,0.082429432673537,0.12325382102983293,4,0.9078510364902227,0.9659964239164653,0,5,2,d1d6b4135fac,2
gamma_low,transition,onset,amp_cc,raw,Right OFC – Right PER,-0.026527335988744315,,,1,,,0,2,1,d1d6b4135fac,2
gamma_low,transition,onset,amp_cc,raw,Right OFC – Right RSC,-0.02757724083127412,0.03066241857787572,-0.8993824398174614,5,0.4096701164942555,0.8408438136486918,0,6,4,d1d6b4135fac,2
gamma_low,transition,onset,amp_cc,raw,Right PER – Left ACC,-0.013743935365255588,,,1,,,0,2,1,d1d6b4135fac,2
gamma_low,transition,onset,amp_cc,raw,Right PER – Left DHC,-0.024144849999999995,,,,,,0,1,1,d1d6b4135fac,2
gamma_low,transition,onset,amp_cc,raw,Right PER – Left OFC,0.0005714858575821772,,,1,,,0,2,1,d1d6b4135fac,2
gamma_low,transition,onset,amp_cc,raw,Right PER – Left RSC,-0.023130045205394474,,,1,,,0,2,1,d1d6b4135fac,2
gamma_low,transition,onset,amp_cc,raw,Right RSC – Left ACC,0.006204175451482498,0.019267204277187585,0.32200704171846334,5,0.7604746135104846,0.9568301565121506,0,6,2,d1d6b4135fac,2
gamma_low,transition,onset,amp_cc,raw,Right RSC – Left DHC,-0.02276599310380882,,,3,,,0,4,3,d1d6b4135fac,2
gamma_low,transition,onset,amp_cc,raw,Right RSC – Left OFC,-0.016779379121100283,0.0316824843387359,-0.5296105867741357,5,0.6190454069442969,0.8991128745691085,0,6,4,d1d6b4135fac,2
gamma_low,transition,onset,amp_cc,raw,Right RSC – Left PER,0.062957243319166,,,1,,,0,2,1,d1d6b4135fac,2
gamma_low,transition,onset,amp_cc,raw,Right RSC – Left RSC,-0.03570526015481398,0.07063655597491707,-0.5054784971041462,5,0.6347115069250218,0.8991128745691085,0,6,4,d1d6b4135fac,2
gamma_low,transition,onset,amp_cc,raw,Right RSC – Right PER,-0.0854165627976876,,,1,,,0,2,2,d1d6b4135fac,2
gamma_low,transition,switch,coherence,raw,Left DHC – Left ACC,0.03739208610188878,0.043099573969552905,0.8675743785380314,5,0.42529830664506657,0.8408438136486918,0,6,3,d1d6b4135fac,2
gamma_low,transition,switch,coherence,raw,Left DHC – Left OFC,0.029906223318813794,0.04351092098156664,0.6873268283951869,5,0.5224525767737748,0.8905441649552979,0,6,2,d1d6b4135fac,2
gamma_low,transition,switch,coherence,raw,Left OFC – Left ACC,0.0222942975767079,0.05833255793033943,0.38219303880573324,7,0.7136568896078774,0.917558858067271,0,8,2,d1d6b4135fac,2
gamma_low,transition,switch,coherence,raw,Left PER – Left ACC,0.029856140143282063,,,1,,,0,2,2,d1d6b4135fac,2
gamma_low,transition,switch,coherence,raw,Left PER – Left DHC,0.03574965513847484,,,1,,,0,2,2,d1d6b4135fac,2
gamma_low,transition,switch,coherence,raw,Left PER – Left OFC,-0.026308012431134543,,,1,,,0,2,2,d1d6b4135fac,2
gamma_low,transition,switch,coherence,raw,Left PER – Left RSC,0.05657500018250332,,,1,,,0,2,2,d1d6b4135fac,2
gamma_low,transition,switch,coherence,raw,Left RSC – Left ACC,-0.008398235381986363,0.01757963632333535,-0.47772520588713646,6,0.649751779071909,0.8991128745691085,0,7,5,d1d6b4135fac,2
gamma_low,transition,switch,coherence,raw,Left RSC – Left DHC,0.00132077138044876,0.048061328689230236,0.027480958526740096,4,0.9793925232285644,0.9890086940235702,0,5,1,d1d6b4135fac,2
gamma_low,transition,switch,coherence,raw,Left RSC – Left OFC,-0.006567293793335189,0.009325229974341721,-0.7042500626156174,6,0.5076756596192551,0.8854808016614915,0,7,4,d1d6b4135fac,2
gamma_low,transition,switch,coherence,raw,Right ACC – Left ACC,0.13539984911244518,0.06682225183242058,2.026268876002655,7,0.08236498282017726,0.8408438136486918,0,8,7,d1d6b4135fac,2
gamma_low,transition,switch,coherence,raw,Right ACC – Left DHC,0.050998281533069366,0.03524290178683591,1.447051149236482,5,0.2075307084144765,0.8408438136486918,0,6,4,d1d6b4135fac,2
gamma_low,transition,switch,coherence,raw,Right ACC – Left OFC,0.0476385800876893,0.03928940987884722,1.2125043423810022,7,0.2646484588724986,0.8408438136486918,0,8,6,d1d6b4135fac,2
gamma_low,transition,switch,coherence,raw,Right ACC – Left PER,0.07996596926521068,,,1,,,0,2,2,d1d6b4135fac,2
gamma_low,transition,switch,coherence,raw,Right ACC – Left RSC,0.007887775066510205,0.012493804940547576,0.6313348978989664,6,0.5510996710980782,0.8991128745691085,0,7,4,d1d6b4135fac,2
gamma_low,transition,switch,coherence,raw,Right ACC – Right DHC,0.056101099465567614,0.052464686539470264,1.0693116297066143,4,0.34516481444959,0.8408438136486918,0,5,4,d1d6b4135fac,2
gamma_low,transition,switch,coherence,raw,Right ACC – Right OFC,0.02791960588414894,0.03136785373571397,0.8900706474654652,7,0.4029800001578028,0.8408438136486918,0,8,6,d1d6b4135fac,2
gamma_low,transition,switch,coherence,raw,Right ACC – Right PER,0.09121137560457321,,,1,,,0,2,2,d1d6b4135fac,2
gamma_low,transition,switch,coherence,raw,Right ACC – Right RSC,0.05137346456004668,0.02992503511868712,1.7167386556537667,5,0.14667738401391492,0.8408438136486918,0,6,5,d1d6b4135fac,2
gamma_low,transition,switch,coherence,raw,Right DHC – Left ACC,0.06658938303202525,0.05956387211142422,1.11794919758505,4,0.326196459622634,0.8408438136486918,0,5,4,d1d6b4135fac,2
gamma_low,transition,switch,coherence,raw,Right DHC – Left DHC,0.015686819216457145,0.05787728048607341,0.27103587253433153,4,0.7997752651242025,0.9622964419943614,0,5,2,d1d6b4135fac,2
gamma_low,transition,switch,coherence,raw,Right DHC – Left OFC,0.0539085119507981,0.05801386093881831,0.9292350324287203,4,0.4053664556762719,0.8408438136486918,0,5,4,d1d6b4135fac,2
gamma_low,transition,switch,coherence,raw,Right DHC – Left PER,0.021725216346153847,,,,,,0,1,1,d1d6b4135fac,2
gamma_low,transition,switch,coherence,raw,Right DHC – Left RSC,-0.0024248855226743343,,,3,,,0,4,3,d1d6b4135fac,2
gamma_low,transition,switch,coherence,raw,Right DHC – Right PER,0.020566066666666716,,,,,,0,1,1,d1d6b4135fac,2
gamma_low,transition,switch,coherence,raw,Right DHC – Right RSC,-0.031991359979255576,,,2,,,0,3,2,d1d6b4135fac,2
gamma_low,transition,switch,coherence,raw,Right OFC – Left ACC,0.01978084096406634,0.036072328162122615,0.5483660737162237,7,0.6004837790611173,0.8991128745691085,0,8,3,d1d6b4135fac,2
gamma_low,transition,switch,coherence,raw,Right OFC – Left DHC,0.018323210883494968,0.03826944279021085,0.47879481768106547,5,0.652289524782277,0.8991128745691085,0,6,2,d1d6b4135fac,2
gamma_low,transition,switch,coherence,raw,Right OFC – Left OFC,0.00934958368732505,0.043073212031086126,0.21706260681412415,7,0.8343504546096513,0.9659964239164653,0,8,4,d1d6b4135fac,2
gamma_low,transition,switch,coherence,raw,Right OFC – Left PER,-0.02483304080803639,,,1,,,0,2,2,d1d6b4135fac,2
gamma_low,transition,switch,coherence,raw,Right OFC – Left RSC,0.000364754144297567,0.00765980329361987,0.0476192573510842,6,0.9635651630086713,0.9890086940235702,0,7,3,d1d6b4135fac,2
gamma_low,transition,switch,coherence,raw,Right OFC – Right DHC,0.05004450709921397,0.05143258215149471,0.9730117564738989,4,0.38564459448443544,0.8408438136486918,0,5,4,d1d6b4135fac,2
gamma_low,transition,switch,coherence,raw,Right OFC – Right PER,-0.0047497741247912485,,,1,,,0,2,1,d1d6b4135fac,2
gamma_low,transition,switch,coherence,raw,Right OFC – Right RSC,-0.014085926914410622,0.015911305764856946,-0.8852778723869408,5,0.4165438387718155,0.8408438136486918,0,6,3,d1d6b4135fac,2
gamma_low,transition,switch,coherence,raw,Right PER – Left ACC,-0.013672690531131126,,,1,,,0,2,2,d1d6b4135fac,2
gamma_low,transition,switch,coherence,raw,Right PER – Left DHC,-0.006082133333333323,,,,,,0,1,1,d1d6b4135fac,2
gamma_low,transition,switch,coherence,raw,Right PER – Left OFC,-0.05033594286330853,,,1,,,0,2,2,d1d6b4135fac,2
gamma_low,transition,switch,coherence,raw,Right PER – Left RSC,0.009682128988082656,,,1,,,0,2,1,d1d6b4135fac,2
gamma_low,transition,switch,coherence,raw,Right RSC – Left ACC,-0.008954621614499931,0.011138785275114926,-0.8039136578478968,5,0.45794728128302586,0.8523600459437654,0,6,4,d1d6b4135fac,2
gamma_low,transition,switch,coherence,raw,Right RSC – Left DHC,0.011635466530740279,,,3,,,0,4,2,d1d6b4135fac,2
gamma_low,transition,switch,coherence,raw,Right RSC – Left OFC,-0.02738504066056181,0.013059898936152435,-2.096879983102663,5,0.0901093477797643,0.8408438136486918,0,6,5,d1d6b4135fac,2
gamma_low,transition,switch,coherence,raw,Right RSC – Left PER,0.03270654029121709,,,1,,,0,2,2,d1d6b4135fac,2
gamma_low,transition,switch,coherence,raw,Right RSC – Left RSC,0.006103342431302828,0.010290394057139577,0.5931106619836651,5,0.5789158679517069,0.8991128745691085,0,6,3,d1d6b4135fac,2
gamma_low,transition,switch,coherence,raw,Right RSC – Right PER,-0.03501141852936982,,,1,,,0,2,1,d1d6b4135fac,2
gamma_low,transition,switch,raw_cc,raw,Left DHC – Left ACC,0.008300566046345605,0.0707052136343906,0.11739680314477204,5,0.9111156423244284,0.9659964239164653,0,6,2,d1d6b4135fac,2
gamma_low,transition,switch,raw_cc,raw,Left DHC – Left OFC,0.07139420032961694,0.06678891914649882,1.0689527730343504,5,0.333958159577735,0.8408438136486918,0,6,3,d1d6b4135fac,2
gamma_low,transition,switch,raw_cc,raw,Left OFC – Left ACC,-0.021183721099737433,0.13034139610824155,-0.16252489026698383,7,0.8754846929187285,0.9659964239164653,0,8,6,d1d6b4135fac,2
gamma_low,transition,switch,raw_cc,raw,Left PER – Left ACC,0.047231900951131084,,,1,,,0,2,2,d1d6b4135fac,2
gamma_low,transition,switch,raw_cc,raw,Left PER – Left DHC,0.12204789642590742,,,1,,,0,2,2,d1d6b4135fac,2
gamma_low,transition,switch,raw_cc,raw,Left PER – Left OFC,0.0393208259305353,,,1,,,0,2,2,d1d6b4135fac,2
gamma_low,transition,switch,raw_cc,raw,Left PER – Left RSC,-0.05534327485713965,,,1,,,0,2,2,d1d6b4135fac,2
gamma_low,transition,switch,raw_cc,raw,Left RSC – Left ACC,-0.010469019375032624,0.04311394501592355,-0.2428221163979783,6,0.8162311365888302,0.9659964239164653,0,7,4,d1d6b4135fac,2
gamma_low,transition,switch,raw_cc,raw,Left RSC – Left DHC,0.07511843684497563,0.13633599320182915,0.5509802296578553,4,0.6109740887389271,0.8991128745691085,0,5,2,d1d6b4135fac,2
gamma_low,transition,switch,raw_cc,raw,Left RSC – Left OFC,-0.0028054643677489755,0.03384573311436579,-0.08288975033482725,6,0.9366353876601623,0.9841650598802621,0,7,4,d1d6b4135fac,2
gamma_low,transition,switch,raw_cc,raw,Right ACC – Left ACC,0.20704399550286184,0.10158233586528956,2.038188960110419,7,0.0809288849619434,0.8408438136486918,0,8,6,d1d6b4135fac,2
gamma_low,transition,switch,raw_cc,raw,Right ACC – Left DHC,0.028571589253463328,0.0792061706507101,0.36072428472095536,5,0.7330446284352904,0.9371309170337518,0,6,2,d1d6b4135fac,2
gamma_low,transition,switch,raw_cc,raw,Right ACC – Left OFC,0.006908493701781933,0.06065583689371379,0.11389660180416884,7,0.9125176608546108,0.9659964239164653,0,8,2,d1d6b4135fac,2
gamma_low,transition,switch,raw_cc,raw,Right ACC – Left PER,0.3260725955837635,,,1,,,0,2,2,d1d6b4135fac,2
gamma_low,transition,switch,raw_cc,raw,Right ACC – Left RSC,0.02836031445932046,0.020336950824499666,1.3945214650937323,6,0.21260595293874043,0.8408438136486918,0,7,6,d1d6b4135fac,2
gamma_low,transition,switch,raw_cc,raw,Right ACC – Right DHC,-0.005175491049423613,0.07162952991166384,-0.07225359507184004,4,0.9458686614485996,0.9841650598802621,0,5,4,d1d6b4135fac,2
gamma_low,transition,switch,raw_cc,raw,Right ACC – Right OFC,0.002884913397041323,0.04881582721286314,0.05909791069321751,7,0.9545258683967103,0.9851757816021092,0,8,4,d1d6b4135fac,2
gamma_low,transition,switch,raw_cc,raw,Right ACC – Right PER,0.2933888625067105,,,1,,,0,2,2,d1d6b4135fac,2
gamma_low,transition,switch,raw_cc,raw,Right ACC – Right RSC,0.09962348426253623,0.0911133435989011,1.0934016942798022,5,0.32407475743123043,0.8408438136486918,0,6,3,d1d6b4135fac,2
gamma_low,transition,switch,raw_cc,raw,Right DHC – Left ACC,0.012514420079980238,0.10885962036771119,0.11495924786168128,4,0.9140171276754147,0.9659964239164653,0,5,2,d1d6b4135fac,2
gamma_low,transition,switch,raw_cc,raw,Right DHC – Left DHC,-0.035021740312529116,0.1184407040351986,-0.2956900720728681,4,0.7821813807952944,0.9601652398654436,0,5,3,d1d6b4135fac,2
gamma_low,transition,switch,raw_cc,raw,Right DHC – Left OFC,-0.03290230455314577,0.07737514169243558,-0.42523094411809526,4,0.6925470702308975,0.9030681618334618,0,5,4,d1d6b4135fac,2
gamma_low,transition,switch,raw_cc,raw,Right DHC – Left PER,0.09019657692307692,,,,,,0,1,1,d1d6b4135fac,2
gamma_low,transition,switch,raw_cc,raw,Right DHC – Left RSC,-0.01642251082709033,,,3,,,0,4,2,d1d6b4135fac,2
gamma_low,transition,switch,raw_cc,raw,Right DHC – Right PER,0.006310599999999996,,,,,,0,1,1,d1d6b4135fac,2
gamma_low,transition,switch,raw_cc,raw,Right DHC – Right RSC,-0.045497957229575045,,,2,,,0,3,1,d1d6b4135fac,2
gamma_low,transition,switch,raw_cc,raw,Right OFC – Left ACC,-0.02585254667610609,0.048957362861812626,-0.5280624846783037,7,0.6137763366274559,0.8991128745691085,0,8,6,d1d6b4135fac,2
gamma_low,transition,switch,raw_cc,raw,Right OFC – Left DHC,0.09743943374027692,0.018960467404941922,5.139083950793321,5,0.0036481383421078186,0.8208311269742592,2,6,6,d1d6b4135fac,2
gamma_low,transition,switch,raw_cc,raw,Right OFC – Left OFC,-0.079630961746416,0.07389452807669951,-1.0776300196918818,7,0.3169283438233398,0.8408438136486918,0,8,5,d1d6b4135fac,2
gamma_low,transition,switch,raw_cc,raw,Right OFC – Left PER,0.090337715927589,,,1,,,0,2,2,d1d6b4135fac,2
gamma_low,transition,switch,raw_cc,raw,Right OFC – Left RSC,-0.007639435097473928,0.016219765691823665,-0.4709954041644969,6,0.6542803857585261,0.8991128745691085,0,7,4,d1d6b4135fac,2
gamma_low,transition,switch,raw_cc,raw,Right OFC – Right DHC,0.04751232074852077,0.049096598772035024,0.967731409850398,4,0.3879791287760878,0.8408438136486918,0,5,2,d1d6b4135fac,2
gamma_low,transition,switch,raw_cc,raw,Right OFC – Right PER,-0.03705435113648095,,,1,,,0,2,1,d1d6b4135fac,2
gamma_low,transition,switch,raw_cc,raw,Right OFC – Right RSC,-0.07363620221215118,0.03628071236805354,-2.0296239353059256,5,0.09815822510168805,0.8408438136486918,0,6,6,d1d6b4135fac,2
gamma_low,transition,switch,raw_cc,raw,Right PER – Left ACC,-0.06354728396612325,,,1,,,0,2,2,d1d6b4135fac,2
gamma_low,transition,switch,raw_cc,raw,Right PER – Left DHC,-0.024099200000000005,,,,,,0,1,1,d1d6b4135fac,2
gamma_low,transition,switch,raw_cc,raw,Right PER – Left OFC,-0.06415787045931061,,,1,,,0,2,1,d1d6b4135fac,2
gamma_low,transition,switch,raw_cc,raw,Right PER – Left RSC,-0.10749848444944232,,,1,,,0,2,2,d1d6b4135fac,2
gamma_low,transition,switch,raw_cc,raw,Right RSC – Left ACC,-0.044186114514866315,0.03329774318907131,-1.3270002793873636,5,0.24187654626962357,0.8408438136486918,0,6,5,d1d6b4135fac,2
gamma_low,transition,switch,raw_cc,raw,Right RSC – Left DHC,0.08251348689805504,,,3,,,0,4,4,d1d6b4135fac,2
gamma_low,transition,switch,raw_cc,raw,Right RSC – Left OFC,-0.03856554713664957,0.05792417066830113,-0.6657936866717107,5,0.535022747787769,0.8983590914346868,0,6,3,d1d6b4135fac,2
gamma_low,transition,switch,raw_cc,raw,Right RSC – Left PER,0.1183320235984807,,,1,,,0,2,2,d1d6b4135fac,2
gamma_low,transition,switch,raw_cc,raw,Right RSC – Left RSC,0.029606658555766045,0.02534411454921445,1.1681867400920392,5,0.295397265331696,0.8408438136486918,0,6,5,d1d6b4135fac,2
gamma_low,transition,switch,raw_cc,raw,Right RSC – Right PER,0.03518976904873871,,,1,,,0,2,1,d1d6b4135fac,2
gamma_low,transition,switch,amp_cc,raw,Left DHC – Left ACC,0.09977754091408161,0.05985224307342447,1.6670643536563583,5,0.1563776521241401,0.8408438136486918,0,6,5,d1d6b4135fac,2
gamma_low,transition,switch,amp_cc,raw,Left DHC – Left OFC,0.07585265288647637,0.052991972898015154,1.4313989221057568,5,0.21173163038050452,0.8408438136486918,0,6,4,d1d6b4135fac,2
gamma_low,transition,switch,amp_cc,raw,Left OFC – Left ACC,0.05368478791279045,0.06943172933895193,0.7732025174068755,7,0.46470657142785265,0.8523600459437654,0,8,3,d1d6b4135fac,2
gamma_low,transition,switch,amp_cc,raw,Left PER – Left ACC,0.09947217672795286,,,1,,,0,2,2,d1d6b4135fac,2
gamma_low,transition,switch,amp_cc,raw,Left PER – Left DHC,0.04566542400427712,,,1,,,0,2,2,d1d6b4135fac,2
gamma_low,transition,switch,amp_cc,raw,Left PER – Left OFC,-0.01647325432409094,,,1,,,0,2,1,d1d6b4135fac,2
gamma_low,transition,switch,amp_cc,raw,Left PER – Left RSC,0.1898136713366481,,,1,,,0,2,2,d1d6b4135fac,2
gamma_low,transition,switch,amp_cc,raw,Left RSC – Left ACC,-0.012952094268692971,0.044781714452330784,-0.28922729795171664,6,0.7821410370161657,0.9601652398654436,0,7,5,d1d6b4135fac,2
gamma_low,transition,switch,amp_cc,raw,Left RSC – Left DHC,0.09488558061096909,0.06476900816677582,1.4649843080296232,4,0.21678839503971753,0.8408438136486918,0,5,4,d1d6b4135fac,2
gamma_low,transition,switch,amp_cc,raw,Left RSC – Left OFC,0.0008589763984202058,0.02920178661041443,0.02941520016839871,6,0.9774874652780023,0.9890086940235702,0,7,4,d1d6b4135fac,2
gamma_low,transition,switch,amp_cc,raw,Right ACC – Left ACC,0.2273076473892958,0.07321930819323101,3.10447685178088,7,0.01721391747935422,0.8408438136486918,0,8,8,d1d6b4135fac,2
gamma_low,transition,switch,amp_cc,raw,Right ACC – Left DHC,0.11244857703096778,0.04952176204706351,2.2706901447509305,5,0.0723762586786623,0.8408438136486918,0,6,5,d1d6b4135fac,2
gamma_low,transition,switch,amp_cc,raw,Right ACC – Left OFC,0.08765056649223012,0.04602978902676102,1.9042139524313573,7,0.09859311783551496,0.8408438136486918,0,8,7,d1d6b4135fac,2
gamma_low,transition,switch,amp_cc,raw,Right ACC – Left PER,0.14156424584232832,,,1,,,0,2,2,d1d6b4135fac,2
gamma_low,transition,switch,amp_cc,raw,Right ACC – Left RSC,0.020617144879320978,0.04377995844930829,0.47092655200194056,6,0.6543268015124439,0.8991128745691085,0,7,4,d1d6b4135fac,2
gamma_low,transition,switch,amp_cc,raw,Right ACC – Right DHC,0.06905286784986733,0.06986407464577407,0.9883887849367542,4,0.37891493693139516,0.8408438136486918,0,5,4,d1d6b4135fac,2
gamma_low,transition,switch,amp_cc,raw,Right ACC – Right OFC,0.026868062987490417,0.04828914393711666,0.5563996541847726,7,0.5952685834410217,0.8991128745691085,0,8,4,d1d6b4135fac,2
gamma_low,transition,switch,amp_cc,raw,Right ACC – Right PER,0.12072180256945306,,,1,,,0,2,2,d1d6b4135fac,2
gamma_low,transition,switch,amp_cc,raw,Right ACC – Right RSC,0.09722005833226277,0.04383023806458041,2.218104729183005,5,0.07731226897849384,0.8408438136486918,0,6,5,d1d6b4135fac,2
gamma_low,transition,switch,amp_cc,raw,Right DHC – Left ACC,0.07933469254148176,0.08986825113035284,0.8827888775359356,4,0.42721175500019865,0.8408438136486918,0,5,3,d1d6b4135fac,2
gamma_low,transition,switch,amp_cc,raw,Right DHC – Left DHC,-0.03516526101443368,0.07959938206507022,-0.4417780653835614,4,0.6814825625204776,0.9030681618334618,0,5,4,d1d6b4135fac,2
gamma_low,transition,switch,amp_cc,raw,Right DHC – Left OFC,0.06861630556025969,0.06988076663357025,0.9819054493213999,4,0.38173985976308694,0.8408438136486918,0,5,3,d1d6b4135fac,2
gamma_low,transition,switch,amp_cc,raw,Right DHC – Left PER,0.012589201923076922,,,,,,0,1,1,d1d6b4135fac,2
gamma_low,transition,switch,amp_cc,raw,Right DHC – Left RSC,-0.005598337217424203,,,3,,,0,4,2,d1d6b4135fac,2
gamma_low,transition,switch,amp_cc,raw,Right DHC – Right PER,-0.0026812000000000225,,,,,,0,1,1,d1d6b4135fac,2
gamma_low,transition,switch,amp_cc,raw,Right DHC – Right RSC,-0.028600544743483756,,,2,,,0,3,1,d1d6b4135fac,2
gamma_low,transition,switch,amp_cc,raw,Right OFC – Left ACC,0.0098484577112297,0.05458982077903556,0.18040831735083948,7,0.8619438888565839,0.9659964239164653,0,8,4,d1d6b4135fac,2
gamma_low,transition,switch,amp_cc,raw,Right OFC – Left DHC,0.024495920266847798,0.058228681318648036,0.4206847847506183,5,0.6914545850119892,0.9030681618334618,0,6,2,d1d6b4135fac,2
gamma_low,transition,switch,amp_cc,raw,Right OFC – Left OFC,0.024968237904855348,0.05149210899448116,0.48489445067265363,7,0.6425568002975726,0.8991128745691085,0,8,4,d1d6b4135fac,2
gamma_low,transition,switch,amp_cc,raw,Right OFC – Left PER,-0.032572681118679024,,,1,,,0,2,1,d1d6b4135fac,2
gamma_low,transition,switch,amp_cc,raw,Right OFC – Left RSC,-0.047129979819069405,0.026627657100663154,-1.769963449690647,6,0.12713042666593344,0.8408438136486918,0,7,5,d1d6b4135fac,2
gamma_low,transition,switch,amp_cc,raw,Right OFC – Right DHC,0.08620629317126305,0.07160806065866625,1.2038629782502017,4,0.29501106579994246,0.8408438136486918,0,5,4,d1d6b4135fac,2
gamma_low,transition,switch,amp_cc,raw,Right OFC – Right PER,-0.04953895066972509,,,1,,,0,2,2,d1d6b4135fac,2
gamma_low,transition,switch,amp_cc,raw,Right OFC – Right RSC,-0.03768683741203135,0.03141543190123048,-1.199628180523446,5,0.284023198033454,0.8408438136486918,0,6,4,d1d6b4135fac,2
gamma_low,transition,switch,amp_cc,raw,Right PER – Left ACC,0.0032079805066990113,,,1,,,0,2,1,d1d6b4135fac,2
gamma_low,transition,switch,amp_cc,raw,Right PER – Left DHC,-0.0615186,,,,,,0,1,1,d1d6b4135fac,2
gamma_low,transition,switch,amp_cc,raw,Right PER – Left OFC,-0.05224514562365071,,,1,,,0,2,1,d1d6b4135fac,2
gamma_low,transition,switch,amp_cc,raw,Right PER – Left RSC,-0.018677000299466763,,,1,,,0,2,1,d1d6b4135fac,2
gamma_low,transition,switch,amp_cc,raw,Right RSC – Left ACC,0.020665327180146176,0.020908381945631334,0.9883752474908303,5,0.36835463834711285,0.8408438136486918,0,6,4,d1d6b4135fac,2
gamma_low,transition,switch,amp_cc,raw,Right RSC – Left DHC,0.015750540198896823,,,3,,,0,4,3,d1d6b4135fac,2
gamma_low,transition,switch,amp_cc,raw,Right RSC – Left OFC,-0.058285373419464735,0.034001548124765954,-1.7141976361073687,5,0.14715861777240474,0.8408438136486918,0,6,5,d1d6b4135fac,2
gamma_low,transition,switch,amp_cc,raw,Right RSC – Left PER,-0.004150251069007511,,,1,,,0,2,2,d1d6b4135fac,2
gamma_low,transition,switch,amp_cc,raw,Right RSC – Left RSC,0.008975558458767343,0.03951491433200216,0.2271435636518199,5,0.8293072885008395,0.9659964239164653,0,6,3,d1d6b4135fac,2
gamma_low,transition,switch,amp_cc,raw,Right RSC – Right PER,-0.026290421190004624,,,1,,,0,2,2,d1d6b4135fac,2
gamma_low,transition,offset,coherence,raw,Left DHC – Left ACC,0.04707566212213343,0.050354913077838626,0.9348772392748226,5,0.39276756870925816,0.8408438136486918,0,6,3,d1d6b4135fac,2
gamma_low,transition,offset,coherence,raw,Left DHC – Left OFC,0.03632097309663667,0.043250364660180375,0.8397842048734577,5,0.4393258495297879,0.8448574029418999,0,6,2,d1d6b4135fac,2
gamma_low,transition,offset,coherence,raw,Left OFC – Left ACC,0.024427384273162125,0.05765999612054471,0.42364526390348567,7,0.6845380833697385,0.9030681618334618,0,8,2,d1d6b4135fac,2
gamma_low,transition,offset,coherence,raw,Left PER – Left ACC,0.04592707617805346,,,1,,,0,2,2,d1d6b4135fac,2
gamma_low,transition,offset,coherence,raw,Left PER – Left DHC,0.04566213835678496,,,1,,,0,2,2,d1d6b4135fac,2
gamma_low,transition,offset,coherence,raw,Left PER – Left OFC,-0.003993176929504491,,,1,,,0,2,1,d1d6b4135fac,2
gamma_low,transition,offset,coherence,raw,Left PER – Left RSC,0.03984309571363251,,,1,,,0,2,2,d1d6b4135fac,2
gamma_low,transition,offset,coherence,raw,Left RSC – Left ACC,-0.009361661003730832,0.01803368459063423,-0.5191208128699777,6,0.6222608204138278,0.8991128745691085,0,7,5,d1d6b4135fac,2
gamma_low,transition,offset,coherence,raw,Left RSC – Left DHC,0.005302048315751811,0.04637026678706512,0.11434155296321921,4,0.9144766146409206,0.9659964239164653,0,5,2,d1d6b4135fac,2
gamma_low,transition,offset,coherence,raw,Left RSC – Left OFC,-0.013635658616357219,0.00782392728162172,-1.742815101104935,6,0.13199560191700538,0.8408438136486918,0,7,4,d1d6b4135fac,2
gamma_low,transition,offset,coherence,raw,Right ACC – Left ACC,0.14272799629563745,0.07340994402227821,1.9442597075448365,7,0.09295009619328055,0.8408438136486918,0,8,8,d1d6b4135fac,2
gamma_low,transition,offset,coherence,raw,Right ACC – Left DHC,0.05316098026835322,0.0499894164399691,1.0634447059847711,5,0.3362199467288907,0.8408438136486918,0,6,3,d1d6b4135fac,2
gamma_low,transition,offset,coherence,raw,Right ACC – Left OFC,0.04931892381467015,0.039145395583749736,1.2598908014393322,7,0.2480857510445261,0.8408438136486918,0,8,6,d1d6b4135fac,2
gamma_low,transition,offset,coherence,raw,Right ACC – Left PER,0.08586541432532954,,,1,,,0,2,2,d1d6b4135fac,2
gamma_low,transition,offset,coherence,raw,Right ACC – Left RSC,0.008315023119535327,0.01501389224481874,0.553821952625564,6,0.5997164243247787,0.8991128745691085,0,7,3,d1d6b4135fac,2
gamma_low,transition,offset,coherence,raw,Right ACC – Right DHC,0.06756624000511552,0.061655455562304375,1.0958679874944424,4,0.33468772748821624,0.8408438136486918,0,5,4,d1d6b4135fac,2
gamma_low,transition,offset,coherence,raw,Right ACC – Right OFC,0.022894329712324756,0.03367993462599018,0.6797617028228323,7,0.5184954919450232,0.8905441649552979,0,8,4,d1d6b4135fac,2
gamma_low,transition,offset,coherence,raw,Right ACC – Right PER,0.09394770865446936,,,1,,,0,2,2,d1d6b4135fac,2
gamma_low,transition,offset,coherence,raw,Right ACC – Right RSC,0.058108199936024715,0.024642360290117397,2.35806145401293,5,0.06490703519813117,0.8408438136486918,0,6,4,d1d6b4135fac,2
gamma_low,transition,offset,coherence,raw,Right DHC – Left ACC,0.07734472083064647,0.06437327699702526,1.2015035499003823,4,0.29582903114328335,0.8408438136486918,0,5,3,d1d6b4135fac,2
gamma_low,transition,offset,coherence,raw,Right DHC – Left DHC,0.01154645215035152,0.06941808822243829,0.166332038896734,4,0.8759648185762771,0.9659964239164653,0,5,1,d1d6b4135fac,2
gamma_low,transition,offset,coherence,raw,Right DHC – Left OFC,0.06510163465790192,0.057931536613902844,1.123768476776056,4,0.32399162815020904,0.8408438136486918,0,5,3,d1d6b4135fac,2
gamma_low,transition,offset,coherence,raw,Right DHC – Left PER,0.004430499999999976,,,,,,0,1,1,d1d6b4135fac,2
gamma_low,transition,offset,coherence,raw,Right DHC – Left RSC,-0.028778137552440224,,,3,,,0,4,3,d1d6b4135fac,2
gamma_low,transition,offset,coherence,raw,Right DHC – Right PER,0.00872878974358976,,,,,,0,1,1,d1d6b4135fac,2
gamma_low,transition,offset,coherence,raw,Right DHC – Right RSC,-0.04239912365360051,,,2,,,0,3,2,d1d6b4135fac,2
gamma_low,transition,offset,coherence,raw,Right OFC – Left ACC,0.020084766895781404,0.03906735421432711,0.5141061456477067,7,0.6230050125010226,0.8991128745691085,0,8,3,d1d6b4135fac,2
gamma_low,transition,offset,coherence,raw,Right OFC – Left DHC,0.04143501889522236,0.03958622780499319,1.0467028861486007,5,0.34317462590693626,0.8408438136486918,0,6,5,d1d6b4135fac,2
gamma_low,transition,offset,coherence,raw,Right OFC – Left OFC,0.008683538288055116,0.03948639515184142,0.21991215593784494,7,0.8322151957007616,0.9659964239164653,0,8,4,d1d6b4135fac,2
gamma_low,transition,offset,coherence,raw,Right OFC – Left PER,-0.005791630179513295,,,1,,,0,2,1,d1d6b4135fac,2
gamma_low,transition,offset,coherence,raw,Right OFC – Left RSC,-0.007090371943457551,0.0054055147405667765,-1.3116922779335747,6,0.23757605820268685,0.8408438136486918,0,7,5,d1d6b4135fac,2
gamma_low,transition,offset,coherence,raw,Right OFC – Right DHC,0.05832768763775836,0.05685857075887935,1.0258380901818498,4,0.36295083019331337,0.8408438136486918,0,5,2,d1d6b4135fac,2
gamma_low,transition,offset,coherence,raw,Right OFC – Right PER,-0.01053120935044377,,,1,,,0,2,1,d1d6b4135fac,2
gamma_low,transition,offset,coherence,raw,Right OFC – Right RSC,-0.010854033168682395,0.013941102471104767,-0.7785634738127181,5,0.4714568317283081,0.8523600459437654,0,6,3,d1d6b4135fac,2
gamma_low,transition,offset,coherence,raw,Right PER – Left ACC,-0.00303596193308437,,,1,,,0,2,1,d1d6b4135fac,2
gamma_low,transition,offset,coherence,raw,Right PER – Left DHC,-0.010372384615384644,,,,,,0,1,1,d1d6b4135fac,2
gamma_low,transition,offset,coherence,raw,Right PER – Left OFC,-0.022309311317953488,,,1,,,0,2,1,d1d6b4135fac,2
gamma_low,transition,offset,coherence,raw,Right PER – Left RSC,0.001043890516185394,,,1,,,0,2,1,d1d6b4135fac,2
gamma_low,transition,offset,coherence,raw,Right RSC – Left ACC,0.0068684716067496775,0.014484818867289263,0.4741841558171356,5,0.6553533841303724,0.8991128745691085,0,6,3,d1d6b4135fac,2
gamma_low,transition,offset,coherence,raw,Right RSC – Left DHC,-0.011984766117842164,,,3,,,0,4,3,d1d6b4135fac,2
gamma_low,transition,offset,coherence,raw,Right RSC – Left OFC,-0.012188057897245877,0.01422580209459909,-0.8567571667451458,5,0.43071704281336065,0.8408438136486918,0,6,4,d1d6b4135fac,2
gamma_low,transition,offset,coherence,raw,Right RSC – Left PER,0.050897268462134375,,,1,,,0,2,2,d1d6b4135fac,2
gamma_low,transition,offset,coherence,raw,Right RSC – Left RSC,-0.014326027104201883,0.01523190484055083,-0.9405276132019095,5,0.3901289450924952,0.8408438136486918,0,6,4,d1d6b4135fac,2
gamma_low,transition,offset,coherence,raw,Right RSC – Right PER,-0.03459266824588345,,,1,,,0,2,2,d1d6b4135fac,2
gamma_low,transition,offset,raw_cc,raw,Left DHC – Left ACC,0.0530651086359652,0.0862282748764523,0.6154026473566447,5,0.5652172033899888,0.8991128745691085,0,6,3,d1d6b4135fac,2
gamma_low,transition,offset,raw_cc,raw,Left DHC – Left OFC,0.09948059206779204,0.06754925725367704,1.4727118566855422,5,0.20081551202554726,0.8408438136486918,0,6,4,d1d6b4135fac,2
gamma_low,transition,offset,raw_cc,raw,Left OFC – Left ACC,0.04485778263808671,0.1019990318418468,0.43978635706699964,7,0.6733498391160183,0.9030681618334618,0,8,3,d1d6b4135fac,2
gamma_low,transition,offset,raw_cc,raw,Left PER – Left ACC,0.06963773564953879,,,1,,,0,2,2,d1d6b4135fac,2
gamma_low,transition,offset,raw_cc,raw,Left PER – Left DHC,0.004096909460191314,,,1,,,0,2,1,d1d6b4135fac,2
gamma_low,transition,offset,raw_cc,raw,Left PER – Left OFC,0.05005957853751213,,,1,,,0,2,2,d1d6b4135fac,2
gamma_low,transition,offset,raw_cc,raw,Left PER – Left RSC,-0.04570063798721267,,,1,,,0,2,2,d1d6b4135fac,2
gamma_low,transition,offset,raw_cc,raw,Left RSC – Left ACC,0.02460135528638377,0.04369931731010531,0.5629688700124108,6,0.5938524611190162,0.8991128745691085,0,7,3,d1d6b4135fac,2
gamma_low,transition,offset,raw_cc,raw,Left RSC – Left DHC,-0.0339440440444441,0.10630067046764415,-0.31932107196610776,4,0.7654641252097205,0.9568301565121506,0,5,4,d1d6b4135fac,2
gamma_low,transition,offset,raw_cc,raw,Left RSC – Left OFC,0.028739836936242977,0.04068572218398987,0.706386304420874,6,0.5064382897399289,0.8854808016614915,0,7,4,d1d6b4135fac,2
gamma_low,transition,offset,raw_cc,raw,Right ACC – Left ACC,0.14893613298040914,0.11938238013555903,1.2475553998110251,7,0.252309870393352,0.8408438136486918,0,8,5,d1d6b4135fac,2
gamma_low,transition,offset,raw_cc,raw,Right ACC – Left DHC,0.07995237273251268,0.08000383673997574,0.999356730757422,5,0.3635001850717896,0.8408438136486918,0,6,3,d1d6b4135fac,2
gamma_low,transition,offset,raw_cc,raw,Right ACC – Left OFC,-0.00030148525224756994,0.05587030935899173,-0.005396162214001578,7,0.9958450704054697,0.9959722238395043,0,8,5,d1d6b4135fac,2
gamma_low,transition,offset,raw_cc,raw,Right ACC – Left PER,0.20546556915709624,,,1,,,0,2,2,d1d6b4135fac,2
gamma_low,transition,offset,raw_cc,raw,Right ACC – Left RSC,0.012042424508182365,0.020923276584687962,0.5755515614124813,6,0.5858404489806107,0.8991128745691085,0,7,4,d1d6b4135fac,2
gamma_low,transition,offset,raw_cc,raw,Right ACC – Right DHC,0.0876333638935088,0.05602802463065676,1.5640987607754888,4,0.19283987922608165,0.8408438136486918,0,5,4,d1d6b4135fac,2
gamma_low,transition,offset,raw_cc,raw,Right ACC – Right OFC,-0.01154465876712776,0.05822474164525489,-0.19827754389131944,7,0.8484633799097657,0.9659964239164653,0,8,5,d1d6b4135fac,2
gamma_low,transition,offset,raw_cc,raw,Right ACC – Right PER,0.31303056998271217,,,1,,,0,2,2,d1d6b4135fac,2
gamma_low,transition,offset,raw_cc,raw,Right ACC – Right RSC,0.14346678415050707,0.07808572783505931,1.837298417113462,5,0.1255831755420023,0.8408438136486918,0,6,4,d1d6b4135fac,2
gamma_low,transition,offset,raw_cc,raw,Right DHC – Left ACC,0.06355113321998349,0.08040719319107571,0.7903662682138859,4,0.4735333588576474,0.8523600459437654,0,5,4,d1d6b4135fac,2
gamma_low,transition,offset,raw_cc,raw,Right DHC – Left DHC,-0.04629273337179931,0.09811692874271026,-0.4718118877649714,4,0.6616467883031123,0.902245620413335,0,5,4,d1d6b4135fac,2
gamma_low,transition,offset,raw_cc,raw,Right DHC – Left OFC,0.042719036564659,0.06894213390105122,0.619636123041553,4,0.5690489898109351,0.8991128745691085,0,5,2,d1d6b4135fac,2
gamma_low,transition,offset,raw_cc,raw,Right DHC – Left PER,0.059909750000000005,,,,,,0,1,1,d1d6b4135fac,2
gamma_low,transition,offset,raw_cc,raw,Right DHC – Left RSC,-0.06034076416373734,,,3,,,0,4,4,d1d6b4135fac,2
gamma_low,transition,offset,raw_cc,raw,Right DHC – Right PER,-0.058035774358974355,,,,,,0,1,1,d1d6b4135fac,2
gamma_low,transition,offset,raw_cc,raw,Right DHC – Right RSC,0.0333995080916888,,,2,,,0,3,1,d1d6b4135fac,2
gamma_low,transition,offset,raw_cc,raw,Right OFC – Left ACC,0.03445503805872113,0.040748500129008484,0.8455535283418422,7,0.42575708692870445,0.8408438136486918,0,8,4,d1d6b4135fac,2
gamma_low,transition,offset,raw_cc,raw,Right OFC – Left DHC,0.03466313297923182,0.05984216122772721,0.5792426655067237,5,0.5875413448521404,0.8991128745691085,0,6,3,d1d6b4135fac,2
gamma_low,transition,offset,raw_cc,raw,Right OFC – Left OFC,-0.00031230047985006436,0.05970162361458807,-0.005231021552548763,7,0.9959722238395043,0.9959722238395043,0,8,5,d1d6b4135fac,2
gamma_low,transition,offset,raw_cc,raw,Right OFC – Left PER,0.01038414754274979,,,1,,,0,2,1,d1d6b4135fac,2
gamma_low,transition,offset,raw_cc,raw,Right OFC – Left RSC,0.0054256617079120875,0.023925903586815286,0.22676935432030984,6,0.8281317112729093,0.9659964239164653,0,7,4,d1d6b4135fac,2
gamma_low,transition,offset,raw_cc,raw,Right OFC – Right DHC,0.06403972296973821,0.05048124607685636,1.2685844337566357,4,0.2733911200178392,0.8408438136486918,0,5,4,d1d6b4135fac,2
gamma_low,transition,offset,raw_cc,raw,Right OFC – Right PER,-0.07158436660307145,,,1,,,0,2,2,d1d6b4135fac,2
gamma_low,transition,offset,raw_cc,raw,Right OFC – Right RSC,-0.06575450926308188,0.025524767671316593,-2.5761060829154334,5,0.04966604014452166,0.8408438136486918,0,6,5,d1d6b4135fac,2
gamma_low,transition,offset,raw_cc,raw,Right PER – Left ACC,-0.0775467828232098,,,1,,,0,2,1,d1d6b4135fac,2
gamma_low,transition,offset,raw_cc,raw,Right PER – Left DHC,-0.007550866666666663,,,,,,0,1,1,d1d6b4135fac,2
gamma_low,transition,offset,raw_cc,raw,Right PER – Left OFC,0.05461630173502111,,,1,,,0,2,2,d1d6b4135fac,2
gamma_low,transition,offset,raw_cc,raw,Right PER – Left RSC,0.0008412074932510639,,,1,,,0,2,1,d1d6b4135fac,2
gamma_low,transition,offset,raw_cc,raw,Right RSC – Left ACC,-0.05665803006124612,0.016141746306077166,-3.510031008225862,5,0.01710009874506282,0.8408438136486918,0,6,4,d1d6b4135fac,2
gamma_low,transition,offset,raw_cc,raw,Right RSC – Left DHC,-0.04639917554211849,,,3,,,0,4,4,d1d6b4135fac,2
gamma_low,transition,offset,raw_cc,raw,Right RSC – Left OFC,-0.10090176480658429,0.07059395971649654,-1.4293257555151049,5,0.21229409083742365,0.8408438136486918,0,6,3,d1d6b4135fac,2
gamma_low,transition,offset,raw_cc,raw,Right RSC – Left PER,0.11197659029926652,,,1,,,0,2,1,d1d6b4135fac,2
gamma_low,transition,offset,raw_cc,raw,Right RSC – Left RSC,-0.05458784669046581,0.023825645697124597,-2.29113818716165,5,0.07054895542183773,0.8408438136486918,0,6,5,d1d6b4135fac,2
gamma_low,transition,offset,raw_cc,raw,Right RSC – Right PER,0.009867910237976212,,,1,,,0,2,2,d1d6b4135fac,2
gamma_low,transition,offset,amp_cc,raw,Left DHC – Left ACC,0.06016724128589899,0.07068197149476582,0.8512388663402594,5,0.4335016994811033,0.8408438136486918,0,6,4,d1d6b4135fac,2
gamma_low,transition,offset,amp_cc,raw,Left DHC – Left OFC,0.05534815410547701,0.060958564759987816,0.9079635375832638,5,0.40553199042320576,0.8408438136486918,0,6,4,d1d6b4135fac,2
gamma_low,transition,offset,amp_cc,raw,Left OFC – Left ACC,0.03793345981416136,0.08493493512994074,0.4466178699745576,7,0.6686409172319058,0.9030681618334618,0,8,3,d1d6b4135fac,2
gamma_low,transition,offset,amp_cc,raw,Left PER – Left ACC,0.08809273411164148,,,1,,,0,2,2,d1d6b4135fac,2
gamma_low,transition,offset,amp_cc,raw,Left PER – Left DHC,0.0699357622767971,,,1,,,0,2,2,d1d6b4135fac,2
gamma_low,transition,offset,amp_cc,raw,Left PER – Left OFC,0.051603182209007746,,,1,,,0,2,1,d1d6b4135fac,2
gamma_low,transition,offset,amp_cc,raw,Left PER – Left RSC,-0.025852401922080423,,,1,,,0,2,2,d1d6b4135fac,2
gamma_low,transition,offset,amp_cc,raw,Left RSC – Left ACC,-0.04855566301780603,0.0379586026622187,-1.2791741426808343,6,0.24807631706520805,0.8408438136486918,0,7,4,d1d6b4135fac,2
gamma_low,transition,offset,amp_cc,raw,Left RSC – Left DHC,-0.009941467342937367,0.07441367075882718,-0.1335973248135737,4,0.9001728437798433,0.9659964239164653,0,5,3,d1d6b4135fac,2
gamma_low,transition,offset,amp_cc,raw,Left RSC – Left OFC,-0.0033150816734526275,0.026134262031945365,-0.12684810726242884,6,0.9032048382951166,0.9659964239164653,0,7,4,d1d6b4135fac,2
gamma_low,transition,offset,amp_cc,raw,Right ACC – Left ACC,0.2589063026883577,0.08411893889152547,3.077859826812926,7,0.017869023840834986,0.8408438136486918,0,8,8,d1d6b4135fac,2
gamma_low,transition,offset,amp_cc,raw,Right ACC – Left DHC,0.08477525929509097,0.05798491196351086,1.4620227301274324,5,0.20358706685937766,0.8408438136486918,0,6,4,d1d6b4135fac,2
gamma_low,transition,offset,amp_cc,raw,Right ACC – Left OFC,0.13808092846323697,0.052771100047348356,2.616601290087665,7,0.03457968417175597,0.8408438136486918,0,8,7,d1d6b4135fac,2
gamma_low,transition,offset,amp_cc,raw,Right ACC – Left PER,0.22715762951663787,,,1,,,0,2,2,d1d6b4135fac,2
gamma_low,transition,offset,amp_cc,raw,Right ACC – Left RSC,0.02737327998611175,0.021835151082331056,1.253633642510591,6,0.25660910628444755,0.8408438136486918,0,7,5,d1d6b4135fac,2
gamma_low,transition,offset,amp_cc,raw,Right ACC – Right DHC,0.06858102918168321,0.0713510332272461,0.9611778005128433,4,0.3908934452801229,0.8408438136486918,0,5,3,d1d6b4135fac,2
gamma_low,transition,offset,amp_cc,raw,Right ACC – Right OFC,0.0380993909482445,0.0430528469109933,0.8849447523647045,7,0.4055563973610044,0.8408438136486918,0,8,5,d1d6b4135fac,2
gamma_low,transition,offset,amp_cc,raw,Right ACC – Right PER,0.1352943041977014,,,1,,,0,2,2,d1d6b4135fac,2
gamma_low,transition,offset,amp_cc,raw,Right ACC – Right RSC,0.08367742532634627,0.027300735844659526,3.065024540088173,5,0.02794162058718266,0.8408438136486918,0,6,6,d1d6b4135fac,2
gamma_low,transition,offset,amp_cc,raw,Right DHC – Left ACC,0.11418649649160481,0.07913658155026608,1.4429040812064353,4,0.22252189285770244,0.8408438136486918,0,5,4,d1d6b4135fac,2
gamma_low,transition,offset,amp_cc,raw,Right DHC – Left DHC,-0.026962934445852956,0.0928735161096578,-0.2903188721100774,4,0.7860014879067333,0.9601652398654436,0,5,4,d1d6b4135fac,2
gamma_low,transition,offset,amp_cc,raw,Right DHC – Left OFC,0.0912782854537671,0.08420700237090802,1.0839750006978288,4,0.3393437881990025,0.8408438136486918,0,5,3,d1d6b4135fac,2
gamma_low,transition,offset,amp_cc,raw,Right DHC – Left PER,0.002405062499999999,,,,,,0,1,1,d1d6b4135fac,2
gamma_low,transition,offset,amp_cc,raw,Right DHC – Left RSC,-0.056406831660179166,,,3,,,0,4,2,d1d6b4135fac,2
gamma_low,transition,offset,amp_cc,raw,Right DHC – Right PER,0.0447116205128205,,,,,,0,1,1,d1d6b4135fac,2
gamma_low,transition,offset,amp_cc,raw,Right DHC – Right RSC,-0.08097005431753358,,,2,,,0,3,2,d1d6b4135fac,2
gamma_low,transition,offset,amp_cc,raw,Right OFC – Left ACC,0.052194692220709764,0.05639223748314493,0.925565193902977,7,0.38546979908680273,0.8408438136486918,0,8,3,d1d6b4135fac,2
gamma_low,transition,offset,amp_cc,raw,Right OFC – Left DHC,0.09780585539058358,0.06045849473218979,1.61773553615302,5,0.16664341350702752,0.8408438136486918,0,6,3,d1d6b4135fac,2
gamma_low,transition,offset,amp_cc,raw,Right OFC – Left OFC,-0.01792468561336815,0.06670567642084164,-0.26871304775147636,7,0.7958978495873976,0.9622964419943614,0,8,6,d1d6b4135fac,2
gamma_low,transition,offset,amp_cc,raw,Right OFC – Left PER,0.025997296953004144,,,1,,,0,2,2,d1d6b4135fac,2
gamma_low,transition,offset,amp_cc,raw,Right OFC – Left RSC,0.017250324629347155,0.020102076841965556,0.8581364385860362,6,0.4237658874575972,0.8408438136486918,0,7,4,d1d6b4135fac,2
gamma_low,transition,offset,amp_cc,raw,Right OFC – Right DHC,0.07259353887715464,0.06855655459597709,1.0588854604051885,4,0.3493581127970436,0.8408438136486918,0,5,3,d1d6b4135fac,2
gamma_low,transition,offset,amp_cc,raw,Right OFC – Right PER,-0.08177245556033932,,,1,,,0,2,2,d1d6b4135fac,2
gamma_low,transition,offset,amp_cc,raw,Right OFC – Right RSC,0.02079606608975455,0.04128246224558488,0.5037506233528662,5,0.6358417138420493,0.8991128745691085,0,6,2,d1d6b4135fac,2
gamma_low,transition,offset,amp_cc,raw,Right PER – Left ACC,0.0012354015714235375,,,1,,,0,2,1,d1d6b4135fac,2
gamma_low,transition,offset,amp_cc,raw,Right PER – Left DHC,-0.05802093333333333,,,,,,0,1,1,d1d6b4135fac,2
gamma_low,transition,offset,amp_cc,raw,Right PER – Left OFC,0.020057715202828497,,,1,,,0,2,1,d1d6b4135fac,2
gamma_low,transition,offset,amp_cc,raw,Right PER – Left RSC,0.01694349383656737,,,1,,,0,2,1,d1d6b4135fac,2
gamma_low,transition,offset,amp_cc,raw,Right RSC – Left ACC,0.023741459425999357,0.039980797746943846,0.5938215534434694,5,0.5784758406076957,0.8991128745691085,0,6,4,d1d6b4135fac,2
gamma_low,transition,offset,amp_cc,raw,Right RSC – Left DHC,-0.053507894212374334,,,3,,,0,4,3,d1d6b4135fac,2
gamma_low,transition,offset,amp_cc,raw,Right RSC – Left OFC,0.052315182659906756,0.04326478975277352,1.2091861062737062,5,0.28064380189292704,0.8408438136486918,0,6,4,d1d6b4135fac,2
gamma_low,transition,offset,amp_cc,raw,Right RSC – Left PER,0.08875294207044356,,,1,,,0,2,2,d1d6b4135fac,2
gamma_low,transition,offset,amp_cc,raw,Right RSC – Left RSC,-0.05687652155783019,0.06108133060360202,-0.9311604871043221,5,0.3945110081621778,0.8408438136486918,0,6,4,d1d6b4135fac,2
gamma_low,transition,offset,amp_cc,raw,Right RSC – Right PER,-0.06973784858595317,,,1,,,0,2,1,d1d6b4135fac,2
gamma_low,transition,onset,coherence,minus_fp,Left DHC – Left ACC,-0.008804044504675928,0.005604469933197276,-1.5708969107901587,5,0.17700673331192227,0.598296239847244,0,6,5,d1d6b4135fac,2
gamma_low,transition,onset,coherence,minus_fp,Left DHC – Left OFC,0.005678546026381292,0.00982179240130391,0.5781578142119381,5,0.5882194026103106,0.8456939792005446,0,6,3,d1d6b4135fac,2
gamma_low,transition,onset,coherence,minus_fp,Left OFC – Left ACC,0.01874621991032822,0.030579166650341986,0.6130389400300603,7,0.5592336153223713,0.8365712106642068,0,8,5,d1d6b4135fac,2
gamma_low,transition,onset,coherence,minus_fp,Left PER – Left ACC,-0.007529832376509285,,,1,,,0,2,2,d1d6b4135fac,2
gamma_low,transition,onset,coherence,minus_fp,Left PER – Left DHC,0.004498110319108602,,,1,,,0,2,1,d1d6b4135fac,2
gamma_low,transition,onset,coherence,minus_fp,Left PER – Left OFC,0.004780718301239998,,,1,,,0,2,1,d1d6b4135fac,2
gamma_low,transition,onset,coherence,minus_fp,Left PER – Left RSC,0.05590713010632126,,,1,,,0,2,2,d1d6b4135fac,2
gamma_low,transition,onset,coherence,minus_fp,Left RSC – Left ACC,0.02401611679717347,0.018223382382313504,1.3178737236223523,6,0.23562539576541267,0.6656085853183884,0,7,4,d1d6b4135fac,2
gamma_low,transition,onset,coherence,minus_fp,Left RSC – Left DHC,0.07893429410952946,0.06526826785136265,1.2093823952749727,4,0.29310590664697234,0.6924273028680693,0,5,3,d1d6b4135fac,2
gamma_low,transition,onset,coherence,minus_fp,Left RSC – Left OFC,0.0022954338986695237,0.008440298575714763,0.27196122010116636,6,0.7947679578427732,0.9175384508663734,0,7,5,d1d6b4135fac,2
gamma_low,transition,onset,coherence,minus_fp,Right ACC – Left ACC,-0.005453363701393697,0.013944935802200097,-0.3910640951486717,7,0.7073799334450405,0.9081797842637086,0,8,4,d1d6b4135fac,2
gamma_low,transition,onset,coherence,minus_fp,Right ACC – Left DHC,0.01014453859194675,0.007773201311695609,1.3050657232668363,5,0.2486997708152244,0.6661601003979225,0,6,5,d1d6b4135fac,2
gamma_low,transition,onset,coherence,minus_fp,Right ACC – Left OFC,0.0014795297245358146,0.011246649355492267,0.13155293436914087,7,0.8990391613190291,0.9547502669143205,0,8,5,d1d6b4135fac,2
gamma_low,transition,onset,coherence,minus_fp,Right ACC – Left PER,0.0197852975584138,,,1,,,0,2,2,d1d6b4135fac,2
gamma_low,transition,onset,coherence,minus_fp,Right ACC – Left RSC,-0.00012947197427603223,0.01408233629900971,-0.009193927167123318,6,0.99296248120259,0.9981810446420707,0,7,3,d1d6b4135fac,2
gamma_low,transition,onset,coherence,minus_fp,Right ACC – Right DHC,-0.01214509534268353,0.012039970023016195,-1.0087313605819925,4,0.37016872039474347,0.7179996731794593,0,5,2,d1d6b4135fac,2
gamma_low,transition,onset,coherence,minus_fp,Right ACC – Right OFC,0.022601298934066646,0.009197321932549664,2.457378256390027,7,0.0436326871852304,0.4937528954189421,0,8,8,d1d6b4135fac,2
gamma_low,transition,onset,coherence,minus_fp,Right ACC – Right PER,-0.00011095772379389827,,,1,,,0,2,1,d1d6b4135fac,2
gamma_low,transition,onset,coherence,minus_fp,Right ACC – Right RSC,0.021959557766957325,0.017582588335229125,1.248937718854416,5,0.2669731414056435,0.6924273028680693,0,6,3,d1d6b4135fac,2
gamma_low,transition,onset,coherence,minus_fp,Right DHC – Left ACC,0.0028744517787687865,0.01990975248665798,0.14437405892891075,4,0.8921871026576691,0.9547502669143205,0,5,3,d1d6b4135fac,2
gamma_low,transition,onset,coherence,minus_fp,Right DHC – Left DHC,-0.016762013445686043,0.016515162640491386,-1.0149469194199419,4,0.36753174012649403,0.7179996731794593,0,5,3,d1d6b4135fac,2
gamma_low,transition,onset,coherence,minus_fp,Right DHC – Left OFC,0.014296964634377688,0.004945719020529692,2.8907757547549613,4,0.04452820660346762,0.4937528954189421,0,5,5,d1d6b4135fac,2
gamma_low,transition,onset,coherence,minus_fp,Right DHC – Left PER,-0.06252165000000001,,,,,,0,1,1,d1d6b4135fac,2
gamma_low,transition,onset,coherence,minus_fp,Right DHC – Left RSC,0.014737256077611425,,,3,,,0,4,2,d1d6b4135fac,2
gamma_low,transition,onset,coherence,minus_fp,Right DHC – Right PER,0.011935403571428582,,,,,,0,1,1,d1d6b4135fac,2
gamma_low,transition,onset,coherence,minus_fp,Right DHC – Right RSC,0.034996371239407326,,,2,,,0,3,2,d1d6b4135fac,2
gamma_low,transition,onset,coherence,minus_fp,Right OFC – Left ACC,0.03433843525760448,0.015963557045151525,2.151051620918898,7,0.06850716466852431,0.4937528954189421,0,8,6,d1d6b4135fac,2
gamma_low,transition,onset,coherence,minus_fp,Right OFC – Left DHC,0.00565612762647694,0.007495953979758706,0.7545574108045698,5,0.48451594315301405,0.7886130665262177,0,6,4,d1d6b4135fac,2
gamma_low,transition,onset,coherence,minus_fp,Right OFC – Left OFC,0.022150712527761553,0.01895970367703545,1.1683047849841213,7,0.2809291114271022,0.6924273028680693,0,8,5,d1d6b4135fac,2
gamma_low,transition,onset,coherence,minus_fp,Right OFC – Left PER,-0.035703447186457196,,,1,,,0,2,1,d1d6b4135fac,2
gamma_low,transition,onset,coherence,minus_fp,Right OFC – Left RSC,0.014235420781045487,0.007425594176236427,1.9170749765186519,6,0.10368578921190488,0.5690073798214292,0,7,6,d1d6b4135fac,2
gamma_low,transition,onset,coherence,minus_fp,Right OFC – Right DHC,0.0026391691438461856,0.008082095423558916,0.32654516007731554,4,0.7603837084118279,0.91569922954965,0,5,2,d1d6b4135fac,2
gamma_low,transition,onset,coherence,minus_fp,Right OFC – Right PER,0.025078223296390936,,,1,,,0,2,2,d1d6b4135fac,2
gamma_low,transition,onset,coherence,minus_fp,Right OFC – Right RSC,0.011467728499274982,0.011281315329489585,1.016524063404035,5,0.35601733171475697,0.7179996731794593,0,6,4,d1d6b4135fac,2
gamma_low,transition,onset,coherence,minus_fp,Right PER – Left ACC,-0.009758345688347297,,,1,,,0,2,1,d1d6b4135fac,2
gamma_low,transition,onset,coherence,minus_fp,Right PER – Left DHC,-0.014109066666666698,,,,,,0,1,1,d1d6b4135fac,2
gamma_low,transition,onset,coherence,minus_fp,Right PER – Left OFC,0.018773393409181733,,,1,,,0,2,2,d1d6b4135fac,2
gamma_low,transition,onset,coherence,minus_fp,Right PER – Left RSC,-0.02776426759975921,,,1,,,0,2,2,d1d6b4135fac,2
gamma_low,transition,onset,coherence,minus_fp,Right RSC – Left ACC,0.0007836274956619512,0.011255311794006469,0.06962290427878136,5,0.9471925448476125,0.9687196481396037,0,6,2,d1d6b4135fac,2
gamma_low,transition,onset,coherence,minus_fp,Right RSC – Left DHC,-0.0040309902555254,,,3,,,0,4,2,d1d6b4135fac,2
gamma_low,transition,onset,coherence,minus_fp,Right RSC – Left OFC,-0.002981172440044613,0.011741323029724412,-0.2539043029901704,5,0.8096800265893022,0.9176267798784997,0,6,3,d1d6b4135fac,2
gamma_low,transition,onset,coherence,minus_fp,Right RSC – Left PER,-0.014029652610187666,,,1,,,0,2,2,d1d6b4135fac,2
gamma_low,transition,onset,coherence,minus_fp,Right RSC – Left RSC,0.011357805227114676,0.029321606562630588,0.38735275991288354,5,0.7144347636207841,0.9081797842637086,0,6,4,d1d6b4135fac,2
gamma_low,transition,onset,coherence,minus_fp,Right RSC – Right PER,0.009775902321581324,,,1,,,0,2,1,d1d6b4135fac,2
gamma_low,transition,onset,raw_cc,minus_fp,Left DHC – Left ACC,0.12575689706524834,0.049723879542229815,2.529104692212214,5,0.05258734129558147,0.4937528954189421,0,6,5,d1d6b4135fac,2
gamma_low,transition,onset,raw_cc,minus_fp,Left DHC – Left OFC,0.06442783642597871,0.038145461451784525,1.6890039856357444,5,0.1520165556139381,0.5700620835522678,0,6,4,d1d6b4135fac,2
gamma_low,transition,onset,raw_cc,minus_fp,Left OFC – Left ACC,0.03736107775010107,0.07101871630024657,0.5260736844657857,7,0.6150869171250671,0.8542873848959266,0,8,6,d1d6b4135fac,2
gamma_low,transition,onset,raw_cc,minus_fp,Left PER – Left ACC,-0.06106349503890092,,,1,,,0,2,1,d1d6b4135fac,2
gamma_low,transition,onset,raw_cc,minus_fp,Left PER – Left DHC,0.0002948955525895603,,,1,,,0,2,1,d1d6b4135fac,2
gamma_low,transition,onset,raw_cc,minus_fp,Left PER – Left OFC,-0.059962953827815045,,,1,,,0,2,1,d1d6b4135fac,2
gamma_low,transition,onset,raw_cc,minus_fp,Left PER – Left RSC,0.0906657573536154,,,1,,,0,2,2,d1d6b4135fac,2
gamma_low,transition,onset,raw_cc,minus_fp,Left RSC – Left ACC,0.05516323392091878,0.033522652055120485,1.6455510092165504,6,0.15095782209064726,0.5700620835522678,0,7,5,d1d6b4135fac,2
gamma_low,transition,onset,raw_cc,minus_fp,Left RSC – Left DHC,0.1216899344366037,0.1373684483292543,0.8858652471994789,4,0.425735307331199,0.7368495703809215,0,5,3,d1d6b4135fac,2
gamma_low,transition,onset,raw_cc,minus_fp,Left RSC – Left OFC,-0.019337987207303554,0.05680688785385083,-0.3404162406688271,6,0.7451453234072655,0.91569922954965,0,7,4,d1d6b4135fac,2
gamma_low,transition,onset,raw_cc,minus_fp,Right ACC – Left ACC,0.10384739794741607,0.05609341639933472,1.851329525164164,7,0.10655899395082505,0.5700620835522678,0,8,6,d1d6b4135fac,2
gamma_low,transition,onset,raw_cc,minus_fp,Right ACC – Left DHC,0.0474591618727968,0.05040263092094457,0.9416008848275295,5,0.38962935839710383,0.7252437881917586,0,6,4,d1d6b4135fac,2
gamma_low,transition,onset,raw_cc,minus_fp,Right ACC – Left OFC,0.12726648724087575,0.03777664594417699,3.368919713754868,7,0.011937916019639717,0.34491748305610936,0,8,7,d1d6b4135fac,2
gamma_low,transition,onset,raw_cc,minus_fp,Right ACC – Left PER,-0.04297823894612586,,,1,,,0,2,2,d1d6b4135fac,2
gamma_low,transition,onset,raw_cc,minus_fp,Right ACC – Left RSC,0.054580232754342366,0.03644893086745327,1.4974439978177594,6,0.18492362194068718,0.598296239847244,0,7,6,d1d6b4135fac,2
gamma_low,transition,onset,raw_cc,minus_fp,Right ACC – Right DHC,0.1280066617016364,0.021275841995746527,6.016526242638366,4,0.0038435833513674905,0.21620156351442135,2,5,5,d1d6b4135fac,2
gamma_low,transition,onset,raw_cc,minus_fp,Right ACC – Right OFC,0.03912170568618851,0.03993240110499417,0.9796983052265226,7,0.35987299474281675,0.7179996731794593,0,8,5,d1d6b4135fac,2
gamma_low,transition,onset,raw_cc,minus_fp,Right ACC – Right PER,-0.028492177188177686,,,1,,,0,2,1,d1d6b4135fac,2
gamma_low,transition,onset,raw_cc,minus_fp,Right ACC – Right RSC,0.08222380259106281,0.043826715848631424,1.8761114310971219,5,0.11947188223532515,0.5700620835522678,0,6,5,d1d6b4135fac,2
gamma_low,transition,onset,raw_cc,minus_fp,Right DHC – Left ACC,0.07166273412788714,0.0703769000664588,1.018270683423312,4,0.36612838450715446,0.7179996731794593,0,5,4,d1d6b4135fac,2
gamma_low,transition,onset,raw_cc,minus_fp,Right DHC – Left DHC,0.01633135362386458,0.08937649152773368,0.182725382756795,4,0.8639009536716873,0.9508357468161295,0,5,3,d1d6b4135fac,2
gamma_low,transition,onset,raw_cc,minus_fp,Right DHC – Left OFC,0.06633603106078131,0.08198089662342273,0.809164497986577,4,0.46380317980234453,0.7617205507702738,0,5,4,d1d6b4135fac,2
gamma_low,transition,onset,raw_cc,minus_fp,Right DHC – Left PER,-0.1340888,,,,,,0,1,1,d1d6b4135fac,2
gamma_low,transition,onset,raw_cc,minus_fp,Right DHC – Left RSC,0.037912879336401854,,,3,,,0,4,2,d1d6b4135fac,2
gamma_low,transition,onset,raw_cc,minus_fp,Right DHC – Right PER,-0.10658099761904763,,,,,,0,1,1,d1d6b4135fac,2
gamma_low,transition,onset,raw_cc,minus_fp,Right DHC – Right RSC,0.07569233895707334,,,2,,,0,3,2,d1d6b4135fac,2
gamma_low,transition,onset,raw_cc,minus_fp,Right OFC – Left ACC,0.10124004311974828,0.06675621448503921,1.5165635724062405,7,0.1731604543008068,0.598296239847244,0,8,5,d1d6b4135fac,2
gamma_low,transition,onset,raw_cc,minus_fp,Right OFC – Left DHC,-0.06498420591544082,0.037855695026803964,-1.7166295816105963,5,0.14669800858492166,0.5700620835522678,0,6,4,d1d6b4135fac,2
gamma_low,transition,onset,raw_cc,minus_fp,Right OFC – Left OFC,0.11609078500488919,0.052335369276839315,2.2182089590464478,7,0.06204102465158792,0.4937528954189421,0,8,7,d1d6b4135fac,2
gamma_low,transition,onset,raw_cc,minus_fp,Right OFC – Left PER,0.03616121999663678,,,1,,,0,2,1,d1d6b4135fac,2
gamma_low,transition,onset,raw_cc,minus_fp,Right OFC – Left RSC,0.029921701017312775,0.022281881434749504,1.3428713865539497,6,0.22788233158087634,0.6656085853183884,0,7,5,d1d6b4135fac,2
gamma_low,transition,onset,raw_cc,minus_fp,Right OFC – Right DHC,-0.011015033773535878,0.03640963379156641,-0.30253074877361985,4,0.777326901528814,0.91569922954965,0,5,3,d1d6b4135fac,2
gamma_low,transition,onset,raw_cc,minus_fp,Right OFC – Right PER,0.1845834955245706,,,1,,,0,2,2,d1d6b4135fac,2
gamma_low,transition,onset,raw_cc,minus_fp,Right OFC – Right RSC,0.10331409141927544,0.04814322276373964,2.1459737318850456,5,0.0846750415984382,0.5149157935040161,0,6,5,d1d6b4135fac,2
gamma_low,transition,onset,raw_cc,minus_fp,Right PER – Left ACC,-0.23791950302288872,,,1,,,0,2,2,d1d6b4135fac,2
gamma_low,transition,onset,raw_cc,minus_fp,Right PER – Left DHC,-0.0899886,,,,,,0,1,1,d1d6b4135fac,2
gamma_low,transition,onset,raw_cc,minus_fp,Right PER – Left OFC,0.03956733461738066,,,1,,,0,2,1,d1d6b4135fac,2
gamma_low,transition,onset,raw_cc,minus_fp,Right PER – Left RSC,0.08181901395760742,,,1,,,0,2,2,d1d6b4135fac,2
gamma_low,transition,onset,raw_cc,minus_fp,Right RSC – Left ACC,-0.015388931132691526,0.057384255199384455,-0.26817340539180856,5,0.7992779394213742,0.9175384508663734,0,6,3,d1d6b4135fac,2
gamma_low,transition,onset,raw_cc,minus_fp,Right RSC – Left DHC,0.15336735146496552,,,3,,,0,4,4,d1d6b4135fac,2
gamma_low,transition,onset,raw_cc,minus_fp,Right RSC – Left OFC,0.034522857416960866,0.08132817222052555,0.4244882981428668,5,0.6888554629134932,0.9081797842637086,0,6,4,d1d6b4135fac,2
gamma_low,transition,onset,raw_cc,minus_fp,Right RSC – Left PER,-0.19158373379875537,,,1,,,0,2,2,d1d6b4135fac,2
gamma_low,transition,onset,raw_cc,minus_fp,Right RSC – Left RSC,0.005202049215986712,0.1099564057955071,0.04731010602202925,5,0.964097604756305,0.9815473351591341,0,6,3,d1d6b4135fac,2
gamma_low,transition,onset,raw_cc,minus_fp,Right RSC – Right PER,-0.08893619239542624,,,1,,,0,2,1,d1d6b4135fac,2
gamma_low,transition,onset,amp_cc,minus_fp,Left DHC – Left ACC,-0.005046660917021415,0.035859113962717945,-0.14073579515289572,5,0.8935727590959778,0.9547502669143205,0,6,4,d1d6b4135fac,2
gamma_low,transition,onset,amp_cc,minus_fp,Left DHC – Left OFC,0.012325625093017255,0.03134245246665984,0.3932565617233843,5,0.7103384603030403,0.9081797842637086,0,6,4,d1d6b4135fac,2
gamma_low,transition,onset,amp_cc,minus_fp,Left OFC – Left ACC,0.00023335956614389727,0.04316933771308794,0.005405678625297698,7,0.9958377430536235,0.9981810446420707,0,8,4,d1d6b4135fac,2
gamma_low,transition,onset,amp_cc,minus_fp,Left PER – Left ACC,-0.03601359959052408,,,1,,,0,2,1,d1d6b4135fac,2
gamma_low,transition,onset,amp_cc,minus_fp,Left PER – Left DHC,-0.09309034148710713,,,1,,,0,2,1,d1d6b4135fac,2
gamma_low,transition,onset,amp_cc,minus_fp,Left PER – Left OFC,0.023664388510904952,,,1,,,0,2,1,d1d6b4135fac,2
gamma_low,transition,onset,amp_cc,minus_fp,Left PER – Left RSC,0.01663795036579545,,,1,,,0,2,1,d1d6b4135fac,2
gamma_low,transition,onset,amp_cc,minus_fp,Left RSC – Left ACC,0.013244670555464931,0.0436087290422781,0.3037160414059395,6,0.7716008869044514,0.91569922954965,0,7,4,d1d6b4135fac,2
gamma_low,transition,onset,amp_cc,minus_fp,Left RSC – Left DHC,0.09037921634263588,0.07325856879450497,1.2337016383183164,4,0.2848491181412805,0.6924273028680693,0,5,4,d1d6b4135fac,2
gamma_low,transition,onset,amp_cc,minus_fp,Left RSC – Left OFC,0.012910785791497877,0.04022992577949987,0.32092492196634576,6,0.7591511533627141,0.91569922954965,0,7,4,d1d6b4135fac,2
gamma_low,transition,onset,amp_cc,minus_fp,Right ACC – Left ACC,0.011722600781037866,0.04209122653243926,0.27850461359217893,7,0.7886726176251599,0.9175384508663734,0,8,4,d1d6b4135fac,2
gamma_low,transition,onset,amp_cc,minus_fp,Right ACC – Left DHC,-0.019646372076624303,0.040513609037089095,-0.4849326570397268,5,0.6482228663401338,0.8863638379992653,0,6,4,d1d6b4135fac,2
gamma_low,transition,onset,amp_cc,minus_fp,Right ACC – Left OFC,0.05278445540108584,0.024344058570285407,2.1682685016834067,7,0.06678755806492753,0.4937528954189421,0,8,7,d1d6b4135fac,2
gamma_low,transition,onset,amp_cc,minus_fp,Right ACC – Left PER,0.061257712820632054,,,1,,,0,2,2,d1d6b4135fac,2
gamma_low,transition,onset,amp_cc,minus_fp,Right ACC – Left RSC,-0.01324839509311341,0.013003035743754493,-1.0188693897482184,6,0.34757586964314424,0.7179996731794593,0,7,5,d1d6b4135fac,2
gamma_low,transition,onset,amp_cc,minus_fp,Right ACC – Right DHC,0.07120299429775664,0.03669045541574291,1.9406407876639578,4,0.1242858246451831,0.5700620835522678,0,5,3,d1d6b4135fac,2
gamma_low,transition,onset,amp_cc,minus_fp,Right ACC – Right OFC,0.08395378607846558,0.01589472051325433,5.281866139669332,7,0.0011457244656656474,0.12889400238738533,2,8,8,d1d6b4135fac,2
gamma_low,transition,onset,amp_cc,minus_fp,Right ACC – Right PER,-0.0073259730946169275,,,1,,,0,2,1,d1d6b4135fac,2
gamma_low,transition,onset,amp_cc,minus_fp,Right ACC – Right RSC,0.06847065621947258,0.03723498080677476,1.838879858023577,5,0.12532801298858262,0.5700620835522678,0,6,5,d1d6b4135fac,2
gamma_low,transition,onset,amp_cc,minus_fp,Right DHC – Left ACC,0.03454947671197595,0.045193149687232564,0.7644848157537572,4,0.48718762776508556,0.7886130665262177,0,5,3,d1d6b4135fac,2
gamma_low,transition,onset,amp_cc,minus_fp,Right DHC – Left DHC,-0.013274606847773453,0.04142986846094558,-0.3204115132609445,4,0.7646963375207327,0.91569922954965,0,5,3,d1d6b4135fac,2
gamma_low,transition,onset,amp_cc,minus_fp,Right DHC – Left OFC,0.02351780421845806,0.06588927527077085,0.3569291682419035,4,0.7391783915304904,0.91569922954965,0,5,3,d1d6b4135fac,2
gamma_low,transition,onset,amp_cc,minus_fp,Right DHC – Left PER,0.021169025000000015,,,,,,0,1,1,d1d6b4135fac,2
gamma_low,transition,onset,amp_cc,minus_fp,Right DHC – Left RSC,-0.04025414245676495,,,3,,,0,4,2,d1d6b4135fac,2
gamma_low,transition,onset,amp_cc,minus_fp,Right DHC – Right PER,0.029415265476190472,,,,,,0,1,1,d1d6b4135fac,2
gamma_low,transition,onset,amp_cc,minus_fp,Right DHC – Right RSC,0.04737447075162766,,,2,,,0,3,2,d1d6b4135fac,2
gamma_low,transition,onset,amp_cc,minus_fp,Right OFC – Left ACC,-0.035632996375587755,0.03052688531461823,-1.1672660347868635,7,0.2813215628047363,0.6924273028680693,0,8,5,d1d6b4135fac,2
gamma_low,transition,onset,amp_cc,minus_fp,Right OFC – Left DHC,0.011521673275359755,0.018905717087230434,0.6094279958913532,5,0.5688684232516606,0.8365712106642068,0,6,4,d1d6b4135fac,2
gamma_low,transition,onset,amp_cc,minus_fp,Right OFC – Left OFC,-0.010600227223981306,0.06070251393565118,-0.17462583568150525,7,0.8663170137658068,0.9508357468161295,0,8,5,d1d6b4135fac,2
gamma_low,transition,onset,amp_cc,minus_fp,Right OFC – Left PER,-0.07388962167960102,,,1,,,0,2,2,d1d6b4135fac,2
gamma_low,transition,onset,amp_cc,minus_fp,Right OFC – Left RSC,0.05626103735889022,0.028644031358653108,1.9641452229416814,6,0.09713537117873408,0.5690073798214292,0,7,6,d1d6b4135fac,2
gamma_low,transition,onset,amp_cc,minus_fp,Right OFC – Right DHC,-0.03078808836511083,0.036807412179516864,-0.8364643570961026,4,0.44995323829543404,0.7555184971378557,0,5,3,d1d6b4135fac,2
gamma_low,transition,onset,amp_cc,minus_fp,Right OFC – Right PER,0.01747967249574069,,,1,,,0,2,1,d1d6b4135fac,2
gamma_low,transition,onset,amp_cc,minus_fp,Right OFC – Right RSC,0.03666792073369987,0.03595498668321489,1.0198285166051198,5,0.35459179488432463,0.7179996731794593,0,6,4,d1d6b4135fac,2
gamma_low,transition,onset,amp_cc,minus_fp,Right PER – Left ACC,-0.05763496387073896,,,1,,,0,2,1,d1d6b4135fac,2
gamma_low,transition,onset,amp_cc,minus_fp,Right PER – Left DHC,0.017917525000000004,,,,,,0,1,1,d1d6b4135fac,2
gamma_low,transition,onset,amp_cc,minus_fp,Right PER – Left OFC,0.06655985654925682,,,1,,,0,2,1,d1d6b4135fac,2
gamma_low,transition,onset,amp_cc,minus_fp,Right PER – Left RSC,-0.044389090973771285,,,1,,,0,2,1,d1d6b4135fac,2
gamma_low,transition,onset,amp_cc,minus_fp,Right RSC – Left ACC,0.02762716745369409,0.04232608000566443,0.6527220912023224,5,0.5427512165578651,0.8251285386859435,0,6,4,d1d6b4135fac,2
gamma_low,transition,onset,amp_cc,minus_fp,Right RSC – Left DHC,0.04713338612870924,,,3,,,0,4,3,d1d6b4135fac,2
gamma_low,transition,onset,amp_cc,minus_fp,Right RSC – Left OFC,0.05715707705548271,0.056827719476290624,1.0057957205080084,5,0.3606784365742235,0.7179996731794593,0,6,4,d1d6b4135fac,2
gamma_low,transition,onset,amp_cc,minus_fp,Right RSC – Left PER,0.0492868703508829,,,1,,,0,2,1,d1d6b4135fac,2
gamma_low,transition,onset,amp_cc,minus_fp,Right RSC – Left RSC,0.03787505473566663,0.09287693051922176,0.40779830388374033,5,0.7002962051308723,0.9081797842637086,0,6,3,d1d6b4135fac,2
gamma_low,transition,onset,amp_cc,minus_fp,Right RSC – Right PER,-0.050604181747738806,,,1,,,0,2,1,d1d6b4135fac,2
gamma_low,transition,switch,coherence,minus_fp,Left DHC – Left ACC,-0.0026429482666914493,0.007950606641076425,-0.33242095679049,5,0.7530551790660693,0.91569922954965,0,6,4,d1d6b4135fac,2
gamma_low,transition,switch,coherence,minus_fp,Left DHC – Left OFC,2.7809668783393236e-05,0.011607458255239865,0.0023958448242395645,5,0.9981810446420707,0.9981810446420707,0,6,2,d1d6b4135fac,2
gamma_low,transition,switch,coherence,minus_fp,Left OFC – Left ACC,0.018895566150646775,0.03475320780750273,0.5437071091482809,7,0.6035198354595416,0.850100962962639,0,8,5,d1d6b4135fac,2
gamma_low,transition,switch,coherence,minus_fp,Left PER – Left ACC,-0.0005705113245649063,,,1,,,0,2,1,d1d6b4135fac,2
gamma_low,transition,switch,coherence,minus_fp,Left PER – Left DHC,0.0343448528433519,,,1,,,0,2,2,d1d6b4135fac,2
gamma_low,transition,switch,coherence,minus_fp,Left PER – Left OFC,-0.03232255444809615,,,1,,,0,2,2,d1d6b4135fac,2
gamma_low,transition,switch,coherence,minus_fp,Left PER – Left RSC,0.07890021797147219,,,1,,,0,2,2,d1d6b4135fac,2
gamma_low,transition,switch,coherence,minus_fp,Left RSC – Left ACC,0.019871173703087462,0.016425298184072405,1.2097907435468367,6,0.27185670869881645,0.6924273028680693,0,7,4,d1d6b4135fac,2
gamma_low,transition,switch,coherence,minus_fp,Left RSC – Left DHC,0.08385203251472381,0.0780682294736034,1.0740865148360519,4,0.34325950992645593,0.7179996731794593,0,5,4,d1d6b4135fac,2
gamma_low,transition,switch,coherence,minus_fp,Left RSC – Left OFC,0.008534179755774605,0.006139179571351571,1.3901173042077613,6,0.21387134119012102,0.650284483348341,0,7,5,d1d6b4135fac,2
gamma_low,transition,switch,coherence,minus_fp,Right ACC – Left ACC,0.01608926568583658,0.007935575303628165,2.0274857297971236,7,0.08221723128904318,0.5138576955565199,0,8,6,d1d6b4135fac,2
gamma_low,transition,switch,coherence,minus_fp,Right ACC – Left DHC,0.013709087824778941,0.015157693946997036,0.9044309690323913,5,0.4072315187031137,0.7286059833764056,0,6,4,d1d6b4135fac,2
gamma_low,transition,switch,coherence,minus_fp,Right ACC – Left OFC,0.01694037650830326,0.005255589190137773,3.22330682544447,7,0.014586390154814513,0.36465975387036287,0,8,6,d1d6b4135fac,2
gamma_low,transition,switch,coherence,minus_fp,Right ACC – Left PER,0.03241503505944167,,,1,,,0,2,2,d1d6b4135fac,2
gamma_low,transition,switch,coherence,minus_fp,Right ACC – Left RSC,0.014210843314177326,0.013022632324470335,1.0912419977852148,6,0.317037065675377,0.6993464684015669,0,7,4,d1d6b4135fac,2
gamma_low,transition,switch,coherence,minus_fp,Right ACC – Right DHC,0.008454835173850943,0.012002816863708809,0.7044042469242876,4,0.5200300314296852,0.8179757648430748,0,5,4,d1d6b4135fac,2
gamma_low,transition,switch,coherence,minus_fp,Right ACC – Right OFC,0.025602747711060258,0.009249019417166401,2.7681580669558272,7,0.027767670939592662,0.4937528954189421,0,8,6,d1d6b4135fac,2
gamma_low,transition,switch,coherence,minus_fp,Right ACC – Right PER,-0.011140702479574556,,,1,,,0,2,1,d1d6b4135fac,2
gamma_low,transition,switch,coherence,minus_fp,Right ACC – Right RSC,0.02846924926144855,0.017387702985366012,1.6373208862268398,5,0.16248979372259437,0.5896807030255441,0,6,4,d1d6b4135fac,2
gamma_low,transition,switch,coherence,minus_fp,Right DHC – Left ACC,0.02195645808127134,0.019063516107909108,1.1517528013713063,4,0.3135786882934934,0.6993464684015669,0,5,4,d1d6b4135fac,2
gamma_low,transition,switch,coherence,minus_fp,Right DHC – Left DHC,-0.006864326718981321,0.011738789718390116,-0.584755914677268,4,0.5901064654866022,0.8456939792005446,0,5,4,d1d6b4135fac,2
gamma_low,transition,switch,coherence,minus_fp,Right DHC – Left OFC,0.010831289895985337,0.011083305077147406,0.9772617301961941,4,0.3837743902265663,0.7252437881917586,0,5,3,d1d6b4135fac,2
gamma_low,transition,switch,coherence,minus_fp,Right DHC – Left PER,-0.02343453365384615,,,,,,0,1,1,d1d6b4135fac,2
gamma_low,transition,switch,coherence,minus_fp,Right DHC – Left RSC,0.019279185623585018,,,3,,,0,4,2,d1d6b4135fac,2
gamma_low,transition,switch,coherence,minus_fp,Right DHC – Right PER,0.019101941666666733,,,,,,0,1,1,d1d6b4135fac,2
gamma_low,transition,switch,coherence,minus_fp,Right DHC – Right RSC,0.0524144187301705,,,2,,,0,3,2,d1d6b4135fac,2
gamma_low,transition,switch,coherence,minus_fp,Right OFC – Left ACC,0.03343003819503903,0.015275585506286679,2.1884619860417707,7,0.06482579296300574,0.4937528954189421,0,8,6,d1d6b4135fac,2
gamma_low,transition,switch,coherence,minus_fp,Right OFC – Left DHC,-0.008523147699106993,0.010200471992382845,-0.8355640509058417,5,0.4414865249835227,0.7525338494037318,0,6,4,d1d6b4135fac,2
gamma_low,transition,switch,coherence,minus_fp,Right OFC – Left OFC,0.026629708540675277,0.011804119633191888,2.2559673544645773,7,0.05867934930752871,0.4937528954189421,0,8,6,d1d6b4135fac,2
gamma_low,transition,switch,coherence,minus_fp,Right OFC – Left PER,-0.02760685233790642,,,1,,,0,2,2,d1d6b4135fac,2
gamma_low,transition,switch,coherence,minus_fp,Right OFC – Left RSC,0.017583504208808977,0.0036289098034821897,4.845395769257309,6,0.0028650247373908653,0.21487685530431488,2,7,7,d1d6b4135fac,2
gamma_low,transition,switch,coherence,minus_fp,Right OFC – Right DHC,0.017298727845145762,0.006589413953097839,2.625230099106647,4,0.058477759555843535,0.4937528954189421,0,5,3,d1d6b4135fac,2
gamma_low,transition,switch,coherence,minus_fp,Right OFC – Right PER,0.05743921156477316,,,1,,,0,2,2,d1d6b4135fac,2
gamma_low,transition,switch,coherence,minus_fp,Right OFC – Right RSC,0.021250022368885926,0.011237941485555566,1.8909176913048678,5,0.11722184864045056,0.5700620835522678,0,6,5,d1d6b4135fac,2
gamma_low,transition,switch,coherence,minus_fp,Right PER – Left ACC,-0.003520571694842069,,,1,,,0,2,1,d1d6b4135fac,2
gamma_low,transition,switch,coherence,minus_fp,Right PER – Left DHC,-0.008919383333333336,,,,,,0,1,1,d1d6b4135fac,2
gamma_low,transition,switch,coherence,minus_fp,Right PER – Left OFC,0.020860498653620867,,,1,,,0,2,1,d1d6b4135fac,2
gamma_low,transition,switch,coherence,minus_fp,Right PER – Left RSC,-0.007295667644811025,,,1,,,0,2,2,d1d6b4135fac,2
gamma_low,transition,switch,coherence,minus_fp,Right RSC – Left ACC,-0.0017698054298986169,0.011918360757185425,-0.14849403084494017,5,0.8877559157796368,0.9547502669143205,0,6,2,d1d6b4135fac,2
gamma_low,transition,switch,coherence,minus_fp,Right RSC – Left DHC,0.041799294630051,,,3,,,0,4,3,d1d6b4135fac,2
gamma_low,transition,switch,coherence,minus_fp,Right RSC – Left OFC,-0.0018511720024297934,0.01510406403820992,-0.12256118603223214,5,0.9072284491753432,0.9547502669143205,0,6,2,d1d6b4135fac,2
gamma_low,transition,switch,coherence,minus_fp,Right RSC – Left PER,0.011100928345492665,,,1,,,0,2,2,d1d6b4135fac,2
gamma_low,transition,switch,coherence,minus_fp,Right RSC – Left RSC,0.02954460677193277,0.040493471298450774,0.7296140791234933,5,0.4983574892472268,0.7952513126285534,0,6,5,d1d6b4135fac,2
gamma_low,transition,switch,coherence,minus_fp,Right RSC – Right PER,-0.0001240893019743202,,,1,,,0,2,1,d1d6b4135fac,2
gamma_low,transition,switch,raw_cc,minus_fp,Left DHC – Left ACC,-0.016352526263769776,0.05998405130333795,-0.272614568513811,5,0.796049841999,0.9175384508663734,0,6,2,d1d6b4135fac,2
gamma_low,transition,switch,raw_cc,minus_fp,Left DHC – Left OFC,0.04296895615328637,0.04111766147769366,1.0450243182384542,5,0.34387857565286234,0.7179996731794593,0,6,3,d1d6b4135fac,2
gamma_low,transition,switch,raw_cc,minus_fp,Left OFC – Left ACC,0.007602308739111609,0.0676686906625466,0.11234602982083927,7,0.9137028841961868,0.9547502669143205,0,8,5,d1d6b4135fac,2
gamma_low,transition,switch,raw_cc,minus_fp,Left PER – Left ACC,-0.04275835340556336,,,1,,,0,2,1,d1d6b4135fac,2
gamma_low,transition,switch,raw_cc,minus_fp,Left PER – Left DHC,0.16476789138839798,,,1,,,0,2,2,d1d6b4135fac,2
gamma_low,transition,switch,raw_cc,minus_fp,Left PER – Left OFC,0.07438532606728032,,,1,,,0,2,1,d1d6b4135fac,2
gamma_low,transition,switch,raw_cc,minus_fp,Left PER – Left RSC,-0.008157306075366072,,,1,,,0,2,1,d1d6b4135fac,2
gamma_low,transition,switch,raw_cc,minus_fp,Left RSC – Left ACC,0.03338385551363684,0.03753437621159423,0.8894208158793029,6,0.40801935069078715,0.7286059833764056,0,7,5,d1d6b4135fac,2
gamma_low,transition,switch,raw_cc,minus_fp,Left RSC – Left DHC,0.2206211336922322,0.1180306835982894,1.8691845795208937,4,0.13495834553132563,0.5700620835522678,0,5,4,d1d6b4135fac,2
gamma_low,transition,switch,raw_cc,minus_fp,Left RSC – Left OFC,0.025238914940604373,0.04150806490859186,0.6080484598880953,6,0.5654454404466297,0.8365712106642068,0,7,4,d1d6b4135fac,2
gamma_low,transition,switch,raw_cc,minus_fp,Right ACC – Left ACC,0.11908672108312401,0.057408136603826425,2.0743875019832383,7,0.07671821002019265,0.4937528954189421,0,8,6,d1d6b4135fac,2
gamma_low,transition,switch,raw_cc,minus_fp,Right ACC – Left DHC,-0.02703310906608375,0.04370586560192982,-0.6185235938878215,5,0.563315873586665,0.8365712106642068,0,6,3,d1d6b4135fac,2
gamma_low,transition,switch,raw_cc,minus_fp,Right ACC – Left OFC,0.060359278035370084,0.03748954256375756,1.6100297284961136,7,0.1514266741122545,0.5700620835522678,0,8,6,d1d6b4135fac,2
gamma_low,transition,switch,raw_cc,minus_fp,Right ACC – Left PER,0.15284709105130453,,,1,,,0,2,2,d1d6b4135fac,2
gamma_low,transition,switch,raw_cc,minus_fp,Right ACC – Left RSC,0.04411811545497431,0.039571138235234504,1.1149064045797685,6,0.3075451223121567,0.6993464684015669,0,7,3,d1d6b4135fac,2
gamma_low,transition,switch,raw_cc,minus_fp,Right ACC – Right DHC,0.023513027449684552,0.055473904571993415,0.423857444885092,4,0.6934697206243277,0.9081797842637086,0,5,3,d1d6b4135fac,2
gamma_low,transition,switch,raw_cc,minus_fp,Right ACC – Right OFC,0.03347124531058859,0.02330684095124519,1.4361124864843753,7,0.19411389115043917,0.598296239847244,0,8,5,d1d6b4135fac,2
gamma_low,transition,switch,raw_cc,minus_fp,Right ACC – Right PER,0.08626047416804515,,,1,,,0,2,1,d1d6b4135fac,2
gamma_low,transition,switch,raw_cc,minus_fp,Right ACC – Right RSC,0.10673428391914697,0.06993346035507048,1.5262262638975546,5,0.1874778308925283,0.598296239847244,0,6,5,d1d6b4135fac,2
gamma_low,transition,switch,raw_cc,minus_fp,Right DHC – Left ACC,-0.009960047093953713,0.07422282993554243,-0.13419115254165528,4,0.8997324243996373,0.9547502669143205,0,5,2,d1d6b4135fac,2
gamma_low,transition,switch,raw_cc,minus_fp,Right DHC – Left DHC,-0.01730750265231281,0.06952531342621647,-0.248938146401603,4,0.8156682487808886,0.9176267798784997,0,5,2,d1d6b4135fac,2
gamma_low,transition,switch,raw_cc,minus_fp,Right DHC – Left OFC,-0.05859616869766561,0.06589052155930898,-0.8892958700428919,4,0.4240937939773084,0.7368495703809215,0,5,3,d1d6b4135fac,2
gamma_low,transition,switch,raw_cc,minus_fp,Right DHC – Left PER,0.07423082692307692,,,,,,0,1,1,d1d6b4135fac,2
gamma_low,transition,switch,raw_cc,minus_fp,Right DHC – Left RSC,0.07981259304779911,,,3,,,0,4,3,d1d6b4135fac,2
gamma_low,transition,switch,raw_cc,minus_fp,Right DHC – Right PER,0.03932906428571428,,,,,,0,1,1,d1d6b4135fac,2
gamma_low,transition,switch,raw_cc,minus_fp,Right DHC – Right RSC,0.08675503740118684,,,2,,,0,3,2,d1d6b4135fac,2
gamma_low,transition,switch,raw_cc,minus_fp,Right OFC – Left ACC,0.07634806887483647,0.05942022252954222,1.284883590546605,7,0.23971285169528184,0.6656085853183884,0,8,5,d1d6b4135fac,2
gamma_low,transition,switch,raw_cc,minus_fp,Right OFC – Left DHC,0.012186450222434312,0.03679448124286155,0.33120320794843633,5,0.7539212302456831,0.91569922954965,0,6,4,d1d6b4135fac,2
gamma_low,transition,switch,raw_cc,minus_fp,Right OFC – Left OFC,0.04621834645402792,0.05564497082850936,0.8305934169049511,7,0.43361506540267264,0.7447587001190943,0,8,5,d1d6b4135fac,2
gamma_low,transition,switch,raw_cc,minus_fp,Right OFC – Left PER,0.12996865459507412,,,1,,,0,2,2,d1d6b4135fac,2
gamma_low,transition,switch,raw_cc,minus_fp,Right OFC – Left RSC,0.0180350698466725,0.03341882589754949,0.5396679674492981,6,0.6088554038021016,0.8508848810898936,0,7,4,d1d6b4135fac,2
gamma_low,transition,switch,raw_cc,minus_fp,Right OFC – Right DHC,0.009332851519977509,0.04194782197544718,0.2224871538131395,4,0.8348333847572197,0.9253079387703174,0,5,2,d1d6b4135fac,2
gamma_low,transition,switch,raw_cc,minus_fp,Right OFC – Right PER,0.15488881281323716,,,1,,,0,2,2,d1d6b4135fac,2
gamma_low,transition,switch,raw_cc,minus_fp,Right OFC – Right RSC,-0.002810739728428162,0.03160520639398544,-0.0889328072530181,5,0.9325876226115528,0.9591739798327659,0,6,3,d1d6b4135fac,2
gamma_low,transition,switch,raw_cc,minus_fp,Right PER – Left ACC,-0.004977023621523434,,,1,,,0,2,1,d1d6b4135fac,2
gamma_low,transition,switch,raw_cc,minus_fp,Right PER – Left DHC,0.06135679999999999,,,,,,0,1,1,d1d6b4135fac,2
gamma_low,transition,switch,raw_cc,minus_fp,Right PER – Left OFC,0.16883810822202164,,,1,,,0,2,2,d1d6b4135fac,2
gamma_low,transition,switch,raw_cc,minus_fp,Right PER – Left RSC,-0.022709827368669108,,,1,,,0,2,2,d1d6b4135fac,2
gamma_low,transition,switch,raw_cc,minus_fp,Right RSC – Left ACC,-0.03678060168133407,0.04242433872985848,-0.866969357272449,5,0.4255999901196402,0.7368495703809215,0,6,4,d1d6b4135fac,2
gamma_low,transition,switch,raw_cc,minus_fp,Right RSC – Left DHC,0.14699921978107797,,,3,,,0,4,4,d1d6b4135fac,2
gamma_low,transition,switch,raw_cc,minus_fp,Right RSC – Left OFC,0.04541477653670726,0.06763817851011013,0.6714370128982545,5,0.5317089533879875,0.8194144829609397,0,6,4,d1d6b4135fac,2
gamma_low,transition,switch,raw_cc,minus_fp,Right RSC – Left PER,0.0804362769878415,,,1,,,0,2,2,d1d6b4135fac,2
gamma_low,transition,switch,raw_cc,minus_fp,Right RSC – Left RSC,0.1184544625085058,0.1146210868073481,1.0334438959525898,5,0.3487683286277027,0.7179996731794593,0,6,4,d1d6b4135fac,2
gamma_low,transition,switch,raw_cc,minus_fp,Right RSC – Right PER,0.09993082311382116,,,1,,,0,2,1,d1d6b4135fac,2
gamma_low,transition,switch,amp_cc,minus_fp,Left DHC – Left ACC,0.040918389348652315,0.04278285568757017,0.956420245704647,5,0.38278376563387745,0.7252437881917586,0,6,3,d1d6b4135fac,2
gamma_low,transition,switch,amp_cc,minus_fp,Left DHC – Left OFC,0.04105076525877657,0.04955746461658739,0.8283467601979877,5,0.44520032980669066,0.7531584526804918,0,6,3,d1d6b4135fac,2
gamma_low,transition,switch,amp_cc,minus_fp,Left OFC – Left ACC,0.030669553982533328,0.04658326780507868,0.6583813336339109,7,0.5313426272824063,0.8194144829609397,0,8,5,d1d6b4135fac,2
gamma_low,transition,switch,amp_cc,minus_fp,Left PER – Left ACC,0.06623302036954777,,,1,,,0,2,2,d1d6b4135fac,2
gamma_low,transition,switch,amp_cc,minus_fp,Left PER – Left DHC,0.04602972500751203,,,1,,,0,2,2,d1d6b4135fac,2
gamma_low,transition,switch,amp_cc,minus_fp,Left PER – Left OFC,0.031205457169859705,,,1,,,0,2,1,d1d6b4135fac,2
gamma_low,transition,switch,amp_cc,minus_fp,Left PER – Left RSC,0.2237583444281611,,,1,,,0,2,2,d1d6b4135fac,2
gamma_low,transition,switch,amp_cc,minus_fp,Left RSC – Left ACC,0.05163914977650504,0.031087410501201448,1.6610952454373555,6,0.14775984328146835,0.5700620835522678,0,7,5,d1d6b4135fac,2
gamma_low,transition,switch,amp_cc,minus_fp,Left RSC – Left DHC,0.19794114800436852,0.08060494085158044,2.455694972456362,4,0.07001483780898653,0.4937528954189421,0,5,5,d1d6b4135fac,2
gamma_low,transition,switch,amp_cc,minus_fp,Left RSC – Left OFC,0.04922102460839068,0.033478296422952886,1.4702368360250404,6,0.19189752013693323,0.598296239847244,0,7,4,d1d6b4135fac,2
gamma_low,transition,switch,amp_cc,minus_fp,Right ACC – Left ACC,0.07887452777851761,0.023550070512484783,3.349226820221334,7,0.012263732730883888,0.34491748305610936,0,8,7,d1d6b4135fac,2
gamma_low,transition,switch,amp_cc,minus_fp,Right ACC – Left DHC,0.047424887566479064,0.03961210482544514,1.1972322040311103,5,0.2848760248182593,0.6924273028680693,0,6,3,d1d6b4135fac,2
gamma_low,transition,switch,amp_cc,minus_fp,Right ACC – Left OFC,0.042656064967209514,0.026852510101663656,1.5885317538551729,7,0.1561895486681626,0.5761089909891243,0,8,6,d1d6b4135fac,2
gamma_low,transition,switch,amp_cc,minus_fp,Right ACC – Left PER,0.048100966268010165,,,1,,,0,2,2,d1d6b4135fac,2
gamma_low,transition,switch,amp_cc,minus_fp,Right ACC – Left RSC,0.04120791936890625,0.035209757471587215,1.170355104040671,6,0.28623518626787475,0.6924273028680693,0,7,5,d1d6b4135fac,2
gamma_low,transition,switch,amp_cc,minus_fp,Right ACC – Right DHC,0.04412354865933116,0.03156245760856675,1.3979756965235512,4,0.23466152999512357,0.6656085853183884,0,5,3,d1d6b4135fac,2
gamma_low,transition,switch,amp_cc,minus_fp,Right ACC – Right OFC,0.035278983601722845,0.03763842418478036,0.9373129817689979,7,0.3798013376303738,0.7252437881917586,0,8,4,d1d6b4135fac,2
gamma_low,transition,switch,amp_cc,minus_fp,Right ACC – Right PER,-0.032707631107159726,,,1,,,0,2,1,d1d6b4135fac,2
gamma_low,transition,switch,amp_cc,minus_fp,Right ACC – Right RSC,0.10098083609239476,0.0454187230578,2.2233305846993154,5,0.07680600595405765,0.4937528954189421,0,6,5,d1d6b4135fac,2
gamma_low,transition,switch,amp_cc,minus_fp,Right DHC – Left ACC,0.024844009042244906,0.06501692594441977,0.3821160210417054,4,0.7218092008828596,0.9123992707788956,0,5,3,d1d6b4135fac,2
gamma_low,transition,switch,amp_cc,minus_fp,Right DHC – Left DHC,-0.05044937522276126,0.05317398441479981,-0.9487604846237511,4,0.3964666042114947,0.7252437881917586,0,5,3,d1d6b4135fac,2
gamma_low,transition,switch,amp_cc,minus_fp,Right DHC – Left OFC,-0.010169679808213221,0.020767919338399197,-0.4896821700096754,4,0.6500001478661279,0.8863638379992653,0,5,3,d1d6b4135fac,2
gamma_low,transition,switch,amp_cc,minus_fp,Right DHC – Left PER,-0.014886506410256406,,,,,,0,1,1,d1d6b4135fac,2
gamma_low,transition,switch,amp_cc,minus_fp,Right DHC – Left RSC,0.01654908592817727,,,3,,,0,4,2,d1d6b4135fac,2
gamma_low,transition,switch,amp_cc,minus_fp,Right DHC – Right PER,0.05435310357142854,,,,,,0,1,1,d1d6b4135fac,2
gamma_low,transition,switch,amp_cc,minus_fp,Right DHC – Right RSC,0.05681662928072699,,,2,,,0,3,2,d1d6b4135fac,2
gamma_low,transition,switch,amp_cc,minus_fp,Right OFC – Left ACC,-0.018076257447788437,0.035621472417626705,-0.5074539658513301,7,0.627429629936971,0.8660838450050214,0,8,4,d1d6b4135fac,2
gamma_low,transition,switch,amp_cc,minus_fp,Right OFC – Left DHC,-0.0222775931359406,0.01994667008871254,-1.1168577530415509,5,0.3148301494329655,0.6993464684015669,0,6,4,d1d6b4135fac,2
gamma_low,transition,switch,amp_cc,minus_fp,Right OFC – Left OFC,0.05671662395564427,0.03016747889004417,1.8800584617086387,7,0.10215710397215125,0.5690073798214292,0,8,6,d1d6b4135fac,2
gamma_low,transition,switch,amp_cc,minus_fp,Right OFC – Left PER,-0.014645190408531942,,,1,,,0,2,1,d1d6b4135fac,2
gamma_low,transition,switch,amp_cc,minus_fp,Right OFC – Left RSC,-0.00867286883349227,0.0369462427885582,-0.23474291778806128,6,0.82221409882375,0.9203889165937499,0,7,4,d1d6b4135fac,2
gamma_low,transition,switch,amp_cc,minus_fp,Right OFC – Right DHC,0.04859427592363087,0.05405477054109595,0.8989821885690246,4,0.41948715927748137,0.7368495703809215,0,5,3,d1d6b4135fac,2
gamma_low,transition,switch,amp_cc,minus_fp,Right OFC – Right PER,-0.01254478674612457,,,1,,,0,2,1,d1d6b4135fac,2
gamma_low,transition,switch,amp_cc,minus_fp,Right OFC – Right RSC,0.01754035431778817,0.05841605985873829,0.30026596042602416,5,0.7760576532029968,0.91569922954965,0,6,4,d1d6b4135fac,2
gamma_low,transition,switch,amp_cc,minus_fp,Right PER – Left ACC,-0.013026266877574725,,,1,,,0,2,1,d1d6b4135fac,2
gamma_low,transition,switch,amp_cc,minus_fp,Right PER – Left DHC,-0.019456224999999997,,,,,,0,1,1,d1d6b4135fac,2
gamma_low,transition,switch,amp_cc,minus_fp,Right PER – Left OFC,0.04668061060021904,,,1,,,0,2,2,d1d6b4135fac,2
gamma_low,transition,switch,amp_cc,minus_fp,Right PER – Left RSC,-0.03411889517729081,,,1,,,0,2,1,d1d6b4135fac,2
gamma_low,transition,switch,amp_cc,minus_fp,Right RSC – Left ACC,0.048949595224052025,0.041491062783386316,1.1797623859288613,5,0.2911635365327478,0.6924273028680693,0,6,3,d1d6b4135fac,2
gamma_low,transition,switch,amp_cc,minus_fp,Right RSC – Left DHC,0.10072637992072597,,,3,,,0,4,3,d1d6b4135fac,2
gamma_low,transition,switch,amp_cc,minus_fp,Right RSC – Left OFC,0.011392256301656297,0.04130692926481987,0.2757952843364421,5,0.7937407456554323,0.9175384508663734,0,6,4,d1d6b4135fac,2
gamma_low,transition,switch,amp_cc,minus_fp,Right RSC – Left PER,-0.013866365903932506,,,1,,,0,2,2,d1d6b4135fac,2
gamma_low,transition,switch,amp_cc,minus_fp,Right RSC – Left RSC,0.07735562529306779,0.10970803679966752,0.7051044531434202,5,0.5122271066991049,0.8116274577978774,0,6,3,d1d6b4135fac,2
gamma_low,transition,switch,amp_cc,minus_fp,Right RSC – Right PER,0.0014080340568122047,,,1,,,0,2,1,d1d6b4135fac,2
gamma_low,transition,offset,coherence,minus_fp,Left DHC – Left ACC,-0.0034640938837943807,0.010325020444305655,-0.3355047965745056,5,0.750863825487048,0.91569922954965,0,6,4,d1d6b4135fac,2
gamma_low,transition,offset,coherence,minus_fp,Left DHC – Left OFC,0.0013373432819750845,0.003414816213884608,0.3916296509713935,5,0.7114661805559799,0.9081797842637086,0,6,3,d1d6b4135fac,2
gamma_low,transition,offset,coherence,minus_fp,Left OFC – Left ACC,0.02398569983471405,0.04365607571675752,0.5494240936893708,7,0.5997954918553641,0.850100962962639,0,8,6,d1d6b4135fac,2
gamma_low,transition,offset,coherence,minus_fp,Left PER – Left ACC,0.01678073869632956,,,1,,,0,2,1,d1d6b4135fac,2
gamma_low,transition,offset,coherence,minus_fp,Left PER – Left DHC,0.051357397492435584,,,1,,,0,2,2,d1d6b4135fac,2
gamma_low,transition,offset,coherence,minus_fp,Left PER – Left OFC,-0.010191211180006156,,,1,,,0,2,2,d1d6b4135fac,2
gamma_low,transition,offset,coherence,minus_fp,Left PER – Left RSC,0.0658001483560622,,,1,,,0,2,2,d1d6b4135fac,2
gamma_low,transition,offset,coherence,minus_fp,Left RSC – Left ACC,0.015077742798563719,0.016499613633926394,0.9138239920697879,6,0.3960454673202722,0.7252437881917586,0,7,4,d1d6b4135fac,2
gamma_low,transition,offset,coherence,minus_fp,Left RSC – Left DHC,0.09106559002335153,0.07854023899200518,1.1594768642430708,4,0.31075945475203287,0.6993464684015669,0,5,4,d1d6b4135fac,2
gamma_low,transition,offset,coherence,minus_fp,Left RSC – Left OFC,0.0077667667951148165,0.004644027455530847,1.6724205163483508,6,0.14547104059076435,0.5700620835522678,0,7,4,d1d6b4135fac,2
gamma_low,transition,offset,coherence,minus_fp,Right ACC – Left ACC,0.021492742455453157,0.013239639610957709,1.6233631040579697,7,0.14854095289674998,0.5700620835522678,0,8,7,d1d6b4135fac,2
gamma_low,transition,offset,coherence,minus_fp,Right ACC – Left DHC,0.0025796665053123497,0.015198001580733643,0.16973721785781148,5,0.8718706827023981,0.9522859398448522,0,6,2,d1d6b4135fac,2
gamma_low,transition,offset,coherence,minus_fp,Right ACC – Left OFC,0.012071803563464828,0.00642157775950873,1.879881240336854,7,0.10218370931197547,0.5690073798214292,0,8,7,d1d6b4135fac,2
gamma_low,transition,offset,coherence,minus_fp,Right ACC – Left PER,0.037388118691663245,,,1,,,0,2,2,d1d6b4135fac,2
gamma_low,transition,offset,coherence,minus_fp,Right ACC – Left RSC,0.020011956958878627,0.021706113147604907,0.9219502737682349,6,0.3921181908305487,0.7252437881917586,0,7,4,d1d6b4135fac,2
gamma_low,transition,offset,coherence,minus_fp,Right ACC – Right DHC,0.010229304247821943,0.014650680101955096,0.6982136103331387,4,0.5235044894995678,0.8179757648430748,0,5,4,d1d6b4135fac,2
gamma_low,transition,offset,coherence,minus_fp,Right ACC – Right OFC,0.02514258851061454,0.0047558736308460515,5.286639314287619,7,0.001139792224630605,0.12889400238738533,2,8,8,d1d6b4135fac,2
gamma_low,transition,offset,coherence,minus_fp,Right ACC – Right PER,-0.012101686082471363,,,1,,,0,2,1,d1d6b4135fac,2
gamma_low,transition,offset,coherence,minus_fp,Right ACC – Right RSC,0.04190484936084793,0.015533065874528235,2.697783534773083,5,0.04289754178308847,0.4937528954189421,0,6,5,d1d6b4135fac,2
gamma_low,transition,offset,coherence,minus_fp,Right DHC – Left ACC,0.0309150058557131,0.022384102830473374,1.3811143600370654,4,0.2393856302829326,0.6656085853183884,0,5,4,d1d6b4135fac,2
gamma_low,transition,offset,coherence,minus_fp,Right DHC – Left DHC,-0.00934287387328927,0.01664348781684727,-0.5613531235821859,4,0.6045162403289878,0.850100962962639,0,5,3,d1d6b4135fac,2
gamma_low,transition,offset,coherence,minus_fp,Right DHC – Left OFC,0.02218236713716798,0.013695179832613548,1.6197207636765119,4,0.18060628331222264,0.598296239847244,0,5,4,d1d6b4135fac,2
gamma_low,transition,offset,coherence,minus_fp,Right DHC – Left PER,-0.04072925000000002,,,,,,0,1,1,d1d6b4135fac,2
gamma_low,transition,offset,coherence,minus_fp,Right DHC – Left RSC,-0.003996733595694838,,,3,,,0,4,2,d1d6b4135fac,2
gamma_low,transition,offset,coherence,minus_fp,Right DHC – Right PER,0.007264664743589776,,,,,,0,1,1,d1d6b4135fac,2
gamma_low,transition,offset,coherence,minus_fp,Right DHC – Right RSC,0.040330819380642306,,,2,,,0,3,2,d1d6b4135fac,2
gamma_low,transition,offset,coherence,minus_fp,Right OFC – Left ACC,0.03500769982001386,0.01388349093705599,2.5215343877652487,7,0.03972134612238773,0.4937528954189421,0,8,5,d1d6b4135fac,2
gamma_low,transition,offset,coherence,minus_fp,Right OFC – Left DHC,0.012374585091243175,0.007305277473067552,1.6939240346262954,5,0.15105538126067825,0.5700620835522678,0,6,4,d1d6b4135fac,2
gamma_low,transition,offset,coherence,minus_fp,Right OFC – Left OFC,0.02464859148659554,0.009766590028821031,2.523766372281215,7,0.0395919714361593,0.4937528954189421,0,8,7,d1d6b4135fac,2
gamma_low,transition,offset,coherence,minus_fp,Right OFC – Left PER,-0.00875933040118444,,,1,,,0,2,1,d1d6b4135fac,2
gamma_low,transition,offset,coherence,minus_fp,Right OFC – Left RSC,0.009480008817605077,0.005661354114467953,1.6745126035091689,6,0.1450519953910086,0.5700620835522678,0,7,6,d1d6b4135fac,2
gamma_low,transition,offset,coherence,minus_fp,Right OFC – Right DHC,0.014753177113937851,0.010244727384783351,1.4400751293637124,4,0.22326740456017333,0.6609890266584079,0,5,3,d1d6b4135fac,2
gamma_low,transition,offset,coherence,minus_fp,Right OFC – Right PER,0.05343419323667879,,,1,,,0,2,2,d1d6b4135fac,2
gamma_low,transition,offset,coherence,minus_fp,Right OFC – Right RSC,0.025187971091247995,0.01103760890917402,2.2820133688839763,5,0.07135818927565132,0.4937528954189421,0,6,5,d1d6b4135fac,2
gamma_low,transition,offset,coherence,minus_fp,Right PER – Left ACC,0.003396343640526599,,,1,,,0,2,1,d1d6b4135fac,2
gamma_low,transition,offset,coherence,minus_fp,Right PER – Left DHC,-0.013209634615384632,,,,,,0,1,1,d1d6b4135fac,2
gamma_low,transition,offset,coherence,minus_fp,Right PER – Left OFC,0.05471747986926042,,,1,,,0,2,2,d1d6b4135fac,2
gamma_low,transition,offset,coherence,minus_fp,Right PER – Left RSC,-0.014874596905408575,,,1,,,0,2,2,d1d6b4135fac,2
gamma_low,transition,offset,coherence,minus_fp,Right RSC – Left ACC,0.02965344532850382,0.01258147217448747,2.356913794924147,5,0.06499958445740124,0.4937528954189421,0,6,5,d1d6b4135fac,2
gamma_low,transition,offset,coherence,minus_fp,Right RSC – Left DHC,0.014883244017133404,,,3,,,0,4,3,d1d6b4135fac,2
gamma_low,transition,offset,coherence,minus_fp,Right RSC – Left OFC,0.013717724624899643,0.00898997724854578,1.5258909167004429,5,0.18755867720079006,0.598296239847244,0,6,5,d1d6b4135fac,2
gamma_low,transition,offset,coherence,minus_fp,Right RSC – Left PER,0.027953552070009005,,,1,,,0,2,2,d1d6b4135fac,2
gamma_low,transition,offset,coherence,minus_fp,Right RSC – Left RSC,0.008379776110897926,0.036375938600719734,0.23036590760938122,5,0.8269360744658311,0.9210921621525346,0,6,3,d1d6b4135fac,2
gamma_low,transition,offset,coherence,minus_fp,Right RSC – Right PER,0.014071843793773272,,,1,,,0,2,1,d1d6b4135fac,2
gamma_low,transition,offset,raw_cc,minus_fp,Left DHC – Left ACC,0.033891599920392784,0.05790042424526801,0.5853428599560325,5,0.5837375106256624,0.8456939792005446,0,6,3,d1d6b4135fac,2
gamma_low,transition,offset,raw_cc,minus_fp,Left DHC – Left OFC,0.0727898114479199,0.041609647287064046,1.7493493983677533,5,0.14064021828029608,0.5700620835522678,0,6,4,d1d6b4135fac,2
gamma_low,transition,offset,raw_cc,minus_fp,Left OFC – Left ACC,0.07597873647081105,0.08593145843376077,0.884178365590971,7,0.40594263631768174,0.7286059833764056,0,8,6,d1d6b4135fac,2
gamma_low,transition,offset,raw_cc,minus_fp,Left PER – Left ACC,-0.022189130541550323,,,1,,,0,2,1,d1d6b4135fac,2
gamma_low,transition,offset,raw_cc,minus_fp,Left PER – Left DHC,0.028963361704204858,,,1,,,0,2,1,d1d6b4135fac,2
gamma_low,transition,offset,raw_cc,minus_fp,Left PER – Left OFC,0.09370195842092513,,,1,,,0,2,2,d1d6b4135fac,2
gamma_low,transition,offset,raw_cc,minus_fp,Left PER – Left RSC,-0.0008697185129445176,,,1,,,0,2,1,d1d6b4135fac,2
gamma_low,transition,offset,raw_cc,minus_fp,Left RSC – Left ACC,0.06385541647126679,0.056890073597998275,1.122435117987149,6,0.304575544356947,0.6993464684015669,0,7,5,d1d6b4135fac,2
gamma_low,transition,offset,raw_cc,minus_fp,Left RSC – Left DHC,0.11640531713256794,0.14360219255358497,0.810609608827048,4,0.46306170001485875,0.7617205507702738,0,5,4,d1d6b4135fac,2
gamma_low,transition,offset,raw_cc,minus_fp,Left RSC – Left OFC,0.05970593156250874,0.07518783830334806,0.7940902798883909,6,0.4573910024054764,0.7617205507702738,0,7,3,d1d6b4135fac,2
gamma_low,transition,offset,raw_cc,minus_fp,Right ACC – Left ACC,0.06289964128804787,0.06269555213237447,1.0032552413804807,7,0.3491498008755655,0.7179996731794593,0,8,5,d1d6b4135fac,2
gamma_low,transition,offset,raw_cc,minus_fp,Right ACC – Left DHC,0.027693082711231245,0.048095274987665526,0.5757963275671756,5,0.5896970416683791,0.8456939792005446,0,6,4,d1d6b4135fac,2
gamma_low,transition,offset,raw_cc,minus_fp,Right ACC – Left OFC,0.05226612674680598,0.036225365945789956,1.4428046586201637,7,0.19228738453921748,0.598296239847244,0,8,6,d1d6b4135fac,2
gamma_low,transition,offset,raw_cc,minus_fp,Right ACC – Left PER,0.01185356237676856,,,1,,,0,2,1,d1d6b4135fac,2
gamma_low,transition,offset,raw_cc,minus_fp,Right ACC – Left RSC,0.045441635318391564,0.04398143063799938,1.0332004816398717,6,0.3413459656347738,0.7179996731794593,0,7,4,d1d6b4135fac,2
gamma_low,transition,offset,raw_cc,minus_fp,Right ACC – Right DHC,0.11060206755545189,0.06106832675761796,1.8111199934204003,4,0.1443591919841788,0.5700620835522678,0,5,3,d1d6b4135fac,2
gamma_low,transition,offset,raw_cc,minus_fp,Right ACC – Right OFC,0.0034364243297402485,0.03583001363784615,0.09590909912773403,7,0.9262807691411338,0.9591739798327659,0,8,3,d1d6b4135fac,2
gamma_low,transition,offset,raw_cc,minus_fp,Right ACC – Right PER,0.10483039517216099,,,1,,,0,2,1,d1d6b4135fac,2
gamma_low,transition,offset,raw_cc,minus_fp,Right ACC – Right RSC,0.15564070254770654,0.051014379034648324,3.0509182997600997,5,0.028394547175701085,0.4937528954189421,0,6,5,d1d6b4135fac,2
gamma_low,transition,offset,raw_cc,minus_fp,Right DHC – Left ACC,0.03773483367151072,0.08448488306424991,0.4466459833153081,4,0.6782457106357632,0.9081797842637086,0,5,4,d1d6b4135fac,2
gamma_low,transition,offset,raw_cc,minus_fp,Right DHC – Left DHC,-0.030182669898912787,0.07218807190894908,-0.4181115951812958,4,0.6973364569517343,0.9081797842637086,0,5,3,d1d6b4135fac,2
gamma_low,transition,offset,raw_cc,minus_fp,Right DHC – Left OFC,0.01741179602111462,0.06570133745139099,0.2650143314661852,4,0.8040948509337882,0.9176267798784997,0,5,3,d1d6b4135fac,2
gamma_low,transition,offset,raw_cc,minus_fp,Right DHC – Left PER,0.043944000000000004,,,,,,0,1,1,d1d6b4135fac,2
gamma_low,transition,offset,raw_cc,minus_fp,Right DHC – Left RSC,0.03234527200611561,,,3,,,0,4,2,d1d6b4135fac,2
gamma_low,transition,offset,raw_cc,minus_fp,Right DHC – Right PER,-0.025017310073260066,,,,,,0,1,1,d1d6b4135fac,2
gamma_low,transition,offset,raw_cc,minus_fp,Right DHC – Right RSC,0.11658271208628092,,,2,,,0,3,2,d1d6b4135fac,2
gamma_low,transition,offset,raw_cc,minus_fp,Right OFC – Left ACC,0.13544737749916316,0.06492163964814944,2.0863209591322147,7,0.07537837583073287,0.4937528954189421,0,8,6,d1d6b4135fac,2
gamma_low,transition,offset,raw_cc,minus_fp,Right OFC – Left DHC,-0.07171991937266725,0.04068309917399911,-1.7628922286850757,5,0.13820736544143306,0.5700620835522678,0,6,4,d1d6b4135fac,2
gamma_low,transition,offset,raw_cc,minus_fp,Right OFC – Left OFC,0.12122745827974162,0.03400187431636358,3.5653169337609207,7,0.009154076483326008,0.3432778681247253,2,8,8,d1d6b4135fac,2
gamma_low,transition,offset,raw_cc,minus_fp,Right OFC – Left PER,0.050123192464091235,,,1,,,0,2,2,d1d6b4135fac,2
gamma_low,transition,offset,raw_cc,minus_fp,Right OFC – Left RSC,0.037327219964977905,0.03257171222848349,1.1460011590160062,6,0.2954356492237096,0.6924273028680693,0,7,5,d1d6b4135fac,2
gamma_low,transition,offset,raw_cc,minus_fp,Right OFC – Right DHC,0.02430800807583652,0.05044101486664353,0.4819095757708738,4,0.6550512619756076,0.8878706864127212,0,5,4,d1d6b4135fac,2
gamma_low,transition,offset,raw_cc,minus_fp,Right OFC – Right PER,0.10735880735848478,,,1,,,0,2,2,d1d6b4135fac,2
gamma_low,transition,offset,raw_cc,minus_fp,Right OFC – Right RSC,0.0074416676757206686,0.06754741228124063,0.11016954498177542,5,0.9165602562377477,0.9547502669143205,0,6,2,d1d6b4135fac,2
gamma_low,transition,offset,raw_cc,minus_fp,Right PER – Left ACC,-0.004543676783075366,,,1,,,0,2,1,d1d6b4135fac,2
gamma_low,transition,offset,raw_cc,minus_fp,Right PER – Left DHC,0.07790513333333332,,,,,,0,1,1,d1d6b4135fac,2
gamma_low,transition,offset,raw_cc,minus_fp,Right PER – Left OFC,0.2697731946843484,,,1,,,0,2,2,d1d6b4135fac,2
gamma_low,transition,offset,raw_cc,minus_fp,Right PER – Left RSC,0.06734534890310563,,,1,,,0,2,2,d1d6b4135fac,2
gamma_low,transition,offset,raw_cc,minus_fp,Right RSC – Left ACC,-0.021034796772476997,0.028690658580221896,-0.7331583802324245,5,0.4963738211569763,0.7952513126285534,0,6,3,d1d6b4135fac,2
gamma_low,transition,offset,raw_cc,minus_fp,Right RSC – Left DHC,2.7952559701058337e-05,,,3,,,0,4,2,d1d6b4135fac,2
gamma_low,transition,offset,raw_cc,minus_fp,Right RSC – Left OFC,-0.00950499741036064,0.08334555614289657,-0.11404324177841291,5,0.9136413618537998,0.9547502669143205,0,6,4,d1d6b4135fac,2
gamma_low,transition,offset,raw_cc,minus_fp,Right RSC – Left PER,0.032808596185938885,,,1,,,0,2,1,d1d6b4135fac,2
gamma_low,transition,offset,raw_cc,minus_fp,Right RSC – Left RSC,0.02224777854936358,0.07391526229634846,0.300990321324513,5,0.7755364837653315,0.91569922954965,0,6,3,d1d6b4135fac,2
gamma_low,transition,offset,raw_cc,minus_fp,Right RSC – Right PER,0.06823807813372823,,,1,,,0,2,1,d1d6b4135fac,2
gamma_low,transition,offset,amp_cc,minus_fp,Left DHC – Left ACC,0.0006533448470519177,0.030775435018374687,0.021229426867949507,5,0.9838837877319866,0.9971795145932296,0,6,4,d1d6b4135fac,2
gamma_low,transition,offset,amp_cc,minus_fp,Left DHC – Left OFC,0.01616806755982011,0.02438542645284526,0.663021726976345,5,0.5366554980554302,0.8214114766154544,0,6,3,d1d6b4135fac,2
gamma_low,transition,offset,amp_cc,minus_fp,Left OFC – Left ACC,0.018589129460525704,0.06212050036719277,0.29924307355294644,7,0.7734439073067132,0.91569922954965,0,8,4,d1d6b4135fac,2
gamma_low,transition,offset,amp_cc,minus_fp,Left PER – Left ACC,0.05609504984077763,,,1,,,0,2,2,d1d6b4135fac,2
gamma_low,transition,offset,amp_cc,minus_fp,Left PER – Left DHC,0.07394716393886566,,,1,,,0,2,2,d1d6b4135fac,2
gamma_low,transition,offset,amp_cc,minus_fp,Left PER – Left OFC,0.08842652816302944,,,1,,,0,2,2,d1d6b4135fac,2
gamma_low,transition,offset,amp_cc,minus_fp,Left PER – Left RSC,0.009033399508269114,,,1,,,0,2,1,d1d6b4135fac,2
gamma_low,transition,offset,amp_cc,minus_fp,Left RSC – Left ACC,0.015929782911811925,0.03740044225815239,0.4259249877811169,6,0.685018171821331,0.9081797842637086,0,7,5,d1d6b4135fac,2
gamma_low,transition,offset,amp_cc,minus_fp,Left RSC – Left DHC,0.10091201609524797,0.08074961668605647,1.2496903420307264,4,0.2795415010967935,0.6924273028680693,0,5,4,d1d6b4135fac,2
gamma_low,transition,offset,amp_cc,minus_fp,Left RSC – Left OFC,0.05419402991996486,0.035114288183071614,1.5433611992195095,6,0.1736884919171625,0.598296239847244,0,7,3,d1d6b4135fac,2
gamma_low,transition,offset,amp_cc,minus_fp,Right ACC – Left ACC,0.11663189718086651,0.04171061743842996,2.7962160318779663,7,0.026668903497959345,0.4937528954189421,0,8,6,d1d6b4135fac,2
gamma_low,transition,offset,amp_cc,minus_fp,Right ACC – Left DHC,0.01612616916274767,0.034913269025742766,0.46189227227210616,5,0.6635590419712546,0.8940166733145646,0,6,3,d1d6b4135fac,2
gamma_low,transition,offset,amp_cc,minus_fp,Right ACC – Left OFC,0.11650810837919605,0.029596213135371384,3.9365883684610132,7,0.005627909019338468,0.25325590587023106,2,8,7,d1d6b4135fac,2
gamma_low,transition,offset,amp_cc,minus_fp,Right ACC – Left PER,0.12224952764358839,,,1,,,0,2,2,d1d6b4135fac,2
gamma_low,transition,offset,amp_cc,minus_fp,Right ACC – Left RSC,0.05877544374109652,0.02489973930864771,2.360484301162291,6,0.05624685606407034,0.4937528954189421,0,7,6,d1d6b4135fac,2
gamma_low,transition,offset,amp_cc,minus_fp,Right ACC – Right DHC,0.04093525861588499,0.028027809833235703,1.460522918467339,4,0.21793476053426672,0.6538042816028002,0,5,4,d1d6b4135fac,2
gamma_low,transition,offset,amp_cc,minus_fp,Right ACC – Right OFC,0.05386571663037514,0.024653587390491564,2.184903794210094,7,0.0651672127013672,0.4937528954189421,0,8,5,d1d6b4135fac,2
gamma_low,transition,offset,amp_cc,minus_fp,Right ACC – Right PER,-0.012507595133596085,,,1,,,0,2,1,d1d6b4135fac,2
gamma_low,transition,offset,amp_cc,minus_fp,Right ACC – Right RSC,0.1056081584227287,0.03822692477340673,2.7626642490529862,5,0.0397090221235478,0.4937528954189421,0,6,5,d1d6b4135fac,2
gamma_low,transition,offset,amp_cc,minus_fp,Right DHC – Left ACC,0.05439441955490453,0.04194571290611593,1.2967813820843062,4,0.2644536672188639,0.6924273028680693,0,5,4,d1d6b4135fac,2
gamma_low,transition,offset,amp_cc,minus_fp,Right DHC – Left DHC,-0.0387499525919527,0.03549233688230569,-1.0917836354492356,4,0.3362801806982715,0.7179996731794593,0,5,3,d1d6b4135fac,2
gamma_low,transition,offset,amp_cc,minus_fp,Right DHC – Left OFC,0.013594141491284592,0.05376461107548588,0.2528455283011036,4,0.8128499048998695,0.9176267798784997,0,5,4,d1d6b4135fac,2
gamma_low,transition,offset,amp_cc,minus_fp,Right DHC – Left PER,-0.02507064583333333,,,,,,0,1,1,d1d6b4135fac,2
gamma_low,transition,offset,amp_cc,minus_fp,Right DHC – Left RSC,-0.04085406463290173,,,3,,,0,4,4,d1d6b4135fac,2
gamma_low,transition,offset,amp_cc,minus_fp,Right DHC – Right PER,0.10174592408424905,,,,,,0,1,1,d1d6b4135fac,2
gamma_low,transition,offset,amp_cc,minus_fp,Right DHC – Right RSC,0.002815069306811881,,,2,,,0,3,2,d1d6b4135fac,2
gamma_low,transition,offset,amp_cc,minus_fp,Right OFC – Left ACC,0.047332224325162556,0.03066878526125489,1.543335476836093,7,0.16665851263958237,0.5952089737127941,0,8,6,d1d6b4135fac,2
gamma_low,transition,offset,amp_cc,minus_fp,Right OFC – Left DHC,0.055405121057998975,0.04212780902277221,1.3151673999483264,5,0.2455356114730055,0.6656085853183884,0,6,4,d1d6b4135fac,2
gamma_low,transition,offset,amp_cc,minus_fp,Right OFC – Left OFC,0.003439136777442932,0.03982170801330694,0.08636336684236898,7,0.9335960070372255,0.9591739798327659,0,8,4,d1d6b4135fac,2
gamma_low,transition,offset,amp_cc,minus_fp,Right OFC – Left PER,0.043900559074121624,,,1,,,0,2,2,d1d6b4135fac,2
gamma_low,transition,offset,amp_cc,minus_fp,Right OFC – Left RSC,0.05674150395945948,0.025249259186681163,2.247254208130997,6,0.06568865134337085,0.4937528954189421,0,7,6,d1d6b4135fac,2
gamma_low,transition,offset,amp_cc,minus_fp,Right OFC – Right DHC,0.029842940284402965,0.04710852171266711,0.6334934572225907,4,0.5608248704961427,0.8365712106642068,0,5,2,d1d6b4135fac,2
gamma_low,transition,offset,amp_cc,minus_fp,Right OFC – Right PER,-0.03815946093099931,,,1,,,0,2,1,d1d6b4135fac,2
gamma_low,transition,offset,amp_cc,minus_fp,Right OFC – Right RSC,0.09301745451992322,0.05303693700731756,1.7538240284707522,5,0.13983163484130293,0.5700620835522678,0,6,5,d1d6b4135fac,2
gamma_low,transition,offset,amp_cc,minus_fp,Right PER – Left ACC,0.006346183532063994,,,1,,,0,2,1,d1d6b4135fac,2
gamma_low,transition,offset,amp_cc,minus_fp,Right PER – Left DHC,-0.015958558333333334,,,,,,0,1,1,d1d6b4135fac,2
gamma_low,transition,offset,amp_cc,minus_fp,Right PER – Left OFC,0.11399823677944877,,,1,,,0,2,2,d1d6b4135fac,2
gamma_low,transition,offset,amp_cc,minus_fp,Right PER – Left RSC,0.03077583569157331,,,1,,,0,2,1,d1d6b4135fac,2
gamma_low,transition,offset,amp_cc,minus_fp,Right RSC – Left ACC,0.06634514327664813,0.050203306931714396,1.3215293440109346,5,0.243561993090064,0.6656085853183884,0,6,5,d1d6b4135fac,2
gamma_low,transition,offset,amp_cc,minus_fp,Right RSC – Left DHC,0.03903497179010877,,,3,,,0,4,3,d1d6b4135fac,2
gamma_low,transition,offset,amp_cc,minus_fp,Right RSC – Left OFC,0.1345114450892378,0.052350672188805944,2.569431097352751,5,0.050069875114545144,0.4937528954189421,0,6,6,d1d6b4135fac,2
gamma_low,transition,offset,amp_cc,minus_fp,Right RSC – Left PER,0.07948862038971616,,,1,,,0,2,2,d1d6b4135fac,2
gamma_low,transition,offset,amp_cc,minus_fp,Right RSC – Left RSC,0.011989633595704935,0.0847192846088642,0.14152189375841892,5,0.8929830182907649,0.9547502669143205,0,6,3,d1d6b4135fac,2
gamma_low,transition,offset,amp_cc,minus_fp,Right RSC – Right PER,0.005207410509708654,,,1,,,0,2,1,d1d6b4135fac,2
