view,level,region pair,k,mean delta,sd,se,t,df,p,q,rats up,rat r3,rat r4,rat r6,rat r7,rat r8,rat r9,rat r10,rat r11
all,all,Left DHC – Left ACC,6,0.02690428883534896,0.1647530210659042,0.0672601391989122,0.40000346647787016,5,0.7056707203441319,0.8613529244612745,3,0.3108129802532124,-0.007146179053287982,0.04112866373771731,-0.032382501407785334,-0.19646115731292516,,,0.04547392679516251
all,all,Left DHC – Left OFC,6,0.036990848811098515,0.13719638461030095,0.05601018947497802,0.6604307030174179,5,0.5381846688998597,0.8613529244612745,3,0.3081193261054422,0.00016873367346938796,0.030471758692365836,-0.027741564134542707,-0.0738750625377929,,,-0.015198098932350718
all,all,Left OFC – Left ACC,8,-0.025545682237339384,0.186669479147374,0.0659976272728345,-0.3870697067901156,7,0.7102032887746139,0.8613529244612745,3,0.2641388869047619,-0.08006810042517007,0.0009304042894935766,0.21889996529667424,-0.07138862577475436,-0.11880034312169312,-0.305050507643613,-0.11302713742441421
all,all,Left PER – Left ACC,2,0.10074181717214664,,,,,,,2,,,0.13988601116780044,,,,,0.061597623176492824
all,all,Left PER – Left DHC,2,0.03590113743858655,,,,,,,2,,,0.053564516099773245,,,,,0.01823775877739985
all,all,Left PER – Left OFC,2,0.013058451091269841,,,,,,,1,,,0.07584305536659108,,,,,-0.0497261531840514
all,all,Left PER – Left RSC,2,0.032176316123393806,,,,,,,2,,,0.020819028231292516,,,,,0.04353360401549509
all,all,Left RSC – Left ACC,7,-0.02449559650280747,0.10157074035586684,0.03839013135176226,-0.6380701404316249,6,0.5469928870167864,0.8613529244612745,3,,-0.09327283641345427,0.02279591090325019,-0.02320784519085412,-0.19312530857898713,-0.05026203333333334,0.04534463556311413,0.12025830153061225
all,all,Left RSC – Left DHC,5,-0.02587076085034014,0.22398326699051238,0.10016836216265408,-0.25827277487407674,4,0.8089409927143107,0.8711672229231039,1,,-0.10416577916666667,-0.05100214816704459,-0.036328128146258507,-0.2749666217687075,,,0.33710887299697656
all,all,Left RSC – Left OFC,7,-0.029652444117805852,0.05057693094120453,0.019116283049616448,-1.551161595632515,6,0.17184484169682213,0.571461641500419,3,,-0.07433494982048375,0.030656863095238095,-0.016743728788737717,-0.11427828637566137,-0.04081097645502646,0.0044874555461073325,0.0034565139739229055
all,all,Right ACC – Left ACC,8,0.26314571492228833,0.22912073130912536,0.08100641140955173,3.2484554042503846,7,0.014087334362603805,0.39444536215290654,8,0.2816955348639456,0.03526050259826153,0.31667939633408915,0.17345073102796674,0.18075364850718068,0.7561016511054421,0.03766150335411942,0.3235627515873016
all,all,Right ACC – Left DHC,6,0.08269157326940037,0.1253028459897351,0.05115467266556607,1.6165008778379466,5,0.16690875108984216,0.571461641500419,4,0.3066863184051399,-0.0069130539021164,0.1374535037792895,0.004343251757369613,-0.022836728023431594,,,0.07741614760015117
all,all,Right ACC – Left OFC,8,0.0888716865457294,0.09626244581698046,0.03403391410539474,2.6112684621144497,7,0.03484896766934226,0.4878855473707916,7,0.2418525938681028,0.0019506728930461052,0.14343078609221466,0.11848888891723355,0.0271841416005291,0.1740022548185941,-0.04222914909297053,0.04629330326908541
all,all,Right ACC – Left PER,2,0.2352609877739985,,,,,,,2,,,0.2325608849584278,,,,,0.23796109058956919
all,all,Right ACC – Left RSC,7,0.011004379528398662,0.06119393389500107,0.023129132975985567,0.4757800277176083,6,0.651059053583845,0.8613529244612745,3,,-0.06490203905895692,0.08392029747732427,-0.022147145804988663,-0.03221676234882842,-0.0060481295068027215,0.017476144699546482,0.1009482912414966
all,all,Right ACC – Right DHC,5,0.05636349358843538,0.126129618645115,0.056406880253320406,0.9992308267237936,4,0.3742313186698909,0.8060366863659189,3,0.2788359456727135,-0.016143764956538166,,0.033079601955782315,-0.019571056368102798,,,0.005616741638321995
all,all,Right ACC – Right OFC,8,0.004687107924697658,0.11373384068038503,0.040210984997745336,0.11656287268169303,7,0.9104801816913776,0.9104801816913776,5,0.19213265136054422,-0.18406476825396825,0.06808402972411187,0.022764763142479213,-0.05569232287414966,0.04215448351284959,-0.09008483097127741,0.04220285775699169
all,all,Right ACC – Right PER,2,0.2405848351851852,,,,,,,2,,,,0.14841973613945578,,0.3327499342309146,,
all,all,Right ACC – Right RSC,6,0.1337125941421013,0.14098513110306526,0.05755693875365,2.3231359595826637,5,0.06778822220244653,0.571461641500419,5,,-0.03534050122826909,0.20648143325774757,0.08028928599773243,,0.36870436387944067,0.04749352839191232,0.13464745455404384
all,all,Right DHC – Left ACC,5,0.03075169003212397,0.16919281762473493,0.07566532830272636,0.40641718898107165,4,0.7052406414855493,0.8613529244612745,2,0.3210218969198791,0.006658378628117915,,-0.04404962568027211,-0.11860179831821617,,,-0.01127040138888889
all,all,Right DHC – Left DHC,5,-0.051970714586167796,0.24023379732417185,0.10743582026195106,-0.4837373090227477,4,0.6538614647506743,0.8613529244612745,1,0.3197460968915344,-0.049162772411186696,,-0.1552914252078609,-0.3379337205876795,,,-0.03721175161564626
all,all,Right DHC – Left OFC,5,0.030593666681783826,0.1532636158433129,0.06854157270061229,0.44635197992050935,4,0.6784409671226748,0.8613529244612745,1,0.30028880706727135,-0.018990988964474678,,-0.04616020104875283,-0.07712712308201057,,,-0.005042160563114135
all,all,Right DHC – Left PER,1,-0.0036945193594104327,,,,,,,0,,,,,,,,-0.0036945193594104327
all,all,Right DHC – Left RSC,4,-0.11127763191846182,0.10011948456256643,0.050059742281283216,-2.222896620066446,3,0.11273881249570712,0.571461641500419,1,,-0.198677947930839,,-0.05450809504913076,-0.19276362585034013,,,0.0008391411564625859
all,all,Right DHC – Right PER,1,-0.005401047118291758,,,,,,,0,,,,-0.005401047118291758,,,,
all,all,Right DHC – Right RSC,3,-0.0598811365047871,0.055786610602299926,0.032208414648414695,-1.859176775958902,2,0.20409344339300678,0.571461641500419,0,,-0.12075787839191232,,-0.011203723771730916,,,,-0.047681807350718065
all,all,Right OFC – Left ACC,8,-0.06459300899589003,0.14116278450252223,0.04990858108645437,-1.294226515556483,7,0.23664599299957037,0.5760201823273562,2,0.22226889077853362,-0.15259438400415723,-0.013068204402872256,0.009933959580498869,-0.17152173373015875,-0.16828294883786848,-0.2008871026643991,-0.0425925486866969
all,all,Right OFC – Left DHC,6,0.028098185174162262,0.1299704961637692,0.05306023286959885,0.5295526169893852,5,0.6190827716101919,0.8613529244612745,3,0.27844872019085415,-0.009782591893424036,0.012404734618291759,0.00254973514739229,-0.1064688253968254,,,-0.008562661621315195
all,all,Right OFC – Left OFC,8,-0.08603394388699924,0.16608590088163433,0.05872023338644021,-1.4651498968133592,7,0.18630019396832076,0.571461641500419,2,0.23220503198223735,-0.20861983785903251,0.03876756275510204,-0.03802908477891157,-0.16925307551020408,-0.23203841514550266,-0.25805405338246407,-0.05324967915721845
all,all,Right OFC – Left PER,2,-0.017917027947845804,,,,,,,1,,,0.0066866931216931205,,,,,-0.04252074901738473
all,all,Right OFC – Left RSC,7,-0.03202035464177734,0.05105459949109194,0.019296824791347724,-1.659358728081242,6,0.14811384282730738,0.571461641500419,1,,-0.030404169794028723,-0.004346283626228268,-0.01667778890778534,-0.14341320245653816,-0.022241499678760393,-0.019469541666666666,0.012410003637566138
all,all,Right OFC – Right DHC,5,0.01990187995086924,0.1416299216833853,0.0633388265064042,0.31421295670605703,4,0.769065111126138,0.8613529244612745,1,0.26840912712585036,-0.03295821803665911,,-0.047127413539304615,-0.08262938703703704,,,-0.006184708758503403
all,all,Right OFC – Right PER,2,-0.10681222812263794,,,,,,,0,,,,-0.029613821390778533,,-0.18401063485449734,,
all,all,Right OFC – Right RSC,6,-0.05328097856355505,0.07631584705279505,0.03115581409460522,-1.7101456056248876,5,0.14792930085075112,0.571461641500419,1,,-0.03368086428571429,0.030563055432728647,-0.015296275510204082,,-0.13027974398148146,-0.16378807256235828,-0.007203970474300831
all,all,Right PER – Left ACC,2,-0.02565275559807256,,,,,,,0,,,,-0.04232691535336357,,-0.008978595842781552,,
all,all,Right PER – Left DHC,1,-0.03154384349017385,,,,,,,0,,,,-0.03154384349017385,,,,
all,all,Right PER – Left OFC,2,-0.06654300263605442,,,,,,,0,,,,-0.016351496523053666,,-0.11673450874905518,,
all,all,Right PER – Left RSC,2,-0.031984657709750564,,,,,,,0,,,,-0.018795849659863945,,-0.04517346575963719,,
all,all,Right RSC – Left ACC,6,-0.005660707873519776,0.07171495546828702,0.02927750797062024,-0.19334664272656857,5,0.8542963802158081,0.8859369868904677,2,,-0.011861275973167043,0.12141045236205594,-0.06477562163643234,,-0.04177799322562359,-0.06539446743197279,0.028434658664021163
all,all,Right RSC – Left DHC,4,-0.01013029263038549,0.05833979288859132,0.02916989644429566,-0.34728586197523253,3,0.7513121537484228,0.8613529244612745,2,,-0.03974443869047619,0.060502716269841265,-0.07249244890400605,,,,0.01121300080309902
all,all,Right RSC – Left OFC,6,-0.03469065647203326,0.06482111954076358,0.02646311123847044,-1.3109061953986016,5,0.24686579242600978,0.5760201823273562,1,,-0.008626539021164023,0.06426494879062736,-0.039442477626606194,,-0.11829896143235072,-0.09078582374338624,-0.01525508579931973
all,all,Right RSC – Left PER,2,0.06963859289965986,,,,,,,1,,,0.14224586205593348,,,,,-0.002968676256613757
all,all,Right RSC – Left RSC,6,-0.040883416118669684,0.21613046657185866,0.0882348934951184,-0.4633474864559287,5,0.6625847628653354,0.8613529244612745,2,,-0.3935776730820106,-0.07862508927626606,-0.0367693419595616,,-0.06812201961451247,0.06228883569538927,0.26950479152494333
all,all,Right RSC – Right PER,2,-0.03518896721466364,,,,,,,0,,,,-0.013915873913454273,,-0.05646206051587301,,
band,theta,Left DHC – Left ACC,6,-0.022580772245842786,0.1838183756568967,0.07504353761777226,-0.300902289026618,5,0.775599814860927,0.9048664506710815,3,0.19800703401360545,-0.0104317570861678,0.10825159824263039,-0.09955103860544218,-0.33325465685941047,,,0.0014941868197278867
band,theta,Left DHC – Left OFC,6,0.0008073076908541211,0.14300949700271234,0.058383382671454265,0.013827696408019929,5,0.9895022293199353,0.9895022293199353,2,0.2370849172335601,-0.013892777551020408,0.08356939710884354,-0.09816441198979592,-0.16700124756235826,,,-0.03675203109410431
band,theta,Left OFC – Left ACC,8,-0.0708933280116213,0.17549176121458604,0.062045707198602064,-1.1425984360964554,7,0.2907756563611126,0.7313351890890897,3,0.20265307653061224,-0.08332099747732426,0.08346740051020408,0.03620470943877551,-0.16542791876417234,-0.08429525204081631,-0.3497058734126984,-0.20672176887755103
band,theta,Left PER – Left ACC,2,0.10207224083049887,,,,,,,1,,,0.21638939376417235,,,,,-0.012244912103174601
band,theta,Left PER – Left DHC,2,0.03909307636054421,,,,,,,1,,,0.12468075413832198,,,,,-0.04649460141723356
band,theta,Left PER – Left OFC,2,0.05115346476757369,,,,,,,1,,,0.16481264767573695,,,,,-0.06250571814058957
band,theta,Left PER – Left RSC,2,0.04965693886054422,,,,,,,2,,,0.058123260430839,,,,,0.041190617290249434
band,theta,Left RSC – Left ACC,7,-0.03076194223760933,0.15736132882940831,0.059476991723039024,-0.5172074334367078,6,0.6235173849954962,0.9048664506710815,3,,-0.11055422678571429,0.059077640419501136,-0.060144667403628116,-0.32338399098639453,-0.019231988690476192,0.08491725841836735,0.15398637936507936
band,theta,Left RSC – Left DHC,5,-0.0617025122845805,0.30140225241435725,0.13479118499401058,-0.45776370529958793,4,0.6708846196055956,0.9048664506710815,2,,-0.13202892777777778,0.02024239416099774,-0.09185921695011337,-0.47114048628117916,,,0.3662736754251701
band,theta,Left RSC – Left OFC,7,-0.04405429342808552,0.1059446557479767,0.040043315977928005,-1.1001659665839956,6,0.31342936675246696,0.7313351890890897,3,,-0.08057623486394558,0.07884886876417234,-0.059074808304988666,-0.25019605269274375,-0.0357607625,0.02687747477324263,0.011501460827664407
band,theta,Right ACC – Left ACC,8,0.3460005911529195,0.2627276800603278,0.09288826208803373,3.7249118820309244,7,0.007408087867358066,0.20742646028602585,8,0.1860021765873016,0.04907899367913832,0.6259782941043084,0.2737284592403628,0.2756604774376417,0.7656088789682539,0.07260865053854874,0.5193387986678004
band,theta,Right ACC – Left DHC,6,0.08637215782785336,0.13273729605301227,0.054189774194437934,1.5938829624560171,5,0.17184399825315327,0.5346257723431436,4,0.2283280592403628,-0.007749950396825398,0.2573266686507936,0.014540450566893423,-0.07047921777210885,,,0.09626693667800454
band,theta,Right ACC – Left OFC,8,0.1312978432645975,0.13700574911897634,0.04843884713178551,2.710589765016105,7,0.030173270022280364,0.2872010007220102,6,0.10346585870181405,-0.011217335997732428,0.31529539285714286,0.2507631301020408,0.02313643432539682,0.28422235992063494,-0.03272999447278912,0.11744690068027211
band,theta,Right ACC – Left PER,2,0.2704458654195011,,,,,,,2,,,0.33903974314058954,,,,,0.2018519876984127
band,theta,Right ACC – Left RSC,7,0.012994774133462908,0.10565392286761491,0.03993342927801561,0.3254109243409473,6,0.7559185353626525,0.9048664506710815,3,,-0.07675656655328798,0.15527414977324264,-0.06265591422902494,-0.09853810870181406,-0.00020528208616780083,0.01832849475623583,0.15551664597505668
band,theta,Right ACC – Right DHC,5,0.03981849111678005,0.1085748855466245,0.04855616494630236,0.8200501658402142,4,0.45824072436072855,0.9048664506710815,2,0.21699530654761906,-0.03050335958049886,,0.06634004971655329,-0.05155979804421769,,,-0.002179743055555557
band,theta,Right ACC – Right OFC,8,-0.0028752653592687078,0.146398698289703,0.051759756158766206,-0.055550210678141754,7,0.9572524117694632,0.9895022293199353,5,0.14413908234126985,-0.23403232973356008,0.15162031201814058,0.0464082518707483,-0.14745013596938775,0.07594653177437641,-0.13010904719387756,0.0704752120181406
band,theta,Right ACC – Right PER,2,0.22433516642573698,,,,,,,2,,,,0.16068605572562358,,0.28798427712585034,,
band,theta,Right ACC – Right RSC,6,0.20209366242913832,0.1977198211718765,0.08071877898423929,2.5036759100208643,5,0.05424569023850705,0.2872010007220102,5,,-0.05956042715419502,0.2894984790816326,0.14339521468253968,,0.5333183997165533,0.12670012131519273,0.17921018693310659
band,theta,Right DHC – Left ACC,5,-0.025546669761904763,0.18651965953363978,0.08341412757146704,-0.30626310561142106,4,0.7746833934629872,0.9048664506710815,2,0.24571204492630386,0.0071031265589569185,,-0.0816208003968254,-0.2732697279478458,,,-0.025657991950113375
band,theta,Right DHC – Left DHC,5,-0.12250196999433108,0.3029671205481091,0.13549101529858903,-0.9041335303626349,4,0.41705419529571963,0.8982705744830886,1,0.25896771400226754,-0.0384103964569161,,-0.19623068565759638,-0.5756763778628118,,,-0.061160103996598644
band,theta,Right DHC – Left OFC,5,-0.018960055958049886,0.1689275257344079,0.07554668616259622,-0.25097137837711225,4,0.8142012805791329,0.9119054342486288,1,0.24815095691609979,-0.0245159091553288,,-0.08602109620181406,-0.21458320711451248,,,-0.017831024234693876
band,theta,Right DHC – Left PER,1,-0.023482137783446717,,,,,,,0,,,,,,,,-0.023482137783446717
band,theta,Right DHC – Left RSC,4,-0.208606137627551,0.17846249814749962,0.08923124907374981,-2.3378148327290322,3,0.10142320906608118,0.3830634650364716,1,,-0.3102876704648526,,-0.13032806167800454,-0.39540647157029474,,,0.0015976532029478474
band,theta,Right DHC – Right PER,1,-0.037457174489795915,,,,,,,0,,,,-0.037457174489795915,,,,
band,theta,Right DHC – Right RSC,3,-0.06738720588624338,0.021406640345888555,0.012359129566144262,-5.452423289649717,2,0.03202994731831206,0.2872010007220102,0,,-0.07420510890022676,,-0.04340202052154195,,,,-0.08455448823696145
band,theta,Right OFC – Left ACC,8,-0.13242877875566894,0.15603771652255755,0.055167663736982314,-2.400478283565481,7,0.0474328104894665,0.2872010007220102,1,0.13637778500566894,-0.24137806788548755,-0.029731560430839,-0.04558014784580498,-0.3327333433106576,-0.20838765498866213,-0.26812401335034014,-0.06987322723922904
band,theta,Right OFC – Left DHC,6,-0.006998031183862437,0.14668170425085628,0.05988255500273803,-0.11686260186363898,5,0.9115178947954322,0.9816346559335424,2,0.21096170804988662,-0.009257940221088435,0.04139840311791383,-0.02681168679138322,-0.24638750062358278,,,-0.011891170634920636
band,theta,Right OFC – Left OFC,8,-0.1589761814271542,0.2022119324630719,0.07149271434073715,-2.2236696828919844,7,0.0615430715832879,0.2872010007220102,2,0.1842643818027211,-0.3666314843537415,0.042980023809523815,-0.09188232539682539,-0.30954171884920634,-0.344099104053288,-0.2951541931689342,-0.091745031207483
band,theta,Right OFC – Left PER,2,-0.001959404634353743,,,,,,,1,,,0.007979682539682537,,,,,-0.011898491808390022
band,theta,Right OFC – Left RSC,7,-0.05544786997894396,0.11050468790610095,0.04176684612947857,-1.3275570247045652,6,0.23259843179396833,0.6512756090231113,1,,-0.05902330912698412,-0.007705546343537411,-0.03850903253968254,-0.2962846565192744,-0.013723766553287983,-0.013113281604308389,0.04022450283446712
band,theta,Right OFC – Right DHC,5,-0.03887413841269842,0.16347513938679287,0.07310830486002443,-0.5317335491108449,4,0.623070144108335,0.9048664506710815,1,0.22660343027210883,-0.08212683568594105,,-0.11406623353174604,-0.20748043052721088,,,-0.01730062259070295
band,theta,Right OFC – Right PER,2,-0.1479008671626984,,,,,,,0,,,,-0.07050467896825396,,-0.22529705535714287,,
band,theta,Right OFC – Right RSC,6,-0.07623290102513228,0.096033690241629,0.0392055898680812,-1.9444395883760557,5,0.10944670429613475,0.3830634650364716,1,,-0.03832505351473923,0.04043564713718821,-0.060724859268707486,,-0.14738758934240362,-0.22784168537414967,-0.02355386578798186
band,theta,Right PER – Left ACC,2,-0.037797008446712015,,,,,,,1,,,,-0.0811745629818594,,0.005580546088435374,,
band,theta,Right PER – Left DHC,1,-0.07989994322562358,,,,,,,0,,,,-0.07989994322562358,,,,
band,theta,Right PER – Left OFC,2,-0.08985279349489797,,,,,,,0,,,,-0.07097840082199547,,-0.10872718616780046,,
band,theta,Right PER – Left RSC,2,-0.04777703010204081,,,,,,,0,,,,-0.049742990787981854,,-0.04581106941609977,,
band,theta,Right RSC – Left ACC,6,0.030467749480347694,0.12112615230757863,0.04944954461003448,0.6161381205958583,5,0.5647687739047335,0.9048664506710815,3,,-0.018646514569160996,0.2537907247732426,-0.1022892939909297,,0.05867662355442177,-0.014990148752834458,0.006265105867346939
band,theta,Right RSC – Left DHC,4,-0.03128025695861678,0.13757126776988485,0.06878563388494242,-0.45474985388575756,3,0.6801788444934449,0.9048664506710815,1,,-0.05384220972222222,0.16647515986394557,-0.1490012286281179,,,,-0.08875274934807256
band,theta,Right RSC – Left OFC,6,-0.014138641487150416,0.09085188490749461,0.03709012669890432,-0.38119690455433486,5,0.7187175881899837,0.9048664506710815,2,,0.0044057920351473915,0.15852114965986394,-0.061092407086167796,,-0.08716259594671201,-0.07256925510204082,-0.026934532482993198
band,theta,Right RSC – Left PER,2,0.08668255642006802,,,,,,,1,,,0.2419206349206349,,,,,-0.06855552208049887
band,theta,Right RSC – Left RSC,6,-0.05124532820767198,0.37450398219736897,0.1528906105039849,-0.33517642475720466,5,0.7510970379053605,0.9048664506710815,2,,-0.6439909581349207,-0.12310505564058956,-0.07785335946712017,,-0.0771594280612245,0.09966544118480725,0.5149713908730158
band,theta,Right RSC – Right PER,2,-0.004551537641723356,,,,,,,1,,,,-0.0411643931122449,,0.03206131782879819,,
band,beta,Left DHC – Left ACC,6,0.047065018277588806,0.1760528251573231,0.07187326490181054,0.6548334536059626,5,0.5414979165727606,0.7196978074612145,3,0.3689541626984127,-0.006923088747165533,0.010438881519274376,-0.0035261144557823124,-0.16206533446712018,,,0.07551160311791383
band,beta,Left DHC – Left OFC,6,0.054262217323318214,0.14700331830208652,0.06001385338934193,0.9041615270276051,5,0.40736137817169427,0.7196978074612145,4,0.351920143707483,0.006295937613378685,0.0197695518707483,0.0005753983276643995,-0.03060269897959184,,,-0.022385028599773243
band,beta,Left OFC – Left ACC,8,-0.02250117129393424,0.18633803175869745,0.06588044292476461,-0.3415455375676595,7,0.7427165341899892,0.8318425182927879,2,0.2667902077664399,-0.0637814243197279,-0.0444185164399093,0.2244856929988662,-0.055004173979591835,-0.11979856712018142,-0.3097542260487528,-0.07852836320861678
band,beta,Left PER – Left ACC,2,0.13901404100056688,,,,,,,2,,,0.14549965941043083,,,,,0.13252842259070294
band,beta,Left PER – Left DHC,2,0.04377769511054422,,,,,,,2,,,0.04586083775510204,,,,,0.04169455246598639
band,beta,Left PER – Left OFC,2,-0.005809853840702952,,,,,,,1,,,0.04945234948979592,,,,,-0.06107205717120182
band,beta,Left PER – Left RSC,2,0.025624451856575962,,,,,,,1,,,-0.002913403344671203,,,,,0.05416230705782313
band,beta,Left RSC – Left ACC,7,-0.01965021369857467,0.08289455637706344,0.03133119731639046,-0.6271772348864225,6,0.5536443518871839,0.7196978074612145,3,,-0.09030886431405895,0.011204624206349207,-0.010142806235827664,-0.13568327692743765,-0.057396296315192746,0.03137753035714285,0.11339759333900226
band,beta,Left RSC – Left DHC,5,-0.021306847477324274,0.19846165819255684,0.08875475172917703,-0.24006430148482868,4,0.8220813046869139,0.8580251492873837,1,,-0.06703914345238096,-0.0817087097505669,-0.029663763860544215,-0.2334906609126984,,,0.3053680405895691
band,beta,Left RSC – Left OFC,7,-0.024815914880952382,0.03869060350450276,0.014623673563988346,-1.6969686017925776,6,0.14062690472391548,0.5619849943756678,2,,-0.09936568035714285,0.014782874716553283,0.006338308843537416,-0.04179750048185941,-0.03216447905328798,-0.019340901502267575,-0.0021640263321995464
band,beta,Right ACC – Left ACC,8,0.2651093073412698,0.2375025134362508,0.08396981889981103,3.157197559965994,7,0.01599067749971638,0.2984556448360706,8,0.3023944760487528,0.04921193171768706,0.27060895028344667,0.18529680388321995,0.20734218548752836,0.7838655441893424,0.008828199404761903,0.3133263677154195
band,beta,Right ACC – Left DHC,6,0.08966318905895691,0.13338698714564948,0.054455009472336675,1.6465553844868233,5,0.1605671412501908,0.5619849943756678,5,0.34742167814625846,-0.009456380413832196,0.1040998466553288,0.007672892913832196,0.015684444784580504,,,0.07255665226757368
band,beta,Right ACC – Left OFC,8,0.0797827445436508,0.0987426502351072,0.03491079878678787,2.2853313964802457,7,0.05619289069478133,0.520414055232469,7,0.2605178837868481,0.018741016808390017,0.08507163548752834,0.08026140048185941,0.05079933619614512,0.1789331582482993,-0.049853396825396835,0.01379092216553288
band,beta,Right ACC – Left PER,2,0.2709273683531746,,,,,,,2,,,0.22695870816326533,,,,,0.3148960285430839
band,beta,Right ACC – Left RSC,7,0.014236117541302233,0.05639965191446715,0.02131706471375543,0.6678272891912732,6,0.5290799878659478,0.7196978074612145,5,,-0.07714364968820861,0.06759674404761903,0.0004933520408163262,0.017829137528344675,-0.026826780980725624,0.02708083304988662,0.09062318679138322
band,beta,Right ACC – Right DHC,5,0.0634667468877551,0.13753486486678526,0.06150746142367588,1.031854435522599,4,0.3604419228262316,0.7196978074612145,3,0.30885929818594104,-0.012624774121315189,,0.013863098441043085,-0.0003618224489795937,,,0.007597934382086169
band,beta,Right ACC – Right OFC,8,0.006765595592403628,0.10310574653288825,0.03645338627635332,0.18559580558891323,7,0.8580251492873837,0.8580251492873837,4,0.1875045817743764,-0.16628438007369614,0.04084239299886622,-0.008337200680272109,-0.011130570804988662,0.05131121660997733,-0.07771655017006802,0.03793527508503401
band,beta,Right ACC – Right PER,2,0.3245308939484127,,,,,,,2,,,,0.20259988449546484,,0.4464619034013606,,
band,beta,Right ACC – Right RSC,6,0.11633941784769464,0.1266953671303914,0.05172316704067379,2.249270965101736,5,0.07434486503320986,0.520414055232469,5,,-0.01957684393424037,0.20471783270975058,0.0565204302154195,,0.3168826134637188,0.015723685090702953,0.12376878954081631
band,beta,Right DHC – Left ACC,5,0.048488056944444455,0.17329917658511443,0.07750174785781114,0.6256382376485656,4,0.5654768487195256,0.7196978074612145,2,0.35433645875850345,0.008903544444444444,,-0.036020120464852604,-0.06847656235827665,,,-0.01630303565759637
band,beta,Right DHC – Left DHC,5,-0.02336167540816325,0.25437180719401836,0.11375853048905901,-0.20536196545198968,4,0.8473169682789495,0.8580251492873837,1,0.39531285700113383,-0.05566941292517007,,-0.12644473625283445,-0.2909736912131519,,,-0.03903339365079365
band,beta,Right DHC – Left OFC,5,0.04850780129818594,0.15663803522934072,0.07005065892696254,0.6924674520015865,4,0.5267444976744087,0.7196978074612145,1,0.3269158494897959,-0.0008788303287981852,,-0.049333669869614516,-0.019799994359410433,,,-0.014364348441043086
band,beta,Right DHC – Left PER,1,0.0033516677154194993,,,,,,,1,,,,,,,,0.0033516677154194993
band,beta,Right DHC – Left RSC,4,-0.089614463513322,0.09249236232863509,0.04624618116431754,-1.937770022456825,3,0.14803465834424667,0.5619849943756678,0,,-0.19983040138888888,,-0.025362602267573697,-0.13117817820294786,,,-0.00208667219387755
band,beta,Right DHC – Right PER,1,0.016612438265306124,,,,,,,1,,,,0.016612438265306124,,,,
band,beta,Right DHC – Right RSC,3,-0.07189572151360545,0.0668824502724761,0.038614600668875836,-1.861879192539595,2,0.20366998878437886,0.6116474493423975,0,,-0.1485975943877551,,-0.0413472960600907,,,,-0.025742274092970523
band,beta,Right OFC – Left ACC,8,-0.05700546564271542,0.15749301066798713,0.05568218791640948,-1.023764829936145,7,0.340017600861082,0.7196978074612145,2,0.255555349914966,-0.13436537338435373,-0.0458035760770975,0.05174855045351474,-0.13842600589569162,-0.17464685359977325,-0.24762509540816327,-0.02248072114512472
band,beta,Right OFC – Left DHC,6,0.03864939437830688,0.14037949690120863,0.05730968962609558,0.674395457914121,5,0.5299772451683782,0.7196978074612145,2,0.31998600821995465,-0.020510097505668935,-0.00905487471655329,0.016058016609977323,-0.06523612001133787,,,-0.009346566326530614
band,beta,Right OFC – Left OFC,8,-0.07310598170351473,0.1600162773126279,0.05657429739399314,-1.2922119243371615,7,0.2373044081911562,0.6116474493423975,2,0.23098192446145122,-0.15767089974489795,0.014102890306122448,-0.0361990225340136,-0.09494887468820862,-0.2185856510770975,-0.29061463123582765,-0.031913589115646256
band,beta,Right OFC – Left PER,2,-0.02008293236961451,,,,,,,1,,,0.005213593537414967,,,,,-0.04537945827664399
band,beta,Right OFC – Left RSC,7,-0.028173005434078392,0.024102679498790573,0.009109956554870683,-3.0925510197977353,6,0.021318260345433614,0.2984556448360706,0,,-0.02239029739229025,-0.023608153826530615,-0.013210400340136055,-0.07919333900226758,-0.02696666592970522,-0.028224125000000003,-0.0036180565476190457
band,beta,Right OFC – Right DHC,5,0.05272109412131519,0.14123384410866563,0.0631616952301169,0.8347004292591659,4,0.4508380763328406,0.7196978074612145,2,0.30315421400226755,-0.0010808549886621296,,-0.009311030924036281,-0.039779237585034016,,,0.010622380102040816
band,beta,Right OFC – Right PER,2,-0.1215701526360544,,,,,,,0,,,,-0.02644099532312925,,-0.21669930994897957,,
band,beta,Right OFC – Right RSC,6,-0.0471592787840136,0.08671197938102843,0.0354000173450426,-1.3321823637642305,5,0.24029006938451325,0.6116474493423975,3,,-0.03298737304421769,0.0379218787414966,0.015321161989795919,,-0.13607543194444444,-0.17215158560090704,0.005015677154195016
band,beta,Right PER – Left ACC,2,0.010932678401360552,,,,,,,2,,,,0.005156355612244902,,0.016709001190476202,,
band,beta,Right PER – Left DHC,1,0.003755026388888888,,,,,,,1,,,,0.003755026388888888,,,,
band,beta,Right PER – Left OFC,2,-0.04900187789115646,,,,,,,1,,,,0.00999582531179138,,-0.1079995810941043,,
band,beta,Right PER – Left RSC,2,-0.028398389469954644,,,,,,,0,,,,-0.011538017176870747,,-0.045258761763038544,,
band,beta,Right RSC – Left ACC,6,-0.03680530405328798,0.08835417838646549,0.036070442281613734,-1.020372962602924,5,0.3543573788835397,0.7196978074612145,3,,0.0018200781179138349,0.0907846156462585,-0.091177702154195,,-0.10766081045918369,-0.13617977542517007,0.02158176995464852
band,beta,Right RSC – Left DHC,4,-0.01280253946995465,0.04489576023357367,0.022447880116786834,-0.5703228725094952,3,0.6083758325342846,0.7406314483026073,1,,-0.0442691503968254,-0.0027979444444444414,-0.05068397474489796,,,,0.046540911706349206
band,beta,Right RSC – Left OFC,6,-0.04918605737906274,0.05938181473610176,0.024242524350655374,-2.028916488547656,5,0.09824679329718244,0.5501820424642216,1,,-0.01611331927437642,0.04147941298185941,-0.0630871399659864,,-0.11088844586167801,-0.112990466553288,-0.03351638560090703
band,beta,Right RSC – Left PER,2,0.07716129189342404,,,,,,,2,,,0.12211104109977325,,,,,0.03221154268707483
band,beta,Right RSC – Left RSC,6,-0.04119058159486016,0.2021070554176176,0.0825098598649276,-0.49922011335725225,5,0.6388104641392867,0.7452788748291678,2,,-0.3889863583333333,-0.06213013486394557,-0.028592215702947846,,-0.05513819974489796,0.06018155909863946,0.22752185997732424
band,beta,Right RSC – Right PER,2,-0.06187053640873016,,,,,,,0,,,,-0.015150237698412696,,-0.10859083511904762,,
band,gamma_low,Left DHC – Left ACC,6,0.056228620474300835,0.15940898232863007,0.06507844452024739,0.8640129752456949,5,0.42707651412732744,0.7122408636203178,4,0.36547774404761907,-0.004083691326530614,0.004695511451247162,0.00592964883786848,-0.0940634806122449,,,0.05941599044784581
band,gamma_low,Left DHC – Left OFC,6,0.055903021419123206,0.13775723994937927,0.05623915770835427,0.9940230916868599,5,0.36585133254967955,0.7122408636203178,4,0.33535291737528344,0.008103040958049887,-0.011923672902494329,0.014364321258503402,-0.024021241071428574,,,0.013542762896825399
band,gamma_low,Left OFC – Left ACC,8,0.01675745259353742,0.22689962041804723,0.0802211301231274,0.20889075693420478,7,0.8404821392434735,0.9413399959526904,3,0.32297337641723356,-0.09310187947845805,-0.03625767120181405,0.396009493452381,0.006266215419501132,-0.15230721020408164,-0.2556914234693878,-0.05383128018707482
band,gamma_low,Left PER – Left ACC,2,0.061139169685374146,,,,,,,2,,,0.05776898032879818,,,,,0.06450935904195011
band,gamma_low,Left PER – Left DHC,2,0.024832640844671204,,,,,,,1,,,-0.009848043594104305,,,,,0.05951332528344671
band,gamma_low,Left PER – Left OFC,2,-0.006168257653061225,,,,,,,1,,,0.013264168934240362,,,,,-0.02560068424036281
band,gamma_low,Left PER – Left RSC,2,0.021247557653061227,,,,,,,2,,,0.007247227607709751,,,,,0.0352478876984127
band,gamma_low,Left RSC – Left ACC,7,-0.023074633572238417,0.07256717660675675,0.02742781466394034,-0.841285893716312,6,0.4324319529123358,0.7122408636203178,3,,-0.07895541814058957,-0.0018945319160997762,0.0006639380668934257,-0.12030865782312926,-0.07415781499433106,0.019739117913832198,0.0933909318877551
band,gamma_low,Left RSC – Left DHC,5,0.005397077210884356,0.19436291165037295,0.08692173655100395,0.06209122625751337,4,0.9534689458631922,0.9534689458631922,2,,-0.11342926626984126,-0.09154012891156463,0.012538596371882085,-0.12026871811224489,,,0.3396849029761905
band,gamma_low,Left RSC – Left OFC,7,-0.020087124044379654,0.027782222013480014,0.010500692902350325,-1.9129331969972798,6,0.10428293955715094,0.7122408636203178,3,,-0.04306293424036281,-0.0016611541950113395,0.002505313095238095,-0.05084130595238094,-0.05450768781179138,0.005925793367346939,0.001032107426303856
band,gamma_low,Right ACC – Left ACC,8,0.17832724627267574,0.24488232605331822,0.08657897667251824,2.059706098712531,7,0.07839910057391031,0.7122408636203178,8,0.3566899519557823,0.007490582397959185,0.05345094461451247,0.06132692996031747,0.05925828259637188,0.7188305301587301,0.031547660119047624,0.1380230883786848
band,gamma_low,Right ACC – Left DHC,6,0.07203937292139077,0.1373409812855595,0.05606922082045907,1.28482921409003,5,0.25515176141278006,0.7122408636203178,3,0.3443092178287982,-0.0035328308956916084,0.05093399603174603,-0.00918358820861678,-0.01371541108276644,,,0.06342485385487528
band,gamma_low,Right ACC – Left OFC,8,0.055534471828939905,0.1271017337057925,0.04493724890196632,1.2358226902161311,7,0.25638440056126893,0.7122408636203178,6,0.36157403911564623,-0.0016716621315192753,0.02992532993197279,0.024442136167800454,0.00761665428004535,0.058851246286848076,-0.04410405598072562,0.007642086961451249
band,gamma_low,Right ACC – Left PER,2,0.16440972954931973,,,,,,,2,,,0.13168420357142857,,,,,0.1971352555272109
band,gamma_low,Right ACC – Left RSC,7,0.005782246910430839,0.03130992260870531,0.011834038398758991,0.4886114710458612,6,0.6424608604069857,0.782126264843287,4,,-0.040805900935374145,0.02888999861111111,-0.004278875226757371,-0.015941315873015876,0.008887674546485261,0.007019106292517008,0.05670504095804989
band,gamma_low,Right ACC – Right DHC,5,0.06580524276077097,0.1373144904609089,0.061408906993267745,1.071591174354971,4,0.34425403510974606,0.7122408636203178,3,0.3106532322845805,-0.005303161167800452,,0.01903565770975057,-0.006791548611111112,,,0.011432033588435375
band,gamma_low,Right ACC – Right OFC,8,0.010170993540958047,0.11180190507677853,0.0395279426146824,0.25731148317292124,7,0.8043381955533739,0.9383945614789363,4,0.2447542899659864,-0.15187759495464853,0.011789384155328797,0.03022323823696145,-0.008496261848072563,-0.0007942978458049901,-0.06242889554988662,0.018198086167800453
band,gamma_low,Right ACC – Right PER,2,0.1728884451814059,,,,,,,2,,,,0.08197326819727892,,0.2638036221655329,,
band,gamma_low,Right ACC – Right RSC,6,0.08270470214947091,0.10268991072636698,0.041922980501926034,1.9727772491192814,5,0.10554842028147599,0.7122408636203178,5,,-0.026884232596371887,0.1252279879818594,0.040952213095238096,,0.2559120784580499,5.677876984127164e-05,0.10096338718820862
band,gamma_low,Right DHC – Left ACC,5,0.06931368291383219,0.1645067266618384,0.07356964471436954,0.9421505728747107,4,0.3994607467523417,0.7122408636203178,3,0.36301718707482994,0.003968464880952381,,-0.014507956179138323,-0.014059104648526076,,,0.008149823441043084
band,gamma_low,Right DHC – Left DHC,5,-0.010048498356009076,0.18549736352135895,0.08295694289614967,-0.12112908221061582,4,0.9094298162414528,0.9534689458631922,1,0.3049577196712018,-0.05340850785147393,,-0.1431988537131519,-0.14715109268707482,,,-0.011441757199546484
band,gamma_low,Right DHC – Left OFC,5,0.06223325470521542,0.14839795516204832,0.06636558309286117,0.937733864526382,4,0.40147207983813377,0.7122408636203178,3,0.3257996147959184,-0.03157822740929705,,-0.0031258370748299285,0.003001832227891158,,,0.017068890986394556
band,gamma_low,Right DHC – Left PER,1,0.009046911989795917,,,,,,,1,,,,,,,,0.009046911989795917
band,gamma_low,Right DHC – Left RSC,4,-0.03561229461451247,0.041038664961230965,0.020519332480615483,-1.7355483979878605,3,0.18104863582572184,0.7122408636203178,1,,-0.0859157719387755,,-0.00783362120181406,-0.05170622777777778,,,0.0030064424603174593
band,gamma_low,Right DHC – Right PER,1,0.004641594869614514,,,,,,,1,,,,0.004641594869614514,,,,
band,gamma_low,Right DHC – Right RSC,3,-0.04036048211451247,0.09553224562152977,0.055155567725879664,-0.7317571693777497,2,0.5404446020162589,0.782126264843287,1,,-0.1394709318877551,,0.051138145266439915,,,,-0.03274865972222222
band,gamma_low,Right OFC – Left ACC,8,-0.0043447825892857185,0.12509697745839493,0.04422846053338586,-0.09823499477233802,7,0.9244994805604092,0.9534689458631922,3,0.27487353741496595,-0.08203971074263039,0.03633052329931973,0.02363347613378685,-0.04340585198412698,-0.12181433792517007,-0.08691219923469388,-0.035423697675736956
band,gamma_low,Right OFC – Left DHC,6,0.05264319232804232,0.12367176086784225,0.050488784952952274,1.0426710085635378,5,0.3448675450431596,0.7122408636203178,4,0.30439844430272106,0.0004202620464852616,0.0048706754535147384,0.018402875623582768,-0.007782855555555559,,,-0.004450247902494329
band,gamma_low,Right OFC – Left OFC,8,-0.0260196685303288,0.14785685689861344,0.05227529307896926,-0.49774314016800236,7,0.6339182448383573,0.782126264843287,3,0.2813687896825397,-0.10155712947845806,0.059219774149659864,0.01399409359410431,-0.10326863299319729,-0.13343049030612245,-0.1883933357426304,-0.03609041714852608
band,gamma_low,Right OFC – Left PER,2,-0.03170874683956916,,,,,,,1,,,0.006866803287981858,,,,,-0.07028429696712017
band,gamma_low,Right OFC – Left RSC,7,-0.012440188512309687,0.023515758848500393,0.008888121400585522,-1.3996420561368756,6,0.21114330638149914,0.7122408636203178,3,,-0.009798902862811792,0.01827484929138322,0.0016860661564625846,-0.054761611848072565,-0.026034066553287983,-0.01707121839569161,0.0006235646258503379
band,gamma_low,Right OFC – Right DHC,5,0.045858684143990934,0.128529710603865,0.057480234007723535,0.7978165874869084,4,0.4696581303556751,0.7305793138866057,1,0.27546973710317463,-0.015666963435374152,,-0.018004976162131522,-0.0006284929988662125,,,-0.011875883786848075
band,gamma_low,Right OFC – Right PER,2,-0.050965664569161004,,,,,,,1,,,,0.00810421011904762,,-0.11003553925736963,,
band,gamma_low,Right OFC – Right RSC,6,-0.03645075588151927,0.05094635107404288,0.020798760731349796,-1.7525446036107983,5,0.1400623510435575,0.7122408636203178,1,,-0.02973016629818594,0.01333164041950113,-0.0004851292517006793,,-0.10737621065759637,-0.09137094671201813,-0.0030737227891156475
band,gamma_low,Right PER – Left ACC,2,-0.05009393674886621,,,,,,,0,,,,-0.0509625386904762,,-0.04922533480725623,,
band,gamma_low,Right PER – Left DHC,1,-0.01848661363378685,,,,,,,0,,,,-0.01848661363378685,,,,
band,gamma_low,Right PER – Left OFC,2,-0.06077433652210884,,,,,,,1,,,,0.011928085941043083,,-0.13347675898526076,,
band,gamma_low,Right PER – Left RSC,2,-0.019778553557256235,,,,,,,1,,,,0.0048934589852607695,,-0.04445056609977324,,
band,gamma_low,Right RSC – Left ACC,6,-0.010644569047619049,0.04736226225065084,0.01933556259632936,-0.5505176792548979,5,0.6056552886320433,0.782126264843287,2,,-0.01875739146825397,0.019656016666666668,-0.000859868764172335,,-0.07634979277210885,-0.045013478117913834,0.057457100170068026
band,gamma_low,Right RSC – Left DHC,4,0.013691918537414968,0.04503374652011534,0.02251687326005767,0.6080737045184177,3,0.5860835090486655,0.782126264843287,2,,-0.02112195595238095,0.01783093339002267,-0.017792143339002267,,,,0.07585084005102041
band,gamma_low,Right RSC – Left OFC,6,-0.04074727054988662,0.06734257737962845,0.02749249209066373,-1.48212357088298,5,0.19840521877807452,0.7122408636203178,2,,-0.01417208982426304,-0.0072057162698412735,0.0058521141723356,,-0.15684584248866212,-0.08679774957482993,0.014685660685941045
band,gamma_low,Right RSC – Left PER,2,0.04507193038548753,,,,,,,2,,,0.06270591014739228,,,,,0.027437950623582768
band,gamma_low,Right RSC – Left RSC,6,-0.03021433855347694,0.07644128127235364,0.031207022400305685,-0.968190369651575,5,0.37741636925225214,0.7122408636203178,2,,-0.14775570277777778,-0.05064007732426303,-0.003862450708616781,,-0.07206843103741496,0.02701950680272109,0.0660211237244898
band,gamma_low,Right RSC – Right PER,2,-0.03914482759353742,,,,,,,1,,,,0.01456700907029478,,-0.09285666425736962,,
method,coherence,Left DHC – Left ACC,6,0.030229833616780052,0.1306444134598108,0.053335358453621855,0.5667878588097729,5,0.595354597721044,0.799948173032228,3,0.2690339726473923,-0.009075266524943308,0.03680852358276644,-0.019500262131519275,-0.12549671774376417,,,0.029608751870748296
method,coherence,Left DHC – Left OFC,6,0.03551291967592593,0.11407272276969957,0.046569994059288036,0.7625708440227543,5,0.4801280139413157,0.799948173032228,2,0.26429378826530614,-0.0034069669784580507,0.025497148809523813,-0.012516838265306125,-0.03790003290816327,,,-0.02288958086734694
method,coherence,Left OFC – Left ACC,8,-0.012329766790674608,0.17439769813135728,0.0616588974860036,-0.1999673574032593,7,0.8471913194395692,0.8736889041778203,2,0.28190652721088433,-0.04427804977324262,-0.008019937074829933,0.19690108880385487,-0.06989077318594104,-0.10710056105442177,-0.2659754155612245,-0.08218101369047619
method,coherence,Left PER – Left ACC,2,0.07278313462301587,,,,,,,2,,,0.09060295192743764,,,,,0.05496331731859411
method,coherence,Left PER – Left DHC,2,0.027788975269274378,,,,,,,2,,,0.042506073979591844,,,,,0.01307187655895691
method,coherence,Left PER – Left OFC,2,0.0006612198412698396,,,,,,,1,,,0.04046391950113378,,,,,-0.0391414798185941
method,coherence,Left PER – Left RSC,2,0.03562097073412698,,,,,,,2,,,0.026389026303854868,,,,,0.04485291516439909
method,coherence,Left RSC – Left ACC,7,-0.017573667221412376,0.0707960935242172,0.026758408179992716,-0.6567530887189403,6,0.5357019963492323,0.799948173032228,3,,-0.05449314985827664,0.025219726700680272,-0.017883507482993194,-0.13522687630385488,-0.045100014569161004,0.016654003117913832,0.08781414784580499
method,coherence,Left RSC – Left DHC,5,-0.015099506842403623,0.1620800282163809,0.07248439217738234,-0.20831390577784545,4,0.8451611217302345,0.8736889041778203,1,,-0.07029924821428571,-0.03750702448979592,-0.019732435459183673,-0.19548273764172336,,,0.24752391159297055
method,coherence,Left RSC – Left OFC,7,-0.01755467899659864,0.029589239708613217,0.011183681393209695,-1.569669090113491,6,0.16754421445925569,0.7112593423362659,2,,-0.03841124778911565,0.020302282312925163,-0.014074741978458049,-0.06838852712585033,-0.0237923360260771,-0.005600902777777776,0.007082720408163265
method,coherence,Right ACC – Left ACC,8,0.2056312519628685,0.20967526199163908,0.07413139980067697,2.773875206940186,7,0.027539992035031102,0.7112593423362659,8,0.29050318721655327,0.024468236763038546,0.2047852410430839,0.11224586176303857,0.10640220918367348,0.6690032017857144,0.020410711366213148,0.21723136658163264
method,coherence,Right ACC – Left DHC,6,0.06713045316043083,0.1054370812056121,0.043044508153690646,1.5595590712929321,5,0.17960898401412928,0.7112593423362659,4,0.26301047689909296,-0.00590402196712018,0.08986705980725623,0.007499074007936505,-0.02120598421201814,,,0.06951611442743763
method,coherence,Right ACC – Left OFC,8,0.06765006713435374,0.09447318572734131,0.0334013151340496,2.025371362260843,7,0.08247412806802107,0.7112593423362659,7,0.26741139512471657,0.006649780130385492,0.08842473015873016,0.07508591258503401,0.008053416695011341,0.10924075697278912,-0.038351440759637194,0.02468598616780045
method,coherence,Right ACC – Left PER,2,0.15317207823129253,,,,,,,2,,,0.15326706077097504,,,,,0.15307709569161
method,coherence,Right ACC – Left RSC,7,0.008600282385811465,0.0411140360424931,0.015539644966083278,0.5534413691292421,6,0.5999611297741709,0.799948173032228,3,,-0.04598126952947846,0.04218813231292517,-0.007078034240362812,-0.019589636933106575,-0.00214924764739229,0.014623051729024941,0.07818898100907029
method,coherence,Right ACC – Right DHC,5,0.05755017501133787,0.12428777426113498,0.0555831824040093,1.0353882689377405,4,0.35897540962208635,0.799948173032228,3,0.27727053684807257,-0.00618086797052154,,0.03300191196145125,-0.018420408588435373,,,0.0020797028061224497
method,coherence,Right ACC – Right OFC,8,0.014719694469246033,0.09474984307018142,0.03349912827564324,0.4394052987924621,7,0.6736129660761907,0.8200505673971017,5,0.20380269982993196,-0.11800792182539681,0.05162593248299319,0.01832899486961451,-0.035170609410430834,0.02671831014739229,-0.057934403061224486,0.028394552721088432
method,coherence,Right ACC – Right PER,2,0.17378649513888889,,,,,,,2,,,,0.08929554875283448,,0.2582774415249433,,
method,coherence,Right ACC – Right RSC,6,0.0971134863047997,0.10292311352642569,0.042018185146381386,2.311225150883584,5,0.06880205942636754,0.7112593423362659,5,,-0.009070360204081635,0.14142934829931975,0.06124287868480725,,0.2773778475340136,0.020215367063492064,0.09148583645124717
method,coherence,Right DHC – Left ACC,5,0.04146301785147393,0.1519455709267728,0.06795212509445593,0.610179855211869,4,0.5747076439129919,0.799948173032228,2,0.3074295297619048,0.0038537589569161046,,-0.020852730243764172,-0.07711783265306123,,,-0.005997636564625851
method,coherence,Right DHC – Left DHC,5,-0.01993628907596371,0.18344367964428707,0.08203850754546406,-0.24301135737891658,4,0.8199495941644099,0.8736889041778203,1,0.26954865787981863,-0.030780502636054422,,-0.07803290252267574,-0.23742805807823128,,,-0.022988640022675737
method,coherence,Right DHC – Left OFC,5,0.04619144280045352,0.13912217037216595,0.062217326025894054,0.7424208938395912,4,0.4990630992045077,0.799948173032228,2,0.29343283715986396,0.0012258945578231294,,-0.02369423801020408,-0.03764052202380952,,,-0.0023667576814058963
method,coherence,Right DHC – Left PER,1,-0.0009259521825396846,,,,,,,0,,,,,,,,-0.0009259521825396846
method,coherence,Right DHC – Left RSC,4,-0.06886476903344671,0.067305356593499,0.0336526782967495,-2.046338434825211,3,0.1332319857216534,0.7112593423362659,1,,-0.12053276448412698,,-0.03340324492630385,-0.12979633174603172,,,0.008273265022675736
method,coherence,Right DHC – Right PER,1,0.014893253373015876,,,,,,,1,,,,0.014893253373015876,,,,
method,coherence,Right DHC – Right RSC,3,-0.045512597260015115,0.05236124561214356,0.030230779249275197,-1.5055052628557801,2,0.27114010030044217,0.7591922808412381,0,,-0.10503950977891156,,-0.0065779875,,,,-0.024920294501133786
method,coherence,Right OFC – Left ACC,8,-0.02917985482213719,0.12369475846806921,0.04373270125500193,-0.6672319336505595,7,0.5260005017275938,0.799948173032228,3,0.237730189484127,-0.09876760311791384,0.006921510487528345,0.016079576445578232,-0.11011472704081633,-0.12818857945011336,-0.13529322191043086,-0.021805983475056693
method,coherence,Right OFC – Left DHC,6,0.03215596015684052,0.11359284275432403,0.0463740838633832,0.6934036745948687,5,0.5189416818831557,0.799948173032228,2,0.25956723341836735,-0.009803809268707483,0.01323725068027211,-0.008048944586167797,-0.054315069274376425,,,-0.007700900028344672
method,coherence,Right OFC – Left OFC,8,-0.046266161950822005,0.14040896054470545,0.049642064070257806,-0.9319951298830377,7,0.38235945786827175,0.799948173032228,2,0.2510639200680272,-0.1484744866213152,0.018028114795918367,-0.009554696853741504,-0.10243054832766439,-0.16494764917800456,-0.17426860459183674,-0.03954534489795919
method,coherence,Right OFC – Left PER,2,-0.008151560870181405,,,,,,,1,,,0.01509539739229025,,,,,-0.03139851913265306
method,coherence,Right OFC – Left RSC,7,-0.01732338701814059,0.03209689939581881,0.012131487665370842,-1.4279688935092396,6,0.20321695495321881,0.7112593423362659,2,,-0.02680813826530612,0.015268133219954651,-0.007202464030612247,-0.0818275991213152,-0.01990200898526077,-0.010043015873015874,0.00925138392857143
method,coherence,Right OFC – Right DHC,5,0.03832393534013606,0.13039178609926616,0.058312979485114255,0.6572110648182389,4,0.5469385352222059,0.799948173032228,2,0.2701607227891157,-0.02236004781746032,,-0.01833695921201814,-0.03907858214285714,,,0.0012345430839002215
method,coherence,Right OFC – Right PER,2,-0.06613828092403629,,,,,,,0,,,,-0.008989062840136055,,-0.12328749900793651,,
method,coherence,Right OFC – Right RSC,6,-0.03992351985544218,0.057845586612773635,0.02361536184554416,-1.6905741320654424,5,0.15170915033611948,0.7112593423362659,1,,-0.03132493219954649,0.026139441978458047,-0.0061409005102040825,,-0.10145277049319727,-0.11934833545918368,-0.007413622448979594
method,coherence,Right PER – Left ACC,2,-0.012419359027777776,,,,,,,0,,,,-0.014599515901360546,,-0.010239202154195007,,
method,coherence,Right PER – Left DHC,1,-0.00492153273809524,,,,,,,0,,,,-0.00492153273809524,,,,
method,coherence,Right PER – Left OFC,2,-0.046316771173469384,,,,,,,0,,,,-0.012610610742630389,,-0.08002293160430837,,
method,coherence,Right PER – Left RSC,2,-0.016914915107709746,,,,,,,0,,,,-0.012244461933106573,,-0.021585368282312924,,
method,coherence,Right RSC – Left ACC,6,-0.00880984119897959,0.0552417388120222,0.022552345432259296,-0.3906396886941005,5,0.7121527990948857,0.8308449322773667,2,,-0.006844469614512471,0.08819865011337868,-0.040056497392290245,,-0.04437698290816326,-0.06416600181405896,0.014386254421768704
method,coherence,Right RSC – Left DHC,4,-0.0034331893707482976,0.039697632167606765,0.019848816083803383,-0.17296695965407113,3,0.8736889041778203,0.8736889041778203,2,,-0.03244485337301587,0.051184712018140587,-0.03319323146258503,,,,0.0007206153344671231
method,coherence,Right RSC – Left OFC,6,-0.02843937776360544,0.05214820194299709,0.021289414293992864,-1.335845945354638,5,0.2391743140914568,0.7440978660623101,1,,-0.004032589795918372,0.04729760317460317,-0.018870026785714283,,-0.07934888052721088,-0.09561095337301587,-0.020071419274376417
method,coherence,Right RSC – Left PER,2,0.040057698568594105,,,,,,,1,,,0.08063582794784581,,,,,-0.000520430810657598
method,coherence,Right RSC – Left RSC,6,-0.02896676079931973,0.14366710187637455,0.05865184873692756,-0.4938763470056159,5,0.6423219990529803,0.8175007260674295,2,,-0.2659573771825397,-0.04634592457482993,-0.01951243089569161,,-0.053237345748299324,0.035534934948979593,0.1757175786564626
method,coherence,Right RSC – Right PER,2,-0.025621180371315194,,,,,,,0,,,,-0.00320550252267574,,-0.048036858219954646,,
method,raw_cc,Left DHC – Left ACC,6,0.01778921631708238,0.19758455389891724,0.08066355635129797,0.22053597834948585,5,0.8341760079734094,0.9052819078053618,3,0.3680413350340136,-0.007680477154195013,0.010635469614512474,-0.030721277267573698,-0.245720031122449,,,0.012180278798185935
method,raw_cc,Left DHC – Left OFC,6,0.04855659092025699,0.16593044539048135,0.0677408206665714,0.7167995669739294,5,0.505575930064955,0.9052819078053618,3,0.374782733276644,0.012927219954648527,0.03231816865079365,-0.017750438548752835,-0.09829797962018141,,,-0.012640158191609978
method,raw_cc,Left OFC – Left ACC,8,-0.04799477843324829,0.21422914660348114,0.07574144114556426,-0.6336660315323175,7,0.5464378546106791,0.9052819078053618,3,0.2374755953798186,-0.1410057777494331,0.00033522619047618706,0.27090041748866217,-0.07947995062358278,-0.15601969838435373,-0.3724292491780045,-0.14373479058956917
method,raw_cc,Left PER – Left ACC,2,0.11025234484126985,,,,,,,2,,,0.17628988129251702,,,,,0.044214808390022675
method,raw_cc,Left PER – Left DHC,2,0.047476904917800454,,,,,,,2,,,0.08833430833333333,,,,,0.0066195015022675755
method,raw_cc,Left PER – Left OFC,2,0.0025578354591836716,,,,,,,1,,,0.09649145124716553,,,,,-0.09137578032879819
method,raw_cc,Left PER – Left RSC,2,0.019221339895124718,,,,,,,2,,,0.023569550170068027,,,,,0.014873129620181407
method,raw_cc,Left RSC – Left ACC,7,-0.03719658769031422,0.1243480543662844,0.04699914683827542,-0.7914311257246452,6,0.45882732533715326,0.9052819078053618,3,,-0.11937647060657597,0.010039216156462584,-0.01912540612244898,-0.25026458027210885,-0.06685424268707482,0.05082911930272109,0.1343762503968254
method,raw_cc,Left RSC – Left DHC,5,-0.017354873004535136,0.3062567834195736,0.1369621972593194,-0.12671286933047687,4,0.9052819078053618,0.9052819078053618,1,,-0.11934451428571428,-0.07537514778911564,-0.0401790501984127,-0.34076883681972786,,,0.4888931840702948
method,raw_cc,Left RSC – Left OFC,7,-0.0404093194080013,0.06160205207752474,0.02328338714976861,-1.7355429924379746,6,0.1333294144720825,0.4838402873136919,2,,-0.09566875017006803,0.041876160714285716,-0.021780637670068027,-0.14211597681405896,-0.0439783897675737,0.00461679861111111,-0.025814440759637184
method,raw_cc,Right ACC – Left ACC,8,0.30080786295705786,0.2805889120153203,0.09920316120589427,3.0322406997972258,7,0.019054268459517052,0.4838402873136919,7,0.26875150028344674,0.039485679251700684,0.3887551052154195,0.22153303231292518,0.20696877732426305,0.8701853454931973,-0.036031014342403626,0.44681447811791386
method,raw_cc,Right ACC – Left DHC,6,0.09134829637660619,0.15212706417334879,0.06210561388205603,1.470854092998494,5,0.20129459155333468,0.5484596789383515,3,0.3704844849773242,-0.017086185062358275,0.1432002196712018,-0.012233905980725622,-0.020783285374149658,,,0.08450845002834467
method,raw_cc,Right ACC – Left OFC,8,0.08846213463010204,0.11291619371079932,0.03992190313933999,2.2158796969508536,7,0.06225466043012856,0.4838402873136919,6,0.21111262103174605,-0.012810401133786852,0.13998715617913832,0.12837249648526075,0.013190931916099768,0.24336706567460317,-0.08367024631519275,0.06814745320294785
method,raw_cc,Right ACC – Left PER,2,0.3059132924178004,,,,,,,2,,,0.2920049814058957,,,,,0.31982160342970517
method,raw_cc,Right ACC – Left RSC,7,0.011020852603660512,0.07098815459642399,0.026831000441934944,0.4107507145516536,6,0.6955215359893469,0.9052819078053618,3,,-0.07577918217120182,0.10022403917233559,-0.02074413886054422,-0.0458558277494331,-0.005250057369614515,0.012367409722222222,0.11218372548185943
method,raw_cc,Right ACC – Right DHC,5,0.04733524360544218,0.1267583203864081,0.056688044219541184,0.8350128189662441,4,0.45068127133897345,0.9052819078053618,3,0.2714096077097506,-0.02463805289115646,,0.0047834060374149605,-0.03056982006802721,,,0.015691077239229023
method,raw_cc,Right ACC – Right OFC,8,-0.019206007568027213,0.14561078494026536,0.05148118672257882,-0.3730684700709078,7,0.7201381236921519,0.9052819078053618,5,0.15763284651360543,-0.28258385841836736,0.06925017392290249,0.03125629195011338,-0.0996630949829932,0.07197248381519275,-0.1523167077664399,0.050803804421768704
method,raw_cc,Right ACC – Right PER,2,0.3309420954506803,,,,,,,2,,,,0.19859687976190477,,0.4632873111394558,,
method,raw_cc,Right ACC – Right RSC,6,0.16292380739323506,0.20921911463487114,0.08541334588204913,1.907474829732386,5,0.11475739881418219,0.4838402873136919,5,,-0.07061830816326531,0.250360620946712,0.1030054110260771,,0.5267075343820862,0.019611091836734696,0.14847649433106577
method,raw_cc,Right DHC – Left ACC,5,0.01688152264739229,0.1934876672428279,0.08653031535256449,0.1950937377104101,4,0.8548284673302624,0.9052819078053618,1,0.34795439413265306,-0.01809617613378685,,-0.08494674784580498,-0.1498163321995465,,,-0.01068752471655329
method,raw_cc,Right DHC – Left DHC,5,-0.059156173985260775,0.3211779015968159,0.14363512416824373,-0.41185033485242467,4,0.7015627266403468,0.9052819078053618,2,0.4078781961451247,0.040298099149659865,,-0.20204549229024943,-0.4639236721655329,,,-0.07798800076530613
method,raw_cc,Right DHC – Left OFC,5,0.021717668100907028,0.15486558189348437,0.06925799369777833,0.31357633886532427,4,0.7695143939165184,0.9052819078053618,1,0.2950277474489796,-0.05338833443877551,,-0.06723320232426304,-0.06218088265306122,,,-0.0036369875283446705
method,raw_cc,Right DHC – Left PER,1,-0.0108286755952381,,,,,,,0,,,,,,,,-0.0108286755952381
method,raw_cc,Right DHC – Left RSC,4,-0.14969292191043085,0.12167459111158017,0.06083729555579009,-2.460545304371014,3,0.09082352293923568,0.4838402873136919,0,,-0.26774291754535146,,-0.07544733840702948,-0.23735005357142858,,,-0.01823137811791383
method,raw_cc,Right DHC – Right PER,1,-0.04796289447278911,,,,,,,0,,,,-0.04796289447278911,,,,
method,raw_cc,Right DHC – Right RSC,3,-0.0628751179138322,0.07755377492430295,0.04477569282921796,-1.4042243445265827,2,0.2954037997439934,0.6892755327359845,1,,-0.1373269663265306,,0.01744697440476191,,,,-0.06874536181972789
method,raw_cc,Right OFC – Left ACC,8,-0.12011944141510772,0.16922073698044113,0.059828565318127545,-2.0077272583153944,7,0.08464906726789917,0.4838402873136919,2,0.17948273596938774,-0.21823894075963718,-0.04657544041950113,0.015025529138321992,-0.2226068095804989,-0.25095866904761904,-0.33917154024943313,-0.07791239637188208
method,raw_cc,Right OFC – Left DHC,6,0.029416964961262282,0.1321553117112082,0.053952180081819685,0.5452414511638046,5,0.6090182913724428,0.9052819078053618,3,0.28265224730725624,-0.005616727777777781,0.016482879251700677,0.004920718962585032,-0.11027983784013605,,,-0.011657490136054424
method,raw_cc,Right OFC – Left OFC,8,-0.12902044542942176,0.20641495508087873,0.07297870723800297,-1.76791903162455,7,0.1204018238712346,0.4838402873136919,2,0.18812977621882088,-0.2682475399943311,0.12352551672335602,-0.054881956179138325,-0.23681100320294782,-0.30250671941609975,-0.38620369982993197,-0.09516793775510204
method,raw_cc,Right OFC – Left PER,2,-0.017443270124716553,,,,,,,1,,,0.018279771825396824,,,,,-0.05316631207482993
method,raw_cc,Right OFC – Left RSC,7,-0.03678842973356009,0.05993730142049664,0.02265417054499322,-1.6239142219087195,6,0.15552009235082953,0.4838402873136919,2,,-0.02190068327664399,0.004458911933106576,-0.03070578106575964,-0.16908638990929706,-0.012275497222222225,-0.029055875283446712,0.0010463066893424034
method,raw_cc,Right OFC – Right DHC,5,0.010855623922902503,0.146162236718621,0.06536573940925047,0.16607513386999534,4,0.876154210581059,0.9052819078053618,2,0.26249896612811796,-0.053165756746031745,,-0.04524500110544218,-0.1107363876984127,,,0.0009262990362811804
method,raw_cc,Right OFC – Right PER,2,-0.16044590676020407,,,,,,,0,,,,-0.059595141780045345,,-0.2612966717403628,,
method,raw_cc,Right OFC – Right RSC,6,-0.08037216129535148,0.11372346812236203,0.046427411446575924,-1.7311359559176762,5,0.1439804816805592,0.4838402873136919,1,,-0.047624314030612236,0.04439598404195011,-0.029884012755102038,,-0.2049750047052154,-0.23712239611678004,-0.007023224206349202
method,raw_cc,Right PER – Left ACC,2,-0.06437845793650794,,,,,,,0,,,,-0.12163634382086168,,-0.007120572052154194,,
method,raw_cc,Right PER – Left DHC,1,-0.04765455816326531,,,,,,,0,,,,-0.04765455816326531,,,,
method,raw_cc,Right PER – Left OFC,2,-0.11075521916099773,,,,,,,0,,,,-0.04183076884920635,,-0.17967966947278913,,
method,raw_cc,Right PER – Left RSC,2,-0.044241760742630386,,,,,,,0,,,,-0.022486770776643992,,-0.06599675070861678,,
method,raw_cc,Right RSC – Left ACC,6,-0.025172766090325024,0.10849004926167177,0.04429087714341779,-0.5683510400756655,5,0.5943705288304294,0.9052819078053618,2,,-0.015718730300453516,0.14989886547619047,-0.10456238117913833,,-0.04780958818027212,-0.16100779438775512,0.02816303202947846
method,raw_cc,Right RSC – Left DHC,4,0.007845153939909297,0.07044311176618195,0.03522155588309098,0.22273729093482683,3,0.8380433701023298,0.9052819078053618,2,,-0.006957889880952384,0.10386663775510203,-0.06554533378684807,,,,1.7201672335604274e-05
method,raw_cc,Right RSC – Left OFC,6,-0.056563532020030234,0.0977278946989152,0.03989724594146456,-1.4177302388996398,5,0.21546630244006665,0.5484596789383515,1,,-0.023915753911564624,0.09059722675736961,-0.06093580212585035,,-0.1913840638888889,-0.13169397307256236,-0.022048825878684807
method,raw_cc,Right RSC – Left PER,2,0.10548414115646258,,,,,,,1,,,0.2279347196712018,,,,,-0.016966437358276642
method,raw_cc,Right RSC – Left RSC,6,-0.052401494222411193,0.2645272945277757,0.10799281577199522,-0.48523129846939306,5,0.6480253522533936,0.9052819078053618,2,,-0.48564264603174606,-0.09974764917800454,-0.033252288010204085,,-0.09899122338435375,0.08255264384920635,0.3206721974206349
method,raw_cc,Right RSC – Right PER,2,-0.04433702723922903,,,,,,,0,,,,-0.017256953599773243,,-0.07141710087868482,,
method,amp_cc,Left DHC – Left ACC,6,0.03269381657218443,0.17051076215892538,0.06961072715707164,0.46966635614096036,5,0.6583630061926601,0.8058145339641141,3,0.2953636330782313,-0.004682793480725627,0.07594199801587301,-0.04692596482426304,-0.21816672307256238,,,0.09463274971655329
method,amp_cc,Left DHC – Left OFC,6,0.026903035837112625,0.13300877064231692,0.05430060323142594,0.4954463530074148,5,0.6412892002785922,0.8058145339641141,2,0.28528145677437644,-0.009014051955782313,0.03359995861678005,-0.052957415589569165,-0.08542717508503402,,,-0.01006455773809524
method,amp_cc,Left OFC – Left ACC,8,-0.016312501488095238,0.17465176563937043,0.061748723914901237,-0.264175523863072,7,0.7992534502082437,0.8288554298455861,3,0.27303453812358275,-0.05492047375283447,0.010475923752834477,0.18889838959750566,-0.06479515351473923,-0.09328076992630387,-0.27674685819160993,-0.11316560799319729
method,amp_cc,Left PER – Left ACC,2,0.11918997205215419,,,,,,,2,,,0.1527652002834467,,,,,0.08561474382086168
method,amp_cc,Left PER – Left DHC,2,0.032437532128684804,,,,,,,2,,,0.029853165986394557,,,,,0.03502189827097506
method,amp_cc,Left PER – Left OFC,2,0.035956297973356005,,,,,,,1,,,0.09057379535147392,,,,,-0.018661199404761904
method,amp_cc,Left PER – Left RSC,2,0.041686637740929705,,,,,,,2,,,0.012498508219954654,,,,,0.07087476726190475
method,amp_cc,Left RSC – Left ACC,7,-0.01871653459669582,0.11100916738523824,0.04195752144995466,-0.4460829417443114,6,0.6711839810233612,0.8058145339641141,3,,-0.1059488887755102,0.03312878985260771,-0.032614621967120186,-0.19388446916099772,-0.038831842743764174,0.06855078426870749,0.13858450634920633
method,amp_cc,Left RSC – Left DHC,5,-0.04515790270408164,0.20482187898700452,0.09159912893883557,-0.49299489227932936,4,0.6478541979647271,0.8058145339641141,1,,-0.122853575,-0.04012427222222222,-0.04907289878117914,-0.2886482908446712,,,0.2749095233276644
method,amp_cc,Left RSC – Left OFC,7,-0.03099333394881762,0.06302462634448179,0.023821069682895518,-1.3010890930339738,6,0.2409556337674753,0.6746757745489308,3,,-0.08892485150226756,0.029792146258503398,-0.014375806717687076,-0.1323303551870748,-0.05466220357142857,0.014446470804988662,0.029101262273242633
method,amp_cc,Right ACC – Left ACC,8,0.2829980298469388,0.20674925231990648,0.0730968991603272,3.8715463049427665,7,0.0061194429721239535,0.1713444032194707,8,0.28583191709183675,0.04182759178004535,0.35649784274376417,0.1865732990079365,0.22888995901360543,0.7291164060374149,0.12860481303854876,0.30664241006235826
method,amp_cc,Right ACC – Left DHC,6,0.08959597027116402,0.1210316815956755,0.049410977103401116,1.8132806822190295,5,0.12952433853014694,0.5494435305901331,5,0.2865639933390023,0.002251045323129252,0.17929323185941043,0.017764587244897954,-0.026520914484126988,,,0.0782238783446712
method,amp_cc,Right ACC – Left OFC,8,0.11050285787273242,0.09397589329963722,0.03322549571011846,3.325845273666752,7,0.012663034722976911,0.17728248612167674,7,0.24703376544784578,0.012012639682539674,0.20188047193877554,0.15200825768140588,0.06030807619047619,0.16939894180839002,-0.004665760204081636,0.04604647043650793
method,amp_cc,Right ACC – Left PER,2,0.24669759267290248,,,,,,,2,,,0.2524106126984127,,,,,0.2409845726473923
method,amp_cc,Right ACC – Left RSC,7,0.013392003595724001,0.07291606676096153,0.027559682747212454,0.4859273496926791,6,0.6442545067532037,0.8058145339641141,3,,-0.07294566547619048,0.10934872094671201,-0.03861926431405896,-0.031204822363945575,-0.010745083503401361,0.025437972647392296,0.11247216723356009
method,amp_cc,Right ACC – Right DHC,5,0.06420506214852609,0.12885596649131928,0.05762614007620499,1.1141655863748832,4,0.32763735773576225,0.8058145339641141,2,0.2878276924603175,-0.017612374007936502,,0.061453487868480726,-0.009722940447845807,,,-0.0009205551303854877
method,amp_cc,Right ACC – Right OFC,8,0.01854763687287415,0.1078363229221928,0.03812589759825243,0.4864839398226867,7,0.6414848812415038,0.8058145339641141,5,0.21496240773809522,-0.15160252451814057,0.08337598276643991,0.01870900260770975,-0.03224326422902494,0.02777265657596372,-0.0600033820861678,0.04741021612811791
method,amp_cc,Right ACC – Right PER,2,0.2170259149659864,,,,,,,2,,,,0.15736677990362813,,0.27668505002834465,,
method,amp_cc,Right ACC – Right RSC,6,0.14110048872826908,0.1162604330079537,0.04746312302408558,2.9728445946691373,5,0.03105502400443118,0.28984689070802433,5,,-0.026332835317460317,0.22765433052721087,0.07661956828231292,,0.30202770972222226,0.10265412627551021,0.16398003287981858
method,amp_cc,Right DHC – Left ACC,5,0.033910529597505665,0.1640767172916521,0.07337733867782985,0.4621389956154318,4,0.6679998469311984,0.8058145339641141,2,0.30768176686507936,0.03421755306122449,,-0.026349398951247164,-0.12887123010204082,,,-0.017126042885487525
method,amp_cc,Right DHC – Left DHC,5,-0.07681968069727893,0.2273876583626252,0.10169085226866569,-0.7554237080669016,4,0.4920384374044546,0.8058145339641141,1,0.28181143664965985,-0.15700591374716555,,-0.1857958808106576,-0.3124494315192744,,,-0.010658614058956914
method,amp_cc,Right DHC – Left OFC,5,0.023871889143990927,0.1691329095287906,0.07563853658773953,0.3156048519830881,4,0.768083185545679,0.8271665075107312,1,0.3124058365929705,-0.004810527012471657,,-0.04755316281179138,-0.131559964569161,,,-0.009122736479591838
method,amp_cc,Right DHC – Left PER,1,0.0006710696995464849,,,,,,,1,,,,,,,,0.0006710696995464849
method,amp_cc,Right DHC – Left RSC,4,-0.11527520481150794,0.11215586131958262,0.05607793065979131,-2.055625153339724,3,0.13204893191829334,0.5494435305901331,1,,-0.20775816176303855,,-0.05467370181405896,-0.21114449223356008,,,0.012475536564625852
method,amp_cc,Right DHC – Right PER,1,0.016866499744897963,,,,,,,1,,,,0.016866499744897963,,,,
method,amp_cc,Right DHC – Right RSC,3,-0.07125569434051399,0.0422045649628819,0.024366816942350916,-2.92429226636769,2,0.09974824342254882,0.5494435305901331,0,,-0.11990715907029478,,-0.04448015821995465,,,,-0.04937976573129252
method,amp_cc,Right OFC – Left ACC,8,-0.04447973075042517,0.1375183662835073,0.04862008466838175,-0.9148427250549586,7,0.39069861474409684,0.8058145339641141,2,0.24959374688208616,-0.14077660813492063,0.0004493167233560175,-0.0013032268424036236,-0.181843664569161,-0.125701598015873,-0.12819654583333331,-0.02805926621315193
method,amp_cc,Right OFC – Left DHC,6,0.022721630404383977,0.1464230742320439,0.05977696973969524,0.38010676190726256,5,0.719477262467959,0.8058145339641141,3,0.2931266798469388,-0.013927238633786846,0.007494073922902492,0.010777431065759634,-0.15481156907596372,,,-0.006329594699546486
method,amp_cc,Right OFC – Left OFC,8,-0.08281522428075397,0.16266280357325902,0.05750998572673341,-1.4400146902185278,7,0.19304697006839683,0.6005905735461234,1,0.25742139965986394,-0.20913748696145124,-0.025250943253968254,-0.04965060130385487,-0.168517675,-0.2286608768424036,-0.21368985572562357,-0.025035754818594103
method,amp_cc,Right OFC – Left PER,2,-0.028156252848639457,,,,,,,0,,,-0.013315089852607714,,,,,-0.0429974158446712
method,amp_cc,Right OFC – Left RSC,7,-0.041949247173631354,0.06475389104389893,0.024474670303704177,-1.7139862009615079,6,0.13736088264753327,0.5494435305901331,1,,-0.042503687840136056,-0.03276589603174603,-0.012125121626984127,-0.17932561833900226,-0.03454699282879819,-0.019309733843537413,0.02693232029478458
method,amp_cc,Right OFC – Right DHC,5,0.010526080589569163,0.15032021509240748,0.06722524386780258,0.1565792845656096,4,0.8831615242210012,0.8831615242210012,1,0.2725676924603175,-0.023348849546485268,,-0.07780028030045351,-0.09807319126984128,,,-0.020714968395691608
method,amp_cc,Right OFC – Right PER,2,-0.09385249668367346,,,,,,,0,,,,-0.020257259552154194,,-0.16744773381519273,,
method,amp_cc,Right OFC – Right RSC,6,-0.039547254539871506,0.058347252904642384,0.02382016625158292,-1.6602425911802137,5,0.15775894934981843,0.5521563227243645,1,,-0.022093346626984128,0.02115374027777778,-0.009863913265306124,,-0.08441145674603175,-0.1348934861111111,-0.007175064767573697
method,amp_cc,Right PER – Left ACC,2,-0.00016044982993196864,,,,,,,1,,,,0.009255113662131519,,-0.009576013321995456,,
method,amp_cc,Right PER – Left DHC,1,-0.042055439569160996,,,,,,,0,,,,-0.042055439569160996,,,,
method,amp_cc,Right PER – Left OFC,2,-0.04255701757369614,,,,,,,1,,,,0.005386890022675737,,-0.09050092517006803,,
method,amp_cc,Right PER – Left RSC,2,-0.034797297278911565,,,,,,,0,,,,-0.02165631626984127,,-0.04793827828798186,,
method,amp_cc,Right RSC – Left ACC,6,0.01700048366874528,0.06416108645111752,0.026193653857972857,0.649030630126108,5,0.5449470504459206,0.8058145339641141,3,,-0.013020628004535144,0.12613384149659865,-0.04970798633786847,,-0.03314740858843537,0.02899039390589569,0.04275468954081633
method,amp_cc,Right RSC – Left DHC,4,-0.03480284246031746,0.07617811895474128,0.03808905947737064,-0.913722810115446,3,0.4282371308312756,0.8058145339641141,2,,-0.07983057281746031,0.026456799036281183,-0.11873878146258504,,,,0.03290118540249433
method,amp_cc,Right RSC – Left OFC,6,-0.019069059632464098,0.047847712333683616,0.01953374676283303,-0.9762110599665859,5,0.3737940045452132,0.8058145339641141,2,,0.0020687266439909286,0.0549000164399093,-0.038521603968253965,,-0.08416393988095239,-0.0450525447845805,-0.0036450122448979634
method,amp_cc,Right RSC – Left PER,2,0.0633739389739229,,,,,,,2,,,0.11816703854875284,,,,,0.00858083939909297
method,amp_cc,Right RSC – Left RSC,6,-0.04128199333427816,0.24090351554386055,0.09834844838751573,-0.4197523602163759,5,0.6920924927004155,0.8058145339641141,2,,-0.429132996031746,-0.08978169407596373,-0.05754330697278912,,-0.052137489710884354,0.06877892828798186,0.3121245984977324
method,amp_cc,Right RSC – Right PER,2,-0.035608694033446714,,,,,,,0,,,,-0.021285165617913833,,-0.04993222244897959,,
kind,state,Left DHC – Left ACC,6,0.027173653108465617,0.16803247037309757,0.0685989687722368,0.3961233469658697,5,0.7083533450695464,0.8623432026933608,3,0.31437194138558205,-0.007214594593253969,0.040509613425925926,-0.018168762797619045,-0.20752265462962963,,,0.04106637585978836
kind,state,Left DHC – Left OFC,6,0.038151862389770724,0.13399312638210387,0.05470246477940225,0.6974432055964046,5,0.5166167825999329,0.8623432026933608,2,0.3036806242559524,-0.0020179783564814808,0.033024070271164024,-0.020244386044973545,-0.06642957731481482,,,-0.019101578472222224
kind,state,Left OFC – Left ACC,8,-0.030440044002149468,0.19215447203816308,0.06793686510675297,-0.44806371260018163,7,0.6676463439307021,0.8623432026933608,2,0.2679018970734127,-0.07601959753637566,-0.00014980985449735787,0.2279621621527778,-0.09014344722222223,-0.14639763344907408,-0.3021501253141534,-0.1245237978670635
kind,state,Left PER – Left ACC,2,0.10863300792824074,,,,,,,2,,,0.14885927731481483,,,,,0.06840673854166666
kind,state,Left PER – Left DHC,2,0.0333241494130291,,,,,,,2,,,0.051291891435185186,,,,,0.015356407390873017
kind,state,Left PER – Left OFC,2,0.011340442104828045,,,,,,,1,,,0.08223438541666667,,,,,-0.05955350120701058
kind,state,Left PER – Left RSC,2,0.038111638078703707,,,,,,,2,,,0.025897376620370373,,,,,0.05032589953703704
kind,state,Left RSC – Left ACC,7,-0.025065203970616023,0.09809471853610106,0.03707631859648591,-0.6760434940536868,6,0.5242011767682229,0.8623432026933608,3,,-0.09142126709656084,0.031698192294973546,-0.023385929150132274,-0.17751411666666667,-0.07603219742063493,0.049462079662698416,0.11173681058201058
kind,state,Left RSC – Left DHC,5,-0.01344268534391535,0.2374832038032319,0.10620571744369262,-0.1265721438306021,4,0.9053864013399588,0.9750315091353403,1,,-0.09647142581018518,-0.05836263313492064,-0.025925447800925924,-0.26468084421296295,,,0.37822692423941795
kind,state,Left RSC – Left OFC,7,-0.0331054816893424,0.05437663327041406,0.02055243553806806,-1.610781438921099,6,0.1583533044088259,0.5306468932515794,3,,-0.08848488559854498,0.03392688029100529,-0.028517605406746034,-0.1164361400462963,-0.04432266122685185,0.0025963686342592588,0.00949967152777778
kind,state,Right ACC – Left ACC,8,0.2646102297329696,0.23660540939886704,0.08365264472567908,3.1632021988151378,7,0.015857353336327828,0.44400589341717916,8,0.28052332589285717,0.03471567323082011,0.32729004328703704,0.18283078814484127,0.16400049768518518,0.7688369030919312,0.02242612566137566,0.336258480869709
kind,state,Right ACC – Left DHC,6,0.08587910524691357,0.12405063371492538,0.05064345914507714,1.6957590712928534,5,0.15069845155160497,0.5306468932515794,4,0.2963879185681217,-0.0026365447255291006,0.1476783611111111,0.01464518371362434,-0.03955826150793651,,,0.09875797432208994
kind,state,Right ACC – Left OFC,8,0.09043444525462963,0.10905261283947143,0.0385559210224507,2.3455397473703354,7,0.051423935859145876,0.4799567346853615,7,0.24642073098544973,0.017813012880291003,0.16732388194444445,0.14002645375330688,0.004953041666666665,0.17499495944113758,-0.08106517377645503,0.05300865514219577
kind,state,Right ACC – Left PER,2,0.2501729814566799,,,,,,,2,,,0.24623358472222223,,,,,0.2541123781911376
kind,state,Right ACC – Left RSC,7,0.012929056238189721,0.0638246975967773,0.02412346819213922,0.5359534597269365,6,0.6112667660112584,0.8623432026933608,3,,-0.06814855375330688,0.09557954976851851,-0.01143537941468254,-0.03350219573412698,-0.014697743386243387,0.02370934052579365,0.09899837566137566
kind,state,Right ACC – Right DHC,5,0.057721766607142865,0.13118645287874514,0.058668365272789416,0.9838652626292693,4,0.3808840144605877,0.8203655696074197,2,0.2827659185681217,-0.014490856911375659,,0.06238285426587301,-0.037702679034391534,,,-0.004346403852513228
kind,state,Right ACC – Right OFC,8,-0.0012219372705853174,0.120743838054772,0.0426893933375098,-0.028623908073006986,7,0.9779635192061099,0.9928835452889301,5,0.18880118278769842,-0.1949349539186508,0.07457518148148148,0.03799471967592592,-0.07254564583333332,0.038652922734788354,-0.11622531200396827,0.03390640691137566
kind,state,Right ACC – Right PER,2,0.24377817891865078,,,,,,,2,,,,0.1445933595899471,,0.3429629982473545,,
kind,state,Right ACC – Right RSC,6,0.14714399215994267,0.13963988231521837,0.05700774323576292,2.5811229108194933,5,0.04936487153444416,0.4799567346853615,5,,-0.016210343948412698,0.2216145662037037,0.10482358953373015,,0.3783723891865079,0.0471020521660053,0.1471616998181217
kind,state,Right DHC – Left ACC,5,0.03286977712962963,0.16891388873355248,0.07554058751041184,0.43512736944360075,4,0.685918262251446,0.8623432026933608,2,0.3219111149966931,0.00927573318452381,,-0.03938936965939153,-0.11914910555555555,,,-0.008299487318121693
kind,state,Right DHC – Left DHC,5,-0.051740250826719555,0.2402127653395818,0.10742641447250205,-0.48163434552647677,4,0.6552305356462012,0.8623432026933608,1,0.30975648875661377,-0.04793504770171958,,-0.12033094343584655,-0.3603938049768518,,,-0.03979794677579365
kind,state,Right DHC – Left OFC,5,0.03403373875661376,0.15281571990003245,0.06834126754540798,0.4979968908829607,4,0.6446217745798909,0.8623432026933608,1,0.30447093295304234,-0.02553907423941799,,-0.02739021509589947,-0.07057174027777778,,,-0.010801209556878308
kind,state,Right DHC – Left PER,1,-0.00393119351851852,,,,,,,0,,,,,,,,-0.00393119351851852
kind,state,Right DHC – Left RSC,4,-0.11199041242972883,0.10437429531597514,0.05218714765798757,-2.1459385587360797,3,0.12117146700108036,0.5306468932515794,1,,-0.2121007929563492,,-0.05962735739087302,-0.1850138580026455,,,0.008780358630952383
kind,state,Right DHC – Right PER,1,0.006316917377645504,,,,,,,1,,,,0.006316917377645504,,,,
kind,state,Right DHC – Right RSC,3,-0.051554852673059974,0.0737075718414967,0.042555086444001806,-1.2114850886485908,2,0.3494247207545826,0.8153243484273593,1,,-0.12446923156415345,,0.022921097404100525,,,,-0.05311642385912699
kind,state,Right OFC – Left ACC,8,-0.07676133563781415,0.15477814261714337,0.05472233711202032,-1.4027422747072829,7,0.20345578429997854,0.5696761960399399,2,0.22227227265211638,-0.17005978210978834,-0.0013146287037037016,0.018825318485449737,-0.1880489574074074,-0.20739677683531746,-0.23417572827380953,-0.05419240291005291
kind,state,Right OFC – Left DHC,6,0.026237237094907412,0.13206642302418745,0.05391589142730189,0.4866327236800803,5,0.6470989224357153,0.8623432026933608,2,0.28090415815145503,-0.00403590248015873,0.015198521527777778,-0.014352910003306879,-0.10884185937499999,,,-0.011448585251322753
kind,state,Right OFC – Left OFC,8,-0.09558568114252644,0.177035191357043,0.06259139215861158,-1.527137803554596,7,0.1705650728308648,0.5306468932515794,2,0.2348611073082011,-0.22095356706349206,0.04958610833333334,-0.037763566104497354,-0.16908826428571427,-0.2596004546296296,-0.28859391294642855,-0.07313289975198413
kind,state,Right OFC – Left PER,2,-0.03755648016699736,,,,,,,0,,,-0.0017844918981481498,,,,,-0.07332846843584656
kind,state,Right OFC – Left RSC,7,-0.031127156696428574,0.050703279264790645,0.019164038227156274,-1.624248309644887,6,0.15544865378639633,0.5306468932515794,2,,-0.03167511207010582,0.021591247453703704,-0.019769159771825397,-0.13741855185185187,-0.032981468634259256,-0.019300689897486775,0.0016636378968253966
kind,state,Right OFC – Right DHC,5,0.01702271293981481,0.14463015148902866,0.0646805700651121,0.2631812447335966,4,0.8054115165355041,0.9020608985197646,1,0.2687169409722222,-0.04033402372685185,,-0.038962662351190475,-0.09866531643518518,,,-0.005641373759920636
kind,state,Right OFC – Right PER,2,-0.11215820931712964,,,,,,,0,,,,-0.020042063839285713,,-0.20427435479497355,,
kind,state,Right OFC – Right RSC,6,-0.06661916205081571,0.08624457651756769,0.03520920092507684,-1.8920952563671487,5,0.11704478411245837,0.5306468932515794,1,,-0.03704692222222222,0.019856889517195768,-0.013464978670634922,,-0.15061046357473545,-0.1967679724702381,-0.02168152488425926
kind,state,Right PER – Left ACC,2,-0.020555479298941803,,,,,,,0,,,,-0.027107542509920646,,-0.014003416087962964,,
kind,state,Right PER – Left DHC,1,-0.027763861772486773,,,,,,,0,,,,-0.027763861772486773,,,,
kind,state,Right PER – Left OFC,2,-0.05911963984788359,,,,,,,1,,,,0.00749722921626984,,-0.12573650891203703,,
kind,state,Right PER – Left RSC,2,-0.030973979670965608,,,,,,,0,,,,-0.02414730651455026,,-0.03780065282738095,,
kind,state,Right RSC – Left ACC,6,-0.0002973176532186955,0.07769424537317032,0.03171854285247669,-0.009373622697660589,5,0.99288354528893,0.9928835452889301,2,,-0.005392058333333334,0.13556672136243386,-0.03111821104497354,,-0.04920808268849207,-0.08519784603174603,0.03356557081679894
kind,state,Right RSC – Left DHC,4,0.00928304791253307,0.059603312607484214,0.029801656303742107,0.31149436185422436,3,0.7758167289834869,0.9020608985197646,2,,-0.01463834502314815,0.08373442410714287,-0.056391005572089946,,,,0.024427118138227514
kind,state,Right RSC – Left OFC,6,-0.0379653885444224,0.08226428579163575,0.03358425404066595,-1.1304520415564834,5,0.3095776232834544,0.788015768357884,1,,-0.01755684675925926,0.08104354497354498,-0.002833346263227514,,-0.14597005844907407,-0.11675732060185186,-0.02571830416666667
kind,state,Right RSC – Left PER,2,0.08864996639384921,,,,,,,2,,,0.16742491203703705,,,,,0.009875020750661375
kind,state,Right RSC – Left RSC,6,-0.04265603605048501,0.2323886433440567,0.09487226636842754,-0.4496154427768628,5,0.6718083435384616,0.8623432026933608,2,,-0.4042491101851852,-0.12179343673941798,-0.03621298946759259,,-0.08125533913690476,0.09462136028439154,0.29295329894179895
kind,state,Right RSC – Right PER,2,-0.03799389446097884,,,,,,,1,,,,0.004963265790343916,,-0.08095105471230159,,
kind,transition,Left DHC – Left ACC,6,0.026545136471193415,0.16096645784886474,0.0657142812388225,0.40394775642027647,5,0.7029486875349185,0.7743827767184754,3,0.30606769874338624,-0.007054958333333335,0.04195406415343915,-0.05133415288800706,-0.1817124942239859,,,0.05135066137566138
kind,transition,Left DHC – Left OFC,6,0.03544283070620224,0.1416838179548176,0.05784217646644747,0.612750640992245,5,0.5668360526779944,0.7743827767184754,3,0.31403759523809527,0.0030843497134038795,0.027068676587301593,-0.03773780158730159,-0.08380237616843032,,,-0.00999345954585538
kind,transition,Left OFC – Left ACC,8,-0.01901986655092592,0.18054850296081354,0.06383353538833535,-0.29796041273943796,7,0.7743827767184754,0.7743827767184754,3,0.2591215400132275,-0.08546610427689594,0.0023706898148148224,0.2068170361552028,-0.04638219717813051,-0.08200395601851851,-0.3089176840828924,-0.09769825683421517
kind,transition,Left PER – Left ACC,2,0.09022022949735449,,,,,,,2,,,0.12792165630511462,,,,,0.052518802689594364
kind,transition,Left PER – Left DHC,2,0.039337121472663134,,,,,,,2,,,0.05659468231922399,,,,,0.022079560626102286
kind,transition,Left PER – Left OFC,2,0.0153491297398589,,,,,,,1,,,0.06732128196649029,,,,,-0.03662302248677249
kind,transition,Left PER – Left RSC,2,0.024262553516313932,,,,,,,2,,,0.014047897045855377,,,,,0.034477209986772485
kind,transition,Left RSC – Left ACC,7,-0.02373611987906274,0.10863182413392874,0.04105897016081143,-0.5780982763595368,6,0.5842265824564462,0.7743827767184754,3,,-0.09574159550264551,0.010926202380952378,-0.02297039991181658,-0.2139402311287478,-0.015901814550264553,0.03985471009700176,0.13162028946208112
kind,transition,Left RSC – Left DHC,5,-0.042441528192239855,0.20695676629477522,0.09255387956773092,-0.458560228814408,4,0.6703589326632512,0.7743827767184754,1,,-0.11442491697530864,-0.04118816820987654,-0.05019836860670194,-0.28868099184303353,,,0.28228480467372136
kind,transition,Left RSC – Left OFC,7,-0.025048394022423783,0.04683872525283317,0.01770337410661107,-1.4148937864375706,6,0.20684109433041079,0.5985097926795105,2,,-0.05546836878306878,0.026296840167548494,-0.0010452266313932994,-0.11140114814814815,-0.03612873009259259,0.007008904761904764,-0.004601029431216926
kind,transition,Right ACC – Left ACC,8,0.26119302850804677,0.21977817347078868,0.07770331840899403,3.36141407929644,7,0.01206098505869027,0.3295354024639115,8,0.2832584801587302,0.03598694175485009,0.30253186706349205,0.1609439882054674,0.20309118293650794,0.7391213151234568,0.05797534027777778,0.3066351125440917
kind,transition,Right ACC – Left DHC,6,0.07844153063271604,0.12940262667753588,0.0528284011226375,1.4848363563118145,5,0.1977156731620429,0.5985097926795105,3,0.32041751818783065,-0.012615066137566135,0.12382036067019399,-0.009392657517636686,-0.0005413500440917077,,,0.04896037863756613
kind,transition,Right ACC – Left OFC,8,0.08678800826719577,0.08513445741412942,0.03009957607508413,2.883363142746627,7,0.023538243033136536,0.3295354024639115,7,0.23576174437830685,-0.019199113756613758,0.1115733249559083,0.08977213580246914,0.056825608179012346,0.1726786486552028,0.009552217151675481,0.03733950077160494
kind,transition,Right ACC – Left PER,2,0.2153783295304233,,,,,,,2,,,0.21433061860670197,,,,,0.21642604045414462
kind,transition,Right ACC – Left RSC,7,0.008438143915343917,0.059075722136974956,0.022328524185141276,0.3779087164640804,6,0.7185066560820415,0.7743827767184754,4,,-0.06057335279982363,0.06837462775573191,-0.0364295009920635,-0.03050285116843033,0.005484688999118166,0.009165216931216932,0.10354817868165786
kind,transition,Right ACC – Right DHC,5,0.054552462896825395,0.12321311246221288,0.055102579036966894,0.9900165083058555,4,0.37820855300408374,0.7564171060081675,3,0.2735959818121693,-0.01834764235008818,,-0.005991401124338625,0.004604440520282186,,,0.018900935626102292
kind,transition,Right ACC – Right OFC,8,0.01256583485174162,0.10613622047428008,0.03752482061343696,0.33486728640728053,7,0.7475358581486886,0.7743827767184754,5,0.19657460945767194,-0.16957118736772486,0.05942916071428571,0.0024581544312169278,-0.033221225595238095,0.046823231216931216,-0.05523085626102293,0.05326479221781305
kind,transition,Right ACC – Right PER,2,0.23632704354056439,,,,,,,2,,,,0.15352157153880072,,0.3191325155423281,,
kind,transition,Right ACC – Right RSC,6,0.11580406345164608,0.14355170765112527,0.05860473924174014,1.976018747800635,5,0.10511179729172519,0.5886260648336611,5,,-0.060847377601410936,0.18630392266313933,0.04757688128306878,,0.35581366347001764,0.0480154966931217,0.11796179420194004
kind,transition,Right DHC – Left ACC,5,0.02792757390211641,0.16960082354411918,0.07584779409691945,0.368205486192916,4,0.7313779568283311,0.7743827767184754,2,0.31983627281746035,0.0031685725529100534,,-0.05026330037477954,-0.117872055335097,,,-0.015231620149911817
kind,transition,Right DHC – Left DHC,5,-0.052277999598765446,0.2432129028415228,0.10876811675173935,-0.4806371679495816,4,0.655880291230642,0.7743827767184754,1,0.33306557440476187,-0.05079973869047619,,-0.20190540090388007,-0.3079869414021164,,,-0.0337634914021164
kind,transition,Right DHC – Left OFC,5,0.02600690391534392,0.15494094503885902,0.06929169712098951,0.37532496671186355,4,0.7264730863260783,0.7743827767184754,2,0.29471263921957674,-0.010260208597883598,,-0.07118684898589066,-0.08586763348765432,,,0.0026365714285714295
kind,transition,Right DHC – Left PER,1,-0.003378953813932983,,,,,,,0,,,,,,,,-0.003378953813932983
kind,transition,Right DHC – Left RSC,4,-0.11032725790343915,0.09593434801344643,0.047967174006723214,-2.3000574911495804,3,0.10498282625041595,0.5886260648336611,0,,-0.18078082123015873,,-0.04768241192680776,-0.20309664964726631,,,-0.00974914880952381
kind,transition,Right DHC – Right PER,1,-0.02102499977954144,,,,,,,0,,,,-0.02102499977954144,,,,
kind,transition,Right DHC – Right RSC,3,-0.07098284828042328,0.039663911918058084,0.022899970223004443,-3.0996917283812273,2,0.09021631735620421,0.5886260648336611,0,,-0.11580940749559084,,-0.05670348533950617,,,,-0.040435652006172836
kind,transition,Right OFC – Left ACC,8,-0.04836857347332451,0.12495510076445797,0.044178299547198284,-1.094849144694886,7,0.30981799061633225,0.667300287481331,1,0.2222643816137566,-0.12930718652998235,-0.02873963866843033,-0.001921185626102293,-0.14948543549382715,-0.11613117817460317,-0.15650226851851853,-0.027126076388888892
kind,transition,Right OFC – Left DHC,6,0.03057944927983539,0.1279168942978135,0.05222185341852903,0.5855680577776158,5,0.5835973772712819,0.7743827767184754,3,0.2751748029100529,-0.017444844444444444,0.008679685405643737,0.025086595348324515,-0.1033047800925926,,,-0.0047147634479717815
kind,transition,Right OFC – Left OFC,8,-0.07329829421296297,0.1526484811155133,0.053969388067303045,-1.3581457347923904,7,0.21656429966405005,0.5985097926795105,2,0.2286635982142857,-0.19217486558641975,0.02434283531746032,-0.03838310967813051,-0.1694728238095238,-0.19528902916666666,-0.21733424063051146,-0.026738718364197528
kind,transition,Right OFC – Left PER,2,0.00826890834435626,,,,,,,1,,,0.01798160648148148,,,,,-0.0014437897927689573
kind,transition,Right OFC – Left RSC,7,-0.03321128523557571,0.056074147696506565,0.021194035683551677,-1.5670109143654227,6,0.16815557618942645,0.5985097926795105,1,,-0.028709580092592592,-0.0389296583994709,-0.012555961089065258,-0.15140606992945327,-0.007921541071428574,-0.019694677358906527,0.026738491291887125
kind,transition,Right OFC – Right DHC,5,0.023740769298941793,0.13847794488041323,0.06192921962741459,0.38335327720539075,4,0.7209610553413546,0.7743827767184754,1,0.26799870866402115,-0.023123810449735452,,-0.05801374845679013,-0.06124814783950617,,,-0.006909155423280426
kind,transition,Right OFC – Right PER,2,-0.09968425319664903,,,,,,,0,,,,-0.042376164792768956,,-0.1569923416005291,,
kind,transition,Right OFC – Right RSC,6,-0.035496733913874194,0.06444171634884335,0.026308220533972474,-1.3492639636358665,5,0.2351288471240934,0.5985097926795105,2,,-0.029192787037037034,0.044837943320105815,-0.017738004629629628,,-0.10317211785714286,-0.11981487268518519,0.01209943540564374
kind,transition,Right PER – Left ACC,2,-0.03244912399691357,,,,,,,0,,,,-0.06261941247795413,,-0.0022788355158730035,,
kind,transition,Right PER – Left DHC,1,-0.03658381911375662,,,,,,,0,,,,-0.03658381911375662,,,,
kind,transition,Right PER – Left OFC,2,-0.07644081968694885,,,,,,,0,,,,-0.04814979750881834,,-0.10473184186507936,,
kind,transition,Right PER – Left RSC,2,-0.03333222842813051,,,,,,,0,,,,-0.01166057385361552,,-0.0550038830026455,,
kind,transition,Right RSC – Left ACC,6,-0.01281189483392122,0.07067421727097555,0.02885262838074739,-0.4440460212099867,5,0.6755680959412065,0.7743827767184754,2,,-0.020486899492945323,0.1025354270282187,-0.10965216909171076,,-0.03187120727513227,-0.038989962632275124,0.021593442460317462
kind,transition,Right RSC – Left DHC,4,-0.03601474668761023,0.05748730103252131,0.028743650516260655,-1.2529635603256526,3,0.29898910654531596,0.667300287481331,1,,-0.07321923024691358,0.02952710582010581,-0.09396104001322751,,,,-0.0064058223104056355
kind,transition,Right RSC – Left OFC,6,-0.030324347042181066,0.052572387149950994,0.021462587179571856,-1.4128933659518856,5,0.2168027952742243,0.5985097926795105,2,,0.003280537962962962,0.041893487213403885,-0.08825465277777778,,-0.08140416541005291,-0.0561571612654321,-0.0013041279761904735
kind,transition,Right RSC – Left PER,2,0.04429009490740741,,,,,,,1,,,0.10867379541446208,,,,,-0.020093605599647266
kind,transition,Right RSC – Left RSC,6,-0.03851992287624926,0.19826325285823496,0.08094063404117903,-0.4759033992327268,5,0.654210015944766,0.7743827767184754,2,,-0.37934909027777775,-0.021067292658730166,-0.03751114528218694,,-0.05061092691798942,0.01917880291005291,0.2382401149691358
kind,transition,Right RSC – Right PER,2,-0.03144906421957672,,,,,,,0,,,,-0.03908806018518519,,-0.023810068253968253,,
window,pre,Left DHC – Left ACC,6,0.009005775253527337,0.16653870456592165,0.06798914143510386,0.13245902306507895,5,0.8997867469382106,0.9323485594459314,3,0.287696623015873,0.0051517944444444425,0.008041152777777788,-0.004739747023809526,-0.23718129814814815,,,-0.004933873544973546
window,pre,Left DHC – Left OFC,6,0.028937626410934742,0.13678729093097652,0.05584317767975425,0.5181944798500602,5,0.6264287473840688,0.902139336298156,2,0.2887663541666667,-0.007902216666666666,0.04858025,-0.009476241071428573,-0.10457018055555556,,,-0.04177220740740741
window,pre,Left OFC – Left ACC,8,-0.0473621736276455,0.19091256628800524,0.06749778511798737,-0.7016848559527626,7,0.505528463943111,0.902139336298156,2,0.28680794543650795,-0.09807266587301589,-0.0013322777777777764,0.17351341011904764,-0.11308854537037037,-0.16911347777777777,-0.27880728306878305,-0.17880449470899473
window,pre,Left PER – Left ACC,2,0.12275740496031745,,,,,,,2,,,0.2056944398148148,,,,,0.0398203701058201
window,pre,Left PER – Left DHC,2,0.04736522771164021,,,,,,,1,,,0.09863243981481482,,,,,-0.0039019843915343955
window,pre,Left PER – Left OFC,2,0.00540378921957671,,,,,,,1,,,0.132365625,,,,,-0.12155804656084657
window,pre,Left PER – Left RSC,2,0.039553723148148145,,,,,,,2,,,0.04202668518518519,,,,,0.03708076111111111
window,pre,Left RSC – Left ACC,7,-0.04163738703703703,0.1113578932903413,0.04208932745290161,-0.9892623512131359,6,0.36073548436119085,0.7769687355471804,2,,-0.08121641805555554,-0.00195497222222222,-0.019891551190476187,-0.2434383074074074,-0.09272200694444445,0.05429421296296297,0.09346733359788359
window,pre,Left RSC – Left DHC,5,-0.017736150383597882,0.23922212894275935,0.10698338840764596,-0.16578415254540865,4,0.876368735962504,0.9323485594459314,1,,-0.06508905138888889,-0.13146809722222222,-0.009753651587301586,-0.2589488583333333,,,0.3765789066137566
window,pre,Left RSC – Left OFC,7,-0.05084465140778534,0.06693302279129272,0.025298304686225546,-2.0098046900142403,6,0.09117918462216695,0.4880203699338699,2,,-0.10726641507936509,0.012965833333333333,-0.03899951051587301,-0.16978677037037038,-0.053095931944444445,0.008335938161375662,-0.008065703439153436
window,pre,Right ACC – Left ACC,8,0.2456735254133598,0.2456077165451207,0.08683544094039912,2.8291849819934893,7,0.025435901988009296,0.4880203699338699,7,0.29418211210317463,-0.0333109496031746,0.3599505,0.1638885273809524,0.16015075185185185,0.7548919263888889,0.009857906084656089,0.25577742910052914
window,pre,Right ACC – Left DHC,6,0.07867583915343915,0.13143981665070603,0.053660080446534336,1.4661893627205784,5,0.20250237378226998,0.5600166632042128,5,0.29890864186507937,0.0005698880952380964,0.15188206944444443,0.038394385119047615,-0.0776824384920635,,,0.05998248888888888
window,pre,Right ACC – Left OFC,8,0.07475321728670635,0.11276724574556495,0.039869242081209406,1.8749595774718264,7,0.10292526840304357,0.4880203699338699,6,0.2534500178571429,0.0010028914682539622,0.16195425,0.12049155813492063,-0.027597208333333338,0.14767021111111112,-0.07653033035714286,0.017584348412698413
window,pre,Right ACC – Left PER,2,0.23101840687830688,,,,,,,2,,,0.2506982962962963,,,,,0.21133851746031745
window,pre,Right ACC – Left RSC,7,-0.00794823324829932,0.0669502128917193,0.025304801933474258,-0.31409980086763933,6,0.7640795685892365,0.902139336298156,4,,-0.09441029503968254,0.061123972222222225,0.017394805357142856,-0.09596490555555555,-0.02789345277777778,0.021326416335978832,0.06278582671957672
window,pre,Right ACC – Right DHC,5,0.0443324988095238,0.1431634056710529,0.06402462139417063,0.692428910068654,4,0.5267662785152557,0.902139336298156,3,0.2875842341269841,-0.04581426567460317,,0.028224654563492064,-0.07437377314814814,,,0.02604164417989418
window,pre,Right ACC – Right OFC,8,-0.01860039301421958,0.12162139208325401,0.042999655539708394,-0.43257074459684663,7,0.6783406290481133,0.902139336298156,4,0.18037977281746032,-0.19591271646825398,0.05611929166666666,0.02298826984126984,-0.09436441388888889,0.03158309305555556,-0.147674710978836,-0.001921730158730159
window,pre,Right ACC – Right PER,2,0.19864440843253967,,,,,,,2,,,,0.07560102936507937,,0.3216877875,,
window,pre,Right ACC – Right RSC,6,0.1267296590388007,0.1567779249606008,0.06400431984763709,1.9800172760288979,5,0.10457579355725784,0.4880203699338699,5,,-0.034214130952380954,0.2703108055555556,0.06885553075396826,,0.3681096638888889,0.02171913657407408,0.06559694841269842
window,pre,Right DHC – Left ACC,5,0.02539251316137567,0.1622558240385201,0.07256301045907508,0.3499374268064144,4,0.7440341628026333,0.902139336298156,1,0.30923429761904764,-0.04445934722222222,,-0.035930732738095245,-0.09810156666666665,,,-0.0037800851851851813
window,pre,Right DHC – Left DHC,5,-0.03968670518518519,0.2158473822861091,0.09652988391142478,-0.41113387457920764,4,0.7020471652819228,0.902139336298156,1,0.2768550188492063,-0.031927181944444445,,-0.06638570833333332,-0.3318494537037037,,,-0.04512620079365079
window,pre,Right DHC – Left OFC,5,0.025236794047619047,0.15632120092929705,0.0699089663204623,0.36099509656506334,4,0.7363613262508494,0.902139336298156,2,0.30058279464285714,-0.05396357876984127,,-0.04608621626984127,-0.07445612962962962,,,0.00010710026455026154
window,pre,Right DHC – Left PER,1,0.012141308465608467,,,,,,,1,,,,,,,,0.012141308465608467
window,pre,Right DHC – Left RSC,4,-0.1194382492063492,0.10061406028990161,0.050307030144950804,-2.3741860503831975,3,0.09813185160864081,0.4880203699338699,0,,-0.20896675694444444,,-0.06444260019841269,-0.1989536185185185,,,-0.005390021164021165
window,pre,Right DHC – Right PER,1,0.042501372420634925,,,,,,,1,,,,0.042501372420634925,,,,
window,pre,Right DHC – Right RSC,3,-0.06164254955908289,0.0523716308039897,0.03023677514258315,-2.038661506341338,2,0.1783424450980743,0.5548431625273422,0,,-0.11903520555555556,,-0.016443191798941787,,,,-0.049449251322751325
window,pre,Right OFC – Left ACC,8,-0.09113929463458995,0.16838618756738644,0.05953350754352443,-1.5308907268391467,7,0.16965253843701383,0.5548431625273422,3,0.19941185317460314,-0.20459996944444445,0.0013640972222222244,0.05931769027777778,-0.2530857037037037,-0.23864108333333334,-0.23557532407407406,-0.05730591719576719
window,pre,Right OFC – Left DHC,6,0.017345180489417994,0.13968887972847746,0.057027746345963096,0.3041533569324686,5,0.7732622882555623,0.902139336298156,3,0.257569314484127,-0.021438365277777777,0.03815191666666666,-0.006758962698412698,-0.1758243046296296,,,0.012371484391534389
window,pre,Right OFC – Left OFC,8,-0.11019016940310847,0.18487900299607488,0.06536459835876629,-1.6857775029582271,7,0.13570421498094212,0.5428168599237685,2,0.22768606646825396,-0.2628128599206349,0.05172311111111111,-0.03620475396825397,-0.20928024047619048,-0.2950053486111111,-0.27025783035714285,-0.08736949947089948
window,pre,Right OFC – Left PER,2,-0.021902436441798945,,,,,,,1,,,0.046219189814814814,,,,,-0.0900240626984127
window,pre,Right OFC – Left RSC,7,-0.03449442707860922,0.06665989712751755,0.025195072888651467,-1.36909415706221,6,0.2200065462587979,0.5600166632042128,2,,-0.01617113611111111,0.0033544777777777804,-0.0195002876984127,-0.1809763722222222,-0.03712791666666667,-0.00463628902116402,0.013596534391534389
window,pre,Right OFC – Right DHC,5,-0.006112746177248676,0.15127524448748408,0.06765234599738294,-0.09035527278662504,4,0.9323485594459314,0.9323485594459314,1,0.24792906349206348,-0.07490643194444443,,-0.02824223082010582,-0.15276210648148147,,,-0.02258202513227513
window,pre,Right OFC – Right PER,2,-0.12651467470238095,,,,,,,0,,,,-0.0027717799603174634,,-0.25025756944444444,,
window,pre,Right OFC – Right RSC,6,-0.07333279336419753,0.08694345363212165,0.03549451631233781,-2.0660316291930205,5,0.09371138117774547,0.4880203699338699,2,,-0.09694803888888888,0.03306438981481482,0.003990288690476189,,-0.18112174074074072,-0.15844834953703704,-0.04053330952380953
window,pre,Right PER – Left ACC,2,-0.04993183601190477,,,,,,,0,,,,-0.0624554136904762,,-0.03740825833333334,,
window,pre,Right PER – Left DHC,1,0.02428116071428572,,,,,,,1,,,,0.02428116071428572,,,,
window,pre,Right PER – Left OFC,2,-0.07363583621031747,,,,,,,0,,,,-0.005089294642857146,,-0.14218237777777779,,
window,pre,Right PER – Left RSC,2,-0.012888336210317462,,,,,,,1,,,,0.005001115079365077,,-0.0307777875,,
window,pre,Right RSC – Left ACC,6,-0.005167583641975317,0.10212519354171046,0.04169243567669444,-0.12394535263057162,5,0.9061870921231701,0.9323485594459314,1,,-0.03604469861111111,0.2003436111111111,-0.03661874146825397,,-0.05646136388888891,-0.07474998412698414,-0.027474324867724876
window,pre,Right RSC – Left DHC,4,0.026886652000661374,0.08427247277839378,0.04213623638919689,0.6380885979544845,3,0.5687862617916123,0.902139336298156,2,,0.005136036111111113,0.15152190277777777,-0.022839575595238092,,,,-0.026271755291005297
window,pre,Right RSC – Left OFC,6,-0.04054321617063492,0.08182444785695035,0.03340469095574949,-1.213698286397611,5,0.27906097766944477,0.6511422812287044,2,,-0.049852207936507936,0.08221962499999999,0.018909657539682538,,-0.1548549138888889,-0.06943335482804232,-0.07024810291005291
window,pre,Right RSC – Left PER,2,0.09731514695767195,,,,,,,1,,,0.23164065740740739,,,,,-0.03701036349206349
window,pre,Right RSC – Left RSC,6,-0.06226085093694885,0.24698192827741033,0.10082994999472121,-0.6174837034056688,5,0.5639489376868009,0.902139336298156,2,,-0.4271425861111111,-0.21762435648148148,-0.02417390013227513,,-0.08678044246031746,0.09804368485449735,0.28411249470899475
window,pre,Right RSC – Right PER,2,-0.06319914365079365,,,,,,,1,,,,0.012717361309523808,,-0.13911564861111111,,
window,cue1,Left DHC – Left ACC,6,0.019243806955467374,0.18780403533129125,0.0766706763662146,0.25099305063581356,5,0.8118078806904616,0.8678376816174506,3,0.34610411904761906,-0.01942949874338624,0.04050275462962963,-0.10230887764550264,-0.20725385925925927,,,0.05784820370370371
window,cue1,Left DHC – Left OFC,6,0.049545293364197524,0.14457197056061394,0.05902125983036258,0.8394482514707304,5,0.439497559750795,0.7551871348214911,3,0.3364624434523809,0.008555485582010585,0.0435517962962963,-0.04262803736772487,-0.047304816666666666,,,-0.001365111111111113
window,cue1,Left OFC – Left ACC,8,-0.02421566616236774,0.1848704401252436,0.06536157092675067,-0.37048782364037314,7,0.7219756864049796,0.8583847286535905,3,0.26990337499999995,-0.07923207222222223,0.01320928240740739,0.2063494242063492,-0.10106305,-0.09159262731481482,-0.30276823015873017,-0.10853143121693123
window,cue1,Left PER – Left ACC,2,0.08597920291005291,,,,,,,2,,,0.06904043055555557,,,,,0.10291797526455025
window,cue1,Left PER – Left DHC,2,0.026388309457671958,,,,,,,1,,,-0.005477814814814815,,,,,0.05825443373015873
window,cue1,Left PER – Left OFC,2,0.021402919510582007,,,,,,,1,,,0.08000510648148147,,,,,-0.03719926746031746
window,cue1,Left PER – Left RSC,2,0.01932830542328042,,,,,,,1,,,-0.04108810648148148,,,,,0.07974471732804232
window,cue1,Left RSC – Left ACC,7,-0.03395218558201059,0.10990568143521794,0.041540442964382154,-0.817328443298548,6,0.44497533408755685,0.7551871348214911,2,,-0.08895623908730159,-0.014460907407407408,-0.037925861309523815,-0.18459449629629632,-0.11335126157407409,0.057600275132275135,0.14402319146825396
window,cue1,Left RSC – Left DHC,5,-0.02387390005291004,0.24295739188908877,0.1086538487800117,-0.21972438455674803,4,0.8368434787025416,0.8678376816174506,1,,-0.11026939768518518,-0.15091805092592592,-0.028021283730158726,-0.22234209629629628,,,0.3921813283730159
window,cue1,Left RSC – Left OFC,7,-0.03159243393801965,0.05220160750371712,0.019730353070376964,-1.6012097616971865,6,0.1604492390123543,0.5139043581924617,2,,-0.08356172156084657,0.03681121296296296,-0.020570138095238097,-0.09089104166666667,-0.07658762037037037,-0.006512258928571427,0.020164530092592593
window,cue1,Right ACC – Left ACC,8,0.2770335949818122,0.22934973983116888,0.08108737814899496,3.4164823343131596,7,0.011188770439236252,0.3132855722986151,8,0.28530543849206347,0.05257612956349207,0.32210577037037036,0.20559991884920636,0.17849103333333333,0.7616638521825396,0.03831091534391534,0.3722157017195767
window,cue1,Right ACC – Left DHC,6,0.08684519036596121,0.14530036084647605,0.059318623919356266,1.464045937478714,5,0.20305967423836935,0.5685670878674343,4,0.3305611488095238,0.006314435780423282,0.1438554537037037,-0.034936090277777776,-0.05388997777777778,,,0.12916617195767194
window,cue1,Right ACC – Left OFC,8,0.1013151378885582,0.1303484845049692,0.046085148655426664,2.198433570130798,7,0.06387854623467175,0.4671501660454959,6,0.2524169732142857,0.04681543624338625,0.2010336851851852,0.17063863412698413,-0.025637189814814818,0.2198865271164021,-0.11425128207671958,0.05961831911375662
window,cue1,Right ACC – Left PER,2,0.28598130734126986,,,,,,,2,,,0.26518993055555556,,,,,0.30677268412698416
window,cue1,Right ACC – Left RSC,7,0.025359097808012095,0.07237280535454373,0.027354349236029498,0.9270590789493403,6,0.3896645393922327,0.7551871348214911,5,,-0.059589777910052905,0.12187796296296297,-0.03163453928571428,0.004043691666666663,0.0044421028439153454,0.010395959656084655,0.12797828472222222
window,cue1,Right ACC – Right DHC,5,0.05783187772486773,0.12486904020536607,0.055843132436870564,1.03561306827201,4,0.35888229837457153,0.7551871348214911,2,0.269905380952381,-0.014316716732804229,,0.07144098134920635,-0.02935060185185185,,,-0.00851965509259259
window,cue1,Right ACC – Right OFC,8,0.012229685896164017,0.11199364460356791,0.03959573277448953,0.30886373452957727,7,0.7664149362978487,0.8583847286535905,5,0.17608576388888886,-0.1421418718253968,0.09874902222222222,0.014365370039682539,-0.06290428425925926,0.06263586640211641,-0.12129547255291007,0.07234309325396825
window,cue1,Right ACC – Right PER,2,0.3032117162037037,,,,,,,2,,,,0.2225361486772487,,0.38388728373015873,,
window,cue1,Right ACC – Right RSC,6,0.16958218152557317,0.14637743302230463,0.05975833679384448,2.837799554405291,5,0.03634021226548781,0.4671501660454959,5,,-0.019339866468253968,0.2151853712962963,0.14362254265873015,,0.40717861507936504,0.06506365443121692,0.20578277215608465
window,cue1,Right DHC – Left ACC,5,0.028938756230158735,0.17185751473432218,0.07685701707802321,0.37652718424891346,4,0.7256463877424953,0.8583847286535905,2,0.31625151091269843,0.025125823875661375,,-0.059507553769841265,-0.1346606037037037,,,-0.0025153961640211673
window,cue1,Right DHC – Left DHC,5,-0.06231883337301588,0.26725894036659076,0.1195218316508519,-0.5214012579313723,4,0.6296238833938052,0.8583847286535905,1,0.322591685515873,-0.031822772354497354,,-0.16332674206349207,-0.41572900925925926,,,-0.023307328703703705
window,cue1,Right DHC – Left OFC,5,0.02836242341269841,0.16649180401529912,0.07445739829495625,0.3809214941991827,4,0.7226285142092589,0.8583847286535905,1,0.3164187003968254,-0.0017510211640211642,,-0.04115134146825397,-0.11280913703703704,,,-0.018895083664021164
window,cue1,Right DHC – Left PER,1,0.007541368518518517,,,,,,,1,,,,,,,,0.007541368518518517
window,cue1,Right DHC – Left RSC,4,-0.11655041638558201,0.10609810977789559,0.053049054888947796,-2.197030967461478,3,0.11549206163055342,0.4671501660454959,1,,-0.22245716686507938,,-0.07233705277777777,-0.18238962777777779,,,0.010982181878306881
window,cue1,Right DHC – Right PER,1,-0.016382687301587293,,,,,,,0,,,,-0.016382687301587293,,,,
window,cue1,Right DHC – Right RSC,3,-0.03835607180335097,0.06316279543746965,0.03646705694859237,-1.0518005842210285,2,0.4032220131654194,0.7551871348214911,1,,-0.10224540085978835,,0.02405421190476191,,,,-0.036877026455026454
window,cue1,Right OFC – Left ACC,8,-0.0790284218832672,0.14425303871961961,0.05100115094270431,-1.5495419303781843,7,0.16518354370471983,0.5139043581924617,1,0.214001435515873,-0.09995949001322751,-0.027017692592592596,-0.012874893452380952,-0.18344464259259258,-0.19153521064814816,-0.24844097222222222,-0.08295590906084656
window,cue1,Right OFC – Left DHC,6,0.02941554764109347,0.14468041653930835,0.05906553271577225,0.4980154463795879,5,0.6396011528479206,0.8583847286535905,2,0.3150350248015873,0.013416634722222218,-0.020994787037037037,-0.03412109226190476,-0.09387685185185185,,,-0.002965642526455028
window,cue1,Right OFC – Left OFC,8,-0.10578473845072751,0.16726818703610968,0.05913823466500645,-1.7887706498165552,7,0.11678754151137398,0.4671501660454959,2,0.2166750783730159,-0.1623113066137566,0.026508462962962963,-0.08585208293650795,-0.23938613611111112,-0.22252889583333335,-0.30197889252645504,-0.07740413492063493
window,cue1,Right OFC – Left PER,2,-0.05451482433862434,,,,,,,0,,,-0.06887965277777779,,,,,-0.0401499958994709
window,cue1,Right OFC – Left RSC,7,-0.04391275311791383,0.05761788069178423,0.021777511911578753,-2.0164265457049813,6,0.09034654597475202,0.4671501660454959,2,,-0.0572445212962963,0.03412228968253968,-0.047603311574074075,-0.14299500277777777,-0.07396438326719576,-0.027135946097883595,0.007431603505291006
window,cue1,Right OFC – Right DHC,5,-0.00010849444444444717,0.1478653396949494,0.06612739021480096,-0.0016406884362444322,4,0.9987694843628946,0.9987694843628946,1,0.2508795734126984,-0.01787517731481482,,-0.07395465436507936,-0.13453404166666666,,,-0.02505817228835979
window,cue1,Right OFC – Right PER,2,-0.12510250849867727,,,,,,,0,,,,-0.0866661582010582,,-0.16353885879629632,,
window,cue1,Right OFC – Right RSC,6,-0.06700317366622575,0.07128496028426275,0.02910196317183464,-2.302359235031695,5,0.06956730016912865,0.4671501660454959,0,,-0.010898493055555557,-0.032212670634920636,-0.018571187500000006,,-0.13308877843915345,-0.17996033564814815,-0.027287576719576715
window,cue1,Right PER – Left ACC,2,-0.0028016884259259335,,,,,,,1,,,,-0.04758203425925927,,0.0419786574074074,,
window,cue1,Right PER – Left DHC,1,-0.06435057804232805,,,,,,,0,,,,-0.06435057804232805,,,,
window,cue1,Right PER – Left OFC,2,-0.049209787103174606,,,,,,,0,,,,-0.016230518650793654,,-0.08218905555555556,,
window,cue1,Right PER – Left RSC,2,-0.06592376435185185,,,,,,,0,,,,-0.06297407037037037,,-0.06887345833333333,,
window,cue1,Right RSC – Left ACC,6,-0.017781989451058196,0.054252490369296344,0.022148486446672427,-0.8028534813822346,5,0.4585064747130482,0.7551871348214911,3,,0.004224628769841269,0.03704943703703704,-0.09821102301587299,,-0.01850103009259259,-0.0643468492063492,0.0330928998015873
window,cue1,Right RSC – Left DHC,4,-0.01115386541005291,0.06859227276880278,0.03429613638440139,-0.32522221410123403,3,0.7663741866791197,0.8583847286535905,2,,-0.004149807870370374,0.022341962962962966,-0.10926121626984127,,,,0.04645359953703703
window,cue1,Right RSC – Left OFC,6,-0.03577135511463845,0.06603445623573674,0.026958453869950307,-1.3269067761527522,5,0.24190526102649132,0.6157588462492506,2,,0.003981396097883598,0.06682211111111111,-0.04785957539682541,,-0.09036205324074074,-0.11666314583333334,-0.030546863425925927
window,cue1,Right RSC – Left PER,2,0.06360001111111113,,,,,,,2,,,0.08973562500000003,,,,,0.03746439722222222
window,cue1,Right RSC – Left RSC,6,-0.057468094124779545,0.24076278889851532,0.09829099697513083,-0.5846730208598848,5,0.5841544525456215,0.8583847286535905,2,,-0.42074385462962965,-0.12849349603174604,-0.051480361574074075,,-0.13973503571428572,0.1093069623015873,0.2863372208994709
window,cue1,Right RSC – Right PER,2,-0.0035515998015873034,,,,,,,0,,,,-0.004785482010582012,,-0.002317717592592595,,
window,cue2,Left DHC – Left ACC,6,0.02926361279761905,0.1558907188902357,0.06364211948612136,0.4598151826794621,5,0.6649509780337491,0.8827066708616814,5,0.2810081226851852,0.009243768981481477,0.0389210787037037,0.008317307936507938,-0.20922256944444445,,,0.04731396792328042
window,cue2,Left DHC – Left OFC,6,0.035670591611552026,0.12579130452216183,0.05135408502639177,0.6946008597606262,5,0.5182519125908925,0.8827066708616814,3,0.28240029166666664,0.03514354444444444,0.0024834166666666633,-0.01851467777777778,-0.07194459444444444,,,-0.01554443088624339
window,cue2,Left OFC – Left ACC,8,-0.030884788715277778,0.2126855457268844,0.07519569582192073,-0.4107254860493541,7,0.6935552413913211,0.8827066708616814,3,0.24730665476190472,-0.07357720601851853,0.026576745370370372,0.3037831714285714,-0.14533504444444445,-0.16706733287037034,-0.3179244252645502,-0.12084087268518519
window,cue2,Left PER – Left ACC,2,0.10369931041666666,,,,,,,2,,,0.1348106787037037,,,,,0.07258794212962963
window,cue2,Left PER – Left DHC,2,0.012597027083333334,,,,,,,1,,,0.04933855648148148,,,,,-0.02414450231481481
window,cue2,Left PER – Left OFC,2,-0.019398561342592595,,,,,,,1,,,0.024962837962962958,,,,,-0.06375996064814815
window,cue2,Left PER – Left RSC,2,0.028474438425925924,,,,,,,2,,,0.036883955555555556,,,,,0.020064921296296293
window,cue2,Left RSC – Left ACC,7,-0.031319790136054425,0.11149795825978889,0.04214226703526592,-0.7431918674390506,6,0.485436559468447,0.8827066708616814,4,,-0.12113378842592594,0.062067,0.017828562169312175,-0.21496825833333333,-0.08426233703703703,0.0293595625,0.09187072817460316
window,cue2,Left RSC – Left DHC,5,0.00047611202380952455,0.2452561119024847,0.10968186762225021,0.004340845338714308,4,0.9967443787762574,0.9967443787762574,2,,-0.11104050972222222,0.05625998796296297,-0.008476673015873015,-0.30100905925925925,,,0.36664681415343914
window,cue2,Left RSC – Left OFC,7,-0.022272200566893424,0.06457741211114991,0.024407967536890462,-0.9124971398471005,6,0.3966895562248766,0.8827066708616814,3,,-0.08889817539682539,0.06046502777777777,-0.0038731888888888875,-0.12651185185185188,-0.0233944375,0.016418520171957673,0.009888701719576719
window,cue2,Right ACC – Left ACC,8,0.2593641380539021,0.24176409409753077,0.08547651519189328,3.0343321492650253,7,0.018998141422979623,0.5319479598434295,8,0.2634760535714286,0.05377431712962963,0.3075935509259259,0.1777583253968254,0.13074385185185186,0.7800072069444445,0.010609213293650792,0.3509505853174603
window,cue2,Right ACC – Left DHC,6,0.07664232947530865,0.10973023117204063,0.04479717928819008,1.710874003522671,5,0.147790463589533,0.8252625518223327,4,0.26250280324074077,-0.0004763198412698411,0.13438112962962964,0.027235407936507933,-0.04141039166666667,,,0.07762134755291004
window,cue2,Right ACC – Left OFC,8,0.08725781352513227,0.10004529426836002,0.035371353001480504,2.466906299046011,7,0.04302759345999494,0.5813717578680896,7,0.2346908068783069,0.02412304563492064,0.13609872222222222,0.10384896984126984,0.031501828703703695,0.1808818425925926,-0.08467419841269842,0.07159149074074074
window,cue2,Right ACC – Left PER,2,0.26348873495370373,,,,,,,2,,,0.250127,,,,,0.2768504699074074
window,cue2,Right ACC – Left RSC,7,0.006922752314814811,0.06052470138625483,0.02287618686349665,0.3026182797038344,6,0.772397643780695,0.927782138555588,3,,-0.061399185317460324,0.08563297685185184,-0.0026051587301587293,-0.05146710648148148,-0.034244119907407417,0.033348267195767195,0.0791935925925926
window,cue2,Right ACC – Right DHC,5,0.061381468994709,0.12533821496691064,0.056052953768898746,1.0950621665323694,4,0.3350013681189793,0.8527307552119473,3,0.2815214758597884,0.00790379940476191,,0.04377211111111111,-0.0061199250000000035,,,-0.020170116402116404
window,cue2,Right ACC – Right OFC,8,0.0031795754133597887,0.1233300816617241,0.04360376853364789,0.07291973882730327,7,0.9439098497620484,0.9967443787762574,5,0.2165435773809524,-0.20276507222222223,0.06001487500000001,0.03672973148148148,-0.07136911904761906,0.02682530185185185,-0.07927297354497355,0.03873028240740741
window,cue2,Right ACC – Right PER,2,0.22643229034391535,,,,,,,2,,,,0.12318737142857145,,0.32967720925925925,,
window,cue2,Right ACC – Right RSC,6,0.1310895607032628,0.13428123898424316,0.05482008625668671,2.391268778554194,5,0.062289831200152454,0.5813717578680896,5,,-0.025971564880952386,0.16574219444444444,0.0964592380952381,,0.36208629814814813,0.034972564153439155,0.15324863425925928
window,cue2,Right DHC – Left ACC,5,0.02125482136243386,0.17135046559397032,0.0766302578088713,0.27736852217627855,4,0.7952418330476468,0.927782138555588,1,0.3094006871693122,-0.0013683171296296304,,-0.052713149470899466,-0.14553737500000002,,,-0.0035077387566137563
window,cue2,Right DHC – Left DHC,5,-0.04531722271164022,0.2300771815137163,0.10289364358724552,-0.440427815866146,4,0.6823818657703719,0.8827066708616814,1,0.31720215046296296,-0.06067092698412699,,-0.13335350952380953,-0.31409685462962966,,,-0.03566697288359789
window,cue2,Right DHC – Left OFC,5,0.050416449642857145,0.14063443308479381,0.06289363047094888,0.8016145556447873,4,0.4676921730879817,0.8827066708616814,3,0.2990848468915344,0.002300753571428569,,0.009141368253968253,-0.046145283333333335,,,-0.012299437169312168
window,cue2,Right DHC – Left PER,1,-0.03339126851851852,,,,,,,0,,,,,,,,-0.03339126851851852
window,cue2,Right DHC – Left RSC,4,-0.09597540636574074,0.12885424707640994,0.06442712353820497,-1.48967393071379,3,0.23307715468614143,0.8498717598103639,1,,-0.20904080654761906,,-0.016269804232804233,-0.20200867936507938,,,0.043417664682539686
window,cue2,Right DHC – Right PER,1,-0.004531157142857146,,,,,,,0,,,,-0.004531157142857146,,,,
window,cue2,Right DHC – Right RSC,3,-0.052584571582892425,0.10108395802154135,0.05836085037448974,-0.9010247665252973,2,0.4626701201585699,0.8827066708616814,1,,-0.15726549583333335,,0.044470481481481465,,,,-0.044958700396825396
window,cue2,Right OFC – Left ACC,8,-0.07112766808035714,0.16224178566454592,0.0573611334176074,-1.2399976053911794,7,0.25492816403424856,0.8498717598103639,2,0.24416394080687828,-0.18371578703703706,-0.004861749999999994,0.030886211640211644,-0.20795647037037035,-0.2099769962962963,-0.20489383101851852,-0.032666662367724864
window,cue2,Right OFC – Left DHC,6,0.025420409435626106,0.12098234040274632,0.04939083364573833,0.5146786875062088,5,0.6287126601878624,0.8827066708616814,2,0.25821246296296296,-0.023890359920634915,0.04304768518518519,-0.01112742698412699,-0.08306453425925925,,,-0.030655370370370374
window,cue2,Right OFC – Left OFC,8,-0.0772294289103836,0.18370228993082535,0.06494856746479191,-1.1890859479271663,7,0.27317306565333127,0.8498717598103639,2,0.268375892526455,-0.2259035342592593,0.06419545370370369,-0.0006824015873015862,-0.1523685601851852,-0.25057305462962964,-0.2586141402116402,-0.06226508664021164
window,cue2,Right OFC – Left PER,2,-0.04715568865740741,,,,,,,0,,,-0.006613490740740742,,,,,-0.08769788657407407
window,cue2,Right OFC – Left RSC,7,-0.03477515296674226,0.045585100414620494,0.01722954845528474,-2.018343838609179,6,0.09010690329908921,0.6307483230936245,1,,-0.023684106150793652,0.009891142592592592,-0.003629168320105818,-0.12702264510582012,-0.04964762777777778,-0.009755426917989422,-0.03957823908730159
window,cue2,Right OFC – Right DHC,5,0.035786536891534396,0.14511291131136983,0.06489646682102422,0.5514404503750394,4,0.6106866542238608,0.8827066708616814,1,0.2924293382936508,-0.04011048009259259,,-0.011340017195767195,-0.05801550277777777,,,-0.004030653769841271
window,cue2,Right OFC – Right PER,2,-0.09543527642195766,,,,,,,1,,,,0.016210080952380957,,-0.2070806337962963,,
window,cue2,Right OFC – Right RSC,6,-0.06373686624779541,0.09933875654419305,0.0405548775359727,-1.5716202370790047,5,0.17684197539049987,0.8252625518223327,2,,-0.0162628625,0.020426786111111112,0.01419375595238095,,-0.15023486249999998,-0.22241985582010582,-0.02812415873015873
window,cue2,Right PER – Left ACC,2,-0.01813503657407408,,,,,,,0,,,,-0.015171788888888899,,-0.021098284259259262,,
window,cue2,Right PER – Left DHC,1,-0.0145056507936508,,,,,,,0,,,,-0.0145056507936508,,,,
window,cue2,Right PER – Left OFC,2,-0.07266051309523809,,,,,,,0,,,,-0.002687809523809522,,-0.14263321666666667,,
window,cue2,Right PER – Left RSC,2,-0.037114129265873014,,,,,,,0,,,,-0.025831890476190472,,-0.048396368055555555,,
window,cue2,Right RSC – Left ACC,6,-0.0009434546406525572,0.08591568378744387,0.03507493103025779,-0.026898260750354012,5,0.979581435097087,0.9967443787762574,3,,-0.015049308333333329,0.13471428703703703,0.025108816137566138,,-0.08801766157407408,-0.09529021329365078,0.03287335218253968
window,cue2,Right RSC – Left DHC,4,0.003403765823412702,0.04663037025958436,0.02331518512979218,0.14598922566835487,3,0.893187609707161,0.9967443787762574,2,,-0.037369963888888885,0.049935782407407404,-0.03607366825396825,,,,0.03712291302910054
window,cue2,Right RSC – Left OFC,6,-0.050686754442239856,0.11016836178585282,0.04497604536227879,-1.126972236753181,5,0.31091482580465746,0.8527307552119473,3,,0.007607705357142851,0.05594350000000001,0.017602604761904762,,-0.22134921342592592,-0.15327742956349205,-0.010647693783068787
window,cue2,Right RSC – Left PER,2,0.0738609849537037,,,,,,,2,,,0.1315707777777778,,,,,0.01615119212962963
window,cue2,Right RSC – Left RSC,6,-0.03974611273148149,0.22209976330082928,0.09067184867999219,-0.438351189593115,5,0.6794236238157324,0.8827066708616814,2,,-0.38862053055555557,-0.10288936666666666,-0.008341683201058202,,-0.09595442500000001,0.07525057804232804,0.2820787509920635
window,cue2,Right RSC – Right PER,2,-0.06528740509259259,,,,,,,1,,,,0.003911277777777778,,-0.13448608796296296,,
window,post,Left DHC – Left ACC,6,0.05118141742724868,0.16955746410670863,0.06922154485695162,0.7393856570669811,5,0.49290206170565476,0.8040251634252032,4,0.3426789007936508,-0.023824443055555554,0.07457346759259259,0.026056265542328046,-0.17643289166666667,,,0.06403720535714286
window,post,Left DHC – Left OFC,6,0.03845393817239859,0.13486316687213704,0.05505765732209263,0.6984303372633406,5,0.5160497388306384,0.8040251634252032,2,0.30709340773809524,-0.04386872678571428,0.03748081812169312,-0.010358587962962964,-0.04189871759259259,,,-0.017724564484126983
window,post,Left OFC – Left ACC,8,-0.019297547503306877,0.1903351837773656,0.06729364957368149,-0.2867662494984391,7,0.7825935946605901,0.913025860437355,2,0.2675896130952381,-0.05319644603174603,-0.03905298941798942,0.22820264285714284,-0.0010871490740740858,-0.15781709583333334,-0.3091005627645502,-0.08991839285714287
window,post,Left PER – Left ACC,2,0.12209611342592594,,,,,,,2,,,0.18589156018518518,,,,,0.05830066666666668
window,post,Left PER – Left DHC,2,0.0469460333994709,,,,,,,2,,,0.06267438425925925,,,,,0.03121768253968254
window,post,Left PER – Left OFC,2,0.03795362103174603,,,,,,,1,,,0.09160397222222222,,,,,-0.01569673015873016
window,post,Left PER – Left RSC,2,0.06509008531746031,,,,,,,2,,,0.06576697222222222,,,,,0.06441319841269841
window,post,Left RSC – Left ACC,7,0.006648546872637947,0.07787907656648906,0.02943552413289829,0.2258681327575639,6,0.8288013433342363,0.9282575045343446,3,,-0.07437862281746031,0.08114164880952382,-0.05355486626984127,-0.06705540462962963,-0.013793184126984128,0.05659426805555555,0.1175859890873016
window,post,Left RSC – Left DHC,5,-0.012636802962962965,0.24050465328716247,0.1075569507310227,-0.11748941260490872,4,0.912135431325835,0.9459182250786436,1,,-0.09948674444444444,-0.007324372354497362,-0.05745018287037037,-0.27642336296296294,,,0.3775006478174603
window,post,Left RSC – Left OFC,7,-0.0277126408446712,0.041670375745214046,0.01574992160863631,-1.7595415096844198,6,0.1289769999536923,0.601892666450564,2,,-0.07421323035714285,0.025465447089947083,-0.05062758412698413,-0.07855489629629629,-0.02421265509259259,-0.00785672486772487,0.01601115773809524
window,post,Right ACC – Left ACC,8,0.2763696604828042,0.23405896451880606,0.08275234050437463,3.339720167409575,7,0.012424428082298712,0.2702175692300114,8,0.2791296994047619,0.06582319583333333,0.31951035185185184,0.18407638095238094,0.18661635370370372,0.7787846268518518,0.030926467923280423,0.36609020734126985
window,post,Right ACC – Left DHC,6,0.10135306199294532,0.11668633422677764,0.04763699646857692,2.1276123497794712,5,0.08666578195748827,0.48532837896193426,5,0.2935790803571428,-0.01695418293650794,0.16059479166666668,0.02788703207671957,0.014749761904761901,,,0.1282618888888889
window,post,Right ACC – Left OFC,8,0.09841161231812169,0.0999413403333193,0.035334599735281344,2.7851344873126838,7,0.027097310301018102,0.2702175692300114,6,0.24512512599206346,-0.0006893218253968381,0.17020887037037039,0.1651266529100529,0.04154473611111112,0.15154125694444442,-0.04880488425925927,0.06324046230158731
window,post,Right ACC – Left PER,2,0.22020347665343915,,,,,,,2,,,0.21891911203703704,,,,,0.22148784126984125
window,post,Right ACC – Left RSC,7,0.027382608078231296,0.06909145283163709,0.02611411455895159,1.0485750154927187,6,0.33476329332770866,0.8040251634252032,4,,-0.057194956746031735,0.11368328703703703,-0.028896624999999995,0.00937953743386244,-0.0010955037037037052,0.02976671891534392,0.1260357986111111
window,post,Right ACC – Right DHC,5,0.06734122089947091,0.1376632879548159,0.06156489397461926,1.0938250121446322,4,0.3354834100656752,0.8040251634252032,2,0.2920525833333334,-0.005736244642857142,,0.10609367003968254,-0.04096641613756614,,,-0.014737488095238095
window,post,Right ACC – Right OFC,8,-0.0016966173776454996,0.13229067744188203,0.0467718175534585,-0.036274352086196504,7,0.9720763675177265,0.9720763675177265,5,0.18219561706349208,-0.23892015515873016,0.08341753703703704,0.07789550734126985,-0.06154476613756613,0.03356742962962963,-0.11665809093915344,0.026473982142857146
window,post,Right ACC – Right PER,2,0.24682430069444444,,,,,,,2,,,,0.1570488888888889,,0.3365997125,,
window,post,Right ACC – Right RSC,6,0.16117456737213404,0.13012792573087126,0.05312450322123673,3.0339025797742214,5,0.02895188241750122,0.2702175692300114,6,,0.014684186507936514,0.23521989351851852,0.11035704662698413,,0.3761149796296296,0.066652853505291,0.16401844444444447
window,post,Right DHC – Left ACC,5,0.05589301776455026,0.17496963235753388,0.07824879838991851,0.7142987357586242,4,0.5145117223670803,0.8040251634252032,2,0.35275796428571426,0.05780477321428571,,-0.009406042658730162,-0.09829687685185186,,,-0.023394729166666666
window,post,Right DHC – Left DHC,5,-0.05963824203703703,0.25100755992701,0.1122539933726293,-0.5312794693999592,4,0.6233572883544115,0.8040251634252032,1,0.3223771001984127,-0.06731930952380953,,-0.11825781382275131,-0.3798999023148148,,,-0.05509128472222222
window,post,Right DHC – Left OFC,5,0.03211928792328043,0.15151320786826006,0.06775876645649709,0.47402409463728734,4,0.6601986276611882,0.8040251634252032,1,0.3017973898809524,-0.0487424505952381,,-0.031464670899470894,-0.04887641111111111,,,-0.01211741765873016
window,post,Right DHC – Left PER,1,-0.0020161825396825418,,,,,,,0,,,,,,,,-0.0020161825396825418
window,post,Right DHC – Left RSC,4,-0.11599757776124339,0.08459496918129457,0.042297484590647284,-2.7424226022862004,3,0.07119337029056116,0.48532837896193426,0,,-0.20793844146825397,,-0.08545997235449736,-0.15670350634920635,,,-0.01388839087301587
window,post,Right DHC – Right PER,1,0.003680141534391533,,,,,,,1,,,,0.003680141534391533,,,,
window,post,Right DHC – Right RSC,3,-0.05363621774691357,0.08296990897678785,0.04790269928238722,-1.1196909266162052,2,0.3792612081131335,0.8040251634252032,1,,-0.11933082400793649,,0.039602888029100516,,,,-0.08118071726190476
window,post,Right OFC – Left ACC,8,-0.06574995795304232,0.15460324729056973,0.05466050227631129,-1.2028787737930642,7,0.2681248088075514,0.8040251634252032,2,0.2315118611111111,-0.19196388194444444,0.025256830555555557,-0.002027734523809526,-0.10770901296296297,-0.18943381706349205,-0.2477927857804233,-0.043841123015873014
window,post,Right OFC – Left DHC,6,0.03276781081349207,0.13190379648560818,0.053849499420942845,0.6085072501295749,5,0.5694324329382691,0.8040251634252032,3,0.29279983035714285,0.015768480555555558,0.0005892712962962939,-0.005404158068783072,-0.08260174675925926,,,-0.024544812500000002
window,post,Right OFC – Left OFC,8,-0.08913838780588623,0.18269359964903908,0.0645919415956079,-1.3800233528194086,7,0.21004310100929105,0.7351508535325186,2,0.22670739186507938,-0.23278656746031748,0.05591740555555556,-0.028315025925925927,-0.07531812037037036,-0.27029451944444444,-0.3235247886904762,-0.06549287797619047
window,post,Right OFC – Left PER,2,-0.026652971230158726,,,,,,,1,,,0.02213598611111111,,,,,-0.07544192857142856
window,post,Right OFC – Left RSC,7,-0.01132629362244898,0.0483814954299518,0.018286486423580068,-0.6193805283361568,6,0.5584358916380581,0.8040251634252032,3,,-0.02960068472222222,0.038997079761904765,-0.008343871494708995,-0.0986801873015873,0.02881405317460317,-0.035675097552910054,0.025204652777777777
window,post,Right OFC – Right DHC,5,0.03852555548941798,0.14045175842797197,0.06281193588086487,0.61334768542223,4,0.5728078222541196,0.8040251634252032,2,0.28362978869047617,-0.028444005555555558,,-0.04231374702380952,-0.04934961481481482,,,0.02910535615079365
window,post,Right OFC – Right PER,2,-0.10158037764550264,,,,,,,0,,,,-0.006940398148148148,,-0.19622035714285713,,
window,post,Right OFC – Right RSC,6,-0.06240381492504409,0.10370059358223294,0.04233559005003444,-1.4740272865287094,5,0.20047695212918762,0.7351508535325186,2,,-0.02407829444444444,0.05814905277777777,-0.05347277182539682,,-0.1379964726190476,-0.2262433488756614,0.009218945436507935
window,post,Right PER – Left ACC,2,-0.011353356183862432,,,,,,,1,,,,0.016779066798941786,,-0.03948577916666665,,
window,post,Right PER – Left DHC,1,-0.05648037896825396,,,,,,,0,,,,-0.05648037896825396,,,,
window,post,Right PER – Left OFC,2,-0.040972422982804235,,,,,,,1,,,,0.05399653968253968,,-0.13594138564814814,,
window,post,Right PER – Left RSC,2,-0.007969688855820105,,,,,,,0,,,,-0.012784380291005292,,-0.003154997420634918,,
window,post,Right RSC – Left ACC,6,0.022703757120811286,0.0983454076965046,0.040149344567069645,0.5654826340411253,5,0.5961770289247726,0.8040251634252032,3,,0.025301144841269843,0.17015955026455026,-0.01475189583333333,,-0.03385227519841272,-0.10640433749999999,0.09577035615079366
window,post,Right RSC – Left DHC,4,0.017995639236111104,0.07410310123636936,0.03705155061818468,0.48569193288442164,3,0.6604492413849884,0.8040251634252032,2,,-0.02216964444444445,0.11113804828042327,-0.057389562169312174,,,,0.04040371527777777
window,post,Right RSC – Left OFC,6,-0.024860228450176367,0.0912704173143539,0.037260991838508346,-0.6671918063244874,5,0.5342004805844325,0.8040251634252032,3,,-0.03196428055555556,0.11918894378306878,1.3928042328046017e-05,,-0.11731405324074075,-0.12765535218253968,0.008569443452380946
window,post,Right RSC – Left PER,2,0.11982372255291004,,,,,,,2,,,0.21675258796296296,,,,,0.022894857142857137
window,post,Right RSC – Left RSC,6,-0.011149086408730156,0.22817957525054322,0.09315392151480467,-0.11968456322000642,5,0.9093933068026843,0.9459182250786436,2,,-0.38048946944444445,-0.038166527777777765,-0.06085601296296296,,-0.0025514533730158742,0.09588421593915344,0.31928472916666667
window,post,Right RSC – Right PER,2,-0.0199374292989418,,,,,,,1,,,,0.008009906084656088,,-0.04788476468253969,,
window,onset,Left DHC – Left ACC,6,0.015032815983245143,0.18359822565009293,0.07495366175384902,0.20056146199519304,5,0.8489443413165738,0.9648223621100394,3,0.32732129464285714,-0.034320881944444444,0.011898560185185182,-0.03150573115079366,-0.23935754722222224,,,0.05616120138888889
window,onset,Left DHC – Left OFC,6,0.02311932603615521,0.1748767725078255,0.07139314341815764,0.32383118222912144,5,0.7591728579122979,0.9648223621100394,3,0.35768413888888895,-0.02166866666666667,0.011631731481481493,-0.06451552678571429,-0.15277917142857145,,,0.008363450727513226
window,onset,Left OFC – Left ACC,8,-0.019355623131613757,0.19759028881869609,0.06985871656015423,-0.277068118120191,7,0.7897312376768638,0.9648223621100394,3,0.281515433531746,-0.10259466666666667,0.0780566388888889,0.2234637876984127,-0.13414054325396826,-0.10363550793650794,-0.30539444212962963,-0.09211568518518519
window,onset,Left PER – Left ACC,2,0.03774597255291006,,,,,,,2,,,0.03740289814814815,,,,,0.03808904695767197
window,onset,Left PER – Left DHC,2,-0.05242851223544973,,,,,,,0,,,-0.08575875462962962,,,,,-0.019098269841269847
window,onset,Left PER – Left OFC,2,-0.002333983300264561,,,,,,,1,,,0.07540556481481481,,,,,-0.08007353141534393
window,onset,Left PER – Left RSC,2,-0.010222757936507945,,,,,,,1,,,-0.043862476851851864,,,,,0.023416960978835975
window,onset,Left RSC – Left ACC,7,-0.04071053835034014,0.13046084827741936,0.049309565767511554,-0.8256113741152223,6,0.4406091492014104,0.8224704118426327,2,,-0.0686615,-0.005195994047619053,-0.024719892526455026,-0.30774619801587305,-0.019890319444444447,0.030052685846560852,0.11118744973544975
window,onset,Left RSC – Left DHC,5,-0.06823767575396825,0.2230470222320627,0.09974966077795981,-0.6840893013748043,4,0.5314944069194605,0.8338003535843287,1,,-0.12809033101851852,-0.14146649074074075,-0.040751465277777774,-0.31852784305555554,,,0.28764775132275133
window,onset,Left RSC – Left OFC,7,-0.04687551637377173,0.06746664858260543,0.025499996277223186,-1.838255812438739,6,0.11565737865504233,0.41120915655917634,2,,-0.061061050925925925,0.018409601851851844,-0.020662369047619047,-0.1865252968253968,-0.03443974206349207,0.003157072751322751,-0.04700683035714285
window,onset,Right ACC – Left ACC,8,0.25840542785218257,0.2105921937177365,0.07445558412138126,3.4705983560738303,7,0.010397475828495251,0.2809378681435743,8,0.28534170535714287,0.05128509027777777,0.28672872883597883,0.16887143683862435,0.1432758107142857,0.7271023988095239,0.1054234699074074,0.2992147820767196
window,onset,Right ACC – Left DHC,6,0.06744570737433862,0.1455428035584323,0.05941760074204783,1.1351132750570585,5,0.3077942879000623,0.6629415431693649,3,0.3309278888888889,-0.03051722685185185,0.11945749074074073,-0.03403593055555556,-0.05039730833333332,,,0.06923933035714286
window,onset,Right ACC – Left OFC,8,0.08518705386078042,0.08043340774496807,0.028437504025204747,2.9955882831797536,7,0.020066990581683878,0.2809378681435743,7,0.23337330059523811,0.004265333333333326,0.07357220370370371,0.12824556646825397,0.042238029100529095,0.13737356845238097,-0.015669241732804248,0.07809767096560846
window,onset,Right ACC – Left PER,2,0.19720393799603175,,,,,,,2,,,0.1775965277777778,,,,,0.21681134821428572
window,onset,Right ACC – Left RSC,7,-0.008118508267195769,0.0786540438959114,0.029728434251162773,-0.27308899616461396,6,0.7939410662705952,0.9648223621100394,3,,-0.02922277314814814,0.06086077777777778,-0.08711300000000001,-0.08719129166666667,0.0001339742063492063,-0.0412872671957672,0.12699002215608465
window,onset,Right ACC – Right DHC,5,0.04016992198412699,0.13284114291094287,0.05940836515152651,0.6761660901065011,4,0.536014513018497,0.8338003535843287,2,0.2732284037698413,-0.03730193981481481,,-0.04217876388888889,-0.01652051904761905,,,0.023622428902116396
window,onset,Right ACC – Right OFC,8,0.0074307387235449706,0.10026852227315909,0.03545027601945258,0.209610179606712,7,0.8399418419409999,0.9648223621100394,5,0.17437613492063492,-0.1383302476851852,0.049245956349206345,0.011781486111111112,-0.10891983888888888,0.048169063492063485,-0.034594398148148145,0.057717753637566135
window,onset,Right ACC – Right PER,2,0.23579851455026457,,,,,,,2,,,,0.17379729695767196,,0.29779973214285715,,
window,onset,Right ACC – Right RSC,6,0.10144326645723105,0.15350870697934085,0.06266966719563398,1.6186980240466047,5,0.16643685681078965,0.466023199070211,5,,-0.09182922685185185,0.0994339582010582,0.09565839285714287,,0.36893996825396824,0.01047058201058202,0.12598592427248675
window,onset,Right DHC – Left ACC,5,0.008338456851851847,0.1777100901303882,0.07947436836383248,0.10492007704519922,4,0.921489888444867,0.992373726017549,2,0.29890172718253966,0.019276666666666668,,-0.10617212433862434,-0.15992789166666666,,,-0.010386093584656086
window,onset,Right DHC – Left DHC,5,-0.05367978671957672,0.27228528328979335,0.12176968054175309,-0.4408304799746164,4,0.6821136136175696,0.9648223621100394,1,0.36796399206349206,-0.02241009722222222,,-0.2040011875,-0.36216731058201057,,,-0.04778433035714286
window,onset,Right DHC – Left OFC,5,0.014927414616402119,0.17939256217493255,0.08022679273620134,0.18606520474383004,4,0.8614485375982495,0.9648223621100394,2,0.3097076299603175,-0.026757562500000005,,-0.1143995806878307,-0.13558230158730158,,,0.04166888789682541
window,onset,Right DHC – Left PER,1,-0.02189769014550265,,,,,,,0,,,,,,,,-0.02189769014550265
window,onset,Right DHC – Left RSC,4,-0.13191406800595237,0.09208775220711841,0.04604387610355921,-2.8649644462872526,3,0.06431484255106742,0.3734549804394101,0,,-0.18052752546296297,,-0.06799021990740742,-0.23671279550264548,,,-0.04242573115079365
window,onset,Right DHC – Right PER,1,-0.08773598842592592,,,,,,,0,,,,-0.08773598842592592,,,,
window,onset,Right DHC – Right RSC,3,-0.0696899819223986,0.022271142527982114,0.012858250133690996,-5.41986516032986,2,0.03239736728510776,0.3023754279943391,0,,-0.04612504166666667,,-0.09039007407407407,,,,-0.07255483002645503
window,onset,Right OFC – Left ACC,8,-0.09197251817956349,0.12715748828740064,0.04495696112333499,-2.045790371089495,7,0.08002606723701645,0.3734549804394101,1,0.1927952628968254,-0.12304808564814815,-0.13817876984126984,-0.028625731812169312,-0.1927508527777778,-0.17042365178571428,-0.18505280654761902,-0.09049550992063492
window,onset,Right OFC – Left DHC,6,0.0001601557429453251,0.1542150869711833,0.06295804561972154,0.0025438487070055505,5,0.9980686785254286,0.9980686785254286,1,0.2923954513888889,-0.026204006944444445,-0.10716220833333333,-0.0011708333333333347,-0.14529314920634923,,,-0.01160431911375661
window,onset,Right OFC – Left OFC,8,-0.09119147372685185,0.14452365219280258,0.05109682725368837,-1.7846797663991807,7,0.11748833044547896,0.41120915655917634,1,0.2029304255952381,-0.21004531250000003,-0.026086018518518515,-0.05398177777777778,-0.24178105370370373,-0.17073425198412698,-0.18499659424603176,-0.04483720667989418
window,onset,Right OFC – Left PER,2,-0.028170020337301586,,,,,,,0,,,-0.02643066203703704,,,,,-0.029909378637566136
window,onset,Right OFC – Left RSC,7,-0.03355012094671202,0.0701220739842728,0.02650365273977971,-1.2658678136223904,6,0.252490103219278,0.5891435741783154,1,,-0.020334851851851857,-0.003116681878306881,-0.027202349537037037,-0.18426475767195769,-0.006921364087301585,-0.02961801488095238,0.03660717328042328
window,onset,Right OFC – Right DHC,5,0.0008215091666666693,0.14530492409218482,0.06498233754711442,0.012642037785591307,4,0.9905187873451611,0.9980686785254286,2,0.24040630853174605,0.005266583333333336,,-0.09338039120370371,-0.13297897962962962,,,-0.015205975198412701
window,onset,Right OFC – Right PER,2,-0.12506967675264552,,,,,,,0,,,,-0.09460428802910054,,-0.15553506547619048,,
window,onset,Right OFC – Right RSC,6,-0.045754990002204586,0.08051939555990319,0.03287190558651404,-1.3919177846804214,5,0.22268997683098318,0.5668472137515935,2,,0.0363782962962963,0.007266733597883601,-0.022585090277777782,,-0.12958284623015873,-0.16212628902116402,-0.0038807443783068804
window,onset,Right PER – Left ACC,2,-0.10612928323412697,,,,,,,0,,,,-0.1418584454365079,,-0.07040012103174603,,
window,onset,Right PER – Left DHC,1,-0.09361125396825397,,,,,,,0,,,,-0.09361125396825397,,,,
window,onset,Right PER – Left OFC,2,-0.1264797124669312,,,,,,,0,,,,-0.13030429695767196,,-0.12265512797619046,,
window,onset,Right PER – Left RSC,2,-0.023896124007936503,,,,,,,0,,,,-0.0342451369047619,,-0.013547111111111107,,
window,onset,Right RSC – Left ACC,6,-0.0261663542217813,0.06497288124382292,0.0265250676943023,-0.9864764351723765,5,0.3691994114204593,0.7383988228409185,3,,0.010683652777777783,0.022814294973544973,-0.1492727027116402,,-0.030651908730158724,-0.03081077116402116,0.020239309523809527
window,onset,Right RSC – Left DHC,4,-0.04977089773478836,0.04955915756248583,0.024779578781242914,-2.0085449463920186,3,0.13817784973541225,0.42988664362128254,0,,-0.09761255555555555,-0.009157722222222229,-0.08741165972222222,,,,-0.004901653439153436
window,onset,Right RSC – Left OFC,6,-0.045750488095238094,0.04953456482114465,0.020222401407103713,-2.2623667275819623,5,0.07313453942301973,0.3734549804394101,1,,-0.007680206018518525,0.018633935185185184,-0.11724673445767195,,-0.08484773313492062,-0.04202568816137567,-0.04133650198412698
window,onset,Right RSC – Left PER,2,-0.04275703373015873,,,,,,,0,,,-0.04540620833333334,,,,,-0.04010785912698413
window,onset,Right RSC – Left RSC,6,-0.059675605654761904,0.20690341109258356,0.08446796386968912,-0.7064880331059593,5,0.5114371036610152,0.8338003535843287,2,,-0.41012939814814814,-0.0939879828042328,-0.05571557870370371,,-0.06526950297619047,0.045916084986772486,0.22113274371693123
window,onset,Right RSC – Right PER,2,-0.06311556663359788,,,,,,,0,,,,-0.09771394279100529,,-0.028517190476190484,,
window,switch,Left DHC – Left ACC,6,0.016456213381834218,0.13251702660222825,0.054099849567713944,0.30418223919896187,5,0.7732415339882498,0.8376562391299631,2,0.24716288392857144,-0.01224754120370371,-0.017987199074074065,-0.05064511904761905,-0.14105632566137566,,,0.07351058134920635
window,switch,Left DHC – Left OFC,6,0.023019231690917102,0.12908521496924108,0.052698818335352934,0.4368073595964235,5,0.6804707544109982,0.8376562391299631,2,0.28144918849206346,-0.044341821693121695,0.005785435185185189,-0.009232855158730152,-0.06553928287037036,,,-0.03000527380952381
window,switch,Left OFC – Left ACC,8,-0.02927624171626985,0.18539473927329997,0.06554693866823116,-0.4466454469285422,7,0.6686219407781503,0.8376562391299631,2,0.2427704365079365,-0.12694943875661377,-0.032961109126984134,0.2394614077380952,-0.08056776851851852,-0.05201571984126985,-0.29831842030423283,-0.12562932142857142
window,switch,Left PER – Left ACC,2,0.06956270552248676,,,,,,,2,,,0.11546494576719575,,,,,0.023660465277777782
window,switch,Left PER – Left DHC,2,0.05930588111772487,,,,,,,2,,,0.10798581746031746,,,,,0.010625944775132271
window,switch,Left PER – Left OFC,2,0.03905165674603175,,,,,,,1,,,0.10022381481481482,,,,,-0.022120501322751323
window,switch,Left PER – Left RSC,2,0.06971825281084656,,,,,,,2,,,0.07691173941798941,,,,,0.0625247662037037
window,switch,Left RSC – Left ACC,7,-0.0172001198223734,0.0992235908759363,0.037502992235506426,-0.45863326623012685,6,0.6626411339323104,0.8376562391299631,5,,-0.14452100224867725,0.01115419642857143,0.005773455357142856,-0.1536955298941799,0.001192138492063489,0.03669915112433862,0.12299675198412698
window,switch,Left RSC – Left DHC,5,-0.03406798726190476,0.21550883670869792,0.09637848172651012,-0.3534812610825133,4,0.7415711486180019,0.8376562391299631,1,,-0.13024950092592594,-0.030595220238095237,-0.02698951488095238,-0.2851889949074074,,,0.30268329464285715
window,switch,Left RSC – Left OFC,7,-0.006713168783068781,0.05009684675078833,0.018934828281585728,-0.35454077973325965,6,0.7350618113002934,0.8376562391299631,4,,-0.055283808201058195,0.049483234126984126,0.04111084424603175,-0.07915027222222222,-0.03662476904761905,0.019215500330687835,0.014257089285714286
window,switch,Right ACC – Left ACC,8,0.27310287830687835,0.21568399885777112,0.07625580909288077,3.5814042438948457,7,0.008959344859669203,0.2508616560707377,8,0.29146185714285716,0.008539162301587307,0.3323063068783069,0.2000470128968254,0.25032011084656086,0.7256825595238096,0.07266769742063492,0.30379831944444446
window,switch,Right ACC – Left DHC,6,0.07805290333994709,0.10990491970992114,0.044868495585143435,1.7395926099601935,5,0.14241972708710807,0.48123413502816986,5,0.2637856488095238,0.016433703439153444,0.15649786111111108,0.02547648214285714,-0.02805625462962963,,,0.034179979166666666
window,switch,Right ACC – Left OFC,8,0.09561168681382275,0.09337462518224497,0.03301291532855879,2.8961903504205537,7,0.023111184787761106,0.3235565870286555,7,0.2316040347222222,-0.01906674728835979,0.0969346541005291,0.06926729662698412,0.0993027267857143,0.23291591547619048,0.04112524107142858,0.012810373015873016
window,switch,Right ACC – Left PER,2,0.19041887847222222,,,,,,,2,,,0.1646506851851852,,,,,0.21618707175925925
window,switch,Right ACC – Left RSC,7,0.007169691685563115,0.05150936246305445,0.019468709038389646,0.36826744245987025,6,0.7253174539962837,0.8376562391299631,6,,-0.09790235006613757,0.0474178902116402,0.012849837301587296,0.000444706547619055,0.012262909920634923,0.011974458994708996,0.0631403888888889
window,switch,Right ACC – Right DHC,5,0.06519565075396826,0.11951516569372148,0.053448806966662404,1.2197774740722034,4,0.28954926783116175,0.6756149582727108,5,0.278226689484127,0.0014846664682539713,,0.023705797619047616,0.020199694444444447,,,0.0023614057539682563
window,switch,Right ACC – Right OFC,8,0.01916746162367725,0.11764268652119825,0.04159297069807126,0.46083415783922543,7,0.6588930072346774,0.8376562391299631,6,0.21768560416666669,-0.1912837171957672,0.025828322089947085,0.02508972321428571,0.050425282605820104,0.06791508293650794,-0.07814267228835979,0.03582206746031746
window,switch,Right ACC – Right PER,2,0.25045366507936506,,,,,,,2,,,,0.1661143878968254,,0.33479294226190476,,
window,switch,Right ACC – Right RSC,6,0.12010530440917107,0.15550314398910645,0.06348389269530864,1.8919020134070426,5,0.11707382216538564,0.48123413502816986,5,,-0.05651044993386245,0.24486770502645505,0.007481178571428566,,0.3585322198412698,0.052458853505291,0.11380231944444444
window,switch,Right DHC – Left ACC,5,0.021808302738095243,0.1615639687166759,0.07225360335302734,0.3018299673102947,4,0.7778236506206802,0.8376562391299631,2,0.3017439375,0.01492483108465609,,-0.05808676091269841,-0.09670501878306878,,,-0.052835475198412696
window,switch,Right DHC – Left DHC,5,-0.043837319470899486,0.21788720553524357,0.09744212060085461,-0.4498805978419461,4,0.6760995242613831,0.8376562391299631,1,0.30616375595238093,-0.045958477645502635,,-0.17396817857142857,-0.2683680601851852,,,-0.03705563690476191
window,switch,Right DHC – Left OFC,5,0.01982526890211641,0.1406764535446735,0.06291242259189624,0.3151248685926475,4,0.7684217350163981,0.8376562391299631,1,0.2695462748015873,-0.027648514219576717,,-0.05878982738095237,-0.06099517202380952,,,-0.02298641666666667
window,switch,Right DHC – Left PER,1,0.05377206481481481,,,,,,,1,,,,,,,,0.05377206481481481
window,switch,Right DHC – Left RSC,4,-0.09773059895833333,0.09896611934172418,0.04948305967086209,-1.9750314472951158,3,0.1427457950362129,0.48123413502816986,0,,-0.17047832572751323,,-0.02110574305555556,-0.19509390343915345,,,-0.004244423611111111
window,switch,Right DHC – Right PER,1,0.041662850198412704,,,,,,,1,,,,0.041662850198412704,,,,
window,switch,Right DHC – Right RSC,3,-0.07485212345679014,0.10343097793652567,0.05971590295419934,-1.2534705121046217,2,0.3367034397939349,0.7252074087869367,0,,-0.1942609090608466,,-0.017178404761904766,,,,-0.013117056547619046
window,switch,Right OFC – Left ACC,8,-0.03868276917162698,0.12666689079481533,0.04478350871641489,-0.8637726314965636,7,0.4163255814664906,0.8001483750071529,2,0.21963822023809523,-0.19281741746031744,0.026754289021164026,-0.01540696825396825,-0.14107452433862433,-0.056993100793650796,-0.11705993948412699,-0.03250271230158731
window,switch,Right OFC – Left DHC,6,0.034359352899029985,0.09776499694996867,0.039912392872029495,0.860869279604354,5,0.42865091518240334,0.8001483750071529,3,0.21176612003968254,-0.009377002777777775,0.05453352513227513,0.029542693452380957,-0.0780299625,,,-0.0022792559523809514
window,switch,Right OFC – Left OFC,8,-0.07348246787367725,0.16088191410279462,0.05688034621617886,-1.2918779993778613,7,0.23741369554983566,0.6043257704904907,2,0.24590266666666669,-0.20351922407407408,0.03687665211640211,-0.04389785714285715,-0.15313701891534393,-0.19666725496031748,-0.23594502215608465,-0.03747268452380952
window,switch,Right OFC – Left PER,2,0.01080326851851852,,,,,,,2,,,0.00244170833333333,,,,,0.019164828703703708
window,switch,Right OFC – Left RSC,7,-0.05543433729213908,0.06210789307510389,0.023474577075845073,-2.3614626629069297,6,0.05617173934068245,0.48123413502816986,0,,-0.046382634722222225,-0.08234874933862434,-0.02699340873015873,-0.1822398665343915,-0.0012177619047619099,-0.041566532076719585,-0.007291407738095239
window,switch,Right OFC – Right DHC,5,0.012537722460317455,0.14569203982328202,0.065155460965093,0.19242780688842848,4,0.8567817585745158,0.885807474105565,1,0.26746808035714287,-0.07394403783068784,,-0.08671478571428573,-0.03183247288359789,,,-0.012288171626984127
window,switch,Right OFC – Right PER,2,-0.08400044553571429,,,,,,,0,,,,-0.029262391865079364,,-0.1387384992063492,,
window,switch,Right OFC – Right RSC,6,-0.04749238269400352,0.05495085590710343,0.022433592983601043,-2.1170207879192806,5,0.08783659341574546,0.48123413502816986,1,,-0.1131962611111111,0.028649084788359782,-0.012326923611111106,,-0.06658325873015873,-0.09967751587301588,-0.021819421626984123
window,switch,Right PER – Left ACC,2,-0.00967616914682538,,,,,,,1,,,,-0.058999734126984116,,0.039647395833333356,,
window,switch,Right PER – Left DHC,1,0.0006960158730158741,,,,,,,1,,,,0.0006960158730158741,,,,
window,switch,Right PER – Left OFC,2,-0.05410260218253968,,,,,,,0,,,,-0.012865240079365077,,-0.09533996428571428,,
window,switch,Right PER – Left RSC,2,-0.04727583541666667,,,,,,,0,,,,-0.025503260912698413,,-0.06904840992063492,,
window,switch,Right RSC – Left ACC,6,-0.03238318916446208,0.04367631835961449,0.017830782304068052,-1.8161395620355891,5,0.1290486662436014,0.48123413502816986,1,,-0.0464473869047619,0.04842731944444445,-0.08310588392857143,,-0.027680375396825392,-0.04238356911375662,-0.0431092390873016
window,switch,Right RSC – Left DHC,4,-0.032671002298280426,0.03656091347868143,0.018280456739340714,-1.7872093002999392,3,0.1718693339386321,0.48123413502816986,1,,-0.06615558657407408,-0.008537601190476196,-0.061631257936507935,,,,0.005640436507936514
window,switch,Right RSC – Left OFC,6,-0.027205378075396826,0.04054076552512236,0.01655069821972752,-1.6437601431805164,5,0.16114672256030102,0.48123413502816986,1,,-0.007563004629629629,0.04343638955026455,-0.06708343551587301,,-0.030348208928571437,-0.058731363095238104,-0.04294264583333333
window,switch,Right RSC – Left PER,2,0.05601295982142857,,,,,,,2,,,0.1048365787037037,,,,,0.0071893409391534414
window,switch,Right RSC – Left RSC,6,-0.012664379034391536,0.20530950110215773,0.0838172528409445,-0.15109513381957348,5,0.885807474105565,0.885807474105565,4,,-0.3529193625,0.048133518518518506,0.028158920634920634,,-0.08311331845238096,0.006056408068783066,0.27769755952380953
window,switch,Right RSC – Right PER,2,0.00575967053571428,,,,,,,1,,,,-0.01492475694444445,,0.02644409801587301,,
window,offset,Left DHC – Left ACC,6,0.04814638004850088,0.17617123971787707,0.07192160744372272,0.6694285870372753,5,0.532886734054947,0.8204960635443574,4,0.34371891765873014,0.025403548148148148,0.13195083134920635,-0.07185160846560847,-0.1647236097883598,,,0.024380201388888887
window,offset,Left DHC – Left OFC,6,0.06018993439153439,0.12846406656110756,0.052445235559608075,1.1476721145264732,5,0.3030340433132504,0.8204960635443574,3,0.30297945833333334,0.07526353749999999,0.0637888630952381,-0.03946502281746032,-0.03308867420634921,,,-0.00833855555555555
window,offset,Left OFC – Left ACC,8,-0.008427734804894171,0.1749963734356076,0.06187056116968576,-0.13621558695387173,7,0.8954855414269473,0.8954855414269473,3,0.25307875,-0.026854207407407397,-0.0379834603174603,0.15752591302910052,0.07556172023809524,-0.09036064027777777,-0.3230401898148148,-0.07534976388888888
window,offset,Left PER – Left ACC,2,0.16335201041666664,,,,,,,2,,,0.23089712499999995,,,,,0.09580689583333332
window,offset,Left PER – Left DHC,2,0.11113399553571428,,,,,,,2,,,0.14755698412698412,,,,,0.07471100694444444
window,offset,Left PER – Left OFC,2,0.009329715773809519,,,,,,,1,,,0.02633446626984126,,,,,-0.007675034722222222
window,offset,Left PER – Left RSC,2,0.013292165674603174,,,,,,,2,,,0.009094428571428571,,,,,0.017489902777777774
window,offset,Left RSC – Left ACC,7,-0.013297701464474676,0.10758282966386044,0.04066248751874247,-0.3270262661217024,6,0.7547558387478502,0.8204960635443574,3,,-0.07404228425925925,0.026820404761904757,-0.04996476256613756,-0.18037896547619048,-0.0290072626984127,0.05281229332010581,0.1606766666666667
window,offset,Left RSC – Left DHC,5,-0.025018921560846556,0.19230199833450418,0.08600006809700053,-0.29091746221209275,4,0.7855753948715818,0.8204960635443574,2,,-0.08493491898148148,0.04849720634920636,-0.08285412566137566,-0.2623261375661376,,,0.2565233680555556
window,offset,Left RSC – Left OFC,7,-0.02155649691043084,0.03260924282194768,0.01232513527842738,-1.7489866377500185,6,0.1308738758459902,0.6386938234290981,2,,-0.050060247222222215,0.01099768452380952,-0.023584155092592603,-0.0685278753968254,-0.03732167916666666,-0.0013458587962962968,0.01894665277777778
window,offset,Right ACC – Left ACC,8,0.2520707793650794,0.23793538925078903,0.08412286361174684,2.996459803466325,7,0.02004225847215188,0.5611832372202527,7,0.2729718779761905,0.04813657268518518,0.28856056547619047,0.11391351488095237,0.21567762724867726,0.764578987037037,-0.004165146494708994,0.3168922361111111
window,offset,Right ACC – Left DHC,6,0.08982598118386242,0.14408411577048588,0.05882209394629819,1.5270789453002018,5,0.1872724169163847,0.7490896676655387,4,0.36653901686507934,-0.023761674999999996,0.09550573015873015,-0.019618524140211643,0.07682951283068783,,,0.04346182638888888
window,offset,Right ACC – Left OFC,8,0.07956528412698413,0.09646867645860607,0.034106827647985706,2.332825701298641,7,0.05239545239021487,0.5703585240513079,7,0.24230789781746032,-0.04279592731481482,0.16421311706349206,0.07180354431216932,0.028936068650793647,0.14774646203703704,0.0032006521164021176,0.021110458333333335
window,offset,Right ACC – Left PER,2,0.25851217212301586,,,,,,,2,,,0.30074464285714286,,,,,0.21627970138888888
window,offset,Right ACC – Left RSC,7,0.026263248327664402,0.06651824568771615,0.025141533676855937,1.0446159993748139,6,0.3364484155913973,0.8204960635443574,4,,-0.054594935185185184,0.09684521527777777,-0.03502534027777778,-0.004761968386243384,0.00405718287037037,0.056808458994709,0.12051412500000001
window,offset,Right ACC – Right DHC,5,0.058291815952380956,0.11933852786011304,0.05336981212599305,1.0922244922797977,4,0.3361079648058624,0.8204960635443574,4,0.2693328521825397,-0.019225653703703702,,0.0004987628968254004,0.010134146164021161,,,0.03071897222222222
window,offset,Right ACC – Right OFC,8,0.011099304208002644,0.1141227012682093,0.0403484679770387,0.27508613745431376,7,0.7911926327034875,0.8204960635443574,4,0.19766208928571427,-0.1790995972222222,0.10321320370370371,-0.029496746031746037,-0.041169120502645505,0.024385547222222224,-0.052955498346560846,0.06625455555555555
window,offset,Right ACC – Right PER,2,0.2227289509920635,,,,,,,2,,,,0.12065302976190477,,0.3248048722222222,,
window,offset,Right ACC – Right RSC,6,0.12586361948853617,0.13335799489011288,0.054443173433577165,2.311834736123433,5,0.06874977802175343,0.5703585240513079,5,,-0.034202456018518526,0.21461010476190479,0.03959107242063492,,0.3399688023148148,0.08111705456349207,0.11409713888888888
window,offset,Right DHC – Left ACC,5,0.053635962116402126,0.17670803138498453,0.07902623406939834,0.6787108451770677,4,0.5345597833656367,0.8204960635443574,3,0.3588631537698413,-0.024695780092592597,,0.013468984126984128,-0.09698325555555555,,,0.01752670833333333
window,offset,Right DHC – Left DHC,5,-0.059316892605820105,0.24154515936979837,0.10802227919737788,-0.5491172103250711,4,0.6121385172868112,0.8204960635443574,1,0.3250689751984127,-0.0840306412037037,,-0.22774683664021167,-0.29342545343915344,,,-0.016450506944444446
window,offset,Right DHC – Left OFC,5,0.04326802822751324,0.14968449801821604,0.06694094254933272,0.6463612040662032,4,0.5532611151503206,0.8204960635443574,2,0.30488401289682543,0.02362545092592593,,-0.04037113888888889,-0.06102542685185185,,,-0.010772756944444442
window,offset,Right DHC – Left PER,1,-0.04201123611111111,,,,,,,0,,,,,,,,-0.04201123611111111
window,offset,Right DHC – Left RSC,4,-0.10133710674603175,0.10041158150864796,0.05020579075432398,-2.0184346312144097,3,0.13686296216337815,0.6386938234290981,1,,-0.1913366125,,-0.053951272817460316,-0.17748324999999998,,,0.01742270833333333
window,offset,Right DHC – Right PER,1,-0.017001861111111106,,,,,,,0,,,,-0.017001861111111106,,,,
window,offset,Right DHC – Right RSC,3,-0.06840643946208112,0.03606301532010804,0.020820991602853976,-3.2854554080269893,2,0.08147978915018685,0.5703585240513079,0,,-0.10704227175925926,,-0.06254197718253968,,,,-0.03563506944444444
window,offset,Right OFC – Left ACC,8,-0.014450433068783065,0.13514482559331514,0.04778091130965321,-0.3024310895858454,7,0.7711121390323582,0.8204960635443574,4,0.2543596617063492,-0.07205605648148149,0.02520556481481482,0.03826914318783069,-0.11463092936507938,-0.12097678194444443,-0.1673940595238095,0.041619993055555554
window,offset,Right OFC – Left DHC,6,0.05721883919753085,0.14127701869587594,0.057676101364422576,0.9920718953591793,5,0.366714576464367,0.8204960635443574,3,0.32136283730158727,-0.016753523611111112,0.07866773941798941,0.04688792592592593,-0.08659122857142858,,,-0.0002607152777777827
window,offset,Right OFC – Left OFC,8,-0.05522094103835978,0.15882600636687969,0.056153473065399195,-0.9833931549353441,7,0.3581744813996237,0.8204960635443574,3,0.2371577023809524,-0.16296006018518516,0.062237872354497355,-0.01726969411375661,-0.11350039880952381,-0.21846558055555557,-0.231061105489418,0.0020937361111111113
window,offset,Right OFC – Left PER,2,0.04217347685185185,,,,,,,2,,,0.07793377314814814,,,,,0.006413180555555555
window,offset,Right OFC – Left RSC,7,-0.010649397467876036,0.04380315093845089,0.016556034860595228,-0.643233573590891,6,0.5438575288958529,0.8204960635443574,3,,-0.019411253703703703,-0.031323543981481475,0.016527874999999997,-0.08771358558201058,-0.015625497222222222,0.01210051488095238,0.050899708333333335
window,offset,Right OFC – Right DHC,5,0.05786307626984126,0.13359339711710663,0.05974478345979497,0.9685042428646512,4,0.387636689438844,0.8204960635443574,3,0.2961217371031746,-0.0006939768518518534,,0.0060539315476190484,-0.018932991005291007,,,0.006766680555555554
window,offset,Right OFC – Right PER,2,-0.0899826373015873,,,,,,,0,,,,-0.0032618144841269816,,-0.1767034601190476,,
window,offset,Right OFC – Right RSC,6,-0.013242829045414461,0.08407841566652309,0.03432486946076813,-0.3858085770887039,5,0.7155079900798502,0.8204960635443574,2,,-0.010760396296296293,0.09859801157407407,-0.018302,,-0.11335024861111109,-0.09764081316137567,0.061998472222222226
window,offset,Right PER – Left ACC,2,0.018458080390211653,,,,,,,2,,,,0.012999942129629637,,0.02391621865079367,,
window,offset,Right PER – Left DHC,1,-0.016836219246031753,,,,,,,0,,,,-0.016836219246031753,,,,
window,offset,Right PER – Left OFC,2,-0.04874014441137566,,,,,,,0,,,,-0.0012798554894179917,,-0.09620043333333334,,
window,offset,Right PER – Left RSC,2,-0.028824725859788364,,,,,,,1,,,,0.024766676256613752,,-0.08241612797619048,,
window,offset,Right RSC – Left ACC,6,0.02011385888447972,0.1219977415500131,0.04980536942824504,0.40384920572585864,5,0.703016638146421,0.8204960635443574,2,,-0.025696964351851856,0.23636466666666667,-0.09657792063492063,,-0.03728133769841271,-0.04377554761904761,0.08765025694444445
window,offset,Right RSC – Left DHC,4,-0.02560234002976191,0.09973501234418204,0.04986750617209102,-0.5134072664754706,3,0.6430849729926023,0.8204960635443574,1,,-0.05588954861111111,0.10627664087301586,-0.1328402023809524,,,,-0.019956249999999984
window,offset,Right RSC – Left OFC,6,-0.01801717495590829,0.08589145830620985,0.03506504101895834,-0.5138215850415543,5,0.6292701626536572,0.8204960635443574,3,,0.02508482453703704,0.0636101369047619,-0.08043378835978836,,-0.12901655416666669,-0.06771443253968253,0.0803667638888889
window,offset,Right RSC – Left PER,2,0.11961435863095238,,,,,,,1,,,0.26659101587301587,,,,,-0.027362298611111117
window,offset,Right RSC – Left RSC,6,-0.04321978393959435,0.19161917403509257,0.078228200219924,-0.5524834243672997,5,0.6044051650903063,0.8204960635443574,2,,-0.37499851018518515,-0.017347413690476196,-0.08497677777777778,,-0.0034499593253968217,0.005563915674603178,0.21589004166666667
window,offset,Right RSC – Right PER,2,-0.03699129656084656,,,,,,,0,,,,-0.004625480820105823,,-0.0693571123015873,,
role,food,Left DHC – Left ACC,6,0.026239000018896442,0.17634921605935805,0.07199426598087534,0.3644595810708954,5,0.7304211797530028,0.85215804304517,4,0.3342946594860166,0.007137884920634921,0.046178275510204085,-0.051420011904761906,-0.20571589372637944,,,0.0269590858276644
role,food,Left DHC – Left OFC,6,0.03577968365772234,0.14335340223936027,0.05852378139639735,0.6113699901818869,5,0.5676799992152012,0.8387189539859214,2,0.32169676483371124,-0.000378316647770219,0.018967887188208618,-0.035958613378684806,-0.07004209385865458,,,-0.019607526190476194
role,food,Left OFC – Left ACC,8,-0.016549704343820866,0.19166011191719903,0.06776208240981203,-0.2442325228987421,7,0.814054795788699,0.8989188782674197,3,0.2925770918367347,-0.040537581311413454,0.00472772505668934,0.22089133072562356,-0.0764780925547997,-0.11652179219576721,-0.3003762324074074,-0.11668008390022676
role,food,Left PER – Left ACC,2,0.11076265957105064,,,,,,,2,,,0.14843357411186694,,,,,0.07309174503023431
role,food,Left PER – Left DHC,2,0.03472206345427059,,,,,,,2,,,0.06105704164777021,,,,,0.008387085260770975
role,food,Left PER – Left OFC,2,-0.0046026723828420275,,,,,,,1,,,0.04878603684807256,,,,,-0.05799138161375662
role,food,Left PER – Left RSC,2,0.03985656982237339,,,,,,,2,,,0.03901005268329554,,,,,0.040703086961451244
role,food,Left RSC – Left ACC,7,-0.028369334531908003,0.09636494194607798,0.03642252449921413,-0.7788953380351247,6,0.4656414700518942,0.8387189539859214,3,,-0.07690669752456537,0.015703543461829176,-0.044296821617535904,-0.16758740922146637,-0.09556256466364324,0.0572045525888133,0.1128600552532124
role,food,Left RSC – Left DHC,5,-0.01749619330309902,0.20778824488983405,0.09292572809980844,-0.18828147662514882,4,0.8598221793514821,0.8989188782674197,1,,-0.09401432261904762,-0.032722935222978075,-0.04186069557823129,-0.2416494252834467,,,0.3227664121882086
role,food,Left RSC – Left OFC,7,-0.028485087825288847,0.03567384059592986,0.013483444361055806,-2.1125972757793434,6,0.07908838799794057,0.4428949727884672,3,,-0.06808812792894936,0.015660969387755096,-0.04093207426303855,-0.06343829391534392,-0.05187836798941799,0.004664508314436885,0.004615771617535906
role,food,Right ACC – Left ACC,8,0.26187687415674604,0.2270563160662986,0.08027653040085789,3.2621847612131907,7,0.013822627046413344,0.3870335572995736,8,0.30214411763038546,0.06832845051020409,0.3382774007936508,0.13349748274754347,0.1691277284958428,0.7429347395124717,0.02422115693499622,0.31648391662887376
role,food,Right ACC – Left DHC,6,0.07847583669060217,0.13425442117921624,0.05480913793363048,1.4318020616494678,5,0.2116224214819564,0.5925427801494779,4,0.3175945993953137,0.0019454111300075598,0.13713514153439155,-0.017726723072562362,-0.041372861073318216,,,0.0732794522297808
role,food,Right ACC – Left OFC,8,0.08569019915910808,0.09711307284178367,0.03433465617414418,2.4957348844412586,7,0.041248867369023015,0.4032804199723532,7,0.25019417545351474,0.059317196485260765,0.14654162566137566,0.07781241513605441,0.011076776209372639,0.1670655588435374,-0.050188272675736965,0.02370211815948602
role,food,Right ACC – Left PER,2,0.23668661977513228,,,,,,,2,,,0.22068650555555555,,,,,0.252686733994709
role,food,Right ACC – Left RSC,7,0.009817067325342835,0.0558223674543723,0.021098871697019263,0.465288735166333,6,0.6581331899003315,0.8387189539859214,3,,-0.04923209429327286,0.07228946296296296,-0.039966042460317465,-0.02643792326152683,-0.013206771712018143,0.036135769274376416,0.08913707076719576
role,food,Right ACC – Right DHC,5,0.05107028590325019,0.132941379174954,0.059453192171554405,0.8589998961853045,4,0.4387708265559201,0.8387189539859214,3,0.28647896598639455,0.012187236470143616,,-0.01658017448979592,-0.03438530876795163,,,0.007650710317460318
role,food,Right ACC – Right OFC,8,0.004454250524376414,0.10707683705876482,0.037857378796129805,0.11765871452335669,7,0.9096429827834157,0.9096429827834157,5,0.17911687726757367,-0.15195949520030233,0.08317764814814815,0.013121819557823126,-0.06599912462207105,0.03589021583522298,-0.10248501171579744,0.044771074924414206
role,food,Right ACC – Right PER,2,0.21693034497354496,,,,,,,2,,,,0.10047093894557822,,0.3333897510015117,,
role,food,Right ACC – Right RSC,6,0.1390782584089191,0.12949958149516178,0.05286798276118551,2.6306707981872774,5,0.046495663991320726,0.4032804199723532,6,,0.0262144373015873,0.22076584845049133,0.035316358276643985,,0.35699999958427814,0.06057262764550265,0.13460027919501133
role,food,Right DHC – Left ACC,5,0.03631443713529857,0.17664644835507873,0.07899869330117239,0.4596840228338263,4,0.6696176426022016,0.8387189539859214,2,0.3370129824263039,0.03434344975434618,,-0.07411019867724868,-0.10511162335600907,,,-0.010562424470899471
role,food,Right DHC – Left DHC,5,-0.05502204805366591,0.2552113972791011,0.11413400658975498,-0.4820828576660592,4,0.6549384076790036,0.8387189539859214,1,0.3360191151738473,-0.0360745865835223,,-0.17634159382086168,-0.3588493472600151,,,-0.03986382777777778
role,food,Right DHC – Left OFC,5,0.03178737239229026,0.15293095428625658,0.0683928019295965,0.4647765772926244,4,0.6662641399641047,0.8387189539859214,2,0.2993193676303855,0.0023489162131519266,,-0.08296493592214664,-0.04286195772864701,,,-0.01690452823129252
role,food,Right DHC – Left PER,1,0.006435161016628873,,,,,,,1,,,,,,,,0.006435161016628873
role,food,Right DHC – Left RSC,4,-0.09846914640967498,0.08366753001906846,0.04183376500953423,-2.3538198483266597,3,0.09995859083756346,0.4664734239086295,1,,-0.1757133886999244,,-0.07537249385865456,-0.15212532637944068,,,0.009334623299319729
role,food,Right DHC – Right PER,1,-0.04293705332577475,,,,,,,0,,,,-0.04293705332577475,,,,
role,food,Right DHC – Right RSC,3,-0.07104267287729907,0.030885706346255308,0.017831870873122237,-3.98402800148025,2,0.05761148856747903,0.4032804199723532,0,,-0.10336123133030992,,-0.06794325357142857,,,,-0.04182353373015873
role,food,Right OFC – Left ACC,8,-0.057724289569161,0.13807028651463957,0.04881521793743558,-1.1825060300487402,7,0.2756092688100007,0.6430882938900017,3,0.21195304988662128,-0.12508194113756613,0.023119122222222222,0.006538967724867725,-0.1738884650793651,-0.1742347912131519,-0.19211537908163265,-0.038084879875283445
role,food,Right OFC – Left DHC,6,0.034425603735197784,0.12957179103605618,0.05289746218281083,0.650798777760353,5,0.5438945547561951,0.8387189539859214,4,0.28442125396825396,0.009716446825396827,0.016655585449735447,0.010174365646258504,-0.09682334947089948,,,-0.01759068000755858
role,food,Right OFC – Left OFC,8,-0.08061316699263038,0.15871049466704615,0.056112633512269854,-1.4366313242988875,7,0.19397172851522929,0.5925427801494779,2,0.22244671655328796,-0.1920917703892668,0.0516806343915344,-0.05401868752834467,-0.1527517933106576,-0.22396235965608466,-0.24551669576719576,-0.05069138023431595
role,food,Right OFC – Left PER,2,-0.020569998762282687,,,,,,,1,,,0.016817940476190476,,,,,-0.057957938000755854
role,food,Right OFC – Left RSC,7,-0.025615303976352446,0.039930516519707096,0.015092316633357333,-1.6972413578798764,6,0.14057396815369155,0.5622958726147662,1,,-0.01169754470899471,-0.020922259032501892,-0.010750965476190477,-0.10655936738473167,-0.037452894576719575,-0.014391624433106575,0.022467527777777777
role,food,Right OFC – Right DHC,5,0.025131355109599397,0.1305054262381033,0.05836380090019672,0.43059832844976154,4,0.6889477122027212,0.8387189539859214,1,0.25573810034013605,-0.00536419113756614,,-0.04873963745275888,-0.055193361186696904,,,-0.020784135015117163
role,food,Right OFC – Right PER,2,-0.10752939003212397,,,,,,,0,,,,-0.0374536201814059,,-0.17760515988284203,,
role,food,Right OFC – Right RSC,6,-0.04973044157533383,0.07620085501277092,0.03110886879084842,-1.598593697176269,5,0.17080438600802264,0.5925427801494779,1,,-0.0034586761904761903,0.02818629092970522,-0.019945357142857143,,-0.14908468586545728,-0.14250271400226758,-0.011577507180650039
role,food,Right PER – Left ACC,2,-0.0362922079648526,,,,,,,0,,,,-0.05966828756613756,,-0.01291612836356764,,
role,food,Right PER – Left DHC,1,-0.03895734684429327,,,,,,,0,,,,-0.03895734684429327,,,,
role,food,Right PER – Left OFC,2,-0.0692285794973545,,,,,,,0,,,,-0.02119212588813303,,-0.11726503310657596,,
role,food,Right PER – Left RSC,2,-0.05938517103174604,,,,,,,0,,,,-0.025989232350718063,,-0.09278110971277401,,
role,food,Right RSC – Left ACC,6,-0.005462199234693873,0.07579767222741718,0.030944270107983295,-0.17651730726344336,5,0.8668146326150118,0.8989188782674197,3,,0.019286335430839005,0.12656710279667424,-0.09010480066137566,,-0.047744837792894936,-0.04573044648526076,0.004953451303854874
role,food,Right RSC – Left DHC,4,-0.014473719623960695,0.04674666939854988,0.02337333469927494,-0.6192406778999182,3,0.5796035276713936,0.8387189539859214,2,,-0.012265302248677253,0.026180854875283443,-0.08051162613378685,,,,0.008701195011337872
role,food,Right RSC – Left OFC,6,-0.031758981295666414,0.060152687688780584,0.024557231915751335,-1.2932638908416947,5,0.2524440661369882,0.6425848956214245,2,,0.02801487894935752,0.03743232728647015,-0.06633579652305366,,-0.11891671545729403,-0.05674260780423281,-0.014005974225245655
role,food,Right RSC – Left PER,2,0.07031747545351473,,,,,,,2,,,0.13040225170068026,,,,,0.010232699206349203
role,food,Right RSC – Left RSC,6,-0.04658265020471151,0.20943581131846514,0.08550181193267557,-0.5448147723628459,5,0.6092907316568996,0.8387189539859214,2,,-0.3724200501322751,-0.07883397891156463,-0.04854857932728647,,-0.12094397568027211,0.09247631368102797,0.24877436914210127
role,food,Right RSC – Right PER,2,-0.048067495096371884,,,,,,,0,,,,-0.04504564433106576,,-0.05108934586167801,,
role,no_food,Left DHC – Left ACC,6,0.027569577651801454,0.15432344954010482,0.06300228445323403,0.43759647592248946,5,0.679935419857296,0.8938836831657119,3,0.28733130102040816,-0.021430243027210884,0.03607905196523053,-0.01334499091080877,-0.18720642089947093,,,0.06398876776266062
role,no_food,Left DHC – Left OFC,6,0.038202013964474674,0.13137516226820758,0.05363368540540835,0.7122765045085346,5,0.508141111288823,0.8938836831657119,3,0.2945418873771731,0.0007157839947089949,0.041975630196523055,-0.019524514890400607,-0.07770803121693122,,,-0.010788671674225245
role,no_food,Left OFC – Left ACC,8,-0.034541660130857896,0.18295941109233113,0.0646859201326423,-0.5339903963648995,7,0.6098789414381073,0.8938836831657119,2,0.23570068197278912,-0.11959861953892668,-0.002866916477702187,0.21690859986772487,-0.06629915899470899,-0.12107889404761904,-0.3097247828798186,-0.10937419094860167
role,no_food,Left PER – Left ACC,2,0.09072097477324262,,,,,,,2,,,0.13133844822373392,,,,,0.05010350132275133
role,no_food,Left PER – Left DHC,2,0.03708021142290249,,,,,,,2,,,0.04607199055177627,,,,,0.02808843229402872
role,no_food,Left PER – Left OFC,2,0.030719574565381703,,,,,,,1,,,0.10290007388510959,,,,,-0.041460924754346186
role,no_food,Left PER – Left RSC,2,0.02449606242441421,,,,,,,2,,,0.0026280037792894956,,,,,0.046364121069538924
role,no_food,Left RSC – Left ACC,7,-0.020621858473706945,0.11195036991544412,0.04231326256827888,-0.48736157937314434,6,0.6432957647046561,0.8938836831657119,3,,-0.10963897530234316,0.029888278344671202,-0.0021188687641723334,-0.21866320793650795,-0.004961502003023433,0.03348471853741496,0.1276565478080121
role,no_food,Left RSC – Left DHC,5,-0.034245328397581265,0.24057740125802687,0.1075894846126383,-0.3182962398312162,4,0.7661860141420388,0.8938836831657119,1,,-0.11431723571428572,-0.0692813611111111,-0.030795560714285714,-0.3082838182539683,,,0.3514513338057445
role,no_food,Left RSC – Left OFC,7,-0.03081980041032286,0.07089497112001562,0.026795780398381087,-1.1501736449588493,6,0.2938417717567325,0.7623869437319274,4,,-0.08058177171201815,0.04565275680272109,0.0074446166855631135,-0.16511827883597882,-0.02974358492063492,0.0043104027777777785,0.002297256330309904
role,no_food,Right ACC – Left ACC,8,0.2644145556878307,0.2336871789251566,0.08262089444716614,3.200335187086564,7,0.015058798349585336,0.42164635378838944,8,0.26124695209750565,0.002192554686318974,0.2950813918745276,0.21340397930839003,0.1923795685185185,0.7692685626984127,0.05110184977324263,0.33064158654572945
role,no_food,Right ACC – Left DHC,6,0.08690730984819854,0.11727251350293233,0.04787630315597242,1.815246878295304,5,0.1291970029998829,0.6326007786704317,4,0.295778037414966,-0.015771518934240364,0.13777186602418745,0.026413226587301587,-0.0043005949735449725,,,0.08155284297052154
role,no_food,Right ACC – Left OFC,8,0.09205317393235071,0.10376063158785505,0.03668492310798569,2.509291723506769,7,0.040438787163074544,0.5661430202830436,6,0.23351101228269083,-0.05541585069916855,0.14031994652305366,0.1591653626984127,0.04329150699168556,0.1809389507936508,-0.03427002551020408,0.0688844883786848
role,no_food,Right ACC – Left PER,2,0.23383535577286468,,,,,,,2,,,0.2444352643613001,,,,,0.2232354471844293
role,no_food,Right ACC – Left RSC,7,0.012191691731454487,0.06923527856285332,0.026168475575655898,0.4658923175026755,6,0.65772513966788,0.8938836831657119,3,,-0.08057198382464097,0.09555113199168556,-0.004328249149659866,-0.037995601436130004,0.0011105126984126995,-0.0011834798752834465,0.11275951171579743
role,no_food,Right ACC – Right DHC,5,0.06165670127362055,0.12589393525327414,0.05630147943625563,1.0951168937474918,4,0.3349800588339274,0.7816201372791639,3,0.2711929253590325,-0.044474766383219955,,0.08273937840136053,-0.004756803968253966,,,0.0035827729591836723
role,no_food,Right ACC – Right OFC,8,0.004919965325018897,0.12217668032691202,0.04319597958101027,0.11389868623749888,7,0.9125160677192997,0.9125160677192997,5,0.20514842545351475,-0.21617004130763418,0.05299041130007559,0.0324077067271353,-0.04538552112622827,0.04841875119047619,-0.07768465022675737,0.03963464058956916
role,no_food,Right ACC – Right PER,2,0.2642393253968254,,,,,,,2,,,,0.19636853333333332,,0.3321101174603175,,
role,no_food,Right ACC – Right RSC,6,0.12834692987528346,0.15951127387493977,0.06512020486915722,1.970923312252542,5,0.10579898989608016,0.6326007786704317,5,,-0.09689543975812548,0.19219701806500378,0.12526221371882088,,0.3804087281746032,0.034414429138322,0.13469462991307632
role,no_food,Right DHC – Left ACC,5,0.025188942928949364,0.16439355828812593,0.07351903427906471,0.3426179788126266,4,0.7491329838963346,0.8938836831657119,1,0.3050308114134543,-0.021026692498110355,,-0.013989052683295538,-0.13209197328042327,,,-0.011978378306878305
role,no_food,Right DHC – Left DHC,5,-0.04891938111866969,0.225677380349905,0.10092599268929257,-0.484705473933472,4,0.6532317225091038,0.8938836831657119,1,0.30347307860922146,-0.062250958238851094,,-0.13424125659486016,-0.3170180939153439,,,-0.03455967545351474
role,no_food,Right DHC – Left OFC,5,0.0293999609712774,0.15859035711439204,0.0709237638167496,0.4145290575277423,4,0.6997530132167852,0.8938836831657119,2,0.3012582465041572,-0.04033089414210129,,-0.009355466175359031,-0.11139228843537415,,,0.006820207105064249
role,no_food,Right DHC – Left PER,1,-0.013824199735449736,,,,,,,0,,,,,,,,-0.013824199735449736
role,no_food,Right DHC – Left RSC,4,-0.12408611742724868,0.12000405468968761,0.060002027344843806,-2.0680320802179004,3,0.13048777038650522,0.6326007786704317,0,,-0.2216425071617536,,-0.03364369623960695,-0.2334019253212396,,,-0.007656340986394557
role,no_food,Right DHC – Right PER,1,0.032134959089191235,,,,,,,1,,,,0.032134959089191235,,,,
role,no_food,Right DHC – Right RSC,3,-0.04871960013227514,0.0919399926396752,0.05308157949980869,-0.9178249892215571,2,0.4556013074298692,0.8938836831657119,1,,-0.13815452545351475,,0.045535806027966745,,,,-0.0535400809712774
role,no_food,Right OFC – Left ACC,8,-0.07146172842261904,0.14610354577162393,0.051655403985257205,-1.3834317982105937,7,0.20904291540297698,0.6503557368092617,2,0.23258473167044597,-0.1801068268707483,-0.04925553102796673,0.01332895143613001,-0.16915500238095238,-0.16233110646258503,-0.20965882624716553,-0.04710021749811036
role,no_food,Right OFC – Left DHC,6,0.021770766613126723,0.1310205146474545,0.053488901120518836,0.4070146545742974,5,0.7008356380430901,0.8938836831657119,3,0.2724761864134542,-0.0292816306122449,0.008153883786848072,-0.005074895351473925,-0.11611430132275133,,,0.00046535676492819424
role,no_food,Right OFC – Left OFC,8,-0.09145472078136811,0.17401731816833893,0.061524412860364724,-1.4864785624030734,7,0.18074307962012337,0.6326007786704317,2,0.2419633474111867,-0.2251479053287982,0.025854491118669692,-0.02203948202947846,-0.18575435770975057,-0.24011447063492064,-0.27059141099773243,-0.05580797808012094
role,no_food,Right OFC – Left PER,2,-0.01526405713340892,,,,,,,0,,,-0.003444554232804235,,,,,-0.027083560034013604
role,no_food,Right OFC – Left RSC,7,-0.038425405307202246,0.06568937092262472,0.024828248463077508,-1.5476486536835368,6,0.17267284113418088,0.6326007786704317,2,,-0.04911079487906274,0.012229691780045352,-0.022604612339380197,-0.1802670375283447,-0.007030104780801209,-0.02454745890022676,0.0023524794973544968
role,no_food,Right OFC – Right DHC,5,0.014672404792139071,0.15480073081958073,0.06922899141584585,0.2119401784146273,4,0.8425150453360324,0.9125160677192997,2,0.2810801539115646,-0.06055224493575208,,-0.04551518962585035,-0.11006541288737717,,,0.008414717498110357
role,no_food,Right OFC – Right PER,2,-0.10609506621315193,,,,,,,0,,,,-0.021774022600151172,,-0.19041610982615267,,
role,no_food,Right OFC – Right RSC,6,-0.05683151555177626,0.08073398960094395,0.032959513236912666,-1.7242826113138223,5,0.1452579681591224,0.6326007786704317,1,,-0.06390305238095238,0.032939819935752075,-0.01064719387755102,,-0.11147480209750567,-0.18507343112244898,-0.0028304337679516244
role,no_food,Right PER – Left ACC,2,-0.01501330323129252,,,,,,,0,,,,-0.024985543140589577,,-0.0050410633219954626,,
role,no_food,Right PER – Left DHC,1,-0.02413034013605442,,,,,,,0,,,,-0.02413034013605442,,,,
role,no_food,Right PER – Left OFC,2,-0.06385742577475434,,,,,,,0,,,,-0.011510867157974303,,-0.11620398439153438,,
role,no_food,Right PER – Left RSC,2,-0.0045841443877551,,,,,,,1,,,,-0.011602466969009824,,0.0024341781934996243,,
role,no_food,Right RSC – Left ACC,6,-0.005859216512345677,0.07473605841950101,0.030510868085768687,-0.19203703073524203,5,0.855268829495078,0.9125160677192997,2,,-0.043008887377173094,0.11625380192743764,-0.03944644261148903,,-0.03581114865835223,-0.08505848837868481,0.051915866024187456
role,no_food,Right RSC – Left DHC,4,-0.005786865636810276,0.07685902983958595,0.038429514919792976,-0.1505838845191817,3,0.8898590292594111,0.9125160677192997,2,,-0.06722357513227513,0.0948245776643991,-0.06447327167422524,,,,0.01372480659486017
role,no_food,Right RSC – Left OFC,6,-0.0376223316484001,0.07964463805247159,0.03251478732953466,-1.157083737534584,5,0.2995091564661143,0.7623869437319274,1,,-0.045267956991685565,0.09109757029478457,-0.012549158730158726,,-0.11768120740740741,-0.12482903968253968,-0.016504197373393804
role,no_food,Right RSC – Left PER,2,0.06895971034580499,,,,,,,1,,,0.1540894724111867,,,,,-0.016170051719576715
role,no_food,Right RSC – Left RSC,6,-0.03518418203262786,0.2266506033434968,0.09252972134758569,-0.38024735749996824,5,0.7193792667055311,0.8938836831657119,2,,-0.414735296031746,-0.0784161996409675,-0.02499010459183674,,-0.015300063548752829,0.03210135770975057,0.29023521390778534
role,no_food,Right RSC – Right PER,2,-0.0223104393329554,,,,,,,1,,,,0.01721389650415722,,-0.061834775170068024,,
rest,all,Left DHC – Left ACC,6,0.025527354938271605,0.14144943313770775,0.05774648926555169,0.4420589937663932,5,0.6769120862799479,0.7897814304612822,1,0.3134727222222222,-0.015954384259259255,-0.03639305555555556,-0.04598884722222222,-0.025062305555555553,,,-0.03691
rest,all,Left DHC – Left OFC,6,0.04461920745149912,0.12106987733966043,0.04942657045058596,0.9027372735906695,5,0.4080483493030457,0.7897814304612822,3,0.28982420833333333,0.018531421296296296,0.0020916666666666705,-0.002770833333333335,-0.026416083333333333,,,-0.013545134920634921
rest,all,Left OFC – Left ACC,8,-0.05575634284060846,0.18118350114534326,0.06405804114949641,-0.8704034940825971,7,0.41293070746059574,0.7897814304612822,4,0.19248075,0.010919898148148175,0.10715294444444444,0.009633319444444446,-0.1575446388888889,-0.28260705555555554,-0.3180698492063492,-0.008016111111111106
rest,all,Left PER – Left ACC,2,0.043702687500000004,,,,,,,2,,,0.03019738888888889,,,,,0.05720798611111111
rest,all,Left PER – Left DHC,2,-0.054866493055555556,,,,,,,0,,,-0.08123174999999999,,,,,-0.02850123611111112
rest,all,Left PER – Left OFC,2,0.001488838293650793,,,,,,,1,,,0.012805194444444442,,,,,-0.009827517857142856
rest,all,Left PER – Left RSC,2,-0.09601854166666667,,,,,,,1,,,-0.19484161111111112,,,,,0.002804527777777777
rest,all,Left RSC – Left ACC,7,-0.03180027881708239,0.11994462856291668,0.04533480832507031,-0.7014539156989602,6,0.5092982980277436,0.7897814304612822,4,,-0.11450764814814815,-0.04081281944444445,0.010525333333333334,-0.24633755555555556,0.12864609722222223,0.00439858531746032,0.035486055555555555
rest,all,Left RSC – Left DHC,5,-0.16704611296296296,0.2438588288789893,0.10905698365738177,-1.5317323784395358,4,0.2003483426630979,0.6233059549518601,1,,-0.21437437037037035,-0.5468612777777778,0.11549684722222223,-0.11802483333333333,,,-0.07146693055555556
rest,all,Left RSC – Left OFC,7,-0.038200575207860916,0.05178585586633213,0.01957321372185002,-1.9516761912846612,6,0.09882903647534591,0.4783103467926013,2,,-0.11141510185185183,-0.03874070833333334,0.025275472222222223,-0.10254327777777777,-0.021601972222222224,-0.026538101190476192,0.008159662698412699
rest,all,Right ACC – Left ACC,8,0.11645148371362433,0.17048593910504706,0.06027588181906778,1.9319747832670588,7,0.09464677412294191,0.4783103467926013,7,0.20048984722222218,0.051601907407407416,0.08763662500000001,0.07288086111111111,0.12966054563492063,0.454521,-0.15622136507936507,0.09104244841269842
rest,all,Right ACC – Left DHC,6,0.047784568783068776,0.1250453722838778,0.05104955946531043,0.9360427256094089,5,0.3922221393520366,0.7897814304612822,4,0.30034849999999996,0.0021154444444444367,0.01682959722222222,0.015185311507936505,-0.026467859126984124,,,-0.021303581349206346
rest,all,Right ACC – Left OFC,8,-0.007616455026455034,0.10592053362760039,0.03744856379748698,-0.20338443598646477,7,0.8446205019642649,0.8446205019642649,4,0.1881612361111111,-0.057920689814814845,0.044609013888888896,0.03459606547619047,-0.036517376984126985,-0.06221704166666667,-0.17833298412698415,0.006690136904761903
rest,all,Right ACC – Left PER,2,0.10775405952380952,,,,,,,2,,,0.10666777777777778,,,,,0.10884034126984127
rest,all,Right ACC – Left RSC,7,0.0147696320861678,0.10378283003181418,0.039226222660380845,0.37652445442026666,6,0.719482806198245,0.7897814304612822,3,,-0.10919194444444445,-0.05690229166666667,0.03704991865079365,-0.0030149523809523873,0.22145141666666668,-0.008349140873015871,0.022344418650793656
rest,all,Right ACC – Right DHC,5,0.03216911322751322,0.11154068897889957,0.04988251256279621,0.6448976119038932,4,0.5541178625394105,0.7897814304612822,3,0.20677934722222222,-0.0752847824074074,,0.017872700396825387,-0.049617666666666664,,,0.06109596759259259
rest,all,Right ACC – Right OFC,8,-0.060113610036375664,0.15142723759390306,0.05353761327949767,-1.1228294717313496,7,0.298539945249747,0.7897814304612822,2,0.23157669444444443,-0.2803131064814815,-0.06422659722222222,-0.027719646825396824,-0.08078075,-0.13711401388888889,-0.15994759523809524,0.03761613492063492
rest,all,Right ACC – Right PER,2,0.16483248115079363,,,,,,,2,,,,0.19702353174603174,,0.13264143055555555,,
rest,all,Right ACC – Right RSC,6,0.020209626102292766,0.12035987179616565,0.04913671190123436,0.41129382330088476,5,0.6978924708339859,0.7897814304612822,4,,-0.05695732870370371,0.0503267638888889,0.10310594444444444,,0.15962422222222222,-0.1767467142857143,0.04190486904761906
rest,all,Right DHC – Left ACC,5,0.04216004656084656,0.15366191098817947,0.06871969570441823,0.6135074686911913,4,0.5727121080332124,0.7897814304612822,3,0.2687762777777778,-0.04151824537037036,,0.06585444841269841,-0.1451906507936508,,,0.06287840277777777
rest,all,Right DHC – Left DHC,5,-0.03316713677248677,0.20300949563283394,0.09078860646259267,-0.3653226772034717,4,0.7333684711426193,0.7897814304612822,2,0.2644088333333333,-0.16478447685185185,,-0.178134998015873,-0.18103219047619049,,,0.09370714814814815
rest,all,Right DHC – Left OFC,5,0.01601146455026455,0.12341501252545849,0.05519287149018263,0.29010022703951127,4,0.786157148145156,0.8152740795579396,1,0.23317118055555555,-0.05793276388888889,,-0.03267816071428572,-0.05827665079365079,,,-0.004226282407407408
rest,all,Right DHC – Left PER,1,0.037301611111111105,,,,,,,1,,,,,,,,0.037301611111111105
rest,all,Right DHC – Left RSC,4,-0.08274716071428571,0.3172215764275138,0.1586107882137569,-0.5216994483551072,3,0.6379476985357687,0.7897814304612822,2,,-0.3149956018518518,,0.1013977123015873,-0.3849490634920635,,,0.26755831018518517
rest,all,Right DHC – Right PER,1,-0.04674870833333333,,,,,,,0,,,,-0.04674870833333333,,,,
rest,all,Right DHC – Right RSC,3,-0.11468928417107588,0.34616912433791835,0.19986083712163422,-0.5738457109597545,2,0.624004602190084,0.7897814304612822,1,,-0.4119225555555556,,-0.1975296626984127,,,,0.2653843657407407
rest,all,Right OFC – Left ACC,8,-0.11523705696097883,0.19390289866773558,0.06855502726984189,-1.680942471328764,7,0.13666009908360038,0.4783103467926013,1,0.2725281527777778,-0.1968130787037037,-0.082580125,-0.018946083333333332,-0.2770761388888889,-0.32414719444444445,-0.25680460515873016,-0.038057382936507934
rest,all,Right OFC – Left DHC,6,0.05095041578483245,0.14649278812758326,0.05980543031837076,0.8519362792576,5,0.4331490107787694,0.7897814304612822,3,0.3451054861111111,0.018664032407407407,-0.03599370833333333,-0.0008115000000000002,-0.04151758333333333,,,0.020255767857142854
rest,all,Right OFC – Left OFC,8,-0.1418177964616402,0.21560404925795956,0.0762275426407908,-1.8604534732272846,7,0.1051414523473018,0.4783103467926013,2,0.24948776388888888,-0.28168751851851853,-0.07004749999999998,-0.04252977777777778,-0.2688825138888889,-0.41285327777777775,-0.3086108095238095,0.0005812619047619054
rest,all,Right OFC – Left PER,2,-0.01469966865079365,,,,,,,0,,,-0.004919513888888888,,,,,-0.02447982341269841
rest,all,Right OFC – Left RSC,7,-0.04276535100151172,0.05411418635335807,0.020453239927370095,-2.0908839456913633,6,0.0814985848778586,0.4783103467926013,0,,-0.018503226851851854,-0.008742555555555557,-0.0041332500000000015,-0.16011355555555556,-0.04132561111111112,-0.047024974206349206,-0.01951428373015873
rest,all,Right OFC – Right DHC,5,0.02989557817460318,0.15154960312681207,0.0677750429109333,0.4411000995438766,4,0.6819340265757734,0.7897814304612822,3,0.2863479166666667,-0.034185231481481476,,0.008120573412698413,-0.1144333492063492,,,0.0036279814814814838
rest,all,Right OFC – Right PER,2,-0.14425510416666668,,,,,,,0,,,,-0.024007569444444446,,-0.2645026388888889,,
rest,all,Right OFC – Right RSC,6,-0.0965178468915344,0.1199099756151818,0.04895304255446147,-1.9716414313605923,5,0.10570185883015162,0.4783103467926013,0,,-0.02660273611111111,-0.012856930555555555,-0.028168874999999996,,-0.24871634722222222,-0.2533193630952381,-0.009442829365079368
rest,all,Right PER – Left ACC,2,-0.014920937499999998,,,,,,,1,,,,0.04044294444444444,,-0.07028481944444444,,
rest,all,Right PER – Left DHC,1,-0.0931689861111111,,,,,,,0,,,,-0.0931689861111111,,,,
rest,all,Right PER – Left OFC,2,-0.1290410972222222,,,,,,,0,,,,-0.013321249999999998,,-0.24476094444444443,,
rest,all,Right PER – Left RSC,2,-0.006296895833333337,,,,,,,1,,,,0.002864249999999999,,-0.015458041666666672,,
rest,all,Right RSC – Left ACC,6,-0.0210574126984127,0.10705838889169834,0.043706404244851275,-0.4817923840278697,5,0.6503017480147469,0.7897814304612822,4,,0.058047513888888895,0.04590797222222222,0.010470624999999994,,-0.11911198611111111,-0.18887854563492065,0.06721994444444444
rest,all,Right RSC – Left DHC,4,-0.10242298958333333,0.09960881400408078,0.04980440700204039,-2.0565045494696337,3,0.13193755067378252,0.4783103467926013,0,,-0.016595027777777764,-0.246216375,-0.06881558333333333,,,,-0.07806497222222222
rest,all,Right RSC – Left OFC,6,-0.0812252085537919,0.10586952504811613,0.04322105261311454,-1.8792973248676912,5,0.11898401230930651,0.4783103467926013,1,,-0.053165523148148146,-0.012020638888888888,0.037716597222222224,,-0.22285869444444448,-0.2006011765873016,-0.03642181547619047
rest,all,Right RSC – Left PER,2,-0.0019689305555555623,,,,,,,1,,,0.02121797222222221,,,,,-0.025155833333333336
rest,all,Right RSC – Left RSC,6,-0.11280742581569664,0.35176918592683204,0.14360916879249397,-0.7855168772593909,5,0.46772248953668,0.7897814304612822,4,,-0.420430537037037,-0.6729512916666667,0.06281025,,0.2188316388888889,0.01998813492063492,0.11490725
rest,all,Right RSC – Right PER,2,-0.037246666666666664,,,,,,,1,,,,0.049370333333333336,,-0.12386366666666666,,
rest,theta,Left DHC – Left ACC,6,0.008337641203703706,0.16183918113170762,0.06607056902709112,0.12619296801099136,5,0.9044965885739403,0.9801651038108571,2,0.323833125,-0.0816683611111111,-0.057076125000000005,-0.046549625000000004,0.02819079166666667,,,-0.11670395833333332
rest,theta,Left DHC – Left OFC,6,0.052268843253968265,0.1299902287172665,0.05306828865083061,0.984935534625539,5,0.3698861205266342,0.796677798057366,3,0.30378745833333337,0.07500658333333332,0.018904916666666674,-0.015396458333333335,-0.031783875,,,-0.03690556547619048
rest,theta,Left OFC – Left ACC,8,-0.10744637797619047,0.16318922257059526,0.05769610294811435,-1.8622813757944128,7,0.10485966522738341,0.43915058811521435,2,0.16477845833333335,0.029226083333333375,-0.07263783333333336,-0.23122287500000002,-0.16104075,-0.26344525,-0.310604369047619,-0.0146244880952381
rest,theta,Left PER – Left ACC,2,0.0179138125,,,,,,,1,,,0.06025841666666667,,,,,-0.02443079166666667
rest,theta,Left PER – Left DHC,2,-0.18666304166666667,,,,,,,0,,,-0.253526125,,,,,-0.11979995833333335
rest,theta,Left PER – Left OFC,2,0.018071074404761907,,,,,,,1,,,0.04166670833333334,,,,,-0.005524559523809522
rest,theta,Left PER – Left RSC,2,-0.2235795416666667,,,,,,,0,,,-0.44136320833333337,,,,,-0.005795875000000006
rest,theta,Left RSC – Left ACC,7,-0.0014988472222222278,0.1530190113913174,0.05783575000091222,-0.02591558373840725,6,0.9801651038108571,0.9801651038108571,4,,-0.04025593055555556,-0.04233537500000001,0.019893625,-0.2889052083333334,0.20606695833333336,0.03881833333333334,0.09622566666666667
rest,theta,Left RSC – Left DHC,5,-0.2625281166666667,0.33860049724491137,0.1514267458109704,-1.7336971435309505,4,0.1579979548713808,0.4657349183224129,1,,-0.42176033333333335,-0.7542975833333334,0.13144512500000002,-0.17377791666666667,,,-0.09424987499999998
rest,theta,Left RSC – Left OFC,7,-0.04566524007936507,0.06789663031470894,0.025662514096001284,-1.7794530928861954,6,0.12547159660434695,0.43915058811521435,1,,-0.13148080555555555,-0.042719166666666676,0.05992995833333334,-0.1279470833333333,-0.009602125000000001,-0.05378788690476191,-0.01404957142857143
rest,theta,Right ACC – Left ACC,8,0.12938290848214287,0.20597246865761362,0.0728222646627661,1.7766943816057417,7,0.11886789688112542,0.43915058811521435,7,0.13965499999999997,0.11205737500000003,0.22229662500000003,0.03907244047619047,0.20443177380952382,0.4490878333333333,-0.2845906845238095,0.15305290476190478
rest,theta,Right ACC – Left DHC,6,0.07148875925925925,0.12523712317408872,0.05112784143843397,1.3982354280562197,5,0.22090109921239307,0.5622937070860915,4,0.3056543333333333,0.02111118055555555,0.06923883333333333,0.0921412738095238,-0.02016820833333333,,,-0.03904485714285714
rest,theta,Right ACC – Left OFC,8,-0.01121037028769842,0.10944990190453026,0.03869638391844788,-0.28970072013250975,7,0.7804382604440644,0.9500987518449479,4,0.10969999999999998,-0.07904898611111118,0.06384725000000002,0.06194999404761905,-0.07154317857142857,-0.02222862499999999,-0.22013110119047619,0.06777168452380952
rest,theta,Right ACC – Left PER,2,0.06372817559523809,,,,,,,2,,,0.09728395833333332,,,,,0.03017239285714286
rest,theta,Right ACC – Left RSC,7,0.04619625000000001,0.15788831453331445,0.05967617359689931,0.7741154838788173,6,0.46825835185937026,0.8350577098271313,4,,-0.14227054166666667,-0.01592133333333334,0.06673577976190476,0.04085264285714285,0.3711414583333334,-0.007066595238095237,0.00990233928571429
rest,theta,Right ACC – Right DHC,5,0.03399239206349206,0.15851749299614726,0.07089117799244642,0.4795010186897164,4,0.6566210486434866,0.8385974809667687,3,0.21421695833333332,-0.15101204166666665,,0.09633845238095236,-0.11365971428571427,,,0.12407830555555555
rest,theta,Right ACC – Right OFC,8,-0.1030315081845238,0.18865648226675882,0.0667001389628124,-1.5446970544089478,7,0.16633389940086174,0.4657349183224129,2,0.21175437499999994,-0.41980712499999995,-0.14469533333333334,-0.059046476190476184,-0.13388644642857142,-0.12186433333333331,-0.22584345238095238,0.06913672619047619
rest,theta,Right ACC – Right PER,2,0.11256187202380952,,,,,,,2,,,,0.17652732738095236,,0.04859641666666667,,
rest,theta,Right ACC – Right RSC,6,0.049749795965608475,0.1609036828473176,0.06568865345175702,0.7573575244946322,5,0.48297941784256715,0.8350577098271313,4,,-0.03879394444444445,0.0017660833333333393,0.1770080654761905,,0.27338170833333336,-0.18016289285714285,0.06529975595238097
rest,theta,Right DHC – Left ACC,5,0.0680107757936508,0.2125283575394028,0.09504557092089691,0.7155596534872074,4,0.513811580363535,0.8350577098271313,3,0.2908974583333333,-0.1118194722222222,,0.16723367857142857,-0.20148328571428573,,,0.19522550000000002
rest,theta,Right DHC – Left DHC,5,-0.11139191388888887,0.29674106404435874,0.13270663818376097,-0.8393846412915889,4,0.4484913887350384,0.8350577098271313,2,0.32147333333333333,-0.3571051944444444,,-0.33981089285714283,-0.25114385714285714,,,0.06962704166666668
rest,theta,Right DHC – Left OFC,5,-0.013153081349206352,0.1657740464192174,0.07413640733971513,-0.1774173017170229,4,0.8678024594819358,0.9801651038108571,1,0.27826741666666666,-0.1249697361111111,,-0.09503019047619049,-0.08455695238095239,,,-0.039475944444444445
rest,theta,Right DHC – Left PER,1,0.050480208333333325,,,,,,,1,,,,,,,,0.050480208333333325
rest,theta,Right DHC – Left RSC,4,-0.1349983978174603,0.553103407387197,0.2765517036935985,-0.48814885612503717,3,0.6588980207596039,0.8385974809667687,2,,-0.5884172916666667,,0.19720477976190476,-0.6195858571428571,,,0.4708047777777778
rest,theta,Right DHC – Right PER,1,-0.058255375,,,,,,,0,,,,-0.058255375,,,,
rest,theta,Right DHC – Right RSC,3,-0.15370359788359791,0.434536905900947,0.25087999959473883,-0.6126578369415033,2,0.6024843582783597,0.8385974809667687,1,,-0.5221226944444445,,-0.2644904047619048,,,,0.32550230555555554
rest,theta,Right OFC – Left ACC,8,-0.17829354067460315,0.198050264768788,0.07002134261690059,-2.546274235986581,7,0.038311413603670984,0.43915058811521435,1,0.19507900000000003,-0.29651669444444445,-0.15689641666666665,-0.04896654166666666,-0.40821775,-0.38240999999999997,-0.23157058928571428,-0.09684933333333333
rest,theta,Right OFC – Left DHC,6,0.03340869212962963,0.13601348410116607,0.05552727236433486,0.601662763307063,5,0.5736361286964676,0.8385974809667687,3,0.2762671666666667,0.07155152777777778,-0.06223875000000001,-4.341666666667077e-05,-0.11416158333333333,,,0.029077208333333326
rest,theta,Right OFC – Left OFC,8,-0.22779664732142857,0.2555026659215102,0.09033383384217043,-2.5217201311241872,7,0.03971056305722971,0.43915058811521435,1,0.20046312499999996,-0.4494327083333334,-0.2131642083333333,-0.07120916666666666,-0.4342125416666667,-0.5642199166666667,-0.2684018095238095,-0.022195952380952375
rest,theta,Right OFC – Left PER,2,0.008325934523809522,,,,,,,1,,,0.032893125,,,,,-0.01624125595238096
rest,theta,Right OFC – Left RSC,7,-0.041777331349206345,0.08768073618990445,0.03314020324707831,-1.2606238723924996,6,0.25424846369378473,0.5932464152854977,3,,-0.012749861111111113,0.007516541666666668,0.035814874999999996,-0.20882920833333332,0.03476775,-0.09604384523809523,-0.05291757142857143
rest,theta,Right OFC – Right DHC,5,0.004866704365079363,0.17266633214594923,0.07721873122077992,0.06302492009567894,4,0.9527703854107653,0.9801651038108571,3,0.2624790833333333,-0.07746195833333333,,0.016828898809523814,-0.20800157142857142,,,0.030489069444444447
rest,theta,Right OFC – Right PER,2,-0.16221297916666666,,,,,,,0,,,,-0.05072870833333334,,-0.27369725,,
rest,theta,Right OFC – Right RSC,6,-0.09804497387566137,0.12508076075247176,0.05106400674711605,-1.9200407512322497,5,0.11292277147472625,0.43915058811521435,2,,0.008690430555555554,-0.025438291666666668,-0.13302608333333332,,-0.15426566666666666,-0.30535268452380954,0.021122452380952377
rest,theta,Right PER – Left ACC,2,0.02200670833333334,,,,,,,1,,,,0.13804658333333333,,-0.09403316666666665,,
rest,theta,Right PER – Left DHC,1,-0.21057604166666666,,,,,,,0,,,,-0.21057604166666666,,,,
rest,theta,Right PER – Left OFC,2,-0.07746800000000001,,,,,,,1,,,,0.01633541666666667,,-0.17127141666666668,,
rest,theta,Right PER – Left RSC,2,-0.039493687500000006,,,,,,,0,,,,-0.05439779166666667,,-0.024589583333333342,,
rest,theta,Right RSC – Left ACC,6,-0.0025140257936508005,0.16937454257046922,0.06914686745249285,-0.036357768417753046,5,0.9724039911403181,0.9801651038108571,3,,0.15651579166666668,0.09145729166666666,-0.007328666666666668,,-0.06000158333333335,-0.30739457142857146,0.11166758333333333
rest,theta,Right RSC – Left DHC,4,-0.1750048090277778,0.13002414250961097,0.06501207125480549,-2.6918817636477317,3,0.07429545697591713,0.43915058811521435,0,,-0.018785152777777748,-0.33356925000000004,-0.14965783333333335,,,,-0.19800700000000002
rest,theta,Right RSC – Left OFC,6,-0.07639029927248678,0.08953524150038529,0.03655260927880142,-2.0898726733795474,5,0.09091455800196598,0.43915058811521435,2,,-0.028872611111111113,0.013347041666666665,0.01947970833333332,,-0.160460125,-0.18559177380952382,-0.1162440357142857
rest,theta,Right RSC – Left PER,2,-0.11857820833333335,,,,,,,0,,,-0.08444466666666668,,,,,-0.15271175
rest,theta,Right RSC – Left RSC,6,-0.13163157109788362,0.4865122998142826,0.19861781468882328,-0.6627379890575891,5,0.5368228134602987,0.8350577098271313,4,,-0.6722689861111112,-0.8216779583333333,0.10730120833333334,,0.25615566666666667,0.05818010119047618,0.2825205416666667
rest,theta,Right RSC – Right PER,2,0.023134541666666668,,,,,,,1,,,,0.08217170833333333,,-0.035902624999999994,,
rest,beta,Left DHC – Left ACC,6,0.022868988425925923,0.1374778094430863,0.05612508068185671,0.4074646868760524,5,0.7005258293133241,0.8741870742588138,1,0.2998524583333333,-0.012832819444444444,-0.011039749999999996,-0.05888679166666667,-0.020157833333333337,,,-0.05972133333333333
rest,beta,Left DHC – Left OFC,6,0.04542862863756614,0.11664486423366777,0.04762006641478427,0.9539807912460665,5,0.38390390848608336,0.7678078169721667,4,0.27869075,-0.010694930555555556,0.020038041666666673,0.013073583333333331,-0.04299225,,,0.014456577380952384
rest,beta,Left OFC – Left ACC,8,-0.04988160664682539,0.2012637346299437,0.07115747578188149,-0.7010030372596004,7,0.50592857275812,0.8332941198369035,5,0.13453562500000005,0.041025819444444445,0.19373437500000001,0.03283325000000001,-0.17914725,-0.31889095833333336,-0.3323034464285714,0.029159732142857154
rest,beta,Left PER – Left ACC,2,0.0559936875,,,,,,,2,,,0.002464624999999998,,,,,0.10952275
rest,beta,Left PER – Left DHC,2,0.036741625,,,,,,,2,,,0.04645208333333334,,,,,0.02703116666666666
rest,beta,Left PER – Left OFC,2,0.008085767857142854,,,,,,,1,,,-0.014089708333333345,,,,,0.03026124404761905
rest,beta,Left PER – Left RSC,2,-0.026529749999999998,,,,,,,1,,,-0.060411875,,,,,0.007352375000000004
rest,beta,Left RSC – Left ACC,7,-0.056557078231292524,0.11870511977299826,0.044866318038498484,-1.2605687451946144,6,0.2542670055993696,0.7678078169721667,2,,-0.14103279166666668,-0.03964275,0.010033041666666664,-0.2781457916666667,0.08628287500000002,-0.014894755952380956,-0.018499375000000002
rest,beta,Left RSC – Left DHC,5,-0.11111519722222223,0.21901707965318645,0.09794741566760219,-1.1344372535494625,4,0.3199848329631741,0.7678078169721667,1,,-0.07864794444444444,-0.4614675833333333,0.14615929166666666,-0.07601300000000001,,,-0.08560675
rest,beta,Left RSC – Left OFC,7,-0.03835545946712018,0.0592533719195787,0.022395669491603303,-1.7126283936946203,6,0.13761874650941902,0.6619045425259754,3,,-0.09090663888888889,-0.04307275,0.014751750000000001,-0.11696754166666666,-0.07647645833333333,0.005955934523809522,0.0382274880952381
rest,beta,Right ACC – Left ACC,8,0.10770160044642858,0.1671943559688985,0.059112131440862824,1.821988106691362,7,0.11124400948981432,0.6619045425259754,7,0.15002433333333332,0.06977841666666668,0.017606791666666663,0.06505445238095238,0.17533917857142856,0.4440369583333334,-0.14593685714285712,0.08570952976190475
rest,beta,Right ACC – Left DHC,6,0.01724802976190476,0.13783064210992632,0.056269124014913956,0.3065274262548182,5,0.7715570440223267,0.8741870742588138,1,0.29300804166666666,-0.03331337500000001,-0.006011041666666668,-0.08706224404761904,-0.021590738095238093,,,-0.04154246428571428
rest,beta,Right ACC – Left OFC,8,-0.00743858209325398,0.09877016853659543,0.0349205279755824,-0.21301459412226773,7,0.8373863351050315,0.9018006685746494,3,0.1557619583333333,-0.04326172222222222,0.07299429166666666,0.049272797619047605,-0.0459430892857143,-0.06927608333333334,-0.16666960714285717,-0.012387202380952386
rest,beta,Right ACC – Left PER,2,0.15383374107142858,,,,,,,2,,,0.14283454166666668,,,,,0.1648329404761905
rest,beta,Right ACC – Left RSC,7,0.0037125192743764127,0.09411920616075213,0.03557371615659549,0.10436130029356235,6,0.9202837831859145,0.9543683677483558,3,,-0.1358360138888889,-0.0759055,0.08066243452380951,-0.03307692857142858,0.134526125,-0.0021037619047619,0.05772127976190477
rest,beta,Right ACC – Right DHC,5,0.042438964285714274,0.09038200727158795,0.040420062440430185,1.049948014015552,4,0.35298882588831193,0.7678078169721667,3,0.18351095833333328,-0.031047749999999995,,-0.02428975595238096,0.0037946190476190454,,,0.08022675
rest,beta,Right ACC – Right OFC,8,-0.05070896651785714,0.13875716948507694,0.04905806774057449,-1.0336519323592772,7,0.33568267342871605,0.7678078169721667,2,0.23735504166666663,-0.21735091666666664,-0.02238891666666666,-0.04102105952380952,-0.06778730357142858,-0.16332475,-0.135263625,0.004109797619047618
rest,beta,Right ACC – Right PER,2,0.24519992559523807,,,,,,,2,,,,0.2723452678571428,,0.2180545833333333,,
rest,beta,Right ACC – Right RSC,6,0.01503532506613757,0.11634130958800672,0.04749614074963078,0.3165588788654255,5,0.7643679053961527,0.8741870742588138,4,,-0.035218055555555565,0.12609641666666668,0.040236916666666664,,0.08217208333333333,-0.19560338095238095,0.07252797023809525
rest,beta,Right DHC – Left ACC,5,0.01908397896825397,0.14318699204949364,0.06403516954327794,0.2980234003340326,4,0.7805241734453695,0.8741870742588138,2,0.24037162499999998,-0.022299694444444434,,0.06599585119047618,-0.1355900952380952,,,-0.053057791666666666
rest,beta,Right DHC – Left DHC,5,-0.00020069007936507344,0.16693542065104525,0.07465578968565187,-0.0026882051641286724,4,0.9979838491622371,0.9979838491622371,3,0.2100276666666667,-0.07548936111111111,,0.008454303571428581,-0.2320304761904762,,,0.08803441666666667
rest,beta,Right DHC – Left OFC,5,0.019689292460317465,0.11008290255188558,0.04923057065330024,0.3999403663015953,4,0.7096378100319487,0.8741870742588138,2,0.20680008333333336,-0.046652402777777775,,-0.01436747023809524,-0.0691747619047619,,,0.02184101388888889
rest,beta,Right DHC – Left PER,1,0.031890888888888885,,,,,,,1,,,,,,,,0.031890888888888885
rest,beta,Right DHC – Left RSC,4,-0.06507012847222222,0.24552159937242385,0.12276079968621192,-0.530056244652589,3,0.6327978065973129,0.8741870742588138,2,,-0.1849516666666667,,0.06898639285714286,-0.3445538095238095,,,0.20023856944444443
rest,beta,Right DHC – Right PER,1,-0.052461202380952386,,,,,,,0,,,,-0.052461202380952386,,,,
rest,beta,Right DHC – Right RSC,3,-0.09864809193121693,0.2765498183884923,0.15966611209093814,-0.6178398824857194,2,0.5996590370778049,0.8741870742588138,1,,-0.3394520833333334,,-0.1598772619047619,,,,0.20338506944444446
rest,beta,Right OFC – Left ACC,8,-0.1263661056547619,0.22386308484295295,0.07914755267489572,-1.596588920112537,7,0.15438841071755433,0.6619045425259754,1,0.2610744166666667,-0.14575833333333332,-0.026182458333333335,-0.017073500000000002,-0.32422745833333333,-0.3923081666666666,-0.35928684523809523,-0.007166500000000004
rest,beta,Right OFC – Left DHC,6,0.055834600529100525,0.1740737955977033,0.0710653294673183,0.7856798940864388,5,0.46763520148511467,0.8332941198369035,3,0.409564875,-0.02733461111111111,-0.023854499999999997,-0.032732624999999994,0.0002907083333333338,,,0.009073755952380953
rest,beta,Right OFC – Left OFC,8,-0.130149294890873,0.21754923049128042,0.0769152680611498,-1.6921126087397975,7,0.13446131490711838,0.6619045425259754,2,0.25705116666666666,-0.2709516388888889,-0.020237875000000002,-0.05068504166666667,-0.25964633333333337,-0.3587025,-0.3575880595238095,0.01956592261904762
rest,beta,Right OFC – Left PER,2,-0.03412316369047619,,,,,,,0,,,-0.029757125,,,,,-0.038489202380952374
rest,beta,Right OFC – Left RSC,7,-0.05447552919501134,0.06266911431014663,0.02368669876418959,-2.299836281000433,6,0.061114180504379785,0.6619045425259754,0,,-0.034843430555555555,-0.038400416666666666,-0.020571708333333334,-0.174883625,-0.10292733333333336,-0.005271791666666675,-0.004430398809523811
rest,beta,Right OFC – Right DHC,5,0.051208682936507946,0.14892911881747722,0.06660312670100443,0.76886304702172,4,0.48485684750569463,0.8332941198369035,3,0.31325745833333335,0.006701597222222228,,0.01735630952380952,-0.035526047619047624,,,-0.04574590277777777
rest,beta,Right OFC – Right PER,2,-0.14102466666666666,,,,,,,0,,,,-0.0005019166666666644,,-0.28154741666666666,,
rest,beta,Right OFC – Right RSC,6,-0.11711339814814815,0.16179862367708203,0.06605401151557465,-1.7729944852862478,5,0.1364203637082143,0.6619045425259754,1,,-0.05009480555555556,-0.0048395416666666665,0.02699475,,-0.35378662499999997,-0.2894244940476191,-0.03152967261904762
rest,beta,Right PER – Left ACC,2,-0.03996172916666666,,,,,,,0,,,,-0.027034041666666665,,-0.052889416666666654,,
rest,beta,Right PER – Left DHC,1,-0.027370541666666675,,,,,,,0,,,,-0.027370541666666675,,,,
rest,beta,Right PER – Left OFC,2,-0.16569066666666668,,,,,,,0,,,,-0.021633666666666662,,-0.3097476666666667,,
rest,beta,Right PER – Left RSC,2,0.03738808333333333,,,,,,,2,,,,0.07262495833333334,,0.0021512083333333257,,
rest,beta,Right RSC – Left ACC,6,-0.0343481755952381,0.12708930337175406,0.05188399083776186,-0.6620187661092376,5,0.5372470824401492,0.8357176837957876,3,,0.05572379166666667,0.02709016666666666,-0.020830666666666674,,-0.20521708333333333,-0.17191759523809524,0.10906233333333333
rest,beta,Right RSC – Left DHC,4,-0.06738446180555555,0.11401108373549182,0.05700554186774591,-1.182068612940983,3,0.3223385477406162,0.7678078169721667,1,,0.05101131944444446,-0.2231183333333333,-0.05245141666666666,,,,-0.04497941666666667
rest,beta,Right RSC – Left OFC,6,-0.09097314054232804,0.13728382912463447,0.056045888548465116,-1.6231902624518109,5,0.16547613563149385,0.6619045425259754,2,,-0.03553336111111111,-0.02690325,0.019295083333333334,,-0.29276275,-0.23494022023809524,0.02500565476190476
rest,beta,Right RSC – Left PER,2,0.08002743750000002,,,,,,,2,,,0.09284933333333334,,,,,0.06720554166666669
rest,beta,Right RSC – Left RSC,6,-0.1284692371031746,0.3150241959189035,0.12860808943864543,-0.9989203452436242,5,0.3636920804266974,0.7678078169721667,4,,-0.38512520833333325,-0.6421765416666667,0.035076458333333324,,0.17975458333333336,0.013564619047619046,0.02809066666666667
rest,beta,Right RSC – Right PER,2,-0.0783688125,,,,,,,1,,,,0.006156541666666672,,-0.16289416666666667,,
rest,gamma_low,Left DHC – Left ACC,6,0.045375435185185185,0.14430999699794844,0.05891430957125766,0.7701937867964485,5,0.47598056914228987,0.8380046147875888,3,0.3167325833333333,0.04663802777777778,-0.04106329166666667,-0.032530125,-0.08321987499999998,,,0.06569529166666667
rest,gamma_low,Left DHC – Left OFC,6,0.03616015046296297,0.1233290443815681,0.05034887153331707,0.7181918752446105,5,0.50478812288843,0.8380046147875888,1,0.2869944166666667,-0.008717388888888884,-0.03266795833333334,-0.005989625000000001,-0.004472125,,,-0.018186416666666667
rest,gamma_low,Left OFC – Left ACC,8,-0.00994104389880952,0.2255778596607977,0.0797538171258487,-0.12464662203092931,7,0.9043073190675801,0.9314579554813124,3,0.2781281666666666,-0.0374922083333333,0.20036229166666666,0.22728958333333335,-0.13244591666666666,-0.26548495833333335,-0.3113017321428571,-0.038583577380952375
rest,gamma_low,Left PER – Left ACC,2,0.0572005625,,,,,,,2,,,0.027869125000000005,,,,,0.086532
rest,gamma_low,Left PER – Left DHC,2,-0.014678062499999998,,,,,,,1,,,-0.036621208333333335,,,,,0.007265083333333339
rest,gamma_low,Left PER – Left OFC,2,-0.021690327380952376,,,,,,,1,,,0.010838583333333337,,,,,-0.05421923809523809
rest,gamma_low,Left PER – Left RSC,2,-0.03794633333333333,,,,,,,1,,,-0.08274975,,,,,0.006857083333333333
rest,gamma_low,Left RSC – Left ACC,7,-0.03734491099773242,0.0978667684674299,0.03699016156890819,-1.0095903725146853,6,0.35165815289596186,0.8380046147875888,3,,-0.16223422222222222,-0.04046033333333333,0.0016493333333333336,-0.17196166666666668,0.09358845833333335,-0.010727821428571422,0.028731875
rest,gamma_low,Left RSC – Left DHC,5,-0.127495025,0.1846464050720341,0.08257638270840603,-1.5439647610892673,4,0.1974760188445646,0.8380046147875888,1,,-0.14271483333333332,-0.4248186666666667,0.06888612499999999,-0.10428358333333333,,,-0.034544166666666674
rest,gamma_low,Left RSC – Left OFC,7,-0.030581026077097506,0.045256725341542056,0.017105434343839283,-1.787795940306632,6,0.12403079555254265,0.8278460058309328,3,,-0.11185786111111111,-0.030430208333333333,0.001144708333333331,-0.06271520833333333,0.021272666666666665,-0.03178235119047619,0.0003010714285714283
rest,gamma_low,Right ACC – Left ACC,8,0.11226994221230159,0.18314040988820957,0.0647499128706184,1.7339010546104745,7,0.12652874456854604,0.8278460058309328,6,0.3117902083333333,-0.027030069444444443,0.02300645833333333,0.11451569047619048,0.009210684523809522,0.47043820833333333,-0.03813655357142857,0.03436491071428571
rest,gamma_low,Right ACC – Left DHC,6,0.05461691732804233,0.12440051819005216,0.05078629888390749,1.0754262178642169,5,0.3313165347869201,0.8380046147875888,4,0.302383125,0.01854852777777777,-0.012738999999999999,0.04047690476190476,-0.03764463095238094,,,0.01667657738095239
rest,gamma_low,Right ACC – Left OFC,8,-0.004200412698412698,0.13326132035952476,0.04711499164804644,-0.08915236003415195,7,0.9314579554813123,0.9314579554813124,2,0.29902175000000003,-0.051451361111111114,-0.0030144999999999985,-0.007434595238095243,0.007934136904761904,-0.09514641666666668,-0.14819824404761905,-0.03531407142857143
rest,gamma_low,Right ACC – Left PER,2,0.1057002619047619,,,,,,,2,,,0.07988483333333334,,,,,0.13151569047619047
rest,gamma_low,Right ACC – Left RSC,7,-0.0055998730158730164,0.07689877615178824,0.02906500540326517,-0.1926671933542433,6,0.8535755796855157,0.9314579554813124,1,,-0.049469277777777786,-0.07888004166666666,-0.03624845833333333,-0.016820571428571435,0.15868666666666667,-0.015877065476190475,-0.000590363095238094
rest,gamma_low,Right ACC – Right DHC,5,0.020075983333333335,0.11375353794966246,0.050872128707309464,0.3946361955647584,4,0.7132490752319255,0.8683032220214745,1,0.22261012500000002,-0.04379455555555556,,-0.01843059523809524,-0.038987904761904765,,,-0.02101715277777778
rest,gamma_low,Right ACC – Right OFC,8,-0.02660035540674604,0.13647171101284924,0.04825003614865827,-0.5513022896975744,7,0.5985747248482777,0.8380046147875888,3,0.24562066666666663,-0.20378127777777777,-0.025595541666666666,0.01690859523809524,-0.040668499999999996,-0.12615295833333334,-0.11873570833333334,0.03960188095238095
rest,gamma_low,Right ACC – Right PER,2,0.13673564583333334,,,,,,,2,,,,0.142198,,0.13127329166666668,,
rest,gamma_low,Right ACC – Right RSC,6,-0.004156242724867729,0.10724411574410216,0.043782226914838365,-0.09492990689925652,5,0.9280575623750345,0.9314579554813124,3,,-0.09685998611111112,0.023117791666666675,0.09207285119047619,,0.12331887499999998,-0.15447386904761906,-0.012113119047619044
rest,gamma_low,Right DHC – Left ACC,5,0.03938538492063492,0.14241363656913922,0.06368931445830904,0.6183986317895845,4,0.5697873690545803,0.8380046147875888,3,0.27505975,0.009564430555555564,,-0.03566618452380953,-0.09849857142857142,,,0.046467499999999995
rest,gamma_low,Right DHC – Left DHC,5,0.012091193650793645,0.1814146553046798,0.08113110027519137,0.14903278286355182,4,0.8887396234614561,0.9314579554813124,2,0.2617255,-0.06175887500000001,,-0.20304840476190478,-0.05992223809523809,,,0.1234599861111111
rest,gamma_low,Right DHC – Left OFC,5,0.04149818253968255,0.09744250214473454,0.043577611738659094,0.9522821670116489,4,0.3948791614186107,0.8380046147875888,3,0.2144460416666667,-0.0021761527777777825,,0.011363178571428573,-0.02109823809523809,,,0.004956083333333332
rest,gamma_low,Right DHC – Left PER,1,0.029533736111111108,,,,,,,1,,,,,,,,0.029533736111111108
rest,gamma_low,Right DHC – Left RSC,4,-0.04817295585317461,0.1584408758713435,0.07922043793567175,-0.6080874722289696,3,0.5860754875545349,0.8380046147875888,2,,-0.17161784722222226,,0.038001964285714285,-0.1907075238095238,,,0.13163158333333333
rest,gamma_low,Right DHC – Right PER,1,-0.029529547619047622,,,,,,,0,,,,-0.029529547619047622,,,,
rest,gamma_low,Right DHC – Right RSC,3,-0.09171616269841272,0.3275012472134938,0.1890829332386488,-0.4850578586204512,2,0.6755651718900438,0.8598102187691467,1,,-0.37419288888888885,,-0.16822132142857146,,,,0.26726572222222217
rest,gamma_low,Right OFC – Left ACC,8,-0.041051524553571424,0.17911102229374684,0.06332530922458164,-0.6482640993979707,7,0.5374904329625312,0.8380046147875888,2,0.3614310416666667,-0.14816420833333332,-0.0646615,0.009201791666666669,-0.09878320833333333,-0.19772341666666668,-0.17955638095238094,-0.010156315476190473
rest,gamma_low,Right OFC – Left DHC,6,0.0636079546957672,0.14144077944172356,0.057742956408959954,1.1015708001729052,5,0.3208288681818963,0.8380046147875888,4,0.3494844166666667,0.011775180555555551,-0.021887875,0.03034154166666667,-0.010681874999999999,,,0.022616339285714288
rest,gamma_low,Right OFC – Left OFC,8,-0.06750744717261904,0.1951498795438173,0.06899590158658556,-0.9784269155161543,7,0.3604588808173535,0.8380046147875888,3,0.290949,-0.12467820833333332,0.023259583333333333,-0.005695125,-0.11278866666666666,-0.31563741666666667,-0.2998425595238095,0.004373815476190472
rest,gamma_low,Right OFC – Left PER,2,-0.018301776785714284,,,,,,,0,,,-0.017894541666666666,,,,,-0.018709011904761902
rest,gamma_low,Right OFC – Left RSC,7,-0.03204319246031746,0.035813985077617135,0.013536413996221887,-2.367184726269524,6,0.05573450589475923,0.8278460058309328,1,,-0.007916388888888893,0.004656208333333328,-0.02764291666666667,-0.09662783333333334,-0.055817250000000006,-0.03975928571428571,-0.0011948809523809514
rest,gamma_low,Right OFC – Right DHC,5,0.03361134722222223,0.1469350901666837,0.06571136997855313,0.5114997181338983,4,0.6359433026514878,0.8479244035353171,2,0.2833072083333334,-0.031795333333333335,,-0.009823488095238099,-0.09977242857142858,,,0.02614077777777778
rest,gamma_low,Right OFC – Right PER,2,-0.12952766666666668,,,,,,,0,,,,-0.020792083333333336,,-0.23826325,,
rest,gamma_low,Right OFC – Right RSC,6,-0.07439516865079364,0.10304859183563696,0.04206941145160718,-1.7683910015325757,5,0.13723175790486308,0.8278460058309328,1,,-0.03840383333333333,-0.008292958333333331,0.021524708333333337,,-0.23809674999999997,-0.16518091071428573,-0.017921267857142858
rest,gamma_low,Right PER – Left ACC,2,-0.026807791666666674,,,,,,,1,,,,0.010316291666666663,,-0.06393187500000001,,
rest,gamma_low,Right PER – Left DHC,1,-0.041560375000000004,,,,,,,0,,,,-0.041560375000000004,,,,
rest,gamma_low,Right PER – Left OFC,2,-0.143964625,,,,,,,0,,,,-0.0346655,,-0.25326375,,
rest,gamma_low,Right PER – Left RSC,2,-0.016785083333333336,,,,,,,0,,,,-0.00963441666666667,,-0.023935750000000002,,
rest,gamma_low,Right RSC – Left ACC,6,-0.02631003670634921,0.05947973397399162,0.024282499712127436,-1.0834978695875022,5,0.32804774295338823,0.8380046147875888,2,,-0.03809704166666667,0.019176458333333327,0.05957120833333333,,-0.09211729166666666,-0.08732347023809524,-0.019070083333333338
rest,gamma_low,Right RSC – Left DHC,4,-0.06487969791666666,0.0877391044398883,0.04386955221994415,-1.4789231855248066,3,0.23570440621951302,0.8380046147875888,1,,-0.08201125,-0.18196154166666664,-0.0043375,,,,0.008791500000000002
rest,gamma_low,Right RSC – Left OFC,6,-0.07631218584656084,0.1092706914501251,0.044609572982317824,-1.710668377767462,5,0.14782964389838085,0.8278460058309328,1,,-0.0950905972222222,-0.02250570833333333,0.07437500000000001,,-0.21535320833333335,-0.1812715357142857,-0.018027065476190474
rest,gamma_low,Right RSC – Left PER,2,0.03264397916666666,,,,,,,2,,,0.05524924999999999,,,,,0.010038708333333328
rest,gamma_low,Right RSC – Left RSC,6,-0.07832146924603174,0.27013838455245553,0.1102835336822096,-0.710182804549236,5,0.5093315738021823,0.8380046147875888,3,,-0.2038974166666667,-0.554999375,0.04605308333333333,,0.22058466666666665,-0.01178031547619047,0.03411054166666666
rest,gamma_low,Right RSC – Right PER,2,-0.05650572916666667,,,,,,,1,,,,0.05978275,,-0.17279420833333334,,
cue-rest,all,Left DHC – Left ACC,6,0.0013769338970773546,0.0921224298540732,0.037608824501302526,0.036611989748035506,5,0.9722111369768851,0.9722111369768852,4,-0.00265974196900981,0.008808205205971273,0.07752171929327287,0.013606345814436885,-0.1713988517573696,,,0.08238392679516252
cue-rest,all,Left DHC – Left OFC,6,-0.007628358640400605,0.028308311553451503,0.011556819797615,-0.6600742050139851,5,0.5383952932647875,0.8109125515318778,2,0.01829511777210885,-0.018362687622826907,0.028380092025699168,-0.024970730801209373,-0.047458979204459566,,,-0.0016529640117157966
cue-rest,all,Left OFC – Left ACC,8,0.03021066060326907,0.12342742575282194,0.04363818486710975,0.6922987446720991,7,0.5110544021858892,0.8109125515318778,5,0.07165813690476189,-0.09098799857331824,-0.10622254015495086,0.2092666458522298,0.08615601311413454,0.1638067124338624,0.013019341562736153,-0.10501102631330311
cue-rest,all,Left PER – Left ACC,2,0.05703912967214663,,,,,,,2,,,0.10968862227891155,,,,,0.004389637065381716
cue-rest,all,Left PER – Left DHC,2,0.0907676304941421,,,,,,,2,,,0.13479626609977324,,,,,0.046738994888510965
cue-rest,all,Left PER – Left OFC,2,0.011569612797619047,,,,,,,1,,,0.06303786092214664,,,,,-0.039898635326908544
cue-rest,all,Left PER – Left RSC,2,0.12819485779006048,,,,,,,2,,,0.21566063934240365,,,,,0.040729076237717314
cue-rest,all,Left RSC – Left ACC,7,0.007304682314274919,0.0903363913185647,0.03414394653827663,0.21393784418230913,6,0.8376805091009177,0.9021174713394499,5,,0.02123481173469388,0.06360873034769464,-0.03373317852418745,0.05321224697656843,-0.17890813055555557,0.040946050245653814,0.0847722459750567
cue-rest,all,Left RSC – Left DHC,5,0.14117535211262283,0.3053627126567415,0.13656235665884187,1.0337794072000754,4,0.35964241940187336,0.7192848388037467,3,,0.11020859120370369,0.49585912961073325,-0.15182497536848072,-0.15694178843537418,,,0.4085758035525321
cue-rest,all,Left RSC – Left OFC,7,0.008548131090055068,0.038592920511563315,0.014586752863040025,0.5860201492625791,6,0.5792232510941985,0.8109125515318778,3,,0.03708015203136808,0.06939757142857143,-0.04201920101095994,-0.011735008597883595,-0.019209004232804236,0.031025556736583526,-0.0047031487244897936
cue-rest,all,Right ACC – Left ACC,8,0.146694231208664,0.10856227155448607,0.03838255919859626,3.821898129555388,7,0.006526132260771107,0.0913658516507955,7,0.08120568764172342,-0.016341404809145886,0.22904277133408912,0.10056986991685563,0.05109310287226004,0.30158065110544213,0.19388286843348448,0.23252030317460315
cue-rest,all,Right ACC – Left DHC,6,0.034907004486331585,0.05871479377623072,0.023970214184084456,1.4562658563772386,5,0.20509491211814557,0.5742657539308076,4,0.006337818405139917,-0.009028498346560837,0.12062390655706728,-0.010842059750566893,0.0036311311035525304,,,0.09871972894935752
cue-rest,all,Right ACC – Left OFC,8,0.09648814157218444,0.06407752329706282,0.022654825622496048,4.259054701192339,7,0.0037509629364704047,0.0913658516507955,8,0.05369135775699169,0.05987136270786095,0.09882177220332576,0.08389282344104308,0.06370151858465609,0.23621929648526077,0.13610383503401363,0.039603166364323504
cue-rest,all,Right ACC – Left PER,2,0.12750692825018897,,,,,,,2,,,0.12589310718065003,,,,,0.12912074931972792
cue-rest,all,Right ACC – Left RSC,7,-0.003765252557769141,0.11877987572282786,0.04489457313168013,-0.08386876843054707,6,0.9358890142980176,0.9705515703831294,4,,0.044289905385487535,0.14082258914399093,-0.05919706445578231,-0.02920180996787603,-0.2274995461734694,0.025825285572562355,0.07860387259070294
cue-rest,all,Right ACC – Right DHC,5,0.024194380360922148,0.04993737647813778,0.022332673684623022,1.0833624626674678,4,0.33958517156215134,0.7192848388037467,4,0.07205659845049131,0.05914101745086923,,0.015206901558956928,0.030046610298563866,,,-0.05547922595427059
cue-rest,all,Right ACC – Right OFC,8,0.06480071796107333,0.07065990538855732,0.024982049129124374,2.5938912226990967,7,0.035741654371001394,0.27828378555511935,7,-0.039444043083900204,0.09624833822751325,0.1323106269463341,0.05048440996787604,0.02508842712585034,0.17926849740173847,0.06986276426681783,0.00458672283635677
cue-rest,all,Right ACC – Right PER,2,0.07575235403439154,,,,,,,1,,,,-0.04860379560657596,,0.20010850367535904,,
cue-rest,all,Right ACC – Right RSC,6,0.11350296803980853,0.1006717483838831,0.04109906917572844,2.76169193892204,5,0.039754826507874194,0.27828378555511935,5,,0.02161682747543462,0.15615466936885866,-0.022816658446712018,,0.20908014165721844,0.22424024267762663,0.09274258550642478
cue-rest,all,Right DHC – Left ACC,5,-0.011408356528722598,0.07530563817461021,0.03367770520948632,-0.3387510062742962,4,0.7518330615908757,0.9021174713394499,3,0.052245619142101296,0.04817662399848828,,-0.10990407409297052,0.02658885247543462,,,-0.07414880416666667
cue-rest,all,Right DHC – Left DHC,5,-0.01880357781368102,0.11931302932645542,0.05335840883507605,-0.3524013969719459,4,0.7423212747050757,0.9021174713394499,3,0.055337263558201066,0.11562170444066516,,0.02284357280801208,-0.15690153011148902,,,-0.1309188997637944
cue-rest,all,Right DHC – Left OFC,5,0.014582202131519275,0.037066851437797026,0.01657679990535999,0.8796753423321605,4,0.42871031685542343,0.8002592581301238,2,0.0671176265117158,0.03894177492441421,,-0.013482040334467114,-0.01885047228835978,,,-0.0008158781557067269
cue-rest,all,Right DHC – Left PER,1,-0.04099613047052154,,,,,,,0,,,,,,,,-0.04099613047052154
cue-rest,all,Right DHC – Left RSC,4,-0.028530471204176115,0.21806331175429414,0.10903165587714707,-0.2616714473851816,3,0.8105120027816349,0.9021174713394499,2,,0.11631765392101281,,-0.15590580735071807,0.19218543764172336,,,-0.26671916902872256
cue-rest,all,Right DHC – Right PER,1,0.041347661215041576,,,,,,,1,,,,0.041347661215041576,,,,
cue-rest,all,Right DHC – Right RSC,3,0.05480814766628877,0.3228721529700419,0.18641032443108774,0.2940188416792884,2,0.796449827182388,0.9021174713394499,2,,0.2911646771636433,,0.18632593892668178,,,,-0.3130661730914588
cue-rest,all,Right OFC – Left ACC,8,0.050644047965088805,0.06348388313763516,0.022444942131338068,2.256367945559485,7,0.05864468940701017,0.32841026067925694,6,-0.05025926199924419,0.04421869469954648,0.06951192059712774,0.0288800429138322,0.10555440515873013,0.15586424560657597,0.055917502494331056,-0.004535165750188967
cue-rest,all,Right OFC – Left DHC,6,-0.022852230610670186,0.043639113462154676,0.017815593468283198,-1.2827094787133322,5,0.2558364136995351,0.6512199621442711,2,-0.06665676592025693,-0.028446624300831443,0.04839844295162509,0.00336123514739229,-0.06495124206349207,,,-0.02881842947845805
cue-rest,all,Right OFC – Left OFC,8,0.05578385257464096,0.07623051749413089,0.026951557926729843,2.0697821152415092,7,0.07724159400700611,0.36046077203269516,6,-0.017282731906651527,0.07306768065948602,0.10881506275510203,0.004500692998866206,0.09962943837868482,0.1808148626322751,0.050556756141345416,-0.05383094106198035
cue-rest,all,Right OFC – Left PER,2,-0.003217359297052155,,,,,,,1,,,0.011606207010582008,,,,,-0.018040925604686318
cue-rest,all,Right OFC – Left RSC,7,0.010744996359734374,0.017943000343605946,0.006781816669075404,1.5843831946579718,6,0.16419801062621778,0.5108382552815665,5,,-0.011900942942176869,0.004396271929327289,-0.012544538907785337,0.016700353099017406,0.019084111432350725,0.02755543253968254,0.03192428736772487
cue-rest,all,Right OFC – Right DHC,5,-0.009993698223733947,0.031559692144053755,0.014113923396614056,-0.708073718618272,4,0.5179784942021696,0.8109125515318778,2,-0.017938789540816347,0.0012270134448223655,,-0.05524798695200303,0.03180396216931217,,,-0.009812690239984887
cue-rest,all,Right OFC – Right PER,2,0.037442876044028746,,,,,,,1,,,,-0.005606251946334087,,0.08049200403439158,,
cue-rest,all,Right OFC – Right RSC,6,0.04323686832797934,0.05085790334502173,0.020762652097181502,2.082434754751233,5,0.09177755313044648,0.36711021252178594,5,,-0.007078128174603179,0.0434199859882842,0.012872599489795914,,0.11843660324074076,0.08953129053287984,0.0022388588907785367
cue-rest,all,Right PER – Left ACC,2,-0.010731818098072565,,,,,,,1,,,,-0.08276985979780802,,0.061306223601662886,,
cue-rest,all,Right PER – Left DHC,1,0.061625142620937254,,,,,,,1,,,,0.061625142620937254,,,,
cue-rest,all,Right PER – Left OFC,2,0.062498094586167785,,,,,,,1,,,,-0.0030302465230536684,,0.12802643569538924,,
cue-rest,all,Right PER – Left RSC,2,-0.02568776187641723,,,,,,,0,,,,-0.021660099659863943,,-0.029715424092970517,,
cue-rest,all,Right RSC – Left ACC,6,0.015396704824892924,0.0866725704495235,0.03538392871612671,0.435132710909958,5,0.6816075383366004,0.9021174713394499,3,,-0.06990878986205594,0.07550248013983372,-0.07524624663643234,,0.07733399288548752,0.12348407820294786,-0.038785285780423284
cue-rest,all,Right RSC – Left DHC,4,0.09229269695294784,0.15113438207937363,0.07556719103968682,1.22133290497032,3,0.3091848167187803,0.7192848388037467,2,,-0.023149410912698426,0.30671909126984126,-0.003676865570672719,,,,0.08927797302532124
cue-rest,all,Right RSC – Left OFC,6,0.046534552081758634,0.06957604118445981,0.02840429987079905,1.6382925223796252,5,0.1622864246180203,0.5108382552815665,5,,0.04453898412698412,0.07628558767951625,-0.07715907484882842,,0.10455973301209376,0.10981535284391535,0.021166729676870742
cue-rest,all,Right RSC – Left PER,2,0.07160752345521543,,,,,,,2,,,0.12102788983371127,,,,,0.022187157076719578
cue-rest,all,Right RSC – Left RSC,6,0.07192400969702695,0.2969358781016217,0.12122356461237309,0.593317066091998,5,0.5787880865704433,0.8109125515318778,4,,0.026852863955026396,0.5943262023904006,-0.09957959195956159,,-0.2869536585034014,0.04230070077475435,0.15459754152494332
cue-rest,all,Right RSC – Right PER,2,0.0020576994520030284,,,,,,,1,,,,-0.0632862072467876,,0.06740160615079366,,
cue-rest,theta,Left DHC – Left ACC,6,-0.03091841344954649,0.19489853200017107,0.07956699250298635,-0.38858341225334164,5,0.7135799800168348,0.8967741074487758,3,-0.12582609098639455,0.0712366040249433,0.1653277232426304,-0.05300141360544217,-0.36144544852607713,,,0.11819814515306121
cue-rest,theta,Left DHC – Left OFC,6,-0.05146153556311414,0.07180303349934546,0.029313465676227272,-1.7555595824634471,5,0.1395192798915712,0.48437623132661517,2,-0.06670254109977328,-0.08889936088435373,0.06466448044217686,-0.08276795365646258,-0.13521737256235827,,,0.0001535343820861651
cue-rest,theta,Left OFC – Left ACC,8,0.036553049964569165,0.15576674287770703,0.055071860086083994,0.6637337091471455,7,0.5281079634660009,0.8967741074487758,4,0.037874618197278886,-0.11254708081065763,0.15610523384353744,0.2674275844387755,-0.004387168764172333,0.1791499979591837,-0.039101504365079365,-0.19209728078231292
cue-rest,theta,Left PER – Left ACC,2,0.08415842833049887,,,,,,,2,,,0.15613097709750567,,,,,0.01218587956349207
cue-rest,theta,Left PER – Left DHC,2,0.22575611802721088,,,,,,,2,,,0.37820687913832196,,,,,0.0733053569160998
cue-rest,theta,Left PER – Left OFC,2,0.033082390362811784,,,,,,,1,,,0.12314593934240362,,,,,-0.05698115861678005
cue-rest,theta,Left PER – Left RSC,2,0.2732364805272109,,,,,,,2,,,0.49948646876417235,,,,,0.04698649229024944
cue-rest,theta,Left RSC – Left ACC,7,-0.029263095015387097,0.11033894001346435,0.041704199314585785,-0.7016822165712341,6,0.5091656833775562,0.8967741074487758,3,,-0.07029829623015874,0.10141301541950115,-0.08003829240362811,-0.034478782653061146,-0.22529894702380954,0.046098925085034013,0.057760712698412695
cue-rest,theta,Left RSC – Left DHC,5,0.2008256043820862,0.45622722262669974,0.20403101659584613,0.9842895836758517,4,0.3806989331340443,0.8024261854272741,3,,0.28973140555555554,0.7745399774943311,-0.2233043419501134,-0.29736256961451246,,,0.46052355042517007
cue-rest,theta,Left RSC – Left OFC,7,0.00161094665127956,0.09513400342320337,0.035957273469109076,0.04480169089192832,6,0.9657192278088019,0.9657192278088019,4,,0.050904570691609974,0.12156803543083902,-0.119004766638322,-0.12224896935941046,-0.026158637499999998,0.08066536167800455,0.02555103225623584
cue-rest,theta,Right ACC – Left ACC,8,0.21661768267077663,0.1755671350766024,0.06207235588308006,3.489760934461699,7,0.010131924019293623,0.14184693627011072,7,0.046347176587301614,-0.0629783813208617,0.40368166910430836,0.23465601876417236,0.0712287036281179,0.3165210456349206,0.35719933506235824,0.3662858939058956
cue-rest,theta,Right ACC – Left DHC,6,0.014883398568594101,0.11638094775980462,0.04751232296550439,0.3132534391004197,5,0.7667338550254326,0.8967741074487758,2,-0.07732627409297049,-0.028861130952380947,0.1880878353174603,-0.07760082324263039,-0.05031100943877552,,,0.13531179382086167
cue-rest,theta,Right ACC – Left OFC,8,0.14250821355229593,0.10790940372449487,0.038151735563693605,3.735300935769518,7,0.0073076886158917635,0.14184693627011072,7,-0.006234141298185933,0.06783165011337874,0.25144814285714284,0.18881313605442177,0.09467961289682539,0.30645098492063494,0.18740110671768706,0.04967521615646259
cue-rest,theta,Right ACC – Left PER,2,0.20671768982426303,,,,,,,2,,,0.24175578480725624,,,,,0.17167959484126985
cue-rest,theta,Right ACC – Left RSC,7,-0.03320147586653711,0.19226823233696042,0.0726705611116549,-0.4568765585217458,6,0.6638336015451443,0.8967741074487758,4,,0.06551397511337868,0.17119548310657598,-0.1293916939909297,-0.13939075155895692,-0.3713467404195012,0.025395089994331068,0.1456143066893424
cue-rest,theta,Right ACC – Right DHC,5,0.005826099053287989,0.09361856536600162,0.041867495222877416,0.139155662937879,4,0.8960521629868833,0.9595818317086752,3,0.002778348214285742,0.12050868208616779,,-0.02999840266439907,0.06209991624149658,,,-0.1262580486111111
cue-rest,theta,Right ACC – Right OFC,8,0.1001562428252551,0.12319413239889947,0.04355570321082758,2.299497779669807,7,0.055031807283379405,0.4256746615511065,6,-0.06761529265873009,0.18577479526643986,0.2963156453514739,0.10545472806122448,-0.013563689540816326,0.19781086510770973,0.09573440518707482,0.0013384858276644096
cue-rest,theta,Right ACC – Right PER,2,0.11177329440192744,,,,,,,1,,,,-0.01584127165532878,,0.23938786045918367,,
cue-rest,theta,Right ACC – Right RSC,6,0.15234386646352985,0.15479448277746896,0.06319458296713959,2.4107108443574474,5,0.06081066593587236,0.4256746615511065,4,,-0.020766482709750567,0.2877323957482993,-0.03361285079365081,,0.2599366913832199,0.3068630141723356,0.11391043098072562
cue-rest,theta,Right DHC – Left ACC,5,-0.09355744555555555,0.14856874671210207,0.06644196339604172,-1.4081077796856503,4,0.23186741499195546,0.6492287619774753,1,-0.045185413407029446,0.11892259878117913,,-0.24885447896825397,-0.0717864422335601,,,-0.2208834919501134
cue-rest,theta,Right DHC – Left DHC,5,-0.0111100561054422,0.24894681678723965,0.11133240102369073,-0.09979175876282467,4,0.9253110520047939,0.9595818317086752,2,-0.0625056193310658,0.3186947979875283,,0.14358020719954645,-0.32453252071995464,,,-0.13078714566326533
cue-rest,theta,Right DHC – Left OFC,5,-0.005806974608843533,0.08409200467047795,0.0376070877614837,-0.15441170679509253,4,0.8847628977443484,0.9595818317086752,3,-0.03011645975056687,0.10045382695578231,,0.009009094274376434,-0.1300262547335601,,,0.02164492020975057
cue-rest,theta,Right DHC – Left PER,1,-0.07396234611678004,,,,,,,0,,,,,,,,-0.07396234611678004
cue-rest,theta,Right DHC – Left RSC,4,-0.07360773981009071,0.3800759457613863,0.19003797288069316,-0.3873317458311452,3,0.724355208968018,0.8967741074487758,2,,0.27812962120181406,,-0.3275328414399093,0.22417938557256234,,,-0.46920712457482994
cue-rest,theta,Right DHC – Right PER,1,0.020798200510204083,,,,,,,1,,,,0.020798200510204083,,,,
cue-rest,theta,Right DHC – Right RSC,3,0.08631639199735452,0.4445814057283839,0.25667919427398467,0.33628121765575836,2,0.7686635206703794,0.8967741074487758,2,,0.44791758554421773,,0.2210883842403628,,,,-0.41005679379251697
cue-rest,theta,Right OFC – Left ACC,8,0.045864761918934224,0.07917917596502179,0.0279940661268149,1.6383744223209282,7,0.14535354591600833,0.48437623132661517,6,-0.05870121499433109,0.055138626558956905,0.12716485623582766,0.0033863938208616787,0.07548440668934236,0.17402234501133784,-0.03655342406462586,0.026976106094104293
cue-rest,theta,Right OFC – Left DHC,6,-0.040406723313492064,0.07952113477585591,0.03246436732798963,-1.2446484142216694,5,0.2684187267244905,0.6832476680259759,1,-0.06530545861678005,-0.08080946799886621,0.10363715311791384,-0.02676827012471655,-0.13222591729024946,,,-0.04096837896825396
cue-rest,theta,Right OFC – Left OFC,8,0.06882046589427439,0.1223661878614805,0.04326298061239993,1.5907472143643575,7,0.15569236006926918,0.48437623132661517,4,-0.016198743197278875,0.08280122397959189,0.2561442321428571,-0.020673158730158736,0.12467082281746034,0.22012081261337874,-0.026752383645124722,-0.06954907882653062
cue-rest,theta,Right OFC – Left PER,2,-0.010285339158163265,,,,,,,1,,,-0.024913442460317466,,,,,0.004342764143990936
cue-rest,theta,Right OFC – Left RSC,7,-0.01367053862973761,0.07319108413293467,0.027663629543278664,-0.49417010187873533,6,0.6387547395168699,0.8967741074487758,2,,-0.046273448015873006,-0.015222088010204079,-0.07432390753968254,-0.08745544818594106,-0.04849151655328798,0.08293056363378684,0.09314207426303855
cue-rest,theta,Right OFC – Right DHC,5,-0.043740842777777775,0.052820873837964605,0.023622212906525813,-1.8516826916623903,4,0.1377207091455057,0.48437623132661517,1,-0.03587565306122448,-0.004664877352607719,,-0.13089513234126984,0.000521140901360545,,,-0.047789692035147394
cue-rest,theta,Right OFC – Right PER,2,0.014312112003968255,,,,,,,1,,,,-0.019775970634920627,,0.048400194642857136,,
cue-rest,theta,Right OFC – Right RSC,6,0.021812072850529097,0.058264802011007664,0.02378650581520933,0.9169935685375966,5,0.40121309271363703,0.8024261854272741,4,,-0.04701548407029478,0.06587393880385488,0.07230122406462583,,0.006878077324263043,0.07751099914965986,-0.044676318168934234
cue-rest,theta,Right PER – Left ACC,2,-0.059803716780045355,,,,,,,1,,,,-0.21922114631519274,,0.09961371275510203,,
cue-rest,theta,Right PER – Left DHC,1,0.13067609844104308,,,,,,,1,,,,0.13067609844104308,,,,
cue-rest,theta,Right PER – Left OFC,2,-0.012384793494897961,,,,,,,1,,,,-0.08731381748866214,,0.06254423049886622,,
cue-rest,theta,Right PER – Left RSC,2,-0.008283342602040807,,,,,,,1,,,,0.004654800878684813,,-0.021221486082766427,,
cue-rest,theta,Right RSC – Left ACC,6,0.032981775273998495,0.18450976029298993,0.0753257942135103,0.4378549953354882,5,0.6797600873689714,0.8967741074487758,3,,-0.17516230623582768,0.16233343310657594,-0.09496062732426304,,0.11867820688775513,0.292404422675737,-0.1054024774659864
cue-rest,theta,Right RSC – Left DHC,4,0.14372455206916102,0.24534556855118786,0.12267278427559393,1.171609113772723,3,0.325937493264382,0.7605208176168913,3,,-0.03505705694444447,0.5000444098639456,0.0006566047052154467,,,,0.10925425065192745
cue-rest,theta,Right RSC – Left OFC,6,0.06225165778533636,0.07943051179029911,0.03242737064905933,1.9197257298177577,5,0.11296839215138134,0.48437623132661517,5,,0.0332784031462585,0.14517410799319727,-0.08057211541950111,,0.073297529053288,0.113022518707483,0.0893095032312925
cue-rest,theta,Right RSC – Left PER,2,0.20526076475340138,,,,,,,2,,,0.3263653015873016,,,,,0.08415622791950114
cue-rest,theta,Right RSC – Left RSC,6,0.08038624289021162,0.360878831756255,0.14732816612908717,0.5456271193912654,5,0.6087720986650346,0.8967741074487758,4,,0.0282780279761905,0.6985729026927437,-0.18515456780045353,,-0.33331509472789117,0.041485339994331065,0.23245084920634912
cue-rest,theta,Right RSC – Right PER,2,-0.027686079308390024,,,,,,,1,,,,-0.12333610144557823,,0.06796394282879818,,
cue-rest,beta,Left DHC – Left ACC,6,0.02419602985166289,0.09300441438128523,0.037968893176752415,0.6372592885187822,5,0.5519880080546375,0.7727832112764925,5,0.0691017043650794,0.00590973069727891,0.02147863151927437,0.055360677210884356,-0.14190750113378683,,,0.13523293645124715
cue-rest,beta,Left DHC – Left OFC,6,0.008833588685752078,0.03701383954798028,0.015110836718966675,0.5845863369474715,5,0.5842084224295938,0.7789445632394584,3,0.07322939370748299,0.01699086816893424,-0.0002684897959183731,-0.012498185005668933,0.012389551020408163,,,-0.036841605980725625
cue-rest,beta,Left OFC – Left ACC,8,0.02738043535289115,0.16172298294077048,0.05717770895556757,0.4788655553542432,7,0.6466308542615791,0.8229847236056461,5,0.13225458276643987,-0.10480724376417234,-0.2381528914399093,0.1916524429988662,0.12414307602040817,0.19909239121315195,0.022549220379818602,-0.10768809535147393
cue-rest,beta,Left PER – Left ACC,2,0.08302035350056688,,,,,,,2,,,0.14303503441043083,,,,,0.023005672590702936
cue-rest,beta,Left PER – Left DHC,2,0.007036070110544215,,,,,,,1,,,-0.0005912455782313003,,,,,0.01466338579931973
cue-rest,beta,Left PER – Left OFC,2,-0.013895621697845806,,,,,,,1,,,0.06354205782312926,,,,,-0.09133330121882087
cue-rest,beta,Left PER – Left RSC,2,0.05215420185657596,,,,,,,2,,,0.057498471655328794,,,,,0.04680993205782313
cue-rest,beta,Left RSC – Left ACC,7,0.036906864532717853,0.09704623268822175,0.03668002819553457,1.0061841920069978,6,0.3531663030350114,0.7727832112764925,5,,0.05072392735260774,0.0508473742063492,-0.020175847902494326,0.14246251473922905,-0.14367917131519276,0.046272286309523805,0.13189696833900227
cue-rest,beta,Left RSC – Left DHC,5,0.08980834974489794,0.27955237225063584,0.12501962152474952,0.7183540363471588,4,0.5122624544834397,0.7727832112764925,3,,0.011608800992063475,0.3797588735827664,-0.1758230555272109,-0.15747766091269838,,,0.39097479058956913
cue-rest,beta,Left RSC – Left OFC,7,0.013539544586167797,0.044892224202164994,0.01696766586278337,0.7979615284542606,6,0.4553056932831469,0.7727832112764925,3,,-0.008459041468253964,0.05785562471655328,-0.008413441156462585,0.07517004118480725,0.04431197928004535,-0.0252968360260771,-0.040391514427437644
cue-rest,beta,Right ACC – Left ACC,8,0.15740770689484124,0.11720542064462972,0.041438373864819716,3.7985975851353806,7,0.006727066338196886,0.0941789287347564,7,0.1523701427154195,-0.020566484948979613,0.25300215861678,0.12024235150226757,0.03200300691609981,0.339828585856009,0.15476505654761902,0.22761683795351473
cue-rest,beta,Right ACC – Left DHC,6,0.07241515929705215,0.03891906938415042,0.01588864354252388,4.557667814954904,5,0.006069823642888238,0.0941789287347564,6,0.0544136364795918,0.023856994586167815,0.11011088832199548,0.09473513696145124,0.0372751828798186,,,0.11409911655328797
cue-rest,beta,Right ACC – Left OFC,8,0.08722132663690477,0.07593424452023388,0.026846809612267406,3.248852578633767,7,0.014079600889674238,0.13140960830362622,8,0.10475592545351478,0.062002739030612236,0.012077343820861688,0.030988602862811805,0.09674242548185942,0.24820924158163266,0.11681621031746034,0.026178124546485264
cue-rest,beta,Right ACC – Left PER,2,0.11709362728174603,,,,,,,2,,,0.08412416649659865,,,,,0.15006308806689342
cue-rest,beta,Right ACC – Left RSC,7,0.010523598266925819,0.10020812550883774,0.03787511134919035,0.2778499624701639,6,0.7904535463654698,0.8945383443553829,5,,0.0586923642006803,0.14350224404761902,-0.08016908248299319,0.05090606609977325,-0.16135290598072563,0.02918459495464852,0.03290190702947845
cue-rest,beta,Right ACC – Right DHC,5,0.02102778260204083,0.07174370233786968,0.03208475907699744,0.6553822813996537,4,0.5480006866245682,0.7727832112764925,3,0.12534833985260777,0.018422975878684807,,0.03815285439342404,-0.004156441496598639,,,-0.07262881561791383
cue-rest,beta,Right ACC – Right OFC,8,0.05747456211026077,0.07316039387295158,0.0258661053109214,2.2220029424373133,7,0.061694629401652545,0.3114982252293404,7,-0.04985045989229023,0.0510665365929705,0.06323130966553288,0.03268385884353742,0.05665673276643991,0.21463596660997733,0.057547074829931974,0.033825477465986395
cue-rest,beta,Right ACC – Right PER,2,0.07933096835317467,,,,,,,1,,,,-0.06974538336167796,,0.2284073200680273,,
cue-rest,beta,Right ACC – Right RSC,6,0.10130409278155707,0.09745747323690226,0.039786846841893035,2.546170426224635,5,0.05150547022946825,0.3114982252293404,6,,0.015641211621315196,0.0786214160430839,0.016283513548752834,,0.2347105301303855,0.2113270660430839,0.05124081930272106
cue-rest,beta,Right DHC – Left ACC,5,0.029404077976190483,0.08046897430110653,0.03598681932339157,0.817079100877296,4,0.4597536584749316,0.7727832112764925,4,0.11396483375850347,0.03120323888888888,,-0.10201597165532879,0.06711353287981855,,,0.0367547560090703
cue-rest,beta,Right DHC – Left DHC,5,-0.023160985328798178,0.13215479357363533,0.05910142039662019,-0.39188542632932516,4,0.715125486824915,0.8705875491781573,2,0.18528519033446714,0.019819948185941044,,-0.13489903982426305,-0.058943215022675716,,,-0.1270678103174603
cue-rest,beta,Right DHC – Left OFC,5,0.028818508837868472,0.06584416451777422,0.02944640555668456,0.9786766259940494,4,0.38315350025405553,0.7727832112764925,3,0.12011576615646255,0.04577357244897959,,-0.03496619963151928,0.04937476754535147,,,-0.036205362329931975
cue-rest,beta,Right DHC – Left PER,1,-0.028539221173469385,,,,,,,0,,,,,,,,-0.028539221173469385
cue-rest,beta,Right DHC – Left RSC,4,-0.02454433504109977,0.1762366548546969,0.08811832742734844,-0.2785383671896861,3,0.7986949503173062,0.8945383443553829,1,,-0.014878734722222176,,-0.09434899512471656,0.21337563132086163,,,-0.20232524163832197
cue-rest,beta,Right DHC – Right PER,1,0.06907364064625851,,,,,,,1,,,,0.06907364064625851,,,,
cue-rest,beta,Right DHC – Right RSC,3,0.026752370417611495,0.2245295752695467,0.12963221072290512,0.2063713198164608,2,0.8556027792527112,0.9214183776567659,2,,0.19085448894557827,,0.1185299658446712,,,,-0.22912734353741498
cue-rest,beta,Right OFC – Left ACC,8,0.06936064001204648,0.09365288046795041,0.03311129342827045,2.094772895607464,7,0.07444354904225636,0.3114982252293404,5,-0.005519066751700719,0.011392959948979597,-0.019621117743764165,0.06882205045351474,0.1858014524376417,0.21766131306689337,0.11166174982993196,-0.015314221145124717
cue-rest,beta,Right OFC – Left DHC,6,-0.017185206150793653,0.05202228103397808,0.021238007298152197,-0.8091722499920623,5,0.4551811039735996,0.7727832112764925,3,-0.08957886678004534,0.006824513605442176,0.014799625283446707,0.048790641609977314,-0.0655268283446712,,,-0.018420322278911567
cue-rest,beta,Right OFC – Left OFC,8,0.05704331318735828,0.0781603772367071,0.027633866382087126,2.0642537818860918,7,0.0778745563073351,0.3114982252293404,6,-0.026069242205215448,0.11328073914399095,0.03434076530612245,0.014486019132653072,0.16469745864512475,0.1401168489229025,0.06697342828798186,-0.05147951173469388
cue-rest,beta,Right OFC – Left PER,2,0.014040231320861674,,,,,,,1,,,0.034970718537414965,,,,,-0.006890255895691616
cue-rest,beta,Right OFC – Left RSC,7,0.026302523760932946,0.04289414190704573,0.016212461741079546,1.6223645847864638,6,0.15585186498925588,0.4848724688554627,6,,0.012453133163265306,0.014792262840136051,0.007361307993197279,0.09569028599773241,0.07596066740362814,-0.022952333333333328,0.0008123422619047654
cue-rest,beta,Right OFC – Right DHC,5,0.0015124111848072476,0.03185053043803035,0.014243990235772403,0.10617889789119436,4,0.9205523147930539,0.9413925832457487,1,-0.010103244331065797,-0.007782452210884357,,-0.0266673404478458,-0.0042531899659863925,,,0.056368282879818585
cue-rest,beta,Right OFC – Right PER,2,0.019454514030612255,,,,,,,1,,,,-0.025939078656462587,,0.06484810671768709,,
cue-rest,beta,Right OFC – Right RSC,6,0.06995411936413455,0.08412213063241927,0.03434271602086293,2.0369419623549274,5,0.09724694402118818,0.34036430407415863,5,,0.017107432511337867,0.04276142040816327,-0.011673588010204083,,0.21771119305555553,0.11727290844671207,0.036545349773242634
cue-rest,beta,Right PER – Left ACC,2,0.05089440756802721,,,,,,,2,,,,0.03219039727891157,,0.06959841785714285,,
cue-rest,beta,Right PER – Left DHC,1,0.031125568055555563,,,,,,,1,,,,0.031125568055555563,,,,
cue-rest,beta,Right PER – Left OFC,2,0.11668878877551023,,,,,,,2,,,,0.031629491978458046,,0.2017480855725624,,
cue-rest,beta,Right PER – Left RSC,2,-0.06578647280328798,,,,,,,0,,,,-0.08416297551020409,,-0.04740997009637187,,
cue-rest,beta,Right RSC – Left ACC,6,-0.002457128458049887,0.07787469524385439,0.03179221120369788,-0.07728712049333922,5,0.9413925832457487,0.9413925832457487,3,,-0.053903713548752834,0.06369444897959184,-0.07034703548752833,,0.09755627287414964,0.035737819812925176,-0.08748056337868482
cue-rest,beta,Right RSC – Left DHC,4,0.05458192233560089,0.1342656459739144,0.0671328229869572,0.8130437527735912,3,0.47572312186246496,0.7727832112764925,3,,-0.09528046984126987,0.22032038888888886,0.0017674419217686976,,,,0.09152032837301588
cue-rest,beta,Right RSC – Left OFC,6,0.0417870831632653,0.10270153802082883,0.041927727325012806,0.9966455572309639,5,0.36469374708173746,0.7727832112764925,4,,0.019420041836734694,0.06838266298185941,-0.08238222329931974,,0.181874304138322,0.12194975368480725,-0.05852204036281179
cue-rest,beta,Right RSC – Left PER,2,-0.002866145606575974,,,,,,,1,,,0.02926170776643991,,,,,-0.03499399897959186
cue-rest,beta,Right RSC – Left RSC,6,0.08727865550831443,0.2799777204853432,0.11430042575611064,0.7635899423029787,5,0.4795720426649634,0.7727832112764925,3,,-0.0038611500000000354,0.5800464068027211,-0.06366867403628117,,-0.2348927830782313,0.04661694005102041,0.19943119331065756
cue-rest,beta,Right RSC – Right PER,2,0.016498276091269845,,,,,,,1,,,,-0.021306779365079367,,0.05430333154761906,,
cue-rest,gamma_low,Left DHC – Left ACC,6,0.01085318528911565,0.03993011236987254,0.016301400113030416,0.6657823999081053,5,0.5350293892357324,0.7514575113889519,3,0.04874516071428575,-0.050721719104308394,0.04575880311791383,0.03845977383786848,-0.010843605612244914,,,-0.006279301218820858
cue-rest,gamma_low,Left DHC – Left OFC,6,0.019742870956160237,0.02243347057745714,0.00915842601241825,2.155705677961491,5,0.08363960396904792,0.3345584158761917,5,0.04835850070861675,0.01682042984693877,0.020744285430839008,0.020353946258503404,-0.019549116071428573,,,0.03172917956349207
cue-rest,gamma_low,Left OFC – Left ACC,8,0.02669849649234694,0.13051093149202278,0.04614258233849112,0.5786086330516367,7,0.5809841503161638,0.7514575113889519,5,0.04484520975056694,-0.05560967114512475,-0.23661996286848072,0.16871991011904766,0.13871213208616778,0.11317774812925172,0.05561030867346933,-0.015247702806122448
cue-rest,gamma_low,Left PER – Left ACC,2,0.003938607185374145,,,,,,,1,,,0.029899855328798176,,,,,-0.022022640958049886
cue-rest,gamma_low,Left PER – Left DHC,2,0.0395107033446712,,,,,,,2,,,0.02677316473922903,,,,,0.05224824195011337
cue-rest,gamma_low,Left PER – Left OFC,2,0.015522069727891153,,,,,,,2,,,0.0024255856009070247,,,,,0.02861855385487528
cue-rest,gamma_low,Left PER – Left RSC,2,0.05919389098639456,,,,,,,2,,,0.08999697760770975,,,,,0.028390804365079368
cue-rest,gamma_low,Left RSC – Left ACC,7,0.014270277425494004,0.08457150731369807,0.031965025193417894,0.4464341053744103,6,0.6709442065972785,0.7514575113889519,5,,0.08327880408163266,0.03856580141723355,-0.000985395266439908,0.05165300884353742,-0.1677462733276644,0.030466939342403618,0.0646590568877551
cue-rest,gamma_low,Left RSC – Left DHC,5,0.13289210221088438,0.2043946177730859,0.09140805191514134,1.4538336549853919,4,0.2196650329654822,0.47312468638719246,3,,0.029285567063492057,0.3332785377551021,-0.056347528628117906,-0.01598513477891156,,,0.3742290696428571
cue-rest,gamma_low,Left RSC – Left OFC,7,0.01049390203271785,0.0449026504184966,0.016971606602144623,0.6183210746466269,6,0.5590889555351556,0.7514575113889519,6,,0.0687949268707483,0.028769054138321995,0.0013606047619047642,0.011873902380952386,-0.07578035447845805,0.03770814455782313,0.0007310359977324276
cue-rest,gamma_low,Right ACC – Left ACC,8,0.06605730406037415,0.08607260146638371,0.030431260085623545,2.170705513820678,7,0.06654767638846529,0.31055582314617136,7,0.04489974362244897,0.034520651842403625,0.03044448628117914,-0.05318876051587301,0.05004759807256236,0.24839232182539678,0.0696842136904762,0.10365817766439908
cue-rest,gamma_low,Right ACC – Left DHC,6,0.017422455593348454,0.04405123337643763,0.01798384071875533,0.9687839136152152,5,0.37714733142566714,0.6600078299949175,4,0.04192609282879822,-0.02208135867346938,0.06367299603174603,-0.04966049297052154,0.023929219869614504,,,0.04674827647392289
cue-rest,gamma_low,Right ACC – Left OFC,8,0.05973488452735261,0.04831759039714462,0.017082847910207484,3.496775528374243,7,0.010036554760920417,0.16065869139136743,7,0.0625522891156462,0.04977969897959184,0.03293982993197279,0.0318767314058957,-0.00031748262471655367,0.15399766295351475,0.10409418806689344,0.04295615839002268
cue-rest,gamma_low,Right ACC – Left PER,2,0.05870946764455783,,,,,,,2,,,0.051799370238095235,,,,,0.06561956505102043
cue-rest,gamma_low,Right ACC – Left RSC,7,0.011382119926303854,0.07963681150858576,0.030099885493977775,0.3781449576803582,6,0.7183401222132102,0.7735970546911495,6,,0.00866337684240364,0.10777004027777777,0.03196958310657596,0.0008792555555555588,-0.1497989921201814,0.022896171768707483,0.05729540405328798
cue-rest,gamma_low,Right ACC – Right DHC,5,0.04572925942743765,0.023825540384733834,0.010655105580186269,4.291769713898812,4,0.012728291778083519,0.16065869139136743,5,0.08804310728458051,0.038491394387755104,,0.03746625294784581,0.03219635615079365,,,0.032449186366213155
cue-rest,gamma_low,Right ACC – Right OFC,8,0.036771348947704084,0.044450654394293694,0.015715679575192338,2.3397873933335176,7,0.05186119459109181,0.29042268971011415,6,-0.0008663767006802381,0.05190368282312924,0.037384925821995464,0.01331464299886621,0.032172238151927435,0.12535866048752836,0.05630681278344672,-0.021403794784580498
cue-rest,gamma_low,Right ACC – Right PER,2,0.03615279934807256,,,,,,,1,,,,-0.060224731802721074,,0.1325303304988662,,
cue-rest,gamma_low,Right ACC – Right RSC,6,0.08686094487433864,0.07336818169291459,0.029952434750574474,2.8999627441863534,5,0.033792170465947076,0.23654519326162954,5,,0.06997575351473923,0.10211019631519273,-0.05112063809523809,,0.13259320345804992,0.15453064781746034,0.11307650623582766
cue-rest,gamma_low,Right DHC – Left ACC,5,0.029928297993197284,0.05553208302057558,0.024834702513233768,1.2050999192460337,4,0.294583094646569,0.589166189293138,3,0.08795743707482995,-0.005595965674603183,,0.021158228344671202,0.08443946678004535,,,-0.03831767655895691
cue-rest,gamma_low,Right DHC – Left DHC,5,-0.02213969200680272,0.08496653138270008,0.03799818799681731,-0.5826512571772401,4,0.5913932052818941,0.7514575113889519,3,0.04323221967120178,0.008350367148526085,,0.059849551048752864,-0.08722885459183674,,,-0.13490174331065757
cue-rest,gamma_low,Right DHC – Left OFC,5,0.02073507216553288,0.05489045733539918,0.024547758783600906,0.8446829035726436,4,0.44584886932885076,0.6935426856226568,3,0.1113535731292517,-0.029402074631519264,,-0.0144890156462585,0.024100070323129247,,,0.012112807653061223
cue-rest,gamma_low,Right DHC – Left PER,1,-0.02048682412131519,,,,,,,0,,,,,,,,-0.02048682412131519
cue-rest,gamma_low,Right DHC – Left RSC,4,0.012560661238662138,0.12203886392589951,0.061019431962949754,0.20584690539710065,3,0.8500878512910616,0.8500878512910616,2,,0.08570207528344675,,-0.04583558548752834,0.13900129603174602,,,-0.12862514087301588
cue-rest,gamma_low,Right DHC – Right PER,1,0.03417114248866213,,,,,,,1,,,,0.03417114248866213,,,,
cue-rest,gamma_low,Right DHC – Right RSC,3,0.05135568058390024,0.3043923326202239,0.17574099517754438,0.2922236814012437,2,0.7976415813068856,0.8271838620960295,2,,0.23472195700113374,,0.21935946669501138,,,,-0.3000143819444444
cue-rest,gamma_low,Right OFC – Left ACC,8,0.03670674196428571,0.06496532988169391,0.022968712650683405,1.5981192556385413,7,0.154048498831729,0.4313357967288412,6,-0.08655750425170072,0.06612449759070294,0.10099202329931972,0.014431684467120181,0.055377356349206354,0.0759090787414966,0.09264418171768705,-0.02526738219954648
cue-rest,gamma_low,Right OFC – Left DHC,6,-0.010964762367724876,0.024657166182202636,0.010066245941567603,-1.0892603291607386,5,0.3257310399829274,0.6080312746347978,2,-0.045085972363945626,-0.01135491850907029,0.02675855045351474,-0.011938666043083902,0.0028990194444444397,,,-0.02706658718820862
cue-rest,gamma_low,Right OFC – Left OFC,8,0.041487778642290245,0.07159963868064764,0.025314295020796285,1.6389071316505976,7,0.14524161777383338,0.4313357967288412,6,-0.009580210317460314,0.023121078854875257,0.03596019081632653,0.01968921859410431,0.009520033673469375,0.18220692636054422,0.11144922378117911,-0.04046423262471655
cue-rest,gamma_low,Right OFC – Left PER,2,-0.013406970053854873,,,,,,,1,,,0.024761344954648525,,,,,-0.05157528506235827
cue-rest,gamma_low,Right OFC – Left RSC,7,0.019603003948007774,0.015901413920329534,0.006010169532498942,3.2616391005291874,6,0.017213431220503655,0.16065869139136743,6,,-0.0018825139739228995,0.01361864095804989,0.029328982823129256,0.04186622148526078,0.029783183446712023,0.022688067318594102,0.0018184455782312894
cue-rest,gamma_low,Right OFC – Right DHC,5,0.012247336921768704,0.05223333999180214,0.023359459782705577,0.5242988080929915,4,0.6277817744272812,0.7514575113889519,2,-0.007837471230158766,0.016128369897959183,,-0.008181488066893424,0.09914393557256237,,,-0.03801666156462585
cue-rest,gamma_low,Right OFC – Right PER,2,0.07856200209750568,,,,,,,2,,,,0.028896293452380956,,0.1282277107426304,,
cue-rest,gamma_low,Right OFC – Right RSC,6,0.03794441276927437,0.05503605680947511,0.022468376106340265,1.6887919531739983,5,0.15205811536175717,0.4313357967288412,5,,0.008673667035147391,0.021624598752834463,-0.022009837585034015,,0.1307205393424036,0.0738099640022676,0.01484754506802721
cue-rest,gamma_low,Right PER – Left ACC,2,-0.02328614508219954,,,,,,,1,,,,-0.06127883035714286,,0.014706540192743783,,
cue-rest,gamma_low,Right PER – Left DHC,1,0.023073761366213155,,,,,,,1,,,,0.023073761366213155,,,,
cue-rest,gamma_low,Right PER – Left OFC,2,0.08319028847789117,,,,,,,2,,,,0.046593585941043084,,0.11978699101473925,,
cue-rest,gamma_low,Right PER – Left RSC,2,-0.002993470223922901,,,,,,,1,,,,0.014527875651927438,,-0.02051481609977324,,
cue-rest,gamma_low,Right RSC – Left ACC,6,0.01566546765873016,0.04571407908493694,0.01866269463655534,0.8394000954206047,5,0.4395221771181936,0.6935426856226568,5,,0.019339650198412703,0.00047955833333334155,-0.06043107709750566,,0.015767498894557808,0.042309992120181404,0.07652718350340136
cue-rest,gamma_low,Right RSC – Left DHC,4,0.07857161645408163,0.08871025135335102,0.04435512567667551,1.7714213465840574,3,0.17461673525561164,0.4444789624688296,3,,0.060889294047619044,0.19979247505668932,-0.013454643339002266,,,,0.0670593400510204
cue-rest,gamma_low,Right RSC – Left OFC,6,0.03556491529667422,0.05883303809427893,0.024018487224784703,1.4807308621824753,5,0.19876012157357867,0.4637736170050169,5,,0.08091850739795915,0.015299992063492055,-0.06852288582766441,,0.05850736584467123,0.09447378613945577,0.03271272616213152
cue-rest,gamma_low,Right RSC – Left PER,2,0.012427951218820864,,,,,,,2,,,0.00745666014739229,,,,,0.017399242290249438
cue-rest,gamma_low,Right RSC – Left RSC,6,0.04810713069255481,0.25857514367786905,0.1055628603629378,0.4557202270491413,5,0.6676996434588215,0.7514575113889519,4,,0.05614171388888892,0.504359297675737,-0.04991553404195011,,-0.2926530977040816,0.03879982227891156,0.03191058205782314
cue-rest,gamma_low,Right RSC – Right PER,2,0.01736090157312925,,,,,,,1,,,,-0.04521574092970522,,0.07993754407596372,,
